exp run +prim_red_cinm2_hybrid200 python /home/clement.fournier/Work/cinm-mlir/experiments/paperplots/run_best_configs.py --workers 32 --iters 10 \
	--in-dir @results --run-dir @+run --src /home/clement.fournier/Work/cinm-mlir/experiments/prim_red.mlir
Split prim_red.mlir → ['red_4MB', 'red_64MB', 'red_256MB', 'red_512MB']

Total: 512 (function, seed) pairs

Compiling with 32 workers...
  [OK] red_256MB seed_1152
  [OK] red_256MB seed_1834
  [OK] red_256MB seed_1617
  [OK] red_256MB seed_1369
  [OK] red_256MB seed_1307
  [OK] red_256MB seed_1338
  [OK] red_256MB seed_1679
  [OK] red_256MB seed_1059
  [OK] red_256MB seed_1741
  [OK] red_256MB seed_1276
  [OK] red_256MB seed_160
  [OK] red_256MB seed_1214
  [OK] red_256MB seed_1245
  [OK] red_256MB seed_1555
  [OK] red_256MB seed_1121
  [OK] red_256MB seed_129
  [OK] red_256MB seed_1710
  [OK] red_256MB seed_1400
  [OK] red_256MB seed_1462
  [OK] red_256MB seed_1090
  [OK] red_256MB seed_1896
  [OK] red_256MB seed_1803
  [OK] red_256MB seed_1772
  [OK] red_256MB seed_1431
  [OK] red_256MB seed_191
  [OK] red_256MB seed_1524
  [OK] red_256MB seed_1648
  [OK] red_256MB seed_1493
  [OK] red_256MB seed_1183
  [OK] red_256MB seed_1865
  [OK] red_256MB seed_1028
  [OK] red_256MB seed_1586
  [OK] red_256MB seed_1989
  [OK] red_256MB seed_1958
  [OK] red_256MB seed_2082
  [OK] red_256MB seed_2392
  [OK] red_256MB seed_2206
  [OK] red_256MB seed_1927
  [OK] red_256MB seed_222
  [OK] red_256MB seed_2237
  [OK] red_256MB seed_2144
  [OK] red_256MB seed_2113
  [OK] red_256MB seed_2051
  [OK] red_256MB seed_2175
  [OK] red_256MB seed_2268
  [OK] red_256MB seed_2454
  [OK] red_256MB seed_2423
  [OK] red_256MB seed_2485
  [OK] red_256MB seed_2671
  [OK] red_256MB seed_2516
  [OK] red_256MB seed_2299
  [OK] red_256MB seed_2578
  [OK] red_256MB seed_2547
  [OK] red_256MB seed_253
  [OK] red_256MB seed_2330
  [OK] red_256MB seed_2020
  [OK] red_256MB seed_2361
  [OK] red_256MB seed_2640
  [OK] red_256MB seed_2609
  [OK] red_256MB seed_2702
  [OK] red_256MB seed_2733
  [OK] red_256MB seed_2795
  [OK] red_256MB seed_2764
  [OK] red_256MB seed_2826
  [OK] red_256MB seed_2981
  [OK] red_256MB seed_3012
  [OK] red_256MB seed_3229
  [OK] red_256MB seed_3322
  [OK] red_256MB seed_2888
  [OK] red_256MB seed_3105
  [OK] red_256MB seed_3043
  [OK] red_256MB seed_2919
  [OK] red_256MB seed_315
  [OK] red_256MB seed_2857
  [OK] red_256MB seed_2950
  [OK] red_256MB seed_284
  [OK] red_256MB seed_3260
  [OK] red_256MB seed_3198
  [OK] red_256MB seed_3353
  [OK] red_256MB seed_3074
  [OK] red_256MB seed_3167
  [OK] red_256MB seed_3384
  [OK] red_256MB seed_3446
  [OK] red_256MB seed_3136
  [OK] red_256MB seed_3415
  [OK] red_256MB seed_3291
  [OK] red_256MB seed_346
  [OK] red_256MB seed_3477
  [OK] red_256MB seed_3601
  [OK] red_256MB seed_3632
  [OK] red_256MB seed_3539
  [OK] red_256MB seed_3508
  [OK] red_256MB seed_3570
  [OK] red_256MB seed_3694
  [OK] red_256MB seed_3663
  [OK] red_256MB seed_3725
  [OK] red_256MB seed_470
  [OK] red_256MB seed_532
  [OK] red_256MB seed_3818
  [OK] red_256MB seed_377
  [OK] red_256MB seed_3849
  [OK] red_256MB seed_3756
  [OK] red_256MB seed_3787
  [OK] red_256MB seed_3911
  [OK] red_256MB seed_625
  [OK] red_256MB seed_3942
  [OK] red_256MB seed_656
  [OK] red_256MB seed_3973
  [OK] red_256MB seed_718
  [OK] red_256MB seed_3880
  [OK] red_256MB seed_594
  [OK] red_256MB seed_408
  [OK] red_256MB seed_563
  [OK] red_256MB seed_4004
  [OK] red_256MB seed_501
  [OK] red_256MB seed_749
  [OK] red_256MB seed_439
  [OK] red_256MB seed_67
  [OK] red_256MB seed_811
  [OK] red_256MB seed_687
  [OK] red_256MB seed_904
  [OK] red_256MB seed_873
  [OK] red_256MB seed_842
  [OK] red_256MB seed_780
  [OK] red_256MB seed_935
  [OK] red_256MB seed_966
  [OK] red_256MB seed_98
  [OK] red_256MB seed_997
  [OK] red_4MB seed_1090
  [OK] red_4MB seed_1028
  [OK] red_4MB seed_1059
  [OK] red_4MB seed_1369
  [OK] red_4MB seed_1400
  [OK] red_4MB seed_1152
  [OK] red_4MB seed_129
  [OK] red_4MB seed_1245
  [OK] red_4MB seed_1121
  [OK] red_4MB seed_1214
  [OK] red_4MB seed_1276
  [OK] red_4MB seed_1493
  [OK] red_4MB seed_1183
  [OK] red_4MB seed_1338
  [OK] red_4MB seed_1431
  [OK] red_4MB seed_1462
  [OK] red_4MB seed_1307
  [OK] red_4MB seed_1586
  [OK] red_4MB seed_160
  [OK] red_4MB seed_1555
  [OK] red_4MB seed_1617
  [OK] red_4MB seed_1524
  [OK] red_4MB seed_1679
  [OK] red_4MB seed_1648
  [OK] red_4MB seed_1710
  [OK] red_4MB seed_1741
  [OK] red_4MB seed_1865
  [OK] red_4MB seed_1834
  [OK] red_4MB seed_1803
  [OK] red_4MB seed_1772
  [OK] red_4MB seed_1896
  [OK] red_4MB seed_191
  [OK] red_4MB seed_2144
  [OK] red_4MB seed_2082
  [OK] red_4MB seed_1958
  [OK] red_4MB seed_2020
  [OK] red_4MB seed_1927
  [OK] red_4MB seed_2299
  [OK] red_4MB seed_2237
  [OK] red_4MB seed_2175
  [OK] red_4MB seed_2113
  [OK] red_4MB seed_1989
  [OK] red_4MB seed_2051
  [OK] red_4MB seed_2268
  [OK] red_4MB seed_2330
  [OK] red_4MB seed_2423
  [OK] red_4MB seed_222
  [OK] red_4MB seed_2206
  [OK] red_4MB seed_2361
  [OK] red_4MB seed_2454
  [OK] red_4MB seed_2392
  [OK] red_4MB seed_2640
  [OK] red_4MB seed_253
  [OK] red_4MB seed_2578
  [OK] red_4MB seed_2609
  [OK] red_4MB seed_2547
  [OK] red_4MB seed_2485
  [OK] red_4MB seed_2516
  [OK] red_4MB seed_2702
  [OK] red_4MB seed_2733
  [OK] red_4MB seed_2671
  [OK] red_4MB seed_2764
  [OK] red_4MB seed_2795
  [OK] red_4MB seed_2826
  [OK] red_4MB seed_2857
  [OK] red_4MB seed_2919
  [OK] red_4MB seed_2888
  [OK] red_4MB seed_284
  [OK] red_4MB seed_3043
  [OK] red_4MB seed_3105
  [OK] red_4MB seed_2950
  [OK] red_4MB seed_2981
  [OK] red_4MB seed_315
  [OK] red_4MB seed_3322
  [OK] red_4MB seed_3136
  [OK] red_4MB seed_3074
  [OK] red_4MB seed_3012
  [OK] red_4MB seed_3229
  [OK] red_4MB seed_3167
  [OK] red_4MB seed_3353
  [OK] red_4MB seed_3198
  [OK] red_4MB seed_3260
  [OK] red_4MB seed_3384
  [OK] red_4MB seed_346
  [OK] red_4MB seed_3508
  [OK] red_4MB seed_3291
  [OK] red_4MB seed_3477
  [OK] red_4MB seed_3415
  [OK] red_4MB seed_3446
  [OK] red_4MB seed_3539
  [OK] red_4MB seed_3570
  [OK] red_4MB seed_3601
  [OK] red_4MB seed_3632
  [OK] red_4MB seed_3663
  [OK] red_4MB seed_3694
  [OK] red_4MB seed_3725
  [OK] red_4MB seed_3756
  [OK] red_4MB seed_377
  [OK] red_4MB seed_3787
  [OK] red_4MB seed_3818
  [OK] red_4MB seed_3942
  [OK] red_4MB seed_3911
  [OK] red_4MB seed_3973
  [OK] red_4MB seed_3849
  [OK] red_4MB seed_439
  [OK] red_4MB seed_408
  [OK] red_4MB seed_4004
  [OK] red_4MB seed_3880
  [OK] red_4MB seed_501
  [OK] red_4MB seed_563
  [OK] red_4MB seed_470
  [OK] red_4MB seed_532
  [OK] red_4MB seed_625
  [OK] red_4MB seed_594
  [OK] red_4MB seed_656
  [OK] red_4MB seed_749
  [OK] red_4MB seed_67
  [OK] red_4MB seed_687
  [OK] red_4MB seed_811
  [OK] red_4MB seed_718
  [OK] red_4MB seed_842
  [OK] red_4MB seed_904
  [OK] red_4MB seed_780
  [OK] red_4MB seed_873
  [OK] red_4MB seed_935
  [OK] red_4MB seed_966
  [OK] red_4MB seed_98
  [OK] red_4MB seed_997
  [OK] red_512MB seed_1183
  [OK] red_512MB seed_1028
  [OK] red_512MB seed_1214
  [OK] red_512MB seed_1276
  [OK] red_512MB seed_1121
  [OK] red_512MB seed_1369
  [OK] red_512MB seed_1059
  [OK] red_512MB seed_1090
  [OK] red_512MB seed_1307
  [OK] red_512MB seed_1462
  [OK] red_512MB seed_1400
  [OK] red_512MB seed_1431
  [OK] red_512MB seed_1245
  [OK] red_512MB seed_1152
  [OK] red_512MB seed_129
  [OK] red_512MB seed_1555
  [OK] red_512MB seed_1493
  [OK] red_512MB seed_1741
  [OK] red_512MB seed_1617
  [OK] red_512MB seed_1648
  [OK] red_512MB seed_1679
  [OK] red_512MB seed_1586
  [OK] red_512MB seed_1338
  [OK] red_512MB seed_160
  [OK] red_512MB seed_1524
  [OK] red_512MB seed_1710
  [OK] red_512MB seed_1803
  [OK] red_512MB seed_1834
  [OK] red_512MB seed_1772
  [OK] red_512MB seed_1865
  [OK] red_512MB seed_1896
  [OK] red_512MB seed_191
  [OK] red_512MB seed_2020
  [OK] red_512MB seed_1927
  [OK] red_512MB seed_2051
  [OK] red_512MB seed_2113
  [OK] red_512MB seed_1989
  [OK] red_512MB seed_1958
  [OK] red_512MB seed_2082
  [OK] red_512MB seed_2175
  [OK] red_512MB seed_2361
  [OK] red_512MB seed_2237
  [OK] red_512MB seed_222
  [OK] red_512MB seed_2144
  [OK] red_512MB seed_2268
  [OK] red_512MB seed_2516
  [OK] red_512MB seed_2299
  [OK] red_512MB seed_2485
  [OK] red_512MB seed_2330
  [OK] red_512MB seed_2423
  [OK] red_512MB seed_2392
  [OK] red_512MB seed_253
  [OK] red_512MB seed_2578
  [OK] red_512MB seed_2547
  [OK] red_512MB seed_2702
  [OK] red_512MB seed_2206
  [OK] red_512MB seed_2454
  [OK] red_512MB seed_2640
  [OK] red_512MB seed_2671
  [OK] red_512MB seed_2764
  [OK] red_512MB seed_2609
  [OK] red_512MB seed_2733
  [OK] red_512MB seed_2795
  [OK] red_512MB seed_2826
  [OK] red_512MB seed_2950
  [OK] red_512MB seed_2888
  [OK] red_512MB seed_2919
  [OK] red_512MB seed_2857
  [OK] red_512MB seed_3043
  [OK] red_512MB seed_315
  [OK] red_512MB seed_3105
  [OK] red_512MB seed_2981
  [OK] red_512MB seed_3167
  [OK] red_512MB seed_3198
  [OK] red_512MB seed_3012
  [OK] red_512MB seed_3229
  [OK] red_512MB seed_3322
  [OK] red_512MB seed_3136
  [OK] red_512MB seed_3260
  [OK] red_512MB seed_284
  [OK] red_512MB seed_3446
  [OK] red_512MB seed_3353
  [OK] red_512MB seed_3384
  [OK] red_512MB seed_3570
  [OK] red_512MB seed_3477
  [OK] red_512MB seed_3508
  [OK] red_512MB seed_3074
  [OK] red_512MB seed_346
  [OK] red_512MB seed_3415
  [OK] red_512MB seed_3539
  [OK] red_512MB seed_3291
  [OK] red_512MB seed_3601
  [OK] red_512MB seed_3632
  [OK] red_512MB seed_3663
  [OK] red_512MB seed_3725
  [OK] red_512MB seed_3694
  [OK] red_512MB seed_377
  [OK] red_512MB seed_3756
  [OK] red_512MB seed_3787
  [OK] red_512MB seed_3818
  [OK] red_512MB seed_4004
  [OK] red_512MB seed_3911
  [OK] red_512MB seed_532
  [OK] red_512MB seed_3880
  [OK] red_512MB seed_470
  [OK] red_512MB seed_3973
  [OK] red_512MB seed_625
  [OK] red_512MB seed_3849
  [OK] red_512MB seed_3942
  [OK] red_512MB seed_594
  [OK] red_512MB seed_408
  [OK] red_512MB seed_718
  [OK] red_512MB seed_687
  [OK] red_512MB seed_749
  [OK] red_512MB seed_563
  [OK] red_512MB seed_656
  [OK] red_512MB seed_873
  [OK] red_512MB seed_439
  [OK] red_512MB seed_935
  [OK] red_512MB seed_780
  [OK] red_512MB seed_67
  [OK] red_512MB seed_842
  [OK] red_512MB seed_904
  [OK] red_512MB seed_501
  [OK] red_512MB seed_811
  [OK] red_512MB seed_966
  [OK] red_512MB seed_98
  [OK] red_64MB seed_1028
  [OK] red_512MB seed_997
  [OK] red_64MB seed_1059
  [OK] red_64MB seed_1090
  [OK] red_64MB seed_1152
  [OK] red_64MB seed_1121
  [OK] red_64MB seed_1214
  [OK] red_64MB seed_1183
  [OK] red_64MB seed_1245
  [OK] red_64MB seed_1462
  [OK] red_64MB seed_1338
  [OK] red_64MB seed_129
  [OK] red_64MB seed_1307
  [OK] red_64MB seed_1276
  [OK] red_64MB seed_1400
  [OK] red_64MB seed_1431
  [OK] red_64MB seed_160
  [OK] red_64MB seed_1586
  [OK] red_64MB seed_1617
  [OK] red_64MB seed_1555
  [OK] red_64MB seed_1710
  [OK] red_64MB seed_1524
  [OK] red_64MB seed_1679
  [OK] red_64MB seed_1648
  [OK] red_64MB seed_1369
  [OK] red_64MB seed_1741
  [OK] red_64MB seed_1772
  [OK] red_64MB seed_1493
  [OK] red_64MB seed_1803
  [OK] red_64MB seed_1834
  [OK] red_64MB seed_1865
  [OK] red_64MB seed_191
  [OK] red_64MB seed_1896
  [OK] red_64MB seed_1927
  [OK] red_64MB seed_1958
  [OK] red_64MB seed_2020
  [OK] red_64MB seed_2051
  [OK] red_64MB seed_1989
  [OK] red_64MB seed_2144
  [OK] red_64MB seed_2113
  [OK] red_64MB seed_2082
  [OK] red_64MB seed_2268
  [OK] red_64MB seed_2237
  [OK] red_64MB seed_2299
  [OK] red_64MB seed_2330
  [OK] red_64MB seed_2454
  [OK] red_64MB seed_2206
  [OK] red_64MB seed_2175
  [OK] red_64MB seed_2392
  [OK] red_64MB seed_2547
  [OK] red_64MB seed_2423
  [OK] red_64MB seed_222
  [OK] red_64MB seed_2578
  [OK] red_64MB seed_2485
  [OK] red_64MB seed_2609
  [OK] red_64MB seed_2516
  [OK] red_64MB seed_253
  [OK] red_64MB seed_2361
  [OK] red_64MB seed_2671
  [OK] red_64MB seed_2702
  [OK] red_64MB seed_2640
  [OK] red_64MB seed_2733
  [OK] red_64MB seed_2764
  [OK] red_64MB seed_2826
  [OK] red_64MB seed_2795
  [OK] red_64MB seed_2857
  [OK] red_64MB seed_284
  [OK] red_64MB seed_2950
  [OK] red_64MB seed_2888
  [OK] red_64MB seed_2981
  [OK] red_64MB seed_3043
  [OK] red_64MB seed_3105
  [OK] red_64MB seed_3136
  [OK] red_64MB seed_315
  [OK] red_64MB seed_2919
  [OK] red_64MB seed_3198
  [OK] red_64MB seed_3012
  [OK] red_64MB seed_3291
  [OK] red_64MB seed_3074
  [OK] red_64MB seed_3167
  [OK] red_64MB seed_3260
  [OK] red_64MB seed_3353
  [OK] red_64MB seed_3415
  [OK] red_64MB seed_3446
  [OK] red_64MB seed_3539
  [OK] red_64MB seed_3229
  [OK] red_64MB seed_3384
  [OK] red_64MB seed_3322
  [OK] red_64MB seed_346
  [OK] red_64MB seed_3477
  [OK] red_64MB seed_3632
  [OK] red_64MB seed_3508
  [OK] red_64MB seed_3570
  [OK] red_64MB seed_3601
  [OK] red_64MB seed_3663
  [OK] red_64MB seed_3694
  [OK] red_64MB seed_377
  [OK] red_64MB seed_3756
  [OK] red_64MB seed_3725
  [OK] red_64MB seed_3787
  [OK] red_64MB seed_3818
  [OK] red_64MB seed_3942
  [OK] red_64MB seed_3973
  [OK] red_64MB seed_3849
  [OK] red_64MB seed_3911
  [OK] red_64MB seed_3880
  [OK] red_64MB seed_439
  [OK] red_64MB seed_408
  [OK] red_64MB seed_470
  [OK] red_64MB seed_625
  [OK] red_64MB seed_501
  [OK] red_64MB seed_4004
  [OK] red_64MB seed_532
  [OK] red_64MB seed_67
  [OK] red_64MB seed_594
  [OK] red_64MB seed_718
  [OK] red_64MB seed_656
  [OK] red_64MB seed_749
  [OK] red_64MB seed_687
  [OK] red_64MB seed_563
  [OK] red_64MB seed_811
  [OK] red_64MB seed_842
  [OK] red_64MB seed_780
  [OK] red_64MB seed_904
  [OK] red_64MB seed_873
  [OK] red_64MB seed_935
  [OK] red_64MB seed_966
  [OK] red_64MB seed_98
  [OK] red_64MB seed_997


Running 512 benchmarks (DPU cap=1024)...
  [FAIL] red_4MB seed_3725  (used=968/1024 DPUs)
         red_cinm2_hybrid200/run/red_4MB/seed_3725/bin/red_4MB/red_0' is in fault
api:W:2026-07-13|12:14:12: DPU 0.2.3 '/home/clement.fournier/Work/cinm-mlir/.experiments/tags/prim_red_cinm2_hybrid200/run/red_4MB/seed_3725/bin/red_4MB/red_0' is in fault
api:W:2026-07-13|12:14:12: DPU 0.3.0 '/home/clement.fou
  [OK] red_256MB seed_1834  (used=616/1024 DPUs)
  [OK] red_256MB seed_129  (used=704/1024 DPUs)
  [OK] red_256MB seed_1152  (used=660/1024 DPUs)
  [OK] red_256MB seed_1617  (used=660/1024 DPUs)
  [OK] red_256MB seed_1307  (used=660/1024 DPUs)
  [OK] red_256MB seed_1090  (used=836/1024 DPUs)
  [OK] red_256MB seed_1865  (used=880/1024 DPUs)
  [OK] red_4MB seed_1028  (used=880/1024 DPUs)
  [OK] red_4MB seed_1059  (used=880/1024 DPUs)
  [OK] red_4MB seed_1369  (used=880/1024 DPUs)
  [OK] red_4MB seed_1400  (used=880/1024 DPUs)
  [OK] red_4MB seed_1152  (used=880/1024 DPUs)
  [OK] red_4MB seed_129  (used=880/1024 DPUs)
  [OK] red_4MB seed_1245  (used=880/1024 DPUs)
  [OK] red_256MB seed_1338  (used=656/1024 DPUs)
  [OK] red_256MB seed_1679  (used=656/1024 DPUs)
  [OK] red_4MB seed_1121  (used=880/1024 DPUs)
  [OK] red_4MB seed_1214  (used=880/1024 DPUs)
  [OK] red_256MB seed_2082  (used=832/1024 DPUs)
  [OK] red_4MB seed_1276  (used=896/1024 DPUs)
  [OK] red_4MB seed_1493  (used=896/1024 DPUs)
  [OK] red_4MB seed_1183  (used=896/1024 DPUs)
  [OK] red_4MB seed_1431  (used=960/1024 DPUs)
  [OK] red_4MB seed_1338  (used=960/1024 DPUs)
  [OK] red_4MB seed_1462  (used=960/1024 DPUs)
  [OK] red_4MB seed_160  (used=960/1024 DPUs)
  [OK] red_4MB seed_1772  (used=960/1024 DPUs)
  [OK] red_4MB seed_2144  (used=960/1024 DPUs)
  [OK] red_4MB seed_2175  (used=960/1024 DPUs)
  [OK] red_4MB seed_1927  (used=960/1024 DPUs)
  [OK] red_256MB seed_1059  (used=672/1024 DPUs)
  [OK] red_4MB seed_222  (used=960/1024 DPUs)
  [OK] red_4MB seed_2206  (used=960/1024 DPUs)
  [OK] red_256MB seed_1741  (used=672/1024 DPUs)
  [OK] red_4MB seed_2578  (used=960/1024 DPUs)
  [OK] red_4MB seed_2640  (used=960/1024 DPUs)
  [OK] red_4MB seed_2733  (used=960/1024 DPUs)
  [OK] red_4MB seed_2485  (used=960/1024 DPUs)
  [OK] red_256MB seed_2733  (used=832/1024 DPUs)
  [OK] red_4MB seed_2671  (used=944/1024 DPUs)
  [OK] red_4MB seed_2795  (used=944/1024 DPUs)
  [OK] red_4MB seed_2919  (used=944/1024 DPUs)
  [OK] red_4MB seed_284  (used=944/1024 DPUs)
  [OK] red_4MB seed_2981  (used=944/1024 DPUs)
  [OK] red_4MB seed_3043  (used=944/1024 DPUs)
  [OK] red_4MB seed_3167  (used=944/1024 DPUs)
  [OK] red_4MB seed_3012  (used=944/1024 DPUs)
  [OK] red_4MB seed_3198  (used=944/1024 DPUs)
  [OK] red_4MB seed_3260  (used=944/1024 DPUs)
  [OK] red_4MB seed_3291  (used=944/1024 DPUs)
  [OK] red_4MB seed_3570  (used=944/1024 DPUs)
  [OK] red_256MB seed_1276  (used=656/1024 DPUs)
  [OK] red_4MB seed_3601  (used=944/1024 DPUs)
  [OK] red_256MB seed_160  (used=656/1024 DPUs)
  [OK] red_4MB seed_3663  (used=944/1024 DPUs)
  [OK] red_4MB seed_3694  (used=944/1024 DPUs)
  [OK] red_4MB seed_377  (used=944/1024 DPUs)
  [OK] red_4MB seed_408  (used=944/1024 DPUs)
  [OK] red_4MB seed_532  (used=944/1024 DPUs)
  [OK] red_4MB seed_625  (used=944/1024 DPUs)
  [OK] red_4MB seed_67  (used=944/1024 DPUs)
  [OK] red_4MB seed_718  (used=944/1024 DPUs)
  [OK] red_256MB seed_284  (used=832/1024 DPUs)
  [OK] red_4MB seed_842  (used=944/1024 DPUs)
  [OK] red_4MB seed_780  (used=944/1024 DPUs)
  [OK] red_4MB seed_873  (used=944/1024 DPUs)
  [OK] red_4MB seed_935  (used=880/1024 DPUs)
  [OK] red_4MB seed_1307  (used=880/1024 DPUs)
  [OK] red_4MB seed_1586  (used=880/1024 DPUs)
  [OK] red_4MB seed_1617  (used=880/1024 DPUs)
  [OK] red_256MB seed_1214  (used=656/1024 DPUs)
  [OK] red_256MB seed_1245  (used=656/1024 DPUs)
  [OK] red_4MB seed_1524  (used=880/1024 DPUs)
  [OK] red_4MB seed_1679  (used=880/1024 DPUs)
  [OK] red_4MB seed_1648  (used=880/1024 DPUs)
  [OK] red_4MB seed_1710  (used=880/1024 DPUs)
  [OK] red_4MB seed_1741  (used=880/1024 DPUs)
  [OK] red_256MB seed_3508  (used=832/1024 DPUs)
  [OK] red_4MB seed_1865  (used=880/1024 DPUs)
  [OK] red_4MB seed_1834  (used=880/1024 DPUs)
  [OK] red_4MB seed_1803  (used=880/1024 DPUs)
  [OK] red_4MB seed_1896  (used=880/1024 DPUs)
  [OK] red_256MB seed_1555  (used=656/1024 DPUs)
  [OK] red_256MB seed_1121  (used=656/1024 DPUs)
  [OK] red_4MB seed_191  (used=880/1024 DPUs)
  [OK] red_4MB seed_2082  (used=880/1024 DPUs)
  [OK] red_4MB seed_1958  (used=880/1024 DPUs)
  [OK] red_4MB seed_2020  (used=880/1024 DPUs)
  [OK] red_4MB seed_2299  (used=880/1024 DPUs)
  [OK] red_4MB seed_2237  (used=880/1024 DPUs)
  [OK] red_4MB seed_2113  (used=880/1024 DPUs)
  [OK] red_256MB seed_4004  (used=832/1024 DPUs)
  [OK] red_4MB seed_1989  (used=832/1024 DPUs)
  [OK] red_4MB seed_2051  (used=832/1024 DPUs)
  [OK] red_4MB seed_2268  (used=832/1024 DPUs)
  [OK] red_4MB seed_2330  (used=832/1024 DPUs)
  [OK] red_4MB seed_2361  (used=832/1024 DPUs)
  [OK] red_4MB seed_2454  (used=832/1024 DPUs)
  [OK] red_256MB seed_1400  (used=608/1024 DPUs)
  [OK] red_4MB seed_2392  (used=832/1024 DPUs)
  [OK] red_256MB seed_1710  (used=608/1024 DPUs)
  [OK] red_4MB seed_253  (used=872/1024 DPUs)
  [OK] red_4MB seed_2609  (used=872/1024 DPUs)
  [OK] red_4MB seed_2547  (used=872/1024 DPUs)
  [OK] red_4MB seed_2516  (used=872/1024 DPUs)
  [OK] red_4MB seed_2702  (used=872/1024 DPUs)
  [OK] red_4MB seed_2764  (used=872/1024 DPUs)
  [OK] red_4MB seed_2857  (used=872/1024 DPUs)
  [OK] red_4MB seed_2888  (used=872/1024 DPUs)
  [OK] red_4MB seed_3105  (used=872/1024 DPUs)
  [OK] red_4MB seed_2950  (used=872/1024 DPUs)
  [OK] red_4MB seed_3322  (used=872/1024 DPUs)
  [OK] red_4MB seed_315  (used=872/1024 DPUs)
  [OK] red_4MB seed_3136  (used=872/1024 DPUs)
  [OK] red_4MB seed_3074  (used=872/1024 DPUs)
  [OK] red_4MB seed_3229  (used=872/1024 DPUs)
  [OK] red_4MB seed_3353  (used=872/1024 DPUs)
  [OK] red_4MB seed_3384  (used=872/1024 DPUs)
  [OK] red_4MB seed_3508  (used=872/1024 DPUs)
  [OK] red_4MB seed_3477  (used=872/1024 DPUs)
  [OK] red_4MB seed_3415  (used=872/1024 DPUs)
  [OK] red_4MB seed_3446  (used=872/1024 DPUs)
  [OK] red_4MB seed_3539  (used=872/1024 DPUs)
  [OK] red_4MB seed_3632  (used=872/1024 DPUs)
  [OK] red_4MB seed_3973  (used=872/1024 DPUs)
  [OK] red_4MB seed_439  (used=872/1024 DPUs)
  [OK] red_4MB seed_3849  (used=872/1024 DPUs)
  [OK] red_4MB seed_4004  (used=872/1024 DPUs)
  [OK] red_4MB seed_563  (used=872/1024 DPUs)
  [OK] red_4MB seed_3880  (used=872/1024 DPUs)
  [OK] red_4MB seed_470  (used=872/1024 DPUs)
  [OK] red_4MB seed_594  (used=872/1024 DPUs)
  [OK] red_256MB seed_1462  (used=648/1024 DPUs)
  [OK] red_4MB seed_656  (used=872/1024 DPUs)
  [OK] red_4MB seed_749  (used=872/1024 DPUs)
  [OK] red_256MB seed_1896  (used=736/1024 DPUs)
  [OK] red_4MB seed_687  (used=872/1024 DPUs)
  [OK] red_4MB seed_811  (used=872/1024 DPUs)
  [OK] red_4MB seed_966  (used=872/1024 DPUs)
  [OK] red_4MB seed_904  (used=872/1024 DPUs)
  [OK] red_4MB seed_98  (used=872/1024 DPUs)
  [FAIL] red_64MB seed_2764  (used=744/1024 DPUs)
         id200/run/red_64MB/seed_2764/bin/red_64MB/red_0' is in fault
api:W:2026-07-13|12:14:56: DPU 13.1.0 '/home/clement.fournier/Work/cinm-mlir/.experiments/tags/prim_red_cinm2_hybrid200/run/red_64MB/seed_2764/bin/red_64MB/red_0' is in fault
api:W:2026-07-13|12:14:56: DPU 13.1.1 '/home/clement.fournier/Wo
  [OK] red_4MB seed_997  (used=880/1024 DPUs)
  [OK] red_256MB seed_1803  (used=528/1024 DPUs)
  [OK] red_256MB seed_191  (used=616/1024 DPUs)
  [OK] red_256MB seed_1028  (used=704/1024 DPUs)
  [OK] red_256MB seed_1772  (used=616/1024 DPUs)
  [OK] red_256MB seed_1431  (used=616/1024 DPUs)
  [OK] red_256MB seed_1586  (used=704/1024 DPUs)
  [OK] red_256MB seed_1524  (used=616/1024 DPUs)
  [OK] red_256MB seed_1648  (used=616/1024 DPUs)
  [OK] red_256MB seed_253  (used=704/1024 DPUs)
  [OK] red_256MB seed_1493  (used=616/1024 DPUs)
  [OK] red_256MB seed_1183  (used=616/1024 DPUs)
  [OK] red_256MB seed_2020  (used=704/1024 DPUs)
  [OK] red_256MB seed_1989  (used=616/1024 DPUs)
  [OK] red_256MB seed_1958  (used=616/1024 DPUs)
  [OK] red_256MB seed_2361  (used=704/1024 DPUs)
  [OK] red_256MB seed_2206  (used=616/1024 DPUs)
  [OK] red_256MB seed_1927  (used=616/1024 DPUs)
  [OK] red_256MB seed_2702  (used=704/1024 DPUs)
  [OK] red_256MB seed_222  (used=616/1024 DPUs)
  [OK] red_256MB seed_2237  (used=616/1024 DPUs)
  [OK] red_256MB seed_2764  (used=704/1024 DPUs)
  [OK] red_256MB seed_2144  (used=616/1024 DPUs)
  [OK] red_256MB seed_2113  (used=616/1024 DPUs)
  [OK] red_256MB seed_2950  (used=704/1024 DPUs)
  [OK] red_256MB seed_2051  (used=616/1024 DPUs)
  [OK] red_256MB seed_2175  (used=616/1024 DPUs)
  [OK] red_256MB seed_3167  (used=704/1024 DPUs)
  [OK] red_256MB seed_2268  (used=616/1024 DPUs)
  [OK] red_256MB seed_2454  (used=616/1024 DPUs)
  [OK] red_256MB seed_3136  (used=704/1024 DPUs)
  [OK] red_256MB seed_2423  (used=616/1024 DPUs)
  [OK] red_256MB seed_2485  (used=616/1024 DPUs)
  [OK] red_256MB seed_3539  (used=704/1024 DPUs)
  [OK] red_256MB seed_2671  (used=616/1024 DPUs)
  [OK] red_256MB seed_2516  (used=616/1024 DPUs)
  [OK] red_256MB seed_377  (used=704/1024 DPUs)
  [OK] red_256MB seed_2299  (used=616/1024 DPUs)
  [OK] red_256MB seed_2578  (used=616/1024 DPUs)
  [OK] red_256MB seed_749  (used=704/1024 DPUs)
  [OK] red_256MB seed_2547  (used=616/1024 DPUs)
  [OK] red_256MB seed_2330  (used=616/1024 DPUs)
  [OK] red_256MB seed_966  (used=704/1024 DPUs)
  [OK] red_4MB seed_1090  (used=704/1024 DPUs)
  [OK] red_4MB seed_1555  (used=704/1024 DPUs)
  [OK] red_4MB seed_2423  (used=704/1024 DPUs)
  [OK] red_4MB seed_2826  (used=704/1024 DPUs)
  [OK] red_256MB seed_2640  (used=608/1024 DPUs)
  [OK] red_4MB seed_346  (used=704/1024 DPUs)
  [OK] red_256MB seed_2609  (used=608/1024 DPUs)
  [OK] red_4MB seed_3756  (used=704/1024 DPUs)
  [OK] red_4MB seed_3787  (used=704/1024 DPUs)
  [OK] red_4MB seed_3818  (used=704/1024 DPUs)
  [OK] red_4MB seed_3942  (used=704/1024 DPUs)
  [OK] red_4MB seed_3911  (used=704/1024 DPUs)
  [OK] red_4MB seed_501  (used=704/1024 DPUs)
  [OK] red_256MB seed_2795  (used=608/1024 DPUs)
  [OK] red_256MB seed_2826  (used=608/1024 DPUs)
  [OK] red_256MB seed_2981  (used=608/1024 DPUs)
  [OK] red_256MB seed_3012  (used=608/1024 DPUs)
  [OK] red_512MB seed_1059  (used=704/1024 DPUs)
  [OK] red_256MB seed_3229  (used=608/1024 DPUs)
  [OK] red_256MB seed_3322  (used=608/1024 DPUs)
  [OK] red_512MB seed_1152  (used=704/1024 DPUs)
  [OK] red_256MB seed_2888  (used=608/1024 DPUs)
  [OK] red_256MB seed_3105  (used=608/1024 DPUs)
  [FAIL] red_512MB seed_1493  (used=704/1024 DPUs)
         run/red_512MB/seed_1493/bin/red_512MB/red_0' is in fault
api:W:2026-07-13|12:16:28: DPU 0.1.3 '/home/clement.fournier/Work/cinm-mlir/.experiments/tags/prim_red_cinm2_hybrid200/run/red_512MB/seed_1493/bin/red_512MB/red_0' is in fault
api:W:2026-07-13|12:16:28: DPU 0.1.4 '/home/clement.fournier/Work/c
  [OK] red_256MB seed_3043  (used=608/1024 DPUs)
  [OK] red_256MB seed_2919  (used=608/1024 DPUs)
  [OK] red_256MB seed_315  (used=608/1024 DPUs)
  [OK] red_512MB seed_1648  (used=704/1024 DPUs)
  [OK] red_256MB seed_2857  (used=608/1024 DPUs)
  [OK] red_256MB seed_3260  (used=608/1024 DPUs)
  [OK] red_256MB seed_3198  (used=608/1024 DPUs)
  [OK] red_512MB seed_1338  (used=704/1024 DPUs)
  [OK] red_256MB seed_3353  (used=608/1024 DPUs)
  [OK] red_256MB seed_3074  (used=608/1024 DPUs)
  [OK] red_256MB seed_3384  (used=608/1024 DPUs)
  [OK] red_256MB seed_3446  (used=608/1024 DPUs)
  [OK] red_512MB seed_160  (used=704/1024 DPUs)
  [FAIL] red_512MB seed_1710  (used=704/1024 DPUs)
         red_512MB/seed_1710/bin/red_512MB/red_0' is in fault
api:W:2026-07-13|12:16:56: DPU 14.1.3 '/home/clement.fournier/Work/cinm-mlir/.experiments/tags/prim_red_cinm2_hybrid200/run/red_512MB/seed_1710/bin/red_512MB/red_0' is in fault
api:W:2026-07-13|12:16:56: DPU 14.1.4 '/home/clement.fournier/Work/cin
  [OK] red_256MB seed_3415  (used=608/1024 DPUs)
  [OK] red_256MB seed_3291  (used=608/1024 DPUs)
  [FAIL] red_512MB seed_1834  (used=704/1024 DPUs)
         red_512MB/seed_1834/bin/red_512MB/red_0' is in fault
api:W:2026-07-13|12:16:58: DPU 16.2.7 '/home/clement.fournier/Work/cinm-mlir/.experiments/tags/prim_red_cinm2_hybrid200/run/red_512MB/seed_1834/bin/red_512MB/red_0' is in fault
api:W:2026-07-13|12:16:58: DPU 16.3.2 '/home/clement.fournier/Work/cin
  [OK] red_256MB seed_346  (used=608/1024 DPUs)
  [OK] red_256MB seed_3477  (used=608/1024 DPUs)
  [OK] red_512MB seed_1772  (used=704/1024 DPUs)
  [OK] red_256MB seed_3632  (used=608/1024 DPUs)
  [OK] red_256MB seed_3601  (used=608/1024 DPUs)
  [OK] red_256MB seed_3570  (used=608/1024 DPUs)
  [OK] red_256MB seed_3694  (used=608/1024 DPUs)
  [OK] red_512MB seed_191  (used=704/1024 DPUs)
  [OK] red_256MB seed_3663  (used=608/1024 DPUs)
  [OK] red_256MB seed_3725  (used=608/1024 DPUs)
  [OK] red_256MB seed_470  (used=608/1024 DPUs)
  [OK] red_256MB seed_532  (used=608/1024 DPUs)
  [OK] red_512MB seed_1989  (used=704/1024 DPUs)
  [FAIL] red_512MB seed_1958  (used=704/1024 DPUs)
         red_512MB/seed_1958/bin/red_512MB/red_0' is in fault
api:W:2026-07-13|12:17:24: DPU 16.1.3 '/home/clement.fournier/Work/cinm-mlir/.experiments/tags/prim_red_cinm2_hybrid200/run/red_512MB/seed_1958/bin/red_512MB/red_0' is in fault
api:W:2026-07-13|12:17:24: DPU 16.1.4 '/home/clement.fournier/Work/cin
  [OK] red_256MB seed_3849  (used=608/1024 DPUs)
  [OK] red_256MB seed_3818  (used=608/1024 DPUs)
  [FAIL] red_512MB seed_2175  (used=704/1024 DPUs)
         red_512MB/seed_2175/bin/red_512MB/red_0' is in fault
api:W:2026-07-13|12:17:26: DPU 20.2.2 '/home/clement.fournier/Work/cinm-mlir/.experiments/tags/prim_red_cinm2_hybrid200/run/red_512MB/seed_2175/bin/red_512MB/red_0' is in fault
api:W:2026-07-13|12:17:26: DPU 20.2.3 '/home/clement.fournier/Work/cin
  [FAIL] red_512MB seed_2237  (used=704/1024 DPUs)
         run/red_512MB/seed_2237/bin/red_512MB/red_0' is in fault
api:W:2026-07-13|12:17:28: DPU 1.1.3 '/home/clement.fournier/Work/cinm-mlir/.experiments/tags/prim_red_cinm2_hybrid200/run/red_512MB/seed_2237/bin/red_512MB/red_0' is in fault
api:W:2026-07-13|12:17:28: DPU 1.1.4 '/home/clement.fournier/Work/c
  [OK] red_256MB seed_3756  (used=608/1024 DPUs)
  [OK] red_256MB seed_3787  (used=608/1024 DPUs)
  [FAIL] red_512MB seed_2578  (used=704/1024 DPUs)
         red_512MB/seed_2578/bin/red_512MB/red_0' is in fault
api:W:2026-07-13|12:17:30: DPU 11.0.3 '/home/clement.fournier/Work/cinm-mlir/.experiments/tags/prim_red_cinm2_hybrid200/run/red_512MB/seed_2578/bin/red_512MB/red_0' is in fault
api:W:2026-07-13|12:17:30: DPU 11.0.4 '/home/clement.fournier/Work/cin
  [FAIL] red_512MB seed_2547  (used=704/1024 DPUs)
         red_512MB/seed_2547/bin/red_512MB/red_0' is in fault
api:W:2026-07-13|12:17:32: DPU 11.0.4 '/home/clement.fournier/Work/cinm-mlir/.experiments/tags/prim_red_cinm2_hybrid200/run/red_512MB/seed_2547/bin/red_512MB/red_0' is in fault
api:W:2026-07-13|12:17:32: DPU 11.0.5 '/home/clement.fournier/Work/cin
  [OK] red_256MB seed_3911  (used=608/1024 DPUs)
  [OK] red_256MB seed_625  (used=608/1024 DPUs)
  [FAIL] red_512MB seed_2702  (used=704/1024 DPUs)
         red_512MB/seed_2702/bin/red_512MB/red_0' is in fault
api:W:2026-07-13|12:17:35: DPU 17.1.3 '/home/clement.fournier/Work/cinm-mlir/.experiments/tags/prim_red_cinm2_hybrid200/run/red_512MB/seed_2702/bin/red_512MB/red_0' is in fault
api:W:2026-07-13|12:17:35: DPU 17.1.4 '/home/clement.fournier/Work/cin
  [OK] red_256MB seed_3942  (used=608/1024 DPUs)
  [OK] red_256MB seed_656  (used=608/1024 DPUs)
  [OK] red_512MB seed_2640  (used=704/1024 DPUs)
  [OK] red_256MB seed_3973  (used=608/1024 DPUs)
  [OK] red_256MB seed_718  (used=608/1024 DPUs)
  [OK] red_256MB seed_3880  (used=608/1024 DPUs)
  [OK] red_256MB seed_594  (used=608/1024 DPUs)
  [OK] red_512MB seed_2671  (used=704/1024 DPUs)
  [OK] red_256MB seed_563  (used=608/1024 DPUs)
  [OK] red_256MB seed_408  (used=608/1024 DPUs)
  [OK] red_256MB seed_501  (used=608/1024 DPUs)
  [OK] red_512MB seed_2609  (used=704/1024 DPUs)
  [OK] red_256MB seed_439  (used=608/1024 DPUs)
  [OK] red_256MB seed_67  (used=608/1024 DPUs)
  [OK] red_256MB seed_811  (used=608/1024 DPUs)
  [OK] red_512MB seed_2733  (used=704/1024 DPUs)
  [OK] red_256MB seed_687  (used=608/1024 DPUs)
  [OK] red_256MB seed_904  (used=608/1024 DPUs)
  [FAIL] red_512MB seed_2795  (used=704/1024 DPUs)
         run/red_512MB/seed_2795/bin/red_512MB/red_0' is in fault
api:W:2026-07-13|12:18:09: DPU 0.0.7 '/home/clement.fournier/Work/cinm-mlir/.experiments/tags/prim_red_cinm2_hybrid200/run/red_512MB/seed_2795/bin/red_512MB/red_0' is in fault
api:W:2026-07-13|12:18:09: DPU 0.1.0 '/home/clement.fournier/Work/c
  [OK] red_256MB seed_873  (used=608/1024 DPUs)
  [OK] red_256MB seed_842  (used=608/1024 DPUs)
  [OK] red_512MB seed_2919  (used=704/1024 DPUs)
  [OK] red_256MB seed_780  (used=608/1024 DPUs)
  [OK] red_256MB seed_935  (used=608/1024 DPUs)
  [OK] red_256MB seed_98  (used=608/1024 DPUs)
  [OK] red_256MB seed_997  (used=512/1024 DPUs)
  [OK] red_512MB seed_2857  (used=768/1024 DPUs)
  [FAIL] red_512MB seed_1183  (used=512/1024 DPUs)
         red_512MB/seed_1183/bin/red_512MB/red_0' is in fault
api:W:2026-07-13|12:18:25: DPU 11.1.3 '/home/clement.fournier/Work/cinm-mlir/.experiments/tags/prim_red_cinm2_hybrid200/run/red_512MB/seed_1183/bin/red_512MB/red_0' is in fault
api:W:2026-07-13|12:18:25: DPU 11.1.4 '/home/clement.fournier/Work/cin
  [FAIL] red_512MB seed_1214  (used=512/1024 DPUs)
         red_512MB/seed_1214/bin/red_512MB/red_0' is in fault
api:W:2026-07-13|12:18:27: DPU 11.0.1 '/home/clement.fournier/Work/cinm-mlir/.experiments/tags/prim_red_cinm2_hybrid200/run/red_512MB/seed_1214/bin/red_512MB/red_0' is in fault
api:W:2026-07-13|12:18:27: DPU 11.0.2 '/home/clement.fournier/Work/cin
  [FAIL] red_512MB seed_1121  (used=512/1024 DPUs)
         red_512MB/seed_1121/bin/red_512MB/red_0' is in fault
api:W:2026-07-13|12:18:30: DPU 16.1.3 '/home/clement.fournier/Work/cinm-mlir/.experiments/tags/prim_red_cinm2_hybrid200/run/red_512MB/seed_1121/bin/red_512MB/red_0' is in fault
api:W:2026-07-13|12:18:30: DPU 16.1.4 '/home/clement.fournier/Work/cin
  [OK] red_512MB seed_3198  (used=768/1024 DPUs)
  [FAIL] red_512MB seed_1431  (used=512/1024 DPUs)
         red_512MB/seed_1431/bin/red_512MB/red_0' is in fault
api:W:2026-07-13|12:18:32: DPU 12.1.3 '/home/clement.fournier/Work/cinm-mlir/.experiments/tags/prim_red_cinm2_hybrid200/run/red_512MB/seed_1431/bin/red_512MB/red_0' is in fault
api:W:2026-07-13|12:18:32: DPU 12.1.4 '/home/clement.fournier/Work/cin
  [FAIL] red_512MB seed_3229  (used=768/1024 DPUs)
         red_512MB/seed_3229/bin/red_512MB/red_0' is in fault
api:W:2026-07-13|12:18:33: DPU 15.0.7 '/home/clement.fournier/Work/cinm-mlir/.experiments/tags/prim_red_cinm2_hybrid200/run/red_512MB/seed_3229/bin/red_512MB/red_0' is in fault
api:W:2026-07-13|12:18:33: DPU 15.1.0 '/home/clement.fournier/Work/cin
  [OK] red_512MB seed_3012  (used=768/1024 DPUs)
  [FAIL] red_512MB seed_129  (used=512/1024 DPUs)
         /run/red_512MB/seed_129/bin/red_512MB/red_0' is in fault
api:W:2026-07-13|12:18:34: DPU 14.1.3 '/home/clement.fournier/Work/cinm-mlir/.experiments/tags/prim_red_cinm2_hybrid200/run/red_512MB/seed_129/bin/red_512MB/red_0' is in fault
api:W:2026-07-13|12:18:34: DPU 14.1.4 '/home/clement.fournier/Work/
  [FAIL] red_512MB seed_1555  (used=512/1024 DPUs)
         red_512MB/seed_1555/bin/red_512MB/red_0' is in fault
api:W:2026-07-13|12:18:36: DPU 18.0.3 '/home/clement.fournier/Work/cinm-mlir/.experiments/tags/prim_red_cinm2_hybrid200/run/red_512MB/seed_1555/bin/red_512MB/red_0' is in fault
api:W:2026-07-13|12:18:36: DPU 18.0.4 '/home/clement.fournier/Work/cin
  [FAIL] red_512MB seed_1741  (used=512/1024 DPUs)
         run/red_512MB/seed_1741/bin/red_512MB/red_0' is in fault
api:W:2026-07-13|12:18:38: DPU 0.1.3 '/home/clement.fournier/Work/cinm-mlir/.experiments/tags/prim_red_cinm2_hybrid200/run/red_512MB/seed_1741/bin/red_512MB/red_0' is in fault
api:W:2026-07-13|12:18:38: DPU 0.1.4 '/home/clement.fournier/Work/c
  [OK] red_512MB seed_3322  (used=768/1024 DPUs)
  [OK] red_512MB seed_3136  (used=768/1024 DPUs)
  [FAIL] red_512MB seed_3260  (used=768/1024 DPUs)
         red_512MB/seed_3260/bin/red_512MB/red_0' is in fault
api:W:2026-07-13|12:18:43: DPU 19.1.3 '/home/clement.fournier/Work/cinm-mlir/.experiments/tags/prim_red_cinm2_hybrid200/run/red_512MB/seed_3260/bin/red_512MB/red_0' is in fault
api:W:2026-07-13|12:18:43: DPU 19.1.4 '/home/clement.fournier/Work/cin
  [OK] red_512MB seed_1617  (used=512/1024 DPUs)
  [FAIL] red_512MB seed_3446  (used=768/1024 DPUs)
         red_512MB/seed_3446/bin/red_512MB/red_0' is in fault
api:W:2026-07-13|12:18:46: DPU 16.1.3 '/home/clement.fournier/Work/cinm-mlir/.experiments/tags/prim_red_cinm2_hybrid200/run/red_512MB/seed_3446/bin/red_512MB/red_0' is in fault
api:W:2026-07-13|12:18:46: DPU 18.0.0 '/home/clement.fournier/Work/cin
  [OK] red_512MB seed_284  (used=768/1024 DPUs)
  [OK] red_512MB seed_1679  (used=512/1024 DPUs)
  [OK] red_512MB seed_3074  (used=768/1024 DPUs)
  [FAIL] red_512MB seed_3632  (used=768/1024 DPUs)
         run/red_512MB/seed_3632/bin/red_512MB/red_0' is in fault
api:W:2026-07-13|12:18:56: DPU 2.0.3 '/home/clement.fournier/Work/cinm-mlir/.experiments/tags/prim_red_cinm2_hybrid200/run/red_512MB/seed_3632/bin/red_512MB/red_0' is in fault
api:W:2026-07-13|12:18:56: DPU 2.0.4 '/home/clement.fournier/Work/c
  [OK] red_512MB seed_3291  (used=768/1024 DPUs)
  [FAIL] red_512MB seed_3694  (used=768/1024 DPUs)
         red_512MB/seed_3694/bin/red_512MB/red_0' is in fault
api:W:2026-07-13|12:19:01: DPU 10.0.5 '/home/clement.fournier/Work/cinm-mlir/.experiments/tags/prim_red_cinm2_hybrid200/run/red_512MB/seed_3694/bin/red_512MB/red_0' is in fault
api:W:2026-07-13|12:19:01: DPU 10.0.6 '/home/clement.fournier/Work/cin
  [OK] red_512MB seed_1586  (used=512/1024 DPUs)
  [FAIL] red_512MB seed_470  (used=768/1024 DPUs)
         /run/red_512MB/seed_470/bin/red_512MB/red_0' is in fault
api:W:2026-07-13|12:19:03: DPU 10.1.3 '/home/clement.fournier/Work/cinm-mlir/.experiments/tags/prim_red_cinm2_hybrid200/run/red_512MB/seed_470/bin/red_512MB/red_0' is in fault
api:W:2026-07-13|12:19:03: DPU 10.1.4 '/home/clement.fournier/Work/
  [OK] red_512MB seed_3663  (used=768/1024 DPUs)
  [OK] red_512MB seed_1524  (used=512/1024 DPUs)
  [OK] red_512MB seed_3973  (used=768/1024 DPUs)
  [FAIL] red_512MB seed_1803  (used=512/1024 DPUs)
         red_512MB/seed_1803/bin/red_512MB/red_0' is in fault
api:W:2026-07-13|12:19:11: DPU 19.0.3 '/home/clement.fournier/Work/cinm-mlir/.experiments/tags/prim_red_cinm2_hybrid200/run/red_512MB/seed_1803/bin/red_512MB/red_0' is in fault
api:W:2026-07-13|12:19:11: DPU 19.0.4 '/home/clement.fournier/Work/cin
  [OK] red_512MB seed_3849  (used=768/1024 DPUs)
  [OK] red_512MB seed_3942  (used=768/1024 DPUs)
  [OK] red_512MB seed_1865  (used=512/1024 DPUs)
  [OK] red_512MB seed_408  (used=768/1024 DPUs)
  [FAIL] red_512MB seed_656  (used=768/1024 DPUs)
         d200/run/red_512MB/seed_656/bin/red_512MB/red_0' is in fault
api:W:2026-07-13|12:19:22: DPU 2.1.3 '/home/clement.fournier/Work/cinm-mlir/.experiments/tags/prim_red_cinm2_hybrid200/run/red_512MB/seed_656/bin/red_512MB/red_0' is in fault
api:W:2026-07-13|12:19:22: DPU 2.1.4 '/home/clement.fournier/Wor
  [FAIL] red_512MB seed_780  (used=768/1024 DPUs)
         /run/red_512MB/seed_780/bin/red_512MB/red_0' is in fault
api:W:2026-07-13|12:19:24: DPU 12.0.6 '/home/clement.fournier/Work/cinm-mlir/.experiments/tags/prim_red_cinm2_hybrid200/run/red_512MB/seed_780/bin/red_512MB/red_0' is in fault
api:W:2026-07-13|12:19:24: DPU 12.0.7 '/home/clement.fournier/Work/
  [OK] red_512MB seed_563  (used=768/1024 DPUs)
  [FAIL] red_512MB seed_842  (used=768/1024 DPUs)
         d200/run/red_512MB/seed_842/bin/red_512MB/red_0' is in fault
api:W:2026-07-13|12:19:26: DPU 1.1.3 '/home/clement.fournier/Work/cinm-mlir/.experiments/tags/prim_red_cinm2_hybrid200/run/red_512MB/seed_842/bin/red_512MB/red_0' is in fault
api:W:2026-07-13|12:19:26: DPU 1.1.4 '/home/clement.fournier/Wor
  [OK] red_512MB seed_1896  (used=512/1024 DPUs)
  [FAIL] red_512MB seed_1927  (used=512/1024 DPUs)
         red_512MB/seed_1927/bin/red_512MB/red_0' is in fault
api:W:2026-07-13|12:19:29: DPU 19.1.3 '/home/clement.fournier/Work/cinm-mlir/.experiments/tags/prim_red_cinm2_hybrid200/run/red_512MB/seed_1927/bin/red_512MB/red_0' is in fault
api:W:2026-07-13|12:19:29: DPU 19.1.4 '/home/clement.fournier/Work/cin
  [FAIL] red_512MB seed_2113  (used=512/1024 DPUs)
         red_512MB/seed_2113/bin/red_512MB/red_0' is in fault
api:W:2026-07-13|12:19:31: DPU 12.1.3 '/home/clement.fournier/Work/cinm-mlir/.experiments/tags/prim_red_cinm2_hybrid200/run/red_512MB/seed_2113/bin/red_512MB/red_0' is in fault
api:W:2026-07-13|12:19:31: DPU 12.1.4 '/home/clement.fournier/Work/cin
  [OK] red_512MB seed_501  (used=768/1024 DPUs)
  [OK] red_512MB seed_811  (used=768/1024 DPUs)
  [FAIL] red_64MB seed_1059  (used=768/1024 DPUs)
         id200/run/red_64MB/seed_1059/bin/red_64MB/red_0' is in fault
api:W:2026-07-13|12:19:35: DPU 16.1.3 '/home/clement.fournier/Work/cinm-mlir/.experiments/tags/prim_red_cinm2_hybrid200/run/red_64MB/seed_1059/bin/red_64MB/red_0' is in fault
api:W:2026-07-13|12:19:35: DPU 16.1.4 '/home/clement.fournier/Wo
  [FAIL] red_64MB seed_1121  (used=768/1024 DPUs)
         hybrid200/run/red_64MB/seed_1121/bin/red_64MB/red_0' is in fault
api:W:2026-07-13|12:19:35: DPU 0.1.3 '/home/clement.fournier/Work/cinm-mlir/.experiments/tags/prim_red_cinm2_hybrid200/run/red_64MB/seed_1121/bin/red_64MB/red_0' is in fault
api:W:2026-07-13|12:19:35: DPU 0.1.4 '/home/clement.fournier/
  [FAIL] red_64MB seed_1245  (used=768/1024 DPUs)
         id200/run/red_64MB/seed_1245/bin/red_64MB/red_0' is in fault
api:W:2026-07-13|12:19:35: DPU 16.1.3 '/home/clement.fournier/Work/cinm-mlir/.experiments/tags/prim_red_cinm2_hybrid200/run/red_64MB/seed_1245/bin/red_64MB/red_0' is in fault
api:W:2026-07-13|12:19:35: DPU 16.1.4 '/home/clement.fournier/Wo
  [FAIL] red_64MB seed_1338  (used=768/1024 DPUs)
         id200/run/red_64MB/seed_1338/bin/red_64MB/red_0' is in fault
api:W:2026-07-13|12:19:36: DPU 16.1.3 '/home/clement.fournier/Work/cinm-mlir/.experiments/tags/prim_red_cinm2_hybrid200/run/red_64MB/seed_1338/bin/red_64MB/red_0' is in fault
api:W:2026-07-13|12:19:36: DPU 16.1.4 '/home/clement.fournier/Wo
  [FAIL] red_64MB seed_1276  (used=768/1024 DPUs)
         id200/run/red_64MB/seed_1276/bin/red_64MB/red_0' is in fault
api:W:2026-07-13|12:19:36: DPU 14.1.0 '/home/clement.fournier/Work/cinm-mlir/.experiments/tags/prim_red_cinm2_hybrid200/run/red_64MB/seed_1276/bin/red_64MB/red_0' is in fault
api:W:2026-07-13|12:19:36: DPU 14.1.1 '/home/clement.fournier/Wo
  [FAIL] red_64MB seed_1431  (used=768/1024 DPUs)
         hybrid200/run/red_64MB/seed_1431/bin/red_64MB/red_0' is in fault
api:W:2026-07-13|12:19:36: DPU 0.1.3 '/home/clement.fournier/Work/cinm-mlir/.experiments/tags/prim_red_cinm2_hybrid200/run/red_64MB/seed_1431/bin/red_64MB/red_0' is in fault
api:W:2026-07-13|12:19:36: DPU 0.1.4 '/home/clement.fournier/
  [FAIL] red_64MB seed_1617  (used=768/1024 DPUs)
         id200/run/red_64MB/seed_1617/bin/red_64MB/red_0' is in fault
api:W:2026-07-13|12:19:37: DPU 12.1.3 '/home/clement.fournier/Work/cinm-mlir/.experiments/tags/prim_red_cinm2_hybrid200/run/red_64MB/seed_1617/bin/red_64MB/red_0' is in fault
api:W:2026-07-13|12:19:37: DPU 12.1.4 '/home/clement.fournier/Wo
  [OK] red_64MB seed_1710  (used=768/1024 DPUs)
  [OK] red_512MB seed_2299  (used=512/1024 DPUs)
  [OK] red_64MB seed_1524  (used=768/1024 DPUs)
  [FAIL] red_512MB seed_2485  (used=512/1024 DPUs)
         red_512MB/seed_2485/bin/red_512MB/red_0' is in fault
api:W:2026-07-13|12:19:41: DPU 12.0.6 '/home/clement.fournier/Work/cinm-mlir/.experiments/tags/prim_red_cinm2_hybrid200/run/red_512MB/seed_2485/bin/red_512MB/red_0' is in fault
api:W:2026-07-13|12:19:41: DPU 12.0.7 '/home/clement.fournier/Work/cin
  [OK] red_64MB seed_1369  (used=768/1024 DPUs)
  [FAIL] red_64MB seed_1741  (used=768/1024 DPUs)
         id200/run/red_64MB/seed_1741/bin/red_64MB/red_0' is in fault
api:W:2026-07-13|12:19:42: DPU 15.1.3 '/home/clement.fournier/Work/cinm-mlir/.experiments/tags/prim_red_cinm2_hybrid200/run/red_64MB/seed_1741/bin/red_64MB/red_0' is in fault
api:W:2026-07-13|12:19:42: DPU 15.1.4 '/home/clement.fournier/Wo
  [OK] red_512MB seed_98  (used=768/1024 DPUs)
  [FAIL] red_64MB seed_1834  (used=768/1024 DPUs)
         hybrid200/run/red_64MB/seed_1834/bin/red_64MB/red_0' is in fault
api:W:2026-07-13|12:19:43: DPU 2.1.3 '/home/clement.fournier/Work/cinm-mlir/.experiments/tags/prim_red_cinm2_hybrid200/run/red_64MB/seed_1834/bin/red_64MB/red_0' is in fault
api:W:2026-07-13|12:19:43: DPU 2.1.4 '/home/clement.fournier/
  [FAIL] red_64MB seed_191  (used=768/1024 DPUs)
         _hybrid200/run/red_64MB/seed_191/bin/red_64MB/red_0' is in fault
api:W:2026-07-13|12:19:43: DPU 12.1.3 '/home/clement.fournier/Work/cinm-mlir/.experiments/tags/prim_red_cinm2_hybrid200/run/red_64MB/seed_191/bin/red_64MB/red_0' is in fault
api:W:2026-07-13|12:19:43: DPU 12.1.4 '/home/clement.fournier
  [OK] red_64MB seed_1493  (used=768/1024 DPUs)
  [OK] red_64MB seed_1927  (used=768/1024 DPUs)
  [OK] red_64MB seed_1958  (used=768/1024 DPUs)
  [FAIL] red_64MB seed_2020  (used=768/1024 DPUs)
         id200/run/red_64MB/seed_2020/bin/red_64MB/red_0' is in fault
api:W:2026-07-13|12:19:45: DPU 16.1.3 '/home/clement.fournier/Work/cinm-mlir/.experiments/tags/prim_red_cinm2_hybrid200/run/red_64MB/seed_2020/bin/red_64MB/red_0' is in fault
api:W:2026-07-13|12:19:45: DPU 16.1.4 '/home/clement.fournier/Wo
  [FAIL] red_64MB seed_2051  (used=768/1024 DPUs)
         id200/run/red_64MB/seed_2051/bin/red_64MB/red_0' is in fault
api:W:2026-07-13|12:19:45: DPU 18.0.7 '/home/clement.fournier/Work/cinm-mlir/.experiments/tags/prim_red_cinm2_hybrid200/run/red_64MB/seed_2051/bin/red_64MB/red_0' is in fault
api:W:2026-07-13|12:19:45: DPU 18.1.0 '/home/clement.fournier/Wo
  [FAIL] red_64MB seed_1989  (used=768/1024 DPUs)
         id200/run/red_64MB/seed_1989/bin/red_64MB/red_0' is in fault
api:W:2026-07-13|12:19:45: DPU 11.1.3 '/home/clement.fournier/Work/cinm-mlir/.experiments/tags/prim_red_cinm2_hybrid200/run/red_64MB/seed_1989/bin/red_64MB/red_0' is in fault
api:W:2026-07-13|12:19:45: DPU 11.1.4 '/home/clement.fournier/Wo
  [OK] red_64MB seed_2082  (used=768/1024 DPUs)
  [OK] red_64MB seed_2268  (used=768/1024 DPUs)
  [FAIL] red_64MB seed_2237  (used=768/1024 DPUs)
         id200/run/red_64MB/seed_2237/bin/red_64MB/red_0' is in fault
api:W:2026-07-13|12:19:47: DPU 16.1.3 '/home/clement.fournier/Work/cinm-mlir/.experiments/tags/prim_red_cinm2_hybrid200/run/red_64MB/seed_2237/bin/red_64MB/red_0' is in fault
api:W:2026-07-13|12:19:47: DPU 16.1.4 '/home/clement.fournier/Wo
  [FAIL] red_64MB seed_2454  (used=768/1024 DPUs)
         hybrid200/run/red_64MB/seed_2454/bin/red_64MB/red_0' is in fault
api:W:2026-07-13|12:19:47: DPU 0.1.3 '/home/clement.fournier/Work/cinm-mlir/.experiments/tags/prim_red_cinm2_hybrid200/run/red_64MB/seed_2454/bin/red_64MB/red_0' is in fault
api:W:2026-07-13|12:19:47: DPU 0.1.4 '/home/clement.fournier/
  [FAIL] red_64MB seed_2578  (used=768/1024 DPUs)
         id200/run/red_64MB/seed_2578/bin/red_64MB/red_0' is in fault
api:W:2026-07-13|12:19:47: DPU 19.0.5 '/home/clement.fournier/Work/cinm-mlir/.experiments/tags/prim_red_cinm2_hybrid200/run/red_64MB/seed_2578/bin/red_64MB/red_0' is in fault
api:W:2026-07-13|12:19:47: DPU 19.0.6 '/home/clement.fournier/Wo
  [FAIL] red_64MB seed_2485  (used=768/1024 DPUs)
         id200/run/red_64MB/seed_2485/bin/red_64MB/red_0' is in fault
api:W:2026-07-13|12:19:47: DPU 13.1.3 '/home/clement.fournier/Work/cinm-mlir/.experiments/tags/prim_red_cinm2_hybrid200/run/red_64MB/seed_2485/bin/red_64MB/red_0' is in fault
api:W:2026-07-13|12:19:47: DPU 13.1.4 '/home/clement.fournier/Wo
  [FAIL] red_64MB seed_2609  (used=768/1024 DPUs)
         hybrid200/run/red_64MB/seed_2609/bin/red_64MB/red_0' is in fault
api:W:2026-07-13|12:19:47: DPU 0.1.3 '/home/clement.fournier/Work/cinm-mlir/.experiments/tags/prim_red_cinm2_hybrid200/run/red_64MB/seed_2609/bin/red_64MB/red_0' is in fault
api:W:2026-07-13|12:19:47: DPU 0.1.4 '/home/clement.fournier/
  [FAIL] red_64MB seed_2516  (used=768/1024 DPUs)
         id200/run/red_64MB/seed_2516/bin/red_64MB/red_0' is in fault
api:W:2026-07-13|12:19:48: DPU 17.1.3 '/home/clement.fournier/Work/cinm-mlir/.experiments/tags/prim_red_cinm2_hybrid200/run/red_64MB/seed_2516/bin/red_64MB/red_0' is in fault
api:W:2026-07-13|12:19:48: DPU 17.1.4 '/home/clement.fournier/Wo
  [FAIL] red_64MB seed_253  (used=768/1024 DPUs)
         _hybrid200/run/red_64MB/seed_253/bin/red_64MB/red_0' is in fault
api:W:2026-07-13|12:19:48: DPU 19.0.4 '/home/clement.fournier/Work/cinm-mlir/.experiments/tags/prim_red_cinm2_hybrid200/run/red_64MB/seed_253/bin/red_64MB/red_0' is in fault
api:W:2026-07-13|12:19:48: DPU 19.0.5 '/home/clement.fournier
  [FAIL] red_64MB seed_2361  (used=768/1024 DPUs)
         hybrid200/run/red_64MB/seed_2361/bin/red_64MB/red_0' is in fault
api:W:2026-07-13|12:19:48: DPU 1.1.3 '/home/clement.fournier/Work/cinm-mlir/.experiments/tags/prim_red_cinm2_hybrid200/run/red_64MB/seed_2361/bin/red_64MB/red_0' is in fault
api:W:2026-07-13|12:19:48: DPU 1.1.4 '/home/clement.fournier/
  [OK] red_512MB seed_2330  (used=512/1024 DPUs)
  [OK] red_64MB seed_2671  (used=768/1024 DPUs)
  [FAIL] red_64MB seed_2950  (used=768/1024 DPUs)
         id200/run/red_64MB/seed_2950/bin/red_64MB/red_0' is in fault
api:W:2026-07-13|12:19:49: DPU 15.1.3 '/home/clement.fournier/Work/cinm-mlir/.experiments/tags/prim_red_cinm2_hybrid200/run/red_64MB/seed_2950/bin/red_64MB/red_0' is in fault
api:W:2026-07-13|12:19:49: DPU 15.1.4 '/home/clement.fournier/Wo
  [OK] red_64MB seed_2640  (used=768/1024 DPUs)
  [FAIL] red_64MB seed_315  (used=768/1024 DPUs)
         _hybrid200/run/red_64MB/seed_315/bin/red_64MB/red_0' is in fault
api:W:2026-07-13|12:19:50: DPU 14.1.3 '/home/clement.fournier/Work/cinm-mlir/.experiments/tags/prim_red_cinm2_hybrid200/run/red_64MB/seed_315/bin/red_64MB/red_0' is in fault
api:W:2026-07-13|12:19:50: DPU 14.1.4 '/home/clement.fournier
  [FAIL] red_512MB seed_2423  (used=512/1024 DPUs)
         run/red_512MB/seed_2423/bin/red_512MB/red_0' is in fault
api:W:2026-07-13|12:19:50: DPU 1.1.3 '/home/clement.fournier/Work/cinm-mlir/.experiments/tags/prim_red_cinm2_hybrid200/run/red_512MB/seed_2423/bin/red_512MB/red_0' is in fault
api:W:2026-07-13|12:19:50: DPU 1.1.4 '/home/clement.fournier/Work/c
  [OK] red_64MB seed_2919  (used=768/1024 DPUs)
  [OK] red_64MB seed_3012  (used=768/1024 DPUs)
  [FAIL] red_64MB seed_3353  (used=768/1024 DPUs)
         hybrid200/run/red_64MB/seed_3353/bin/red_64MB/red_0' is in fault
api:W:2026-07-13|12:19:52: DPU 0.1.3 '/home/clement.fournier/Work/cinm-mlir/.experiments/tags/prim_red_cinm2_hybrid200/run/red_64MB/seed_3353/bin/red_64MB/red_0' is in fault
api:W:2026-07-13|12:19:52: DPU 0.1.4 '/home/clement.fournier/
  [FAIL] red_64MB seed_3539  (used=768/1024 DPUs)
         id200/run/red_64MB/seed_3539/bin/red_64MB/red_0' is in fault
api:W:2026-07-13|12:19:52: DPU 12.1.3 '/home/clement.fournier/Work/cinm-mlir/.experiments/tags/prim_red_cinm2_hybrid200/run/red_64MB/seed_3539/bin/red_64MB/red_0' is in fault
api:W:2026-07-13|12:19:52: DPU 12.1.4 '/home/clement.fournier/Wo
  [OK] red_64MB seed_3074  (used=768/1024 DPUs)
  [FAIL] red_64MB seed_3477  (used=768/1024 DPUs)
         id200/run/red_64MB/seed_3477/bin/red_64MB/red_0' is in fault
api:W:2026-07-13|12:19:53: DPU 10.1.3 '/home/clement.fournier/Work/cinm-mlir/.experiments/tags/prim_red_cinm2_hybrid200/run/red_64MB/seed_3477/bin/red_64MB/red_0' is in fault
api:W:2026-07-13|12:19:53: DPU 10.1.4 '/home/clement.fournier/Wo
  [FAIL] red_64MB seed_3632  (used=768/1024 DPUs)
         id200/run/red_64MB/seed_3632/bin/red_64MB/red_0' is in fault
api:W:2026-07-13|12:19:53: DPU 22.0.6 '/home/clement.fournier/Work/cinm-mlir/.experiments/tags/prim_red_cinm2_hybrid200/run/red_64MB/seed_3632/bin/red_64MB/red_0' is in fault
api:W:2026-07-13|12:19:53: DPU 22.0.7 '/home/clement.fournier/Wo
  [OK] red_64MB seed_3229  (used=768/1024 DPUs)
  [FAIL] red_64MB seed_3570  (used=768/1024 DPUs)
         id200/run/red_64MB/seed_3570/bin/red_64MB/red_0' is in fault
api:W:2026-07-13|12:19:54: DPU 11.1.3 '/home/clement.fournier/Work/cinm-mlir/.experiments/tags/prim_red_cinm2_hybrid200/run/red_64MB/seed_3570/bin/red_64MB/red_0' is in fault
api:W:2026-07-13|12:19:54: DPU 11.1.4 '/home/clement.fournier/Wo
  [FAIL] red_64MB seed_3694  (used=768/1024 DPUs)
         id200/run/red_64MB/seed_3694/bin/red_64MB/red_0' is in fault
api:W:2026-07-13|12:19:54: DPU 16.1.3 '/home/clement.fournier/Work/cinm-mlir/.experiments/tags/prim_red_cinm2_hybrid200/run/red_64MB/seed_3694/bin/red_64MB/red_0' is in fault
api:W:2026-07-13|12:19:54: DPU 16.1.4 '/home/clement.fournier/Wo
  [FAIL] red_64MB seed_3725  (used=768/1024 DPUs)
         id200/run/red_64MB/seed_3725/bin/red_64MB/red_0' is in fault
api:W:2026-07-13|12:19:54: DPU 12.1.3 '/home/clement.fournier/Work/cinm-mlir/.experiments/tags/prim_red_cinm2_hybrid200/run/red_64MB/seed_3725/bin/red_64MB/red_0' is in fault
api:W:2026-07-13|12:19:54: DPU 12.1.4 '/home/clement.fournier/Wo
  [OK] red_64MB seed_3756  (used=768/1024 DPUs)
  [FAIL] red_64MB seed_3973  (used=768/1024 DPUs)
         id200/run/red_64MB/seed_3973/bin/red_64MB/red_0' is in fault
api:W:2026-07-13|12:19:56: DPU 10.1.3 '/home/clement.fournier/Work/cinm-mlir/.experiments/tags/prim_red_cinm2_hybrid200/run/red_64MB/seed_3973/bin/red_64MB/red_0' is in fault
api:W:2026-07-13|12:19:56: DPU 10.1.4 '/home/clement.fournier/Wo
  [OK] red_64MB seed_3818  (used=768/1024 DPUs)
  [FAIL] red_64MB seed_3849  (used=768/1024 DPUs)
         id200/run/red_64MB/seed_3849/bin/red_64MB/red_0' is in fault
api:W:2026-07-13|12:19:56: DPU 11.1.3 '/home/clement.fournier/Work/cinm-mlir/.experiments/tags/prim_red_cinm2_hybrid200/run/red_64MB/seed_3849/bin/red_64MB/red_0' is in fault
api:W:2026-07-13|12:19:56: DPU 11.1.4 '/home/clement.fournier/Wo
  [FAIL] red_64MB seed_439  (used=768/1024 DPUs)
         _hybrid200/run/red_64MB/seed_439/bin/red_64MB/red_0' is in fault
api:W:2026-07-13|12:19:56: DPU 21.0.7 '/home/clement.fournier/Work/cinm-mlir/.experiments/tags/prim_red_cinm2_hybrid200/run/red_64MB/seed_439/bin/red_64MB/red_0' is in fault
api:W:2026-07-13|12:19:56: DPU 21.1.0 '/home/clement.fournier
  [OK] red_64MB seed_3880  (used=768/1024 DPUs)
  [FAIL] red_64MB seed_470  (used=768/1024 DPUs)
         _hybrid200/run/red_64MB/seed_470/bin/red_64MB/red_0' is in fault
api:W:2026-07-13|12:19:58: DPU 20.1.3 '/home/clement.fournier/Work/cinm-mlir/.experiments/tags/prim_red_cinm2_hybrid200/run/red_64MB/seed_470/bin/red_64MB/red_0' is in fault
api:W:2026-07-13|12:19:58: DPU 20.1.4 '/home/clement.fournier
  [OK] red_64MB seed_408  (used=768/1024 DPUs)
  [OK] red_512MB seed_2392  (used=512/1024 DPUs)
  [FAIL] red_64MB seed_501  (used=768/1024 DPUs)
         inm2_hybrid200/run/red_64MB/seed_501/bin/red_64MB/red_0' is in fault
api:W:2026-07-13|12:19:58: DPU 0.1.3 '/home/clement.fournier/Work/cinm-mlir/.experiments/tags/prim_red_cinm2_hybrid200/run/red_64MB/seed_501/bin/red_64MB/red_0' is in fault
api:W:2026-07-13|12:19:58: DPU 0.1.4 '/home/clement.fourni
  [FAIL] red_64MB seed_532  (used=768/1024 DPUs)
         inm2_hybrid200/run/red_64MB/seed_532/bin/red_64MB/red_0' is in fault
api:W:2026-07-13|12:19:58: DPU 1.1.3 '/home/clement.fournier/Work/cinm-mlir/.experiments/tags/prim_red_cinm2_hybrid200/run/red_64MB/seed_532/bin/red_64MB/red_0' is in fault
api:W:2026-07-13|12:19:58: DPU 1.1.4 '/home/clement.fourni
  [FAIL] red_64MB seed_67  (used=768/1024 DPUs)
         red_cinm2_hybrid200/run/red_64MB/seed_67/bin/red_64MB/red_0' is in fault
api:W:2026-07-13|12:19:59: DPU 0.1.3 '/home/clement.fournier/Work/cinm-mlir/.experiments/tags/prim_red_cinm2_hybrid200/run/red_64MB/seed_67/bin/red_64MB/red_0' is in fault
api:W:2026-07-13|12:19:59: DPU 0.1.4 '/home/clement.fou
  [FAIL] red_64MB seed_718  (used=768/1024 DPUs)
         _hybrid200/run/red_64MB/seed_718/bin/red_64MB/red_0' is in fault
api:W:2026-07-13|12:19:59: DPU 14.1.3 '/home/clement.fournier/Work/cinm-mlir/.experiments/tags/prim_red_cinm2_hybrid200/run/red_64MB/seed_718/bin/red_64MB/red_0' is in fault
api:W:2026-07-13|12:19:59: DPU 14.1.4 '/home/clement.fournier
  [OK] red_64MB seed_4004  (used=768/1024 DPUs)
  [FAIL] red_64MB seed_656  (used=768/1024 DPUs)
         _hybrid200/run/red_64MB/seed_656/bin/red_64MB/red_0' is in fault
api:W:2026-07-13|12:19:59: DPU 11.1.3 '/home/clement.fournier/Work/cinm-mlir/.experiments/tags/prim_red_cinm2_hybrid200/run/red_64MB/seed_656/bin/red_64MB/red_0' is in fault
api:W:2026-07-13|12:19:59: DPU 11.1.4 '/home/clement.fournier
  [FAIL] red_64MB seed_687  (used=768/1024 DPUs)
         _hybrid200/run/red_64MB/seed_687/bin/red_64MB/red_0' is in fault
api:W:2026-07-13|12:20:00: DPU 18.1.3 '/home/clement.fournier/Work/cinm-mlir/.experiments/tags/prim_red_cinm2_hybrid200/run/red_64MB/seed_687/bin/red_64MB/red_0' is in fault
api:W:2026-07-13|12:20:00: DPU 18.1.4 '/home/clement.fournier
  [OK] red_64MB seed_749  (used=768/1024 DPUs)
  [FAIL] red_64MB seed_904  (used=768/1024 DPUs)
         _hybrid200/run/red_64MB/seed_904/bin/red_64MB/red_0' is in fault
api:W:2026-07-13|12:20:01: DPU 22.1.3 '/home/clement.fournier/Work/cinm-mlir/.experiments/tags/prim_red_cinm2_hybrid200/run/red_64MB/seed_904/bin/red_64MB/red_0' is in fault
api:W:2026-07-13|12:20:01: DPU 22.1.4 '/home/clement.fournier
  [OK] red_64MB seed_563  (used=768/1024 DPUs)
  [FAIL] red_64MB seed_935  (used=512/1024 DPUs)
         _hybrid200/run/red_64MB/seed_935/bin/red_64MB/red_0' is in fault
api:W:2026-07-13|12:20:01: DPU 20.1.3 '/home/clement.fournier/Work/cinm-mlir/.experiments/tags/prim_red_cinm2_hybrid200/run/red_64MB/seed_935/bin/red_64MB/red_0' is in fault
api:W:2026-07-13|12:20:01: DPU 20.1.4 '/home/clement.fournier
  [OK] red_512MB seed_2206  (used=512/1024 DPUs)
  [FAIL] red_512MB seed_2764  (used=512/1024 DPUs)
         red_512MB/seed_2764/bin/red_512MB/red_0' is in fault
api:W:2026-07-13|12:20:07: DPU 10.0.5 '/home/clement.fournier/Work/cinm-mlir/.experiments/tags/prim_red_cinm2_hybrid200/run/red_512MB/seed_2764/bin/red_512MB/red_0' is in fault
api:W:2026-07-13|12:20:07: DPU 10.0.6 '/home/clement.fournier/Work/cin
  [OK] red_512MB seed_2454  (used=512/1024 DPUs)
  [FAIL] red_512MB seed_2826  (used=512/1024 DPUs)
         red_512MB/seed_2826/bin/red_512MB/red_0' is in fault
api:W:2026-07-13|12:20:09: DPU 15.1.3 '/home/clement.fournier/Work/cinm-mlir/.experiments/tags/prim_red_cinm2_hybrid200/run/red_512MB/seed_2826/bin/red_512MB/red_0' is in fault
api:W:2026-07-13|12:20:09: DPU 15.1.4 '/home/clement.fournier/Work/cin
  [FAIL] red_512MB seed_2950  (used=512/1024 DPUs)
         run/red_512MB/seed_2950/bin/red_512MB/red_0' is in fault
api:W:2026-07-13|12:20:11: DPU 0.1.3 '/home/clement.fournier/Work/cinm-mlir/.experiments/tags/prim_red_cinm2_hybrid200/run/red_512MB/seed_2950/bin/red_512MB/red_0' is in fault
api:W:2026-07-13|12:20:11: DPU 0.1.4 '/home/clement.fournier/Work/c
  [FAIL] red_512MB seed_2888  (used=512/1024 DPUs)
         red_512MB/seed_2888/bin/red_512MB/red_0' is in fault
api:W:2026-07-13|12:20:12: DPU 12.1.3 '/home/clement.fournier/Work/cinm-mlir/.experiments/tags/prim_red_cinm2_hybrid200/run/red_512MB/seed_2888/bin/red_512MB/red_0' is in fault
api:W:2026-07-13|12:20:12: DPU 12.1.4 '/home/clement.fournier/Work/cin
  [OK] red_512MB seed_3043  (used=512/1024 DPUs)
  [OK] red_512MB seed_2981  (used=512/1024 DPUs)
  [FAIL] red_512MB seed_3167  (used=512/1024 DPUs)
         red_512MB/seed_3167/bin/red_512MB/red_0' is in fault
api:W:2026-07-13|12:20:21: DPU 13.0.3 '/home/clement.fournier/Work/cinm-mlir/.experiments/tags/prim_red_cinm2_hybrid200/run/red_512MB/seed_3167/bin/red_512MB/red_0' is in fault
api:W:2026-07-13|12:20:21: DPU 13.0.4 '/home/clement.fournier/Work/cin
  [FAIL] red_512MB seed_3570  (used=512/1024 DPUs)
         red_512MB/seed_3570/bin/red_512MB/red_0' is in fault
api:W:2026-07-13|12:20:23: DPU 16.0.5 '/home/clement.fournier/Work/cinm-mlir/.experiments/tags/prim_red_cinm2_hybrid200/run/red_512MB/seed_3570/bin/red_512MB/red_0' is in fault
api:W:2026-07-13|12:20:23: DPU 16.0.6 '/home/clement.fournier/Work/cin
  [FAIL] red_512MB seed_3477  (used=512/1024 DPUs)
         red_512MB/seed_3477/bin/red_512MB/red_0' is in fault
api:W:2026-07-13|12:20:25: DPU 12.1.3 '/home/clement.fournier/Work/cinm-mlir/.experiments/tags/prim_red_cinm2_hybrid200/run/red_512MB/seed_3477/bin/red_512MB/red_0' is in fault
api:W:2026-07-13|12:20:25: DPU 12.1.4 '/home/clement.fournier/Work/cin
  [OK] red_512MB seed_3353  (used=512/1024 DPUs)
  [OK] red_512MB seed_3508  (used=512/1024 DPUs)
  [OK] red_512MB seed_346  (used=512/1024 DPUs)
  [FAIL] red_512MB seed_3787  (used=512/1024 DPUs)
         red_512MB/seed_3787/bin/red_512MB/red_0' is in fault
api:W:2026-07-13|12:20:36: DPU 12.1.3 '/home/clement.fournier/Work/cinm-mlir/.experiments/tags/prim_red_cinm2_hybrid200/run/red_512MB/seed_3787/bin/red_512MB/red_0' is in fault
api:W:2026-07-13|12:20:36: DPU 12.1.4 '/home/clement.fournier/Work/cin
  [FAIL] red_512MB seed_3818  (used=512/1024 DPUs)
         red_512MB/seed_3818/bin/red_512MB/red_0' is in fault
api:W:2026-07-13|12:20:38: DPU 11.1.3 '/home/clement.fournier/Work/cinm-mlir/.experiments/tags/prim_red_cinm2_hybrid200/run/red_512MB/seed_3818/bin/red_512MB/red_0' is in fault
api:W:2026-07-13|12:20:38: DPU 11.1.4 '/home/clement.fournier/Work/cin
  [OK] red_512MB seed_3539  (used=512/1024 DPUs)
  [FAIL] red_512MB seed_3880  (used=512/1024 DPUs)
         red_512MB/seed_3880/bin/red_512MB/red_0' is in fault
api:W:2026-07-13|12:20:41: DPU 17.1.1 '/home/clement.fournier/Work/cinm-mlir/.experiments/tags/prim_red_cinm2_hybrid200/run/red_512MB/seed_3880/bin/red_512MB/red_0' is in fault
api:W:2026-07-13|12:20:41: DPU 17.1.2 '/home/clement.fournier/Work/cin
  [FAIL] red_512MB seed_594  (used=512/1024 DPUs)
         /run/red_512MB/seed_594/bin/red_512MB/red_0' is in fault
api:W:2026-07-13|12:20:43: DPU 13.1.1 '/home/clement.fournier/Work/cinm-mlir/.experiments/tags/prim_red_cinm2_hybrid200/run/red_512MB/seed_594/bin/red_512MB/red_0' is in fault
api:W:2026-07-13|12:20:43: DPU 13.1.2 '/home/clement.fournier/Work/
  [FAIL] red_512MB seed_718  (used=512/1024 DPUs)
         /run/red_512MB/seed_718/bin/red_512MB/red_0' is in fault
api:W:2026-07-13|12:20:43: DPU 16.1.3 '/home/clement.fournier/Work/cinm-mlir/.experiments/tags/prim_red_cinm2_hybrid200/run/red_512MB/seed_718/bin/red_512MB/red_0' is in fault
api:W:2026-07-13|12:20:43: DPU 16.1.4 '/home/clement.fournier/Work/
  [FAIL] red_512MB seed_873  (used=512/1024 DPUs)
         /run/red_512MB/seed_873/bin/red_512MB/red_0' is in fault
api:W:2026-07-13|12:20:45: DPU 20.1.3 '/home/clement.fournier/Work/cinm-mlir/.experiments/tags/prim_red_cinm2_hybrid200/run/red_512MB/seed_873/bin/red_512MB/red_0' is in fault
api:W:2026-07-13|12:20:45: DPU 20.1.4 '/home/clement.fournier/Work/
  [OK] red_512MB seed_749  (used=512/1024 DPUs)
  [OK] red_512MB seed_439  (used=512/1024 DPUs)
  [OK] red_512MB seed_67  (used=512/1024 DPUs)
  [FAIL] red_64MB seed_1090  (used=512/1024 DPUs)
         id200/run/red_64MB/seed_1090/bin/red_64MB/red_0' is in fault
api:W:2026-07-13|12:20:58: DPU 13.1.3 '/home/clement.fournier/Work/cinm-mlir/.experiments/tags/prim_red_cinm2_hybrid200/run/red_64MB/seed_1090/bin/red_64MB/red_0' is in fault
api:W:2026-07-13|12:20:58: DPU 13.1.4 '/home/clement.fournier/Wo
  [FAIL] red_64MB seed_1214  (used=512/1024 DPUs)
         id200/run/red_64MB/seed_1214/bin/red_64MB/red_0' is in fault
api:W:2026-07-13|12:20:59: DPU 12.0.3 '/home/clement.fournier/Work/cinm-mlir/.experiments/tags/prim_red_cinm2_hybrid200/run/red_64MB/seed_1214/bin/red_64MB/red_0' is in fault
api:W:2026-07-13|12:20:59: DPU 12.0.4 '/home/clement.fournier/Wo
  [OK] red_64MB seed_1183  (used=512/1024 DPUs)
  [FAIL] red_64MB seed_1462  (used=512/1024 DPUs)
         id200/run/red_64MB/seed_1462/bin/red_64MB/red_0' is in fault
api:W:2026-07-13|12:21:00: DPU 16.1.3 '/home/clement.fournier/Work/cinm-mlir/.experiments/tags/prim_red_cinm2_hybrid200/run/red_64MB/seed_1462/bin/red_64MB/red_0' is in fault
api:W:2026-07-13|12:21:00: DPU 16.1.4 '/home/clement.fournier/Wo
  [OK] red_512MB seed_966  (used=512/1024 DPUs)
  [FAIL] red_64MB seed_129  (used=512/1024 DPUs)
         _hybrid200/run/red_64MB/seed_129/bin/red_64MB/red_0' is in fault
api:W:2026-07-13|12:21:01: DPU 12.1.3 '/home/clement.fournier/Work/cinm-mlir/.experiments/tags/prim_red_cinm2_hybrid200/run/red_64MB/seed_129/bin/red_64MB/red_0' is in fault
api:W:2026-07-13|12:21:01: DPU 12.1.4 '/home/clement.fournier
  [FAIL] red_64MB seed_1400  (used=512/1024 DPUs)
         id200/run/red_64MB/seed_1400/bin/red_64MB/red_0' is in fault
api:W:2026-07-13|12:21:01: DPU 11.1.3 '/home/clement.fournier/Work/cinm-mlir/.experiments/tags/prim_red_cinm2_hybrid200/run/red_64MB/seed_1400/bin/red_64MB/red_0' is in fault
api:W:2026-07-13|12:21:01: DPU 11.1.4 '/home/clement.fournier/Wo
  [OK] red_64MB seed_1307  (used=512/1024 DPUs)
  [FAIL] red_64MB seed_1586  (used=512/1024 DPUs)
         id200/run/red_64MB/seed_1586/bin/red_64MB/red_0' is in fault
api:W:2026-07-13|12:21:02: DPU 22.1.3 '/home/clement.fournier/Work/cinm-mlir/.experiments/tags/prim_red_cinm2_hybrid200/run/red_64MB/seed_1586/bin/red_64MB/red_0' is in fault
api:W:2026-07-13|12:21:02: DPU 22.1.4 '/home/clement.fournier/Wo
  [OK] red_64MB seed_160  (used=512/1024 DPUs)
  [FAIL] red_64MB seed_1679  (used=512/1024 DPUs)
         id200/run/red_64MB/seed_1679/bin/red_64MB/red_0' is in fault
api:W:2026-07-13|12:21:03: DPU 20.1.3 '/home/clement.fournier/Work/cinm-mlir/.experiments/tags/prim_red_cinm2_hybrid200/run/red_64MB/seed_1679/bin/red_64MB/red_0' is in fault
api:W:2026-07-13|12:21:03: DPU 20.1.4 '/home/clement.fournier/Wo
  [FAIL] red_64MB seed_1648  (used=512/1024 DPUs)
         rid200/run/red_64MB/seed_1648/bin/red_64MB/red_0' is in fault
api:W:2026-07-13|12:21:03: DPU 10.1.3 '/home/clement.fournier/Work/cinm-mlir/.experiments/tags/prim_red_cinm2_hybrid200/run/red_64MB/seed_1648/bin/red_64MB/red_0' is in fault
api:W:2026-07-13|12:21:03: DPU 10.1.4 '/home/clement.fournier/W
  [FAIL] red_64MB seed_1772  (used=512/1024 DPUs)
         id200/run/red_64MB/seed_1772/bin/red_64MB/red_0' is in fault
api:W:2026-07-13|12:21:04: DPU 14.0.3 '/home/clement.fournier/Work/cinm-mlir/.experiments/tags/prim_red_cinm2_hybrid200/run/red_64MB/seed_1772/bin/red_64MB/red_0' is in fault
api:W:2026-07-13|12:21:04: DPU 14.0.4 '/home/clement.fournier/Wo
  [OK] red_64MB seed_1555  (used=512/1024 DPUs)
  [FAIL] red_64MB seed_1803  (used=512/1024 DPUs)
         id200/run/red_64MB/seed_1803/bin/red_64MB/red_0' is in fault
api:W:2026-07-13|12:21:04: DPU 13.0.7 '/home/clement.fournier/Work/cinm-mlir/.experiments/tags/prim_red_cinm2_hybrid200/run/red_64MB/seed_1803/bin/red_64MB/red_0' is in fault
api:W:2026-07-13|12:21:04: DPU 13.1.0 '/home/clement.fournier/Wo
  [OK] red_64MB seed_1865  (used=512/1024 DPUs)
  [OK] red_64MB seed_1896  (used=512/1024 DPUs)
  [FAIL] red_64MB seed_2113  (used=512/1024 DPUs)
         id200/run/red_64MB/seed_2113/bin/red_64MB/red_0' is in fault
api:W:2026-07-13|12:21:06: DPU 19.1.3 '/home/clement.fournier/Work/cinm-mlir/.experiments/tags/prim_red_cinm2_hybrid200/run/red_64MB/seed_2113/bin/red_64MB/red_0' is in fault
api:W:2026-07-13|12:21:06: DPU 19.1.4 '/home/clement.fournier/Wo
  [FAIL] red_64MB seed_2299  (used=512/1024 DPUs)
         hybrid200/run/red_64MB/seed_2299/bin/red_64MB/red_0' is in fault
api:W:2026-07-13|12:21:06: DPU 1.0.6 '/home/clement.fournier/Work/cinm-mlir/.experiments/tags/prim_red_cinm2_hybrid200/run/red_64MB/seed_2299/bin/red_64MB/red_0' is in fault
api:W:2026-07-13|12:21:06: DPU 1.0.7 '/home/clement.fournier/
  [OK] red_64MB seed_2144  (used=512/1024 DPUs)
  [FAIL] red_64MB seed_2206  (used=512/1024 DPUs)
         id200/run/red_64MB/seed_2206/bin/red_64MB/red_0' is in fault
api:W:2026-07-13|12:21:07: DPU 20.1.3 '/home/clement.fournier/Work/cinm-mlir/.experiments/tags/prim_red_cinm2_hybrid200/run/red_64MB/seed_2206/bin/red_64MB/red_0' is in fault
api:W:2026-07-13|12:21:07: DPU 20.1.4 '/home/clement.fournier/Wo
  [OK] red_64MB seed_2330  (used=512/1024 DPUs)
  [OK] red_64MB seed_2175  (used=512/1024 DPUs)
  [FAIL] red_64MB seed_2547  (used=512/1024 DPUs)
         id200/run/red_64MB/seed_2547/bin/red_64MB/red_0' is in fault
api:W:2026-07-13|12:21:09: DPU 22.1.3 '/home/clement.fournier/Work/cinm-mlir/.experiments/tags/prim_red_cinm2_hybrid200/run/red_64MB/seed_2547/bin/red_64MB/red_0' is in fault
api:W:2026-07-13|12:21:09: DPU 22.1.4 '/home/clement.fournier/Wo
  [OK] red_64MB seed_2392  (used=512/1024 DPUs)
  [FAIL] red_64MB seed_222  (used=512/1024 DPUs)
         inm2_hybrid200/run/red_64MB/seed_222/bin/red_64MB/red_0' is in fault
api:W:2026-07-13|12:21:09: DPU 1.1.3 '/home/clement.fournier/Work/cinm-mlir/.experiments/tags/prim_red_cinm2_hybrid200/run/red_64MB/seed_222/bin/red_64MB/red_0' is in fault
api:W:2026-07-13|12:21:09: DPU 1.1.4 '/home/clement.fourni
  [FAIL] red_64MB seed_2702  (used=512/1024 DPUs)
         hybrid200/run/red_64MB/seed_2702/bin/red_64MB/red_0' is in fault
api:W:2026-07-13|12:21:10: DPU 0.1.3 '/home/clement.fournier/Work/cinm-mlir/.experiments/tags/prim_red_cinm2_hybrid200/run/red_64MB/seed_2702/bin/red_64MB/red_0' is in fault
api:W:2026-07-13|12:21:10: DPU 0.1.4 '/home/clement.fournier/
  [FAIL] red_64MB seed_2733  (used=512/1024 DPUs)
         hybrid200/run/red_64MB/seed_2733/bin/red_64MB/red_0' is in fault
api:W:2026-07-13|12:21:10: DPU 2.1.3 '/home/clement.fournier/Work/cinm-mlir/.experiments/tags/prim_red_cinm2_hybrid200/run/red_64MB/seed_2733/bin/red_64MB/red_0' is in fault
api:W:2026-07-13|12:21:10: DPU 2.1.4 '/home/clement.fournier/
  [OK] red_64MB seed_2423  (used=512/1024 DPUs)
  [FAIL] red_64MB seed_2826  (used=512/1024 DPUs)
         hybrid200/run/red_64MB/seed_2826/bin/red_64MB/red_0' is in fault
api:W:2026-07-13|12:21:10: DPU 0.0.6 '/home/clement.fournier/Work/cinm-mlir/.experiments/tags/prim_red_cinm2_hybrid200/run/red_64MB/seed_2826/bin/red_64MB/red_0' is in fault
api:W:2026-07-13|12:21:10: DPU 0.0.7 '/home/clement.fournier/
  [FAIL] red_64MB seed_2795  (used=512/1024 DPUs)
         rid200/run/red_64MB/seed_2795/bin/red_64MB/red_0' is in fault
api:W:2026-07-13|12:21:10: DPU 14.1.3 '/home/clement.fournier/Work/cinm-mlir/.experiments/tags/prim_red_cinm2_hybrid200/run/red_64MB/seed_2795/bin/red_64MB/red_0' is in fault
api:W:2026-07-13|12:21:10: DPU 14.1.4 '/home/clement.fournier/W
  [FAIL] red_64MB seed_2888  (used=512/1024 DPUs)
         id200/run/red_64MB/seed_2888/bin/red_64MB/red_0' is in fault
api:W:2026-07-13|12:21:11: DPU 13.1.3 '/home/clement.fournier/Work/cinm-mlir/.experiments/tags/prim_red_cinm2_hybrid200/run/red_64MB/seed_2888/bin/red_64MB/red_0' is in fault
api:W:2026-07-13|12:21:11: DPU 13.1.4 '/home/clement.fournier/Wo
  [OK] red_64MB seed_284  (used=512/1024 DPUs)
  [OK] red_64MB seed_2981  (used=512/1024 DPUs)
  [FAIL] red_64MB seed_3198  (used=512/1024 DPUs)
         id200/run/red_64MB/seed_3198/bin/red_64MB/red_0' is in fault
api:W:2026-07-13|12:21:13: DPU 18.1.3 '/home/clement.fournier/Work/cinm-mlir/.experiments/tags/prim_red_cinm2_hybrid200/run/red_64MB/seed_3198/bin/red_64MB/red_0' is in fault
api:W:2026-07-13|12:21:13: DPU 18.1.4 '/home/clement.fournier/Wo
  [OK] red_64MB seed_3105  (used=512/1024 DPUs)
  [FAIL] red_64MB seed_3291  (used=512/1024 DPUs)
         id200/run/red_64MB/seed_3291/bin/red_64MB/red_0' is in fault
api:W:2026-07-13|12:21:13: DPU 14.1.3 '/home/clement.fournier/Work/cinm-mlir/.experiments/tags/prim_red_cinm2_hybrid200/run/red_64MB/seed_3291/bin/red_64MB/red_0' is in fault
api:W:2026-07-13|12:21:13: DPU 14.1.4 '/home/clement.fournier/Wo
  [FAIL] red_64MB seed_3167  (used=512/1024 DPUs)
         id200/run/red_64MB/seed_3167/bin/red_64MB/red_0' is in fault
api:W:2026-07-13|12:21:13: DPU 11.1.3 '/home/clement.fournier/Work/cinm-mlir/.experiments/tags/prim_red_cinm2_hybrid200/run/red_64MB/seed_3167/bin/red_64MB/red_0' is in fault
api:W:2026-07-13|12:21:13: DPU 11.1.4 '/home/clement.fournier/Wo
  [FAIL] red_64MB seed_3260  (used=512/1024 DPUs)
         hybrid200/run/red_64MB/seed_3260/bin/red_64MB/red_0' is in fault
api:W:2026-07-13|12:21:13: DPU 0.1.3 '/home/clement.fournier/Work/cinm-mlir/.experiments/tags/prim_red_cinm2_hybrid200/run/red_64MB/seed_3260/bin/red_64MB/red_0' is in fault
api:W:2026-07-13|12:21:13: DPU 0.1.4 '/home/clement.fournier/
  [FAIL] red_64MB seed_3415  (used=512/1024 DPUs)
         id200/run/red_64MB/seed_3415/bin/red_64MB/red_0' is in fault
api:W:2026-07-13|12:21:14: DPU 12.1.3 '/home/clement.fournier/Work/cinm-mlir/.experiments/tags/prim_red_cinm2_hybrid200/run/red_64MB/seed_3415/bin/red_64MB/red_0' is in fault
api:W:2026-07-13|12:21:14: DPU 12.1.4 '/home/clement.fournier/Wo
  [OK] red_64MB seed_3446  (used=512/1024 DPUs)
  [OK] red_64MB seed_3384  (used=512/1024 DPUs)
  [FAIL] red_64MB seed_3322  (used=512/1024 DPUs)
         id200/run/red_64MB/seed_3322/bin/red_64MB/red_0' is in fault
api:W:2026-07-13|12:21:15: DPU 12.1.3 '/home/clement.fournier/Work/cinm-mlir/.experiments/tags/prim_red_cinm2_hybrid200/run/red_64MB/seed_3322/bin/red_64MB/red_0' is in fault
api:W:2026-07-13|12:21:15: DPU 12.1.4 '/home/clement.fournier/Wo
  [FAIL] red_64MB seed_346  (used=512/1024 DPUs)
         _hybrid200/run/red_64MB/seed_346/bin/red_64MB/red_0' is in fault
api:W:2026-07-13|12:21:15: DPU 14.1.3 '/home/clement.fournier/Work/cinm-mlir/.experiments/tags/prim_red_cinm2_hybrid200/run/red_64MB/seed_346/bin/red_64MB/red_0' is in fault
api:W:2026-07-13|12:21:15: DPU 14.1.4 '/home/clement.fournier
  [FAIL] red_64MB seed_3508  (used=512/1024 DPUs)
         id200/run/red_64MB/seed_3508/bin/red_64MB/red_0' is in fault
api:W:2026-07-13|12:21:16: DPU 11.1.3 '/home/clement.fournier/Work/cinm-mlir/.experiments/tags/prim_red_cinm2_hybrid200/run/red_64MB/seed_3508/bin/red_64MB/red_0' is in fault
api:W:2026-07-13|12:21:16: DPU 11.1.4 '/home/clement.fournier/Wo
  [FAIL] red_64MB seed_3601  (used=512/1024 DPUs)
         id200/run/red_64MB/seed_3601/bin/red_64MB/red_0' is in fault
api:W:2026-07-13|12:21:16: DPU 13.1.3 '/home/clement.fournier/Work/cinm-mlir/.experiments/tags/prim_red_cinm2_hybrid200/run/red_64MB/seed_3601/bin/red_64MB/red_0' is in fault
api:W:2026-07-13|12:21:16: DPU 13.1.4 '/home/clement.fournier/Wo
  [FAIL] red_64MB seed_3663  (used=512/1024 DPUs)
         hybrid200/run/red_64MB/seed_3663/bin/red_64MB/red_0' is in fault
api:W:2026-07-13|12:21:16: DPU 0.1.3 '/home/clement.fournier/Work/cinm-mlir/.experiments/tags/prim_red_cinm2_hybrid200/run/red_64MB/seed_3663/bin/red_64MB/red_0' is in fault
api:W:2026-07-13|12:21:16: DPU 0.1.4 '/home/clement.fournier/
  [FAIL] red_64MB seed_377  (used=512/1024 DPUs)
         _hybrid200/run/red_64MB/seed_377/bin/red_64MB/red_0' is in fault
api:W:2026-07-13|12:21:16: DPU 12.1.3 '/home/clement.fournier/Work/cinm-mlir/.experiments/tags/prim_red_cinm2_hybrid200/run/red_64MB/seed_377/bin/red_64MB/red_0' is in fault
api:W:2026-07-13|12:21:16: DPU 12.1.4 '/home/clement.fournier
  [OK] red_64MB seed_3787  (used=512/1024 DPUs)
  [OK] red_64MB seed_3942  (used=512/1024 DPUs)
  [FAIL] red_64MB seed_594  (used=512/1024 DPUs)
         _hybrid200/run/red_64MB/seed_594/bin/red_64MB/red_0' is in fault
api:W:2026-07-13|12:21:18: DPU 14.1.3 '/home/clement.fournier/Work/cinm-mlir/.experiments/tags/prim_red_cinm2_hybrid200/run/red_64MB/seed_594/bin/red_64MB/red_0' is in fault
api:W:2026-07-13|12:21:18: DPU 14.1.4 '/home/clement.fournier
  [FAIL] red_64MB seed_811  (used=512/1024 DPUs)
         _hybrid200/run/red_64MB/seed_811/bin/red_64MB/red_0' is in fault
api:W:2026-07-13|12:21:18: DPU 11.0.4 '/home/clement.fournier/Work/cinm-mlir/.experiments/tags/prim_red_cinm2_hybrid200/run/red_64MB/seed_811/bin/red_64MB/red_0' is in fault
api:W:2026-07-13|12:21:18: DPU 11.0.5 '/home/clement.fournier
  [FAIL] red_64MB seed_842  (used=512/1024 DPUs)
         _hybrid200/run/red_64MB/seed_842/bin/red_64MB/red_0' is in fault
api:W:2026-07-13|12:21:18: DPU 12.1.3 '/home/clement.fournier/Work/cinm-mlir/.experiments/tags/prim_red_cinm2_hybrid200/run/red_64MB/seed_842/bin/red_64MB/red_0' is in fault
api:W:2026-07-13|12:21:18: DPU 12.1.4 '/home/clement.fournier
  [FAIL] red_64MB seed_780  (used=512/1024 DPUs)
         _hybrid200/run/red_64MB/seed_780/bin/red_64MB/red_0' is in fault
api:W:2026-07-13|12:21:18: DPU 14.0.6 '/home/clement.fournier/Work/cinm-mlir/.experiments/tags/prim_red_cinm2_hybrid200/run/red_64MB/seed_780/bin/red_64MB/red_0' is in fault
api:W:2026-07-13|12:21:18: DPU 14.0.7 '/home/clement.fournier
  [FAIL] red_64MB seed_873  (used=512/1024 DPUs)
         _hybrid200/run/red_64MB/seed_873/bin/red_64MB/red_0' is in fault
api:W:2026-07-13|12:21:18: DPU 12.1.3 '/home/clement.fournier/Work/cinm-mlir/.experiments/tags/prim_red_cinm2_hybrid200/run/red_64MB/seed_873/bin/red_64MB/red_0' is in fault
api:W:2026-07-13|12:21:18: DPU 12.1.4 '/home/clement.fournier
  [FAIL] red_64MB seed_966  (used=512/1024 DPUs)
         _hybrid200/run/red_64MB/seed_966/bin/red_64MB/red_0' is in fault
api:W:2026-07-13|12:21:19: DPU 12.1.3 '/home/clement.fournier/Work/cinm-mlir/.experiments/tags/prim_red_cinm2_hybrid200/run/red_64MB/seed_966/bin/red_64MB/red_0' is in fault
api:W:2026-07-13|12:21:19: DPU 12.1.4 '/home/clement.fournier
  [FAIL] red_64MB seed_98  (used=0/1024 DPUs)
         cinm2_hybrid200/run/red_64MB/seed_98/bin/red_64MB/red_0' is in fault
api:W:2026-07-13|12:21:19: DPU 13.1.3 '/home/clement.fournier/Work/cinm-mlir/.experiments/tags/prim_red_cinm2_hybrid200/run/red_64MB/seed_98/bin/red_64MB/red_0' is in fault
api:W:2026-07-13|12:21:19: DPU 13.1.4 '/home/clement.fourn
  [OK] red_256MB seed_1369  (used=0/1024 DPUs)
  [OK] red_256MB seed_2392  (used=0/1024 DPUs)
  [OK] red_512MB seed_1028  (used=0/1024 DPUs)
  [OK] red_512MB seed_1276  (used=0/1024 DPUs)
  [OK] red_512MB seed_1369  (used=0/1024 DPUs)
  [FAIL] red_512MB seed_1090  (used=0/1024 DPUs)
         n/red_512MB/seed_1090/bin/red_512MB/red_0' is in fault
api:W:2026-07-13|12:21:49: DPU 11.1.3 '/home/clement.fournier/Work/cinm-mlir/.experiments/tags/prim_red_cinm2_hybrid200/run/red_512MB/seed_1090/bin/red_512MB/red_0' is in fault
api:W:2026-07-13|12:21:49: DPU 11.1.4 '/home/clement.fournier/Work/c
  [OK] red_512MB seed_1307  (used=0/1024 DPUs)
  [FAIL] red_512MB seed_1462  (used=0/1024 DPUs)
         red_512MB/seed_1462/bin/red_512MB/red_0' is in fault
api:W:2026-07-13|12:21:58: DPU 12.0.2 '/home/clement.fournier/Work/cinm-mlir/.experiments/tags/prim_red_cinm2_hybrid200/run/red_512MB/seed_1462/bin/red_512MB/red_0' is in fault
api:W:2026-07-13|12:21:58: DPU 12.0.3 '/home/clement.fournier/Work/cin
  [FAIL] red_512MB seed_1400  (used=0/1024 DPUs)
         red_512MB/seed_1400/bin/red_512MB/red_0' is in fault
api:W:2026-07-13|12:22:00: DPU 19.0.2 '/home/clement.fournier/Work/cinm-mlir/.experiments/tags/prim_red_cinm2_hybrid200/run/red_512MB/seed_1400/bin/red_512MB/red_0' is in fault
api:W:2026-07-13|12:22:00: DPU 19.0.3 '/home/clement.fournier/Work/cin
  [OK] red_512MB seed_1245  (used=0/1024 DPUs)
  [FAIL] red_512MB seed_2020  (used=0/1024 DPUs)
         run/red_512MB/seed_2020/bin/red_512MB/red_0' is in fault
api:W:2026-07-13|12:22:08: DPU 1.1.3 '/home/clement.fournier/Work/cinm-mlir/.experiments/tags/prim_red_cinm2_hybrid200/run/red_512MB/seed_2020/bin/red_512MB/red_0' is in fault
api:W:2026-07-13|12:22:08: DPU 1.1.4 '/home/clement.fournier/Work/c
  [OK] red_512MB seed_2051  (used=0/1024 DPUs)
  [FAIL] red_512MB seed_2361  (used=0/1024 DPUs)
         red_512MB/seed_2361/bin/red_512MB/red_0' is in fault
api:W:2026-07-13|12:22:17: DPU 15.1.1 '/home/clement.fournier/Work/cinm-mlir/.experiments/tags/prim_red_cinm2_hybrid200/run/red_512MB/seed_2361/bin/red_512MB/red_0' is in fault
api:W:2026-07-13|12:22:17: DPU 15.1.2 '/home/clement.fournier/Work/cin
  [FAIL] red_512MB seed_222  (used=0/1024 DPUs)
         /run/red_512MB/seed_222/bin/red_512MB/red_0' is in fault
api:W:2026-07-13|12:22:19: DPU 19.0.7 '/home/clement.fournier/Work/cinm-mlir/.experiments/tags/prim_red_cinm2_hybrid200/run/red_512MB/seed_222/bin/red_512MB/red_0' is in fault
api:W:2026-07-13|12:22:19: DPU 19.1.0 '/home/clement.fournier/Work/
  [OK] red_512MB seed_2144  (used=0/1024 DPUs)
  [OK] red_512MB seed_2268  (used=0/1024 DPUs)
  [OK] red_512MB seed_2516  (used=0/1024 DPUs)
  [OK] red_512MB seed_253  (used=0/1024 DPUs)
  [FAIL] red_512MB seed_315  (used=0/1024 DPUs)
         d200/run/red_512MB/seed_315/bin/red_512MB/red_0' is in fault
api:W:2026-07-13|12:22:48: DPU 1.1.1 '/home/clement.fournier/Work/cinm-mlir/.experiments/tags/prim_red_cinm2_hybrid200/run/red_512MB/seed_315/bin/red_512MB/red_0' is in fault
api:W:2026-07-13|12:22:48: DPU 1.1.2 '/home/clement.fournier/Wor
  [FAIL] red_512MB seed_3105  (used=0/1024 DPUs)
         red_512MB/seed_3105/bin/red_512MB/red_0' is in fault
api:W:2026-07-13|12:22:51: DPU 10.0.0 '/home/clement.fournier/Work/cinm-mlir/.experiments/tags/prim_red_cinm2_hybrid200/run/red_512MB/seed_3105/bin/red_512MB/red_0' is in fault
api:W:2026-07-13|12:22:51: DPU 10.0.1 '/home/clement.fournier/Work/cin
  [FAIL] red_512MB seed_3384  (used=0/1024 DPUs)
         red_512MB/seed_3384/bin/red_512MB/red_0' is in fault
api:W:2026-07-13|12:22:53: DPU 19.0.2 '/home/clement.fournier/Work/cinm-mlir/.experiments/tags/prim_red_cinm2_hybrid200/run/red_512MB/seed_3384/bin/red_512MB/red_0' is in fault
api:W:2026-07-13|12:22:53: DPU 19.0.3 '/home/clement.fournier/Work/cin
  [OK] red_512MB seed_3415  (used=0/1024 DPUs)
  [OK] red_512MB seed_3601  (used=0/1024 DPUs)
  [OK] red_512MB seed_3725  (used=0/1024 DPUs)
  [OK] red_512MB seed_3756  (used=0/1024 DPUs)
  [FAIL] red_512MB seed_4004  (used=0/1024 DPUs)
         red_512MB/seed_4004/bin/red_512MB/red_0' is in fault
api:W:2026-07-13|12:23:22: DPU 17.1.3 '/home/clement.fournier/Work/cinm-mlir/.experiments/tags/prim_red_cinm2_hybrid200/run/red_512MB/seed_4004/bin/red_512MB/red_0' is in fault
api:W:2026-07-13|12:23:22: DPU 17.1.4 '/home/clement.fournier/Work/cin
  [FAIL] red_512MB seed_3911  (used=0/1024 DPUs)
         red_512MB/seed_3911/bin/red_512MB/red_0' is in fault
api:W:2026-07-13|12:23:24: DPU 14.0.4 '/home/clement.fournier/Work/cinm-mlir/.experiments/tags/prim_red_cinm2_hybrid200/run/red_512MB/seed_3911/bin/red_512MB/red_0' is in fault
api:W:2026-07-13|12:23:24: DPU 14.0.5 '/home/clement.fournier/Work/cin
  [FAIL] red_512MB seed_532  (used=0/1024 DPUs)
         /run/red_512MB/seed_532/bin/red_512MB/red_0' is in fault
api:W:2026-07-13|12:23:26: DPU 20.0.3 '/home/clement.fournier/Work/cinm-mlir/.experiments/tags/prim_red_cinm2_hybrid200/run/red_512MB/seed_532/bin/red_512MB/red_0' is in fault
api:W:2026-07-13|12:23:26: DPU 20.0.4 '/home/clement.fournier/Work/
  [FAIL] red_512MB seed_625  (used=0/1024 DPUs)
         /run/red_512MB/seed_625/bin/red_512MB/red_0' is in fault
api:W:2026-07-13|12:23:28: DPU 21.0.5 '/home/clement.fournier/Work/cinm-mlir/.experiments/tags/prim_red_cinm2_hybrid200/run/red_512MB/seed_625/bin/red_512MB/red_0' is in fault
api:W:2026-07-13|12:23:28: DPU 21.0.6 '/home/clement.fournier/Work/
  [FAIL] red_512MB seed_687  (used=0/1024 DPUs)
         /run/red_512MB/seed_687/bin/red_512MB/red_0' is in fault
api:W:2026-07-13|12:23:30: DPU 19.0.1 '/home/clement.fournier/Work/cinm-mlir/.experiments/tags/prim_red_cinm2_hybrid200/run/red_512MB/seed_687/bin/red_512MB/red_0' is in fault
api:W:2026-07-13|12:23:30: DPU 19.0.2 '/home/clement.fournier/Work/
  [OK] red_512MB seed_935  (used=0/1024 DPUs)
  [FAIL] red_512MB seed_904  (used=0/1024 DPUs)
         /run/red_512MB/seed_904/bin/red_512MB/red_0' is in fault
api:W:2026-07-13|12:23:39: DPU 17.1.3 '/home/clement.fournier/Work/cinm-mlir/.experiments/tags/prim_red_cinm2_hybrid200/run/red_512MB/seed_904/bin/red_512MB/red_0' is in fault
api:W:2026-07-13|12:23:39: DPU 17.1.4 '/home/clement.fournier/Work/
  [OK] red_64MB seed_1028  (used=0/1024 DPUs)
  [OK] red_512MB seed_997  (used=0/1024 DPUs)
  [OK] red_64MB seed_1152  (used=0/1024 DPUs)
  [OK] red_64MB seed_2857  (used=0/1024 DPUs)
  [OK] red_64MB seed_3043  (used=0/1024 DPUs)
  [OK] red_64MB seed_3136  (used=0/1024 DPUs)
  [OK] red_64MB seed_3911  (used=0/1024 DPUs)
  [OK] red_64MB seed_625  (used=0/1024 DPUs)
  [OK] red_64MB seed_997  (used=0/1024 DPUs)
  WARNING: red_512MB seed_2082 needs 2048 DPUs > cap 1024, running alone
  [FAIL] red_512MB seed_2082  (used=0/1024 DPUs)
         red_512MB/seed_2082/bin/red_512MB/red_0' is in fault
api:W:2026-07-13|12:24:00: DPU 30.1.2 '/home/clement.fournier/Work/cinm-mlir/.experiments/tags/prim_red_cinm2_hybrid200/run/red_512MB/seed_2082/bin/red_512MB/red_0' is in fault
api:W:2026-07-13|12:24:00: DPU 30.1.3 '/home/clement.fournier/Work/cin
  WARNING: red_512MB seed_377 needs 2048 DPUs > cap 1024, running alone
  [FAIL] red_512MB seed_377  (used=0/1024 DPUs)
         /run/red_512MB/seed_377/bin/red_512MB/red_0' is in fault
api:W:2026-07-13|12:24:02: DPU 27.1.1 '/home/clement.fournier/Work/cinm-mlir/.experiments/tags/prim_red_cinm2_hybrid200/run/red_512MB/seed_377/bin/red_512MB/red_0' is in fault
api:W:2026-07-13|12:24:02: DPU 27.1.2 '/home/clement.fournier/Work/


Done.
exp run +prim_red_cinm2_hybrid200 python /home/clement.fournier/Work/cinm-mlir/experiments/upmemcm/reduce_cost/aggregate.py \
	--run-dir @run --out @+aggregated
  alloc          3,690 rows  →  ../../.experiments/tags/prim_red_cinm2_hybrid200/aggregated/alloc.csv
  free           3,690 rows  →  ../../.experiments/tags/prim_red_cinm2_hybrid200/aggregated/free.csv
  gather         3,690 rows  →  ../../.experiments/tags/prim_red_cinm2_hybrid200/aggregated/gather.csv
  launch         3,690 rows  →  ../../.experiments/tags/prim_red_cinm2_hybrid200/aggregated/launch.csv
  scatter        7,380 rows  →  ../../.experiments/tags/prim_red_cinm2_hybrid200/aggregated/scatter.csv
  total          3,690 rows  →  ../../.experiments/tags/prim_red_cinm2_hybrid200/aggregated/total.csv

369 configs aggregated into 6 file(s).
exp run +prim_red_cinm2_hybrid400 python /home/clement.fournier/Work/cinm-mlir/experiments/paperplots/run_best_configs.py --workers 32 --iters 10 \
	--in-dir @results --run-dir @+run --src /home/clement.fournier/Work/cinm-mlir/experiments/prim_red.mlir
Split prim_red.mlir → ['red_4MB', 'red_64MB', 'red_256MB', 'red_512MB']

Total: 512 (function, seed) pairs

Compiling with 32 workers...
  [FAIL] red_256MB seed_1896
         make failed:
ld.lld: error: section '.data' will not fit in region 'wram': overflowed by 144 bytes
ld.lld: error: section '.data' will not fit in region 'wram': overflowed by 148 bytes
ld.lld: error: section '.data' will not fit in region 'wram': overflowed by 172 bytes
ld.lld: error: section '.data' will not fit in region 'wram': overflowed by 176 bytes
ld.lld: error: section '.data.__sys_host' will not fit in region 'wram': overflowed by 176 bytes
ld.lld: error: section '.data.__sys_host' will not fit in region 'wram': overflowed by 176 bytes
ld.lld: error: section '.data.__sys_host' will not fit in region 'wram': overflowed by 188 bytes
ld.lld: error: section '.data.__sys_profiling' will not fit in region 'wram': overflowed by 188 bytes
ld.lld: error: section '.data.__sys_profiling' will not fit in region 'wram': overflowed by 188 bytes
ld.lld: error: section '.data.stacks' will not fit in region 'wram': overflowed by 188 bytes
ld.lld: error: section '.data.stacks' will not fit in region 'wram': overflowed by 188 bytes
ld.lld: error: section '.data.stacks' will not fit in region 'wram': overflowed by 188 bytes
ld.lld: error: section '.data.stacks' will not fit in region 'wram': overflowed by 188 bytes
ld.lld: error: section '.data.stacks' will not fit in region 'wram': overflowed by 188 bytes
ld.lld: error: section '.data.stacks' will not fit in region 'wram': overflowed by 188 bytes
ld.lld: error: section '.data.stacks' will not fit in region 'wram': overflowed by 188 bytes
ld.lld: error: section '.data.stacks' will not fit in region 'wram': overflowed by 188 bytes
ld.lld: error: section '.data.stacks' will not fit in region 'wram': overflowed by 188 bytes
ld.lld: error: section '.data.stacks' will not fit in region 'wram': overflowed by 188 bytes
ld.lld: error: section '.data.stacks' will not fit in region 'wram': overflowed by 188 bytes
ld.lld: error: too many errors emitted, stopping now (use -error-limit=0 to see all errors)
clang-12: error: ld.lld command failed with exit code 1 (use -v to see invocation)
make[1]: *** [Makefile:58: /home/clement.fournier/Work/cinm-mlir/.experiments/tags/prim_red_cinm2_hybrid400/run/red_256MB/seed_1896/bin/red_256MB] Error 1

  [FAIL] red_256MB seed_1493
         make failed:
ld.lld: error: section '.data' will not fit in region 'wram': overflowed by 144 bytes
ld.lld: error: section '.data' will not fit in region 'wram': overflowed by 148 bytes
ld.lld: error: section '.data' will not fit in region 'wram': overflowed by 172 bytes
ld.lld: error: section '.data' will not fit in region 'wram': overflowed by 176 bytes
ld.lld: error: section '.data.__sys_host' will not fit in region 'wram': overflowed by 176 bytes
ld.lld: error: section '.data.__sys_host' will not fit in region 'wram': overflowed by 176 bytes
ld.lld: error: section '.data.__sys_host' will not fit in region 'wram': overflowed by 188 bytes
ld.lld: error: section '.data.__sys_profiling' will not fit in region 'wram': overflowed by 188 bytes
ld.lld: error: section '.data.__sys_profiling' will not fit in region 'wram': overflowed by 188 bytes
ld.lld: error: section '.data.stacks' will not fit in region 'wram': overflowed by 188 bytes
ld.lld: error: section '.data.stacks' will not fit in region 'wram': overflowed by 188 bytes
ld.lld: error: section '.data.stacks' will not fit in region 'wram': overflowed by 188 bytes
ld.lld: error: section '.data.stacks' will not fit in region 'wram': overflowed by 188 bytes
ld.lld: error: section '.data.stacks' will not fit in region 'wram': overflowed by 188 bytes
ld.lld: error: section '.data.stacks' will not fit in region 'wram': overflowed by 188 bytes
ld.lld: error: section '.data.stacks' will not fit in region 'wram': overflowed by 188 bytes
ld.lld: error: section '.data.stacks' will not fit in region 'wram': overflowed by 188 bytes
ld.lld: error: section '.data.stacks' will not fit in region 'wram': overflowed by 188 bytes
ld.lld: error: section '.data.stacks' will not fit in region 'wram': overflowed by 188 bytes
ld.lld: error: section '.data.stacks' will not fit in region 'wram': overflowed by 188 bytes
ld.lld: error: too many errors emitted, stopping now (use -error-limit=0 to see all errors)
clang-12: error: ld.lld command failed with exit code 1 (use -v to see invocation)
make[1]: *** [Makefile:58: /home/clement.fournier/Work/cinm-mlir/.experiments/tags/prim_red_cinm2_hybrid400/run/red_256MB/seed_1493/bin/red_256MB] Error 1

  [FAIL] red_256MB seed_1338
         make failed:
ld.lld: error: section '.data' will not fit in region 'wram': overflowed by 144 bytes
ld.lld: error: section '.data' will not fit in region 'wram': overflowed by 148 bytes
ld.lld: error: section '.data' will not fit in region 'wram': overflowed by 172 bytes
ld.lld: error: section '.data' will not fit in region 'wram': overflowed by 176 bytes
ld.lld: error: section '.data.__sys_host' will not fit in region 'wram': overflowed by 176 bytes
ld.lld: error: section '.data.__sys_host' will not fit in region 'wram': overflowed by 176 bytes
ld.lld: error: section '.data.__sys_host' will not fit in region 'wram': overflowed by 188 bytes
ld.lld: error: section '.data.__sys_profiling' will not fit in region 'wram': overflowed by 188 bytes
ld.lld: error: section '.data.__sys_profiling' will not fit in region 'wram': overflowed by 188 bytes
ld.lld: error: section '.data.stacks' will not fit in region 'wram': overflowed by 188 bytes
ld.lld: error: section '.data.stacks' will not fit in region 'wram': overflowed by 188 bytes
ld.lld: error: section '.data.stacks' will not fit in region 'wram': overflowed by 188 bytes
ld.lld: error: section '.data.stacks' will not fit in region 'wram': overflowed by 188 bytes
ld.lld: error: section '.data.stacks' will not fit in region 'wram': overflowed by 188 bytes
ld.lld: error: section '.data.stacks' will not fit in region 'wram': overflowed by 188 bytes
ld.lld: error: section '.data.stacks' will not fit in region 'wram': overflowed by 188 bytes
ld.lld: error: section '.data.stacks' will not fit in region 'wram': overflowed by 188 bytes
ld.lld: error: section '.data.stacks' will not fit in region 'wram': overflowed by 188 bytes
ld.lld: error: section '.data.stacks' will not fit in region 'wram': overflowed by 188 bytes
ld.lld: error: section '.data.stacks' will not fit in region 'wram': overflowed by 188 bytes
ld.lld: error: too many errors emitted, stopping now (use -error-limit=0 to see all errors)
clang-12: error: ld.lld command failed with exit code 1 (use -v to see invocation)
make[1]: *** [Makefile:58: /home/clement.fournier/Work/cinm-mlir/.experiments/tags/prim_red_cinm2_hybrid400/run/red_256MB/seed_1338/bin/red_256MB] Error 1

  [FAIL] red_256MB seed_1679
         make failed:
ld.lld: error: section '.data' will not fit in region 'wram': overflowed by 144 bytes
ld.lld: error: section '.data' will not fit in region 'wram': overflowed by 148 bytes
ld.lld: error: section '.data' will not fit in region 'wram': overflowed by 172 bytes
ld.lld: error: section '.data' will not fit in region 'wram': overflowed by 176 bytes
ld.lld: error: section '.data.__sys_host' will not fit in region 'wram': overflowed by 176 bytes
ld.lld: error: section '.data.__sys_host' will not fit in region 'wram': overflowed by 176 bytes
ld.lld: error: section '.data.__sys_host' will not fit in region 'wram': overflowed by 188 bytes
ld.lld: error: section '.data.__sys_profiling' will not fit in region 'wram': overflowed by 188 bytes
ld.lld: error: section '.data.__sys_profiling' will not fit in region 'wram': overflowed by 188 bytes
ld.lld: error: section '.data.stacks' will not fit in region 'wram': overflowed by 188 bytes
ld.lld: error: section '.data.stacks' will not fit in region 'wram': overflowed by 188 bytes
ld.lld: error: section '.data.stacks' will not fit in region 'wram': overflowed by 188 bytes
ld.lld: error: section '.data.stacks' will not fit in region 'wram': overflowed by 188 bytes
ld.lld: error: section '.data.stacks' will not fit in region 'wram': overflowed by 188 bytes
ld.lld: error: section '.data.stacks' will not fit in region 'wram': overflowed by 188 bytes
ld.lld: error: section '.data.stacks' will not fit in region 'wram': overflowed by 188 bytes
ld.lld: error: section '.data.stacks' will not fit in region 'wram': overflowed by 188 bytes
ld.lld: error: section '.data.stacks' will not fit in region 'wram': overflowed by 188 bytes
ld.lld: error: section '.data.stacks' will not fit in region 'wram': overflowed by 188 bytes
ld.lld: error: section '.data.stacks' will not fit in region 'wram': overflowed by 188 bytes
ld.lld: error: too many errors emitted, stopping now (use -error-limit=0 to see all errors)
clang-12: error: ld.lld command failed with exit code 1 (use -v to see invocation)
make[1]: *** [Makefile:58: /home/clement.fournier/Work/cinm-mlir/.experiments/tags/prim_red_cinm2_hybrid400/run/red_256MB/seed_1679/bin/red_256MB] Error 1

  [FAIL] red_256MB seed_1307
         make failed:
ld.lld: error: section '.data' will not fit in region 'wram': overflowed by 144 bytes
ld.lld: error: section '.data' will not fit in region 'wram': overflowed by 148 bytes
ld.lld: error: section '.data' will not fit in region 'wram': overflowed by 172 bytes
ld.lld: error: section '.data' will not fit in region 'wram': overflowed by 176 bytes
ld.lld: error: section '.data.__sys_host' will not fit in region 'wram': overflowed by 176 bytes
ld.lld: error: section '.data.__sys_host' will not fit in region 'wram': overflowed by 176 bytes
ld.lld: error: section '.data.__sys_host' will not fit in region 'wram': overflowed by 188 bytes
ld.lld: error: section '.data.__sys_profiling' will not fit in region 'wram': overflowed by 188 bytes
ld.lld: error: section '.data.__sys_profiling' will not fit in region 'wram': overflowed by 188 bytes
ld.lld: error: section '.data.stacks' will not fit in region 'wram': overflowed by 188 bytes
ld.lld: error: section '.data.stacks' will not fit in region 'wram': overflowed by 188 bytes
ld.lld: error: section '.data.stacks' will not fit in region 'wram': overflowed by 188 bytes
ld.lld: error: section '.data.stacks' will not fit in region 'wram': overflowed by 188 bytes
ld.lld: error: section '.data.stacks' will not fit in region 'wram': overflowed by 188 bytes
ld.lld: error: section '.data.stacks' will not fit in region 'wram': overflowed by 188 bytes
ld.lld: error: section '.data.stacks' will not fit in region 'wram': overflowed by 188 bytes
ld.lld: error: section '.data.stacks' will not fit in region 'wram': overflowed by 188 bytes
ld.lld: error: section '.data.stacks' will not fit in region 'wram': overflowed by 188 bytes
ld.lld: error: section '.data.stacks' will not fit in region 'wram': overflowed by 188 bytes
ld.lld: error: section '.data.stacks' will not fit in region 'wram': overflowed by 188 bytes
ld.lld: error: too many errors emitted, stopping now (use -error-limit=0 to see all errors)
clang-12: error: ld.lld command failed with exit code 1 (use -v to see invocation)
make[1]: *** [Makefile:58: /home/clement.fournier/Work/cinm-mlir/.experiments/tags/prim_red_cinm2_hybrid400/run/red_256MB/seed_1307/bin/red_256MB] Error 1

  [FAIL] red_256MB seed_1617
         make failed:
ld.lld: error: section '.data' will not fit in region 'wram': overflowed by 144 bytes
ld.lld: error: section '.data' will not fit in region 'wram': overflowed by 148 bytes
ld.lld: error: section '.data' will not fit in region 'wram': overflowed by 172 bytes
ld.lld: error: section '.data' will not fit in region 'wram': overflowed by 176 bytes
ld.lld: error: section '.data.__sys_host' will not fit in region 'wram': overflowed by 176 bytes
ld.lld: error: section '.data.__sys_host' will not fit in region 'wram': overflowed by 176 bytes
ld.lld: error: section '.data.__sys_host' will not fit in region 'wram': overflowed by 188 bytes
ld.lld: error: section '.data.__sys_profiling' will not fit in region 'wram': overflowed by 188 bytes
ld.lld: error: section '.data.__sys_profiling' will not fit in region 'wram': overflowed by 188 bytes
ld.lld: error: section '.data.stacks' will not fit in region 'wram': overflowed by 188 bytes
ld.lld: error: section '.data.stacks' will not fit in region 'wram': overflowed by 188 bytes
ld.lld: error: section '.data.stacks' will not fit in region 'wram': overflowed by 188 bytes
ld.lld: error: section '.data.stacks' will not fit in region 'wram': overflowed by 188 bytes
ld.lld: error: section '.data.stacks' will not fit in region 'wram': overflowed by 188 bytes
ld.lld: error: section '.data.stacks' will not fit in region 'wram': overflowed by 188 bytes
ld.lld: error: section '.data.stacks' will not fit in region 'wram': overflowed by 188 bytes
ld.lld: error: section '.data.stacks' will not fit in region 'wram': overflowed by 188 bytes
ld.lld: error: section '.data.stacks' will not fit in region 'wram': overflowed by 188 bytes
ld.lld: error: section '.data.stacks' will not fit in region 'wram': overflowed by 188 bytes
ld.lld: error: section '.data.stacks' will not fit in region 'wram': overflowed by 188 bytes
ld.lld: error: too many errors emitted, stopping now (use -error-limit=0 to see all errors)
clang-12: error: ld.lld command failed with exit code 1 (use -v to see invocation)
make[1]: *** [Makefile:58: /home/clement.fournier/Work/cinm-mlir/.experiments/tags/prim_red_cinm2_hybrid400/run/red_256MB/seed_1617/bin/red_256MB] Error 1

  [FAIL] red_256MB seed_1586
         make failed:
ld.lld: error: section '.data' will not fit in region 'wram': overflowed by 144 bytes
ld.lld: error: section '.data' will not fit in region 'wram': overflowed by 148 bytes
ld.lld: error: section '.data' will not fit in region 'wram': overflowed by 172 bytes
ld.lld: error: section '.data' will not fit in region 'wram': overflowed by 176 bytes
ld.lld: error: section '.data.__sys_host' will not fit in region 'wram': overflowed by 176 bytes
ld.lld: error: section '.data.__sys_host' will not fit in region 'wram': overflowed by 176 bytes
ld.lld: error: section '.data.__sys_host' will not fit in region 'wram': overflowed by 188 bytes
ld.lld: error: section '.data.__sys_profiling' will not fit in region 'wram': overflowed by 188 bytes
ld.lld: error: section '.data.__sys_profiling' will not fit in region 'wram': overflowed by 188 bytes
ld.lld: error: section '.data.stacks' will not fit in region 'wram': overflowed by 188 bytes
ld.lld: error: section '.data.stacks' will not fit in region 'wram': overflowed by 188 bytes
ld.lld: error: section '.data.stacks' will not fit in region 'wram': overflowed by 188 bytes
ld.lld: error: section '.data.stacks' will not fit in region 'wram': overflowed by 188 bytes
ld.lld: error: section '.data.stacks' will not fit in region 'wram': overflowed by 188 bytes
ld.lld: error: section '.data.stacks' will not fit in region 'wram': overflowed by 188 bytes
ld.lld: error: section '.data.stacks' will not fit in region 'wram': overflowed by 188 bytes
ld.lld: error: section '.data.stacks' will not fit in region 'wram': overflowed by 188 bytes
ld.lld: error: section '.data.stacks' will not fit in region 'wram': overflowed by 188 bytes
ld.lld: error: section '.data.stacks' will not fit in region 'wram': overflowed by 188 bytes
ld.lld: error: section '.data.stacks' will not fit in region 'wram': overflowed by 188 bytes
ld.lld: error: too many errors emitted, stopping now (use -error-limit=0 to see all errors)
clang-12: error: ld.lld command failed with exit code 1 (use -v to see invocation)
make[1]: *** [Makefile:58: /home/clement.fournier/Work/cinm-mlir/.experiments/tags/prim_red_cinm2_hybrid400/run/red_256MB/seed_1586/bin/red_256MB] Error 1

  [FAIL] red_256MB seed_1834
         make failed:
ld.lld: error: section '.data' will not fit in region 'wram': overflowed by 144 bytes
ld.lld: error: section '.data' will not fit in region 'wram': overflowed by 148 bytes
ld.lld: error: section '.data' will not fit in region 'wram': overflowed by 172 bytes
ld.lld: error: section '.data' will not fit in region 'wram': overflowed by 176 bytes
ld.lld: error: section '.data.__sys_host' will not fit in region 'wram': overflowed by 176 bytes
ld.lld: error: section '.data.__sys_host' will not fit in region 'wram': overflowed by 176 bytes
ld.lld: error: section '.data.__sys_host' will not fit in region 'wram': overflowed by 188 bytes
ld.lld: error: section '.data.__sys_profiling' will not fit in region 'wram': overflowed by 188 bytes
ld.lld: error: section '.data.__sys_profiling' will not fit in region 'wram': overflowed by 188 bytes
ld.lld: error: section '.data.stacks' will not fit in region 'wram': overflowed by 188 bytes
ld.lld: error: section '.data.stacks' will not fit in region 'wram': overflowed by 188 bytes
ld.lld: error: section '.data.stacks' will not fit in region 'wram': overflowed by 188 bytes
ld.lld: error: section '.data.stacks' will not fit in region 'wram': overflowed by 188 bytes
ld.lld: error: section '.data.stacks' will not fit in region 'wram': overflowed by 188 bytes
ld.lld: error: section '.data.stacks' will not fit in region 'wram': overflowed by 188 bytes
ld.lld: error: section '.data.stacks' will not fit in region 'wram': overflowed by 188 bytes
ld.lld: error: section '.data.stacks' will not fit in region 'wram': overflowed by 188 bytes
ld.lld: error: section '.data.stacks' will not fit in region 'wram': overflowed by 188 bytes
ld.lld: error: section '.data.stacks' will not fit in region 'wram': overflowed by 188 bytes
ld.lld: error: section '.data.stacks' will not fit in region 'wram': overflowed by 188 bytes
ld.lld: error: too many errors emitted, stopping now (use -error-limit=0 to see all errors)
clang-12: error: ld.lld command failed with exit code 1 (use -v to see invocation)
make[1]: *** [Makefile:58: /home/clement.fournier/Work/cinm-mlir/.experiments/tags/prim_red_cinm2_hybrid400/run/red_256MB/seed_1834/bin/red_256MB] Error 1

  [FAIL] red_256MB seed_1803
         make failed:
ld.lld: error: section '.data' will not fit in region 'wram': overflowed by 144 bytes
ld.lld: error: section '.data' will not fit in region 'wram': overflowed by 148 bytes
ld.lld: error: section '.data' will not fit in region 'wram': overflowed by 172 bytes
ld.lld: error: section '.data' will not fit in region 'wram': overflowed by 176 bytes
ld.lld: error: section '.data.__sys_host' will not fit in region 'wram': overflowed by 176 bytes
ld.lld: error: section '.data.__sys_host' will not fit in region 'wram': overflowed by 176 bytes
ld.lld: error: section '.data.__sys_host' will not fit in region 'wram': overflowed by 188 bytes
ld.lld: error: section '.data.__sys_profiling' will not fit in region 'wram': overflowed by 188 bytes
ld.lld: error: section '.data.__sys_profiling' will not fit in region 'wram': overflowed by 188 bytes
ld.lld: error: section '.data.stacks' will not fit in region 'wram': overflowed by 188 bytes
ld.lld: error: section '.data.stacks' will not fit in region 'wram': overflowed by 188 bytes
ld.lld: error: section '.data.stacks' will not fit in region 'wram': overflowed by 188 bytes
ld.lld: error: section '.data.stacks' will not fit in region 'wram': overflowed by 188 bytes
ld.lld: error: section '.data.stacks' will not fit in region 'wram': overflowed by 188 bytes
ld.lld: error: section '.data.stacks' will not fit in region 'wram': overflowed by 188 bytes
ld.lld: error: section '.data.stacks' will not fit in region 'wram': overflowed by 188 bytes
ld.lld: error: section '.data.stacks' will not fit in region 'wram': overflowed by 188 bytes
ld.lld: error: section '.data.stacks' will not fit in region 'wram': overflowed by 188 bytes
ld.lld: error: section '.data.stacks' will not fit in region 'wram': overflowed by 188 bytes
ld.lld: error: section '.data.stacks' will not fit in region 'wram': overflowed by 188 bytes
ld.lld: error: too many errors emitted, stopping now (use -error-limit=0 to see all errors)
clang-12: error: ld.lld command failed with exit code 1 (use -v to see invocation)
make[1]: *** [Makefile:58: /home/clement.fournier/Work/cinm-mlir/.experiments/tags/prim_red_cinm2_hybrid400/run/red_256MB/seed_1803/bin/red_256MB] Error 1

  [FAIL] red_256MB seed_1741
         make failed:
ld.lld: error: section '.data' will not fit in region 'wram': overflowed by 144 bytes
ld.lld: error: section '.data' will not fit in region 'wram': overflowed by 148 bytes
ld.lld: error: section '.data' will not fit in region 'wram': overflowed by 172 bytes
ld.lld: error: section '.data' will not fit in region 'wram': overflowed by 176 bytes
ld.lld: error: section '.data.__sys_host' will not fit in region 'wram': overflowed by 176 bytes
ld.lld: error: section '.data.__sys_host' will not fit in region 'wram': overflowed by 176 bytes
ld.lld: error: section '.data.__sys_host' will not fit in region 'wram': overflowed by 188 bytes
ld.lld: error: section '.data.__sys_profiling' will not fit in region 'wram': overflowed by 188 bytes
ld.lld: error: section '.data.__sys_profiling' will not fit in region 'wram': overflowed by 188 bytes
ld.lld: error: section '.data.stacks' will not fit in region 'wram': overflowed by 188 bytes
ld.lld: error: section '.data.stacks' will not fit in region 'wram': overflowed by 188 bytes
ld.lld: error: section '.data.stacks' will not fit in region 'wram': overflowed by 188 bytes
ld.lld: error: section '.data.stacks' will not fit in region 'wram': overflowed by 188 bytes
ld.lld: error: section '.data.stacks' will not fit in region 'wram': overflowed by 188 bytes
ld.lld: error: section '.data.stacks' will not fit in region 'wram': overflowed by 188 bytes
ld.lld: error: section '.data.stacks' will not fit in region 'wram': overflowed by 188 bytes
ld.lld: error: section '.data.stacks' will not fit in region 'wram': overflowed by 188 bytes
ld.lld: error: section '.data.stacks' will not fit in region 'wram': overflowed by 188 bytes
ld.lld: error: section '.data.stacks' will not fit in region 'wram': overflowed by 188 bytes
ld.lld: error: section '.data.stacks' will not fit in region 'wram': overflowed by 188 bytes
ld.lld: error: too many errors emitted, stopping now (use -error-limit=0 to see all errors)
clang-12: error: ld.lld command failed with exit code 1 (use -v to see invocation)
make[1]: *** [Makefile:58: /home/clement.fournier/Work/cinm-mlir/.experiments/tags/prim_red_cinm2_hybrid400/run/red_256MB/seed_1741/bin/red_256MB] Error 1

  [FAIL] red_256MB seed_1555
         make failed:
ld.lld: error: section '.data' will not fit in region 'wram': overflowed by 144 bytes
ld.lld: error: section '.data' will not fit in region 'wram': overflowed by 148 bytes
ld.lld: error: section '.data' will not fit in region 'wram': overflowed by 172 bytes
ld.lld: error: section '.data' will not fit in region 'wram': overflowed by 176 bytes
ld.lld: error: section '.data.__sys_host' will not fit in region 'wram': overflowed by 176 bytes
ld.lld: error: section '.data.__sys_host' will not fit in region 'wram': overflowed by 176 bytes
ld.lld: error: section '.data.__sys_host' will not fit in region 'wram': overflowed by 188 bytes
ld.lld: error: section '.data.__sys_profiling' will not fit in region 'wram': overflowed by 188 bytes
ld.lld: error: section '.data.__sys_profiling' will not fit in region 'wram': overflowed by 188 bytes
ld.lld: error: section '.data.stacks' will not fit in region 'wram': overflowed by 188 bytes
ld.lld: error: section '.data.stacks' will not fit in region 'wram': overflowed by 188 bytes
ld.lld: error: section '.data.stacks' will not fit in region 'wram': overflowed by 188 bytes
ld.lld: error: section '.data.stacks' will not fit in region 'wram': overflowed by 188 bytes
ld.lld: error: section '.data.stacks' will not fit in region 'wram': overflowed by 188 bytes
ld.lld: error: section '.data.stacks' will not fit in region 'wram': overflowed by 188 bytes
ld.lld: error: section '.data.stacks' will not fit in region 'wram': overflowed by 188 bytes
ld.lld: error: section '.data.stacks' will not fit in region 'wram': overflowed by 188 bytes
ld.lld: error: section '.data.stacks' will not fit in region 'wram': overflowed by 188 bytes
ld.lld: error: section '.data.stacks' will not fit in region 'wram': overflowed by 188 bytes
ld.lld: error: section '.data.stacks' will not fit in region 'wram': overflowed by 188 bytes
ld.lld: error: too many errors emitted, stopping now (use -error-limit=0 to see all errors)
clang-12: error: ld.lld command failed with exit code 1 (use -v to see invocation)
make[1]: *** [Makefile:58: /home/clement.fournier/Work/cinm-mlir/.experiments/tags/prim_red_cinm2_hybrid400/run/red_256MB/seed_1555/bin/red_256MB] Error 1

  [FAIL] red_256MB seed_1183
         make failed:
ld.lld: error: section '.data' will not fit in region 'wram': overflowed by 144 bytes
ld.lld: error: section '.data' will not fit in region 'wram': overflowed by 148 bytes
ld.lld: error: section '.data' will not fit in region 'wram': overflowed by 172 bytes
ld.lld: error: section '.data' will not fit in region 'wram': overflowed by 176 bytes
ld.lld: error: section '.data.__sys_host' will not fit in region 'wram': overflowed by 176 bytes
ld.lld: error: section '.data.__sys_host' will not fit in region 'wram': overflowed by 176 bytes
ld.lld: error: section '.data.__sys_host' will not fit in region 'wram': overflowed by 188 bytes
ld.lld: error: section '.data.__sys_profiling' will not fit in region 'wram': overflowed by 188 bytes
ld.lld: error: section '.data.__sys_profiling' will not fit in region 'wram': overflowed by 188 bytes
ld.lld: error: section '.data.stacks' will not fit in region 'wram': overflowed by 188 bytes
ld.lld: error: section '.data.stacks' will not fit in region 'wram': overflowed by 188 bytes
ld.lld: error: section '.data.stacks' will not fit in region 'wram': overflowed by 188 bytes
ld.lld: error: section '.data.stacks' will not fit in region 'wram': overflowed by 188 bytes
ld.lld: error: section '.data.stacks' will not fit in region 'wram': overflowed by 188 bytes
ld.lld: error: section '.data.stacks' will not fit in region 'wram': overflowed by 188 bytes
ld.lld: error: section '.data.stacks' will not fit in region 'wram': overflowed by 188 bytes
ld.lld: error: section '.data.stacks' will not fit in region 'wram': overflowed by 188 bytes
ld.lld: error: section '.data.stacks' will not fit in region 'wram': overflowed by 188 bytes
ld.lld: error: section '.data.stacks' will not fit in region 'wram': overflowed by 188 bytes
ld.lld: error: section '.data.stacks' will not fit in region 'wram': overflowed by 188 bytes
ld.lld: error: too many errors emitted, stopping now (use -error-limit=0 to see all errors)
clang-12: error: ld.lld command failed with exit code 1 (use -v to see invocation)
make[1]: *** [Makefile:58: /home/clement.fournier/Work/cinm-mlir/.experiments/tags/prim_red_cinm2_hybrid400/run/red_256MB/seed_1183/bin/red_256MB] Error 1

  [FAIL] red_256MB seed_1710
         make failed:
ld.lld: error: section '.data' will not fit in region 'wram': overflowed by 144 bytes
ld.lld: error: section '.data' will not fit in region 'wram': overflowed by 148 bytes
ld.lld: error: section '.data' will not fit in region 'wram': overflowed by 172 bytes
ld.lld: error: section '.data' will not fit in region 'wram': overflowed by 176 bytes
ld.lld: error: section '.data.__sys_host' will not fit in region 'wram': overflowed by 176 bytes
ld.lld: error: section '.data.__sys_host' will not fit in region 'wram': overflowed by 176 bytes
ld.lld: error: section '.data.__sys_host' will not fit in region 'wram': overflowed by 188 bytes
ld.lld: error: section '.data.__sys_profiling' will not fit in region 'wram': overflowed by 188 bytes
ld.lld: error: section '.data.__sys_profiling' will not fit in region 'wram': overflowed by 188 bytes
ld.lld: error: section '.data.stacks' will not fit in region 'wram': overflowed by 188 bytes
ld.lld: error: section '.data.stacks' will not fit in region 'wram': overflowed by 188 bytes
ld.lld: error: section '.data.stacks' will not fit in region 'wram': overflowed by 188 bytes
ld.lld: error: section '.data.stacks' will not fit in region 'wram': overflowed by 188 bytes
ld.lld: error: section '.data.stacks' will not fit in region 'wram': overflowed by 188 bytes
ld.lld: error: section '.data.stacks' will not fit in region 'wram': overflowed by 188 bytes
ld.lld: error: section '.data.stacks' will not fit in region 'wram': overflowed by 188 bytes
ld.lld: error: section '.data.stacks' will not fit in region 'wram': overflowed by 188 bytes
ld.lld: error: section '.data.stacks' will not fit in region 'wram': overflowed by 188 bytes
ld.lld: error: section '.data.stacks' will not fit in region 'wram': overflowed by 188 bytes
ld.lld: error: section '.data.stacks' will not fit in region 'wram': overflowed by 188 bytes
ld.lld: error: too many errors emitted, stopping now (use -error-limit=0 to see all errors)
clang-12: error: ld.lld command failed with exit code 1 (use -v to see invocation)
make[1]: *** [Makefile:58: /home/clement.fournier/Work/cinm-mlir/.experiments/tags/prim_red_cinm2_hybrid400/run/red_256MB/seed_1710/bin/red_256MB] Error 1

  [FAIL] red_256MB seed_1059
         make failed:
ld.lld: error: section '.data' will not fit in region 'wram': overflowed by 144 bytes
ld.lld: error: section '.data' will not fit in region 'wram': overflowed by 148 bytes
ld.lld: error: section '.data' will not fit in region 'wram': overflowed by 172 bytes
ld.lld: error: section '.data' will not fit in region 'wram': overflowed by 176 bytes
ld.lld: error: section '.data.__sys_host' will not fit in region 'wram': overflowed by 176 bytes
ld.lld: error: section '.data.__sys_host' will not fit in region 'wram': overflowed by 176 bytes
ld.lld: error: section '.data.__sys_host' will not fit in region 'wram': overflowed by 188 bytes
ld.lld: error: section '.data.__sys_profiling' will not fit in region 'wram': overflowed by 188 bytes
ld.lld: error: section '.data.__sys_profiling' will not fit in region 'wram': overflowed by 188 bytes
ld.lld: error: section '.data.stacks' will not fit in region 'wram': overflowed by 188 bytes
ld.lld: error: section '.data.stacks' will not fit in region 'wram': overflowed by 188 bytes
ld.lld: error: section '.data.stacks' will not fit in region 'wram': overflowed by 188 bytes
ld.lld: error: section '.data.stacks' will not fit in region 'wram': overflowed by 188 bytes
ld.lld: error: section '.data.stacks' will not fit in region 'wram': overflowed by 188 bytes
ld.lld: error: section '.data.stacks' will not fit in region 'wram': overflowed by 188 bytes
ld.lld: error: section '.data.stacks' will not fit in region 'wram': overflowed by 188 bytes
ld.lld: error: section '.data.stacks' will not fit in region 'wram': overflowed by 188 bytes
ld.lld: error: section '.data.stacks' will not fit in region 'wram': overflowed by 188 bytes
ld.lld: error: section '.data.stacks' will not fit in region 'wram': overflowed by 188 bytes
ld.lld: error: section '.data.stacks' will not fit in region 'wram': overflowed by 188 bytes
ld.lld: error: too many errors emitted, stopping now (use -error-limit=0 to see all errors)
clang-12: error: ld.lld command failed with exit code 1 (use -v to see invocation)
make[1]: *** [Makefile:58: /home/clement.fournier/Work/cinm-mlir/.experiments/tags/prim_red_cinm2_hybrid400/run/red_256MB/seed_1059/bin/red_256MB] Error 1

  [FAIL] red_256MB seed_1121
         make failed:
ld.lld: error: section '.data' will not fit in region 'wram': overflowed by 144 bytes
ld.lld: error: section '.data' will not fit in region 'wram': overflowed by 148 bytes
ld.lld: error: section '.data' will not fit in region 'wram': overflowed by 172 bytes
ld.lld: error: section '.data' will not fit in region 'wram': overflowed by 176 bytes
ld.lld: error: section '.data.__sys_host' will not fit in region 'wram': overflowed by 176 bytes
ld.lld: error: section '.data.__sys_host' will not fit in region 'wram': overflowed by 176 bytes
ld.lld: error: section '.data.__sys_host' will not fit in region 'wram': overflowed by 188 bytes
ld.lld: error: section '.data.__sys_profiling' will not fit in region 'wram': overflowed by 188 bytes
ld.lld: error: section '.data.__sys_profiling' will not fit in region 'wram': overflowed by 188 bytes
ld.lld: error: section '.data.stacks' will not fit in region 'wram': overflowed by 188 bytes
ld.lld: error: section '.data.stacks' will not fit in region 'wram': overflowed by 188 bytes
ld.lld: error: section '.data.stacks' will not fit in region 'wram': overflowed by 188 bytes
ld.lld: error: section '.data.stacks' will not fit in region 'wram': overflowed by 188 bytes
ld.lld: error: section '.data.stacks' will not fit in region 'wram': overflowed by 188 bytes
ld.lld: error: section '.data.stacks' will not fit in region 'wram': overflowed by 188 bytes
ld.lld: error: section '.data.stacks' will not fit in region 'wram': overflowed by 188 bytes
ld.lld: error: section '.data.stacks' will not fit in region 'wram': overflowed by 188 bytes
ld.lld: error: section '.data.stacks' will not fit in region 'wram': overflowed by 188 bytes
ld.lld: error: section '.data.stacks' will not fit in region 'wram': overflowed by 188 bytes
ld.lld: error: section '.data.stacks' will not fit in region 'wram': overflowed by 188 bytes
ld.lld: error: too many errors emitted, stopping now (use -error-limit=0 to see all errors)
clang-12: error: ld.lld command failed with exit code 1 (use -v to see invocation)
make[1]: *** [Makefile:58: /home/clement.fournier/Work/cinm-mlir/.experiments/tags/prim_red_cinm2_hybrid400/run/red_256MB/seed_1121/bin/red_256MB] Error 1

  [FAIL] red_256MB seed_1648
         make failed:
ld.lld: error: section '.data' will not fit in region 'wram': overflowed by 144 bytes
ld.lld: error: section '.data' will not fit in region 'wram': overflowed by 148 bytes
ld.lld: error: section '.data' will not fit in region 'wram': overflowed by 172 bytes
ld.lld: error: section '.data' will not fit in region 'wram': overflowed by 176 bytes
ld.lld: error: section '.data.__sys_host' will not fit in region 'wram': overflowed by 176 bytes
ld.lld: error: section '.data.__sys_host' will not fit in region 'wram': overflowed by 176 bytes
ld.lld: error: section '.data.__sys_host' will not fit in region 'wram': overflowed by 188 bytes
ld.lld: error: section '.data.__sys_profiling' will not fit in region 'wram': overflowed by 188 bytes
ld.lld: error: section '.data.__sys_profiling' will not fit in region 'wram': overflowed by 188 bytes
ld.lld: error: section '.data.stacks' will not fit in region 'wram': overflowed by 188 bytes
ld.lld: error: section '.data.stacks' will not fit in region 'wram': overflowed by 188 bytes
ld.lld: error: section '.data.stacks' will not fit in region 'wram': overflowed by 188 bytes
ld.lld: error: section '.data.stacks' will not fit in region 'wram': overflowed by 188 bytes
ld.lld: error: section '.data.stacks' will not fit in region 'wram': overflowed by 188 bytes
ld.lld: error: section '.data.stacks' will not fit in region 'wram': overflowed by 188 bytes
ld.lld: error: section '.data.stacks' will not fit in region 'wram': overflowed by 188 bytes
ld.lld: error: section '.data.stacks' will not fit in region 'wram': overflowed by 188 bytes
ld.lld: error: section '.data.stacks' will not fit in region 'wram': overflowed by 188 bytes
ld.lld: error: section '.data.stacks' will not fit in region 'wram': overflowed by 188 bytes
ld.lld: error: section '.data.stacks' will not fit in region 'wram': overflowed by 188 bytes
ld.lld: error: too many errors emitted, stopping now (use -error-limit=0 to see all errors)
clang-12: error: ld.lld command failed with exit code 1 (use -v to see invocation)
make[1]: *** [Makefile:58: /home/clement.fournier/Work/cinm-mlir/.experiments/tags/prim_red_cinm2_hybrid400/run/red_256MB/seed_1648/bin/red_256MB] Error 1

  [FAIL] red_256MB seed_1865
         make failed:
ld.lld: error: section '.data' will not fit in region 'wram': overflowed by 144 bytes
ld.lld: error: section '.data' will not fit in region 'wram': overflowed by 148 bytes
ld.lld: error: section '.data' will not fit in region 'wram': overflowed by 172 bytes
ld.lld: error: section '.data' will not fit in region 'wram': overflowed by 176 bytes
ld.lld: error: section '.data.__sys_host' will not fit in region 'wram': overflowed by 176 bytes
ld.lld: error: section '.data.__sys_host' will not fit in region 'wram': overflowed by 176 bytes
ld.lld: error: section '.data.__sys_host' will not fit in region 'wram': overflowed by 188 bytes
ld.lld: error: section '.data.__sys_profiling' will not fit in region 'wram': overflowed by 188 bytes
ld.lld: error: section '.data.__sys_profiling' will not fit in region 'wram': overflowed by 188 bytes
ld.lld: error: section '.data.stacks' will not fit in region 'wram': overflowed by 188 bytes
ld.lld: error: section '.data.stacks' will not fit in region 'wram': overflowed by 188 bytes
ld.lld: error: section '.data.stacks' will not fit in region 'wram': overflowed by 188 bytes
ld.lld: error: section '.data.stacks' will not fit in region 'wram': overflowed by 188 bytes
ld.lld: error: section '.data.stacks' will not fit in region 'wram': overflowed by 188 bytes
ld.lld: error: section '.data.stacks' will not fit in region 'wram': overflowed by 188 bytes
ld.lld: error: section '.data.stacks' will not fit in region 'wram': overflowed by 188 bytes
ld.lld: error: section '.data.stacks' will not fit in region 'wram': overflowed by 188 bytes
ld.lld: error: section '.data.stacks' will not fit in region 'wram': overflowed by 188 bytes
ld.lld: error: section '.data.stacks' will not fit in region 'wram': overflowed by 188 bytes
ld.lld: error: section '.data.stacks' will not fit in region 'wram': overflowed by 188 bytes
ld.lld: error: too many errors emitted, stopping now (use -error-limit=0 to see all errors)
clang-12: error: ld.lld command failed with exit code 1 (use -v to see invocation)
make[1]: *** [Makefile:58: /home/clement.fournier/Work/cinm-mlir/.experiments/tags/prim_red_cinm2_hybrid400/run/red_256MB/seed_1865/bin/red_256MB] Error 1

  [FAIL] red_256MB seed_1431
         make failed:
ld.lld: error: section '.data' will not fit in region 'wram': overflowed by 144 bytes
ld.lld: error: section '.data' will not fit in region 'wram': overflowed by 148 bytes
ld.lld: error: section '.data' will not fit in region 'wram': overflowed by 172 bytes
ld.lld: error: section '.data' will not fit in region 'wram': overflowed by 176 bytes
ld.lld: error: section '.data.__sys_host' will not fit in region 'wram': overflowed by 176 bytes
ld.lld: error: section '.data.__sys_host' will not fit in region 'wram': overflowed by 176 bytes
ld.lld: error: section '.data.__sys_host' will not fit in region 'wram': overflowed by 188 bytes
ld.lld: error: section '.data.__sys_profiling' will not fit in region 'wram': overflowed by 188 bytes
ld.lld: error: section '.data.__sys_profiling' will not fit in region 'wram': overflowed by 188 bytes
ld.lld: error: section '.data.stacks' will not fit in region 'wram': overflowed by 188 bytes
ld.lld: error: section '.data.stacks' will not fit in region 'wram': overflowed by 188 bytes
ld.lld: error: section '.data.stacks' will not fit in region 'wram': overflowed by 188 bytes
ld.lld: error: section '.data.stacks' will not fit in region 'wram': overflowed by 188 bytes
ld.lld: error: section '.data.stacks' will not fit in region 'wram': overflowed by 188 bytes
ld.lld: error: section '.data.stacks' will not fit in region 'wram': overflowed by 188 bytes
ld.lld: error: section '.data.stacks' will not fit in region 'wram': overflowed by 188 bytes
ld.lld: error: section '.data.stacks' will not fit in region 'wram': overflowed by 188 bytes
ld.lld: error: section '.data.stacks' will not fit in region 'wram': overflowed by 188 bytes
ld.lld: error: section '.data.stacks' will not fit in region 'wram': overflowed by 188 bytes
ld.lld: error: section '.data.stacks' will not fit in region 'wram': overflowed by 188 bytes
ld.lld: error: too many errors emitted, stopping now (use -error-limit=0 to see all errors)
clang-12: error: ld.lld command failed with exit code 1 (use -v to see invocation)
make[1]: *** [Makefile:58: /home/clement.fournier/Work/cinm-mlir/.experiments/tags/prim_red_cinm2_hybrid400/run/red_256MB/seed_1431/bin/red_256MB] Error 1

  [FAIL] red_256MB seed_1400
         make failed:
ld.lld: error: section '.data' will not fit in region 'wram': overflowed by 144 bytes
ld.lld: error: section '.data' will not fit in region 'wram': overflowed by 148 bytes
ld.lld: error: section '.data' will not fit in region 'wram': overflowed by 172 bytes
ld.lld: error: section '.data' will not fit in region 'wram': overflowed by 176 bytes
ld.lld: error: section '.data.__sys_host' will not fit in region 'wram': overflowed by 176 bytes
ld.lld: error: section '.data.__sys_host' will not fit in region 'wram': overflowed by 176 bytes
ld.lld: error: section '.data.__sys_host' will not fit in region 'wram': overflowed by 188 bytes
ld.lld: error: section '.data.__sys_profiling' will not fit in region 'wram': overflowed by 188 bytes
ld.lld: error: section '.data.__sys_profiling' will not fit in region 'wram': overflowed by 188 bytes
ld.lld: error: section '.data.stacks' will not fit in region 'wram': overflowed by 188 bytes
ld.lld: error: section '.data.stacks' will not fit in region 'wram': overflowed by 188 bytes
ld.lld: error: section '.data.stacks' will not fit in region 'wram': overflowed by 188 bytes
ld.lld: error: section '.data.stacks' will not fit in region 'wram': overflowed by 188 bytes
ld.lld: error: section '.data.stacks' will not fit in region 'wram': overflowed by 188 bytes
ld.lld: error: section '.data.stacks' will not fit in region 'wram': overflowed by 188 bytes
ld.lld: error: section '.data.stacks' will not fit in region 'wram': overflowed by 188 bytes
ld.lld: error: section '.data.stacks' will not fit in region 'wram': overflowed by 188 bytes
ld.lld: error: section '.data.stacks' will not fit in region 'wram': overflowed by 188 bytes
ld.lld: error: section '.data.stacks' will not fit in region 'wram': overflowed by 188 bytes
ld.lld: error: section '.data.stacks' will not fit in region 'wram': overflowed by 188 bytes
ld.lld: error: too many errors emitted, stopping now (use -error-limit=0 to see all errors)
clang-12: error: ld.lld command failed with exit code 1 (use -v to see invocation)
make[1]: *** [Makefile:58: /home/clement.fournier/Work/cinm-mlir/.experiments/tags/prim_red_cinm2_hybrid400/run/red_256MB/seed_1400/bin/red_256MB] Error 1

  [FAIL] red_256MB seed_1524
         make failed:
ld.lld: error: section '.data' will not fit in region 'wram': overflowed by 144 bytes
ld.lld: error: section '.data' will not fit in region 'wram': overflowed by 148 bytes
ld.lld: error: section '.data' will not fit in region 'wram': overflowed by 172 bytes
ld.lld: error: section '.data' will not fit in region 'wram': overflowed by 176 bytes
ld.lld: error: section '.data.__sys_host' will not fit in region 'wram': overflowed by 176 bytes
ld.lld: error: section '.data.__sys_host' will not fit in region 'wram': overflowed by 176 bytes
ld.lld: error: section '.data.__sys_host' will not fit in region 'wram': overflowed by 188 bytes
ld.lld: error: section '.data.__sys_profiling' will not fit in region 'wram': overflowed by 188 bytes
ld.lld: error: section '.data.__sys_profiling' will not fit in region 'wram': overflowed by 188 bytes
ld.lld: error: section '.data.stacks' will not fit in region 'wram': overflowed by 188 bytes
ld.lld: error: section '.data.stacks' will not fit in region 'wram': overflowed by 188 bytes
ld.lld: error: section '.data.stacks' will not fit in region 'wram': overflowed by 188 bytes
ld.lld: error: section '.data.stacks' will not fit in region 'wram': overflowed by 188 bytes
ld.lld: error: section '.data.stacks' will not fit in region 'wram': overflowed by 188 bytes
ld.lld: error: section '.data.stacks' will not fit in region 'wram': overflowed by 188 bytes
ld.lld: error: section '.data.stacks' will not fit in region 'wram': overflowed by 188 bytes
ld.lld: error: section '.data.stacks' will not fit in region 'wram': overflowed by 188 bytes
ld.lld: error: section '.data.stacks' will not fit in region 'wram': overflowed by 188 bytes
ld.lld: error: section '.data.stacks' will not fit in region 'wram': overflowed by 188 bytes
ld.lld: error: section '.data.stacks' will not fit in region 'wram': overflowed by 188 bytes
ld.lld: error: too many errors emitted, stopping now (use -error-limit=0 to see all errors)
clang-12: error: ld.lld command failed with exit code 1 (use -v to see invocation)
make[1]: *** [Makefile:58: /home/clement.fournier/Work/cinm-mlir/.experiments/tags/prim_red_cinm2_hybrid400/run/red_256MB/seed_1524/bin/red_256MB] Error 1

  [FAIL] red_256MB seed_1245
         make failed:
ld.lld: error: section '.data' will not fit in region 'wram': overflowed by 144 bytes
ld.lld: error: section '.data' will not fit in region 'wram': overflowed by 148 bytes
ld.lld: error: section '.data' will not fit in region 'wram': overflowed by 172 bytes
ld.lld: error: section '.data' will not fit in region 'wram': overflowed by 176 bytes
ld.lld: error: section '.data.__sys_host' will not fit in region 'wram': overflowed by 176 bytes
ld.lld: error: section '.data.__sys_host' will not fit in region 'wram': overflowed by 176 bytes
ld.lld: error: section '.data.__sys_host' will not fit in region 'wram': overflowed by 188 bytes
ld.lld: error: section '.data.__sys_profiling' will not fit in region 'wram': overflowed by 188 bytes
ld.lld: error: section '.data.__sys_profiling' will not fit in region 'wram': overflowed by 188 bytes
ld.lld: error: section '.data.stacks' will not fit in region 'wram': overflowed by 188 bytes
ld.lld: error: section '.data.stacks' will not fit in region 'wram': overflowed by 188 bytes
ld.lld: error: section '.data.stacks' will not fit in region 'wram': overflowed by 188 bytes
ld.lld: error: section '.data.stacks' will not fit in region 'wram': overflowed by 188 bytes
ld.lld: error: section '.data.stacks' will not fit in region 'wram': overflowed by 188 bytes
ld.lld: error: section '.data.stacks' will not fit in region 'wram': overflowed by 188 bytes
ld.lld: error: section '.data.stacks' will not fit in region 'wram': overflowed by 188 bytes
ld.lld: error: section '.data.stacks' will not fit in region 'wram': overflowed by 188 bytes
ld.lld: error: section '.data.stacks' will not fit in region 'wram': overflowed by 188 bytes
ld.lld: error: section '.data.stacks' will not fit in region 'wram': overflowed by 188 bytes
ld.lld: error: section '.data.stacks' will not fit in region 'wram': overflowed by 188 bytes
ld.lld: error: too many errors emitted, stopping now (use -error-limit=0 to see all errors)
clang-12: error: ld.lld command failed with exit code 1 (use -v to see invocation)
make[1]: *** [Makefile:58: /home/clement.fournier/Work/cinm-mlir/.experiments/tags/prim_red_cinm2_hybrid400/run/red_256MB/seed_1245/bin/red_256MB] Error 1

  [FAIL] red_256MB seed_1028
         make failed:
ld.lld: error: section '.data' will not fit in region 'wram': overflowed by 144 bytes
ld.lld: error: section '.data' will not fit in region 'wram': overflowed by 148 bytes
ld.lld: error: section '.data' will not fit in region 'wram': overflowed by 172 bytes
ld.lld: error: section '.data' will not fit in region 'wram': overflowed by 176 bytes
ld.lld: error: section '.data.__sys_host' will not fit in region 'wram': overflowed by 176 bytes
ld.lld: error: section '.data.__sys_host' will not fit in region 'wram': overflowed by 176 bytes
ld.lld: error: section '.data.__sys_host' will not fit in region 'wram': overflowed by 188 bytes
ld.lld: error: section '.data.__sys_profiling' will not fit in region 'wram': overflowed by 188 bytes
ld.lld: error: section '.data.__sys_profiling' will not fit in region 'wram': overflowed by 188 bytes
ld.lld: error: section '.data.stacks' will not fit in region 'wram': overflowed by 188 bytes
ld.lld: error: section '.data.stacks' will not fit in region 'wram': overflowed by 188 bytes
ld.lld: error: section '.data.stacks' will not fit in region 'wram': overflowed by 188 bytes
ld.lld: error: section '.data.stacks' will not fit in region 'wram': overflowed by 188 bytes
ld.lld: error: section '.data.stacks' will not fit in region 'wram': overflowed by 188 bytes
ld.lld: error: section '.data.stacks' will not fit in region 'wram': overflowed by 188 bytes
ld.lld: error: section '.data.stacks' will not fit in region 'wram': overflowed by 188 bytes
ld.lld: error: section '.data.stacks' will not fit in region 'wram': overflowed by 188 bytes
ld.lld: error: section '.data.stacks' will not fit in region 'wram': overflowed by 188 bytes
ld.lld: error: section '.data.stacks' will not fit in region 'wram': overflowed by 188 bytes
ld.lld: error: section '.data.stacks' will not fit in region 'wram': overflowed by 188 bytes
ld.lld: error: too many errors emitted, stopping now (use -error-limit=0 to see all errors)
clang-12: error: ld.lld command failed with exit code 1 (use -v to see invocation)
make[1]: *** [Makefile:58: /home/clement.fournier/Work/cinm-mlir/.experiments/tags/prim_red_cinm2_hybrid400/run/red_256MB/seed_1028/bin/red_256MB] Error 1

  [FAIL] red_256MB seed_160
         make failed:
ld.lld: error: section '.data' will not fit in region 'wram': overflowed by 144 bytes
ld.lld: error: section '.data' will not fit in region 'wram': overflowed by 148 bytes
ld.lld: error: section '.data' will not fit in region 'wram': overflowed by 172 bytes
ld.lld: error: section '.data' will not fit in region 'wram': overflowed by 176 bytes
ld.lld: error: section '.data.__sys_host' will not fit in region 'wram': overflowed by 176 bytes
ld.lld: error: section '.data.__sys_host' will not fit in region 'wram': overflowed by 176 bytes
ld.lld: error: section '.data.__sys_host' will not fit in region 'wram': overflowed by 188 bytes
ld.lld: error: section '.data.__sys_profiling' will not fit in region 'wram': overflowed by 188 bytes
ld.lld: error: section '.data.__sys_profiling' will not fit in region 'wram': overflowed by 188 bytes
ld.lld: error: section '.data.stacks' will not fit in region 'wram': overflowed by 188 bytes
ld.lld: error: section '.data.stacks' will not fit in region 'wram': overflowed by 188 bytes
ld.lld: error: section '.data.stacks' will not fit in region 'wram': overflowed by 188 bytes
ld.lld: error: section '.data.stacks' will not fit in region 'wram': overflowed by 188 bytes
ld.lld: error: section '.data.stacks' will not fit in region 'wram': overflowed by 188 bytes
ld.lld: error: section '.data.stacks' will not fit in region 'wram': overflowed by 188 bytes
ld.lld: error: section '.data.stacks' will not fit in region 'wram': overflowed by 188 bytes
ld.lld: error: section '.data.stacks' will not fit in region 'wram': overflowed by 188 bytes
ld.lld: error: section '.data.stacks' will not fit in region 'wram': overflowed by 188 bytes
ld.lld: error: section '.data.stacks' will not fit in region 'wram': overflowed by 188 bytes
ld.lld: error: section '.data.stacks' will not fit in region 'wram': overflowed by 188 bytes
ld.lld: error: too many errors emitted, stopping now (use -error-limit=0 to see all errors)
clang-12: error: ld.lld command failed with exit code 1 (use -v to see invocation)
make[1]: *** [Makefile:58: /home/clement.fournier/Work/cinm-mlir/.experiments/tags/prim_red_cinm2_hybrid400/run/red_256MB/seed_160/bin/red_256MB] Error 1

  [FAIL] red_256MB seed_129
         make failed:
ld.lld: error: section '.data' will not fit in region 'wram': overflowed by 144 bytes
ld.lld: error: section '.data' will not fit in region 'wram': overflowed by 148 bytes
ld.lld: error: section '.data' will not fit in region 'wram': overflowed by 172 bytes
ld.lld: error: section '.data' will not fit in region 'wram': overflowed by 176 bytes
ld.lld: error: section '.data.__sys_host' will not fit in region 'wram': overflowed by 176 bytes
ld.lld: error: section '.data.__sys_host' will not fit in region 'wram': overflowed by 176 bytes
ld.lld: error: section '.data.__sys_host' will not fit in region 'wram': overflowed by 188 bytes
ld.lld: error: section '.data.__sys_profiling' will not fit in region 'wram': overflowed by 188 bytes
ld.lld: error: section '.data.__sys_profiling' will not fit in region 'wram': overflowed by 188 bytes
ld.lld: error: section '.data.stacks' will not fit in region 'wram': overflowed by 188 bytes
ld.lld: error: section '.data.stacks' will not fit in region 'wram': overflowed by 188 bytes
ld.lld: error: section '.data.stacks' will not fit in region 'wram': overflowed by 188 bytes
ld.lld: error: section '.data.stacks' will not fit in region 'wram': overflowed by 188 bytes
ld.lld: error: section '.data.stacks' will not fit in region 'wram': overflowed by 188 bytes
ld.lld: error: section '.data.stacks' will not fit in region 'wram': overflowed by 188 bytes
ld.lld: error: section '.data.stacks' will not fit in region 'wram': overflowed by 188 bytes
ld.lld: error: section '.data.stacks' will not fit in region 'wram': overflowed by 188 bytes
ld.lld: error: section '.data.stacks' will not fit in region 'wram': overflowed by 188 bytes
ld.lld: error: section '.data.stacks' will not fit in region 'wram': overflowed by 188 bytes
ld.lld: error: section '.data.stacks' will not fit in region 'wram': overflowed by 188 bytes
ld.lld: error: too many errors emitted, stopping now (use -error-limit=0 to see all errors)
clang-12: error: ld.lld command failed with exit code 1 (use -v to see invocation)
make[1]: *** [Makefile:58: /home/clement.fournier/Work/cinm-mlir/.experiments/tags/prim_red_cinm2_hybrid400/run/red_256MB/seed_129/bin/red_256MB] Error 1

  [FAIL] red_256MB seed_1369
         make failed:
ld.lld: error: section '.data' will not fit in region 'wram': overflowed by 144 bytes
ld.lld: error: section '.data' will not fit in region 'wram': overflowed by 148 bytes
ld.lld: error: section '.data' will not fit in region 'wram': overflowed by 172 bytes
ld.lld: error: section '.data' will not fit in region 'wram': overflowed by 176 bytes
ld.lld: error: section '.data.__sys_host' will not fit in region 'wram': overflowed by 176 bytes
ld.lld: error: section '.data.__sys_host' will not fit in region 'wram': overflowed by 176 bytes
ld.lld: error: section '.data.__sys_host' will not fit in region 'wram': overflowed by 188 bytes
ld.lld: error: section '.data.__sys_profiling' will not fit in region 'wram': overflowed by 188 bytes
ld.lld: error: section '.data.__sys_profiling' will not fit in region 'wram': overflowed by 188 bytes
ld.lld: error: section '.data.stacks' will not fit in region 'wram': overflowed by 188 bytes
ld.lld: error: section '.data.stacks' will not fit in region 'wram': overflowed by 188 bytes
ld.lld: error: section '.data.stacks' will not fit in region 'wram': overflowed by 188 bytes
ld.lld: error: section '.data.stacks' will not fit in region 'wram': overflowed by 188 bytes
ld.lld: error: section '.data.stacks' will not fit in region 'wram': overflowed by 188 bytes
ld.lld: error: section '.data.stacks' will not fit in region 'wram': overflowed by 188 bytes
ld.lld: error: section '.data.stacks' will not fit in region 'wram': overflowed by 188 bytes
ld.lld: error: section '.data.stacks' will not fit in region 'wram': overflowed by 188 bytes
ld.lld: error: section '.data.stacks' will not fit in region 'wram': overflowed by 188 bytes
ld.lld: error: section '.data.stacks' will not fit in region 'wram': overflowed by 188 bytes
ld.lld: error: section '.data.stacks' will not fit in region 'wram': overflowed by 188 bytes
ld.lld: error: too many errors emitted, stopping now (use -error-limit=0 to see all errors)
clang-12: error: ld.lld command failed with exit code 1 (use -v to see invocation)
make[1]: *** [Makefile:58: /home/clement.fournier/Work/cinm-mlir/.experiments/tags/prim_red_cinm2_hybrid400/run/red_256MB/seed_1369/bin/red_256MB] Error 1

  [FAIL] red_256MB seed_1214
         make failed:
ld.lld: error: section '.data' will not fit in region 'wram': overflowed by 144 bytes
ld.lld: error: section '.data' will not fit in region 'wram': overflowed by 148 bytes
ld.lld: error: section '.data' will not fit in region 'wram': overflowed by 172 bytes
ld.lld: error: section '.data' will not fit in region 'wram': overflowed by 176 bytes
ld.lld: error: section '.data.__sys_host' will not fit in region 'wram': overflowed by 176 bytes
ld.lld: error: section '.data.__sys_host' will not fit in region 'wram': overflowed by 176 bytes
ld.lld: error: section '.data.__sys_host' will not fit in region 'wram': overflowed by 188 bytes
ld.lld: error: section '.data.__sys_profiling' will not fit in region 'wram': overflowed by 188 bytes
ld.lld: error: section '.data.__sys_profiling' will not fit in region 'wram': overflowed by 188 bytes
ld.lld: error: section '.data.stacks' will not fit in region 'wram': overflowed by 188 bytes
ld.lld: error: section '.data.stacks' will not fit in region 'wram': overflowed by 188 bytes
ld.lld: error: section '.data.stacks' will not fit in region 'wram': overflowed by 188 bytes
ld.lld: error: section '.data.stacks' will not fit in region 'wram': overflowed by 188 bytes
ld.lld: error: section '.data.stacks' will not fit in region 'wram': overflowed by 188 bytes
ld.lld: error: section '.data.stacks' will not fit in region 'wram': overflowed by 188 bytes
ld.lld: error: section '.data.stacks' will not fit in region 'wram': overflowed by 188 bytes
ld.lld: error: section '.data.stacks' will not fit in region 'wram': overflowed by 188 bytes
ld.lld: error: section '.data.stacks' will not fit in region 'wram': overflowed by 188 bytes
ld.lld: error: section '.data.stacks' will not fit in region 'wram': overflowed by 188 bytes
ld.lld: error: section '.data.stacks' will not fit in region 'wram': overflowed by 188 bytes
ld.lld: error: too many errors emitted, stopping now (use -error-limit=0 to see all errors)
clang-12: error: ld.lld command failed with exit code 1 (use -v to see invocation)
make[1]: *** [Makefile:58: /home/clement.fournier/Work/cinm-mlir/.experiments/tags/prim_red_cinm2_hybrid400/run/red_256MB/seed_1214/bin/red_256MB] Error 1

  [FAIL] red_256MB seed_1462
         make failed:
ld.lld: error: section '.data' will not fit in region 'wram': overflowed by 144 bytes
ld.lld: error: section '.data' will not fit in region 'wram': overflowed by 148 bytes
ld.lld: error: section '.data' will not fit in region 'wram': overflowed by 172 bytes
ld.lld: error: section '.data' will not fit in region 'wram': overflowed by 176 bytes
ld.lld: error: section '.data.__sys_host' will not fit in region 'wram': overflowed by 176 bytes
ld.lld: error: section '.data.__sys_host' will not fit in region 'wram': overflowed by 176 bytes
ld.lld: error: section '.data.__sys_host' will not fit in region 'wram': overflowed by 188 bytes
ld.lld: error: section '.data.__sys_profiling' will not fit in region 'wram': overflowed by 188 bytes
ld.lld: error: section '.data.__sys_profiling' will not fit in region 'wram': overflowed by 188 bytes
ld.lld: error: section '.data.stacks' will not fit in region 'wram': overflowed by 188 bytes
ld.lld: error: section '.data.stacks' will not fit in region 'wram': overflowed by 188 bytes
ld.lld: error: section '.data.stacks' will not fit in region 'wram': overflowed by 188 bytes
ld.lld: error: section '.data.stacks' will not fit in region 'wram': overflowed by 188 bytes
ld.lld: error: section '.data.stacks' will not fit in region 'wram': overflowed by 188 bytes
ld.lld: error: section '.data.stacks' will not fit in region 'wram': overflowed by 188 bytes
ld.lld: error: section '.data.stacks' will not fit in region 'wram': overflowed by 188 bytes
ld.lld: error: section '.data.stacks' will not fit in region 'wram': overflowed by 188 bytes
ld.lld: error: section '.data.stacks' will not fit in region 'wram': overflowed by 188 bytes
ld.lld: error: section '.data.stacks' will not fit in region 'wram': overflowed by 188 bytes
ld.lld: error: section '.data.stacks' will not fit in region 'wram': overflowed by 188 bytes
ld.lld: error: too many errors emitted, stopping now (use -error-limit=0 to see all errors)
clang-12: error: ld.lld command failed with exit code 1 (use -v to see invocation)
make[1]: *** [Makefile:58: /home/clement.fournier/Work/cinm-mlir/.experiments/tags/prim_red_cinm2_hybrid400/run/red_256MB/seed_1462/bin/red_256MB] Error 1

  [FAIL] red_256MB seed_1152
         make failed:
ld.lld: error: section '.data' will not fit in region 'wram': overflowed by 144 bytes
ld.lld: error: section '.data' will not fit in region 'wram': overflowed by 148 bytes
ld.lld: error: section '.data' will not fit in region 'wram': overflowed by 172 bytes
ld.lld: error: section '.data' will not fit in region 'wram': overflowed by 176 bytes
ld.lld: error: section '.data.__sys_host' will not fit in region 'wram': overflowed by 176 bytes
ld.lld: error: section '.data.__sys_host' will not fit in region 'wram': overflowed by 176 bytes
ld.lld: error: section '.data.__sys_host' will not fit in region 'wram': overflowed by 188 bytes
ld.lld: error: section '.data.__sys_profiling' will not fit in region 'wram': overflowed by 188 bytes
ld.lld: error: section '.data.__sys_profiling' will not fit in region 'wram': overflowed by 188 bytes
ld.lld: error: section '.data.stacks' will not fit in region 'wram': overflowed by 188 bytes
ld.lld: error: section '.data.stacks' will not fit in region 'wram': overflowed by 188 bytes
ld.lld: error: section '.data.stacks' will not fit in region 'wram': overflowed by 188 bytes
ld.lld: error: section '.data.stacks' will not fit in region 'wram': overflowed by 188 bytes
ld.lld: error: section '.data.stacks' will not fit in region 'wram': overflowed by 188 bytes
ld.lld: error: section '.data.stacks' will not fit in region 'wram': overflowed by 188 bytes
ld.lld: error: section '.data.stacks' will not fit in region 'wram': overflowed by 188 bytes
ld.lld: error: section '.data.stacks' will not fit in region 'wram': overflowed by 188 bytes
ld.lld: error: section '.data.stacks' will not fit in region 'wram': overflowed by 188 bytes
ld.lld: error: section '.data.stacks' will not fit in region 'wram': overflowed by 188 bytes
ld.lld: error: section '.data.stacks' will not fit in region 'wram': overflowed by 188 bytes
ld.lld: error: too many errors emitted, stopping now (use -error-limit=0 to see all errors)
clang-12: error: ld.lld command failed with exit code 1 (use -v to see invocation)
make[1]: *** [Makefile:58: /home/clement.fournier/Work/cinm-mlir/.experiments/tags/prim_red_cinm2_hybrid400/run/red_256MB/seed_1152/bin/red_256MB] Error 1

  [FAIL] red_256MB seed_191
         make failed:
ld.lld: error: section '.data' will not fit in region 'wram': overflowed by 144 bytes
ld.lld: error: section '.data' will not fit in region 'wram': overflowed by 148 bytes
ld.lld: error: section '.data' will not fit in region 'wram': overflowed by 172 bytes
ld.lld: error: section '.data' will not fit in region 'wram': overflowed by 176 bytes
ld.lld: error: section '.data.__sys_host' will not fit in region 'wram': overflowed by 176 bytes
ld.lld: error: section '.data.__sys_host' will not fit in region 'wram': overflowed by 176 bytes
ld.lld: error: section '.data.__sys_host' will not fit in region 'wram': overflowed by 188 bytes
ld.lld: error: section '.data.__sys_profiling' will not fit in region 'wram': overflowed by 188 bytes
ld.lld: error: section '.data.__sys_profiling' will not fit in region 'wram': overflowed by 188 bytes
ld.lld: error: section '.data.stacks' will not fit in region 'wram': overflowed by 188 bytes
ld.lld: error: section '.data.stacks' will not fit in region 'wram': overflowed by 188 bytes
ld.lld: error: section '.data.stacks' will not fit in region 'wram': overflowed by 188 bytes
ld.lld: error: section '.data.stacks' will not fit in region 'wram': overflowed by 188 bytes
ld.lld: error: section '.data.stacks' will not fit in region 'wram': overflowed by 188 bytes
ld.lld: error: section '.data.stacks' will not fit in region 'wram': overflowed by 188 bytes
ld.lld: error: section '.data.stacks' will not fit in region 'wram': overflowed by 188 bytes
ld.lld: error: section '.data.stacks' will not fit in region 'wram': overflowed by 188 bytes
ld.lld: error: section '.data.stacks' will not fit in region 'wram': overflowed by 188 bytes
ld.lld: error: section '.data.stacks' will not fit in region 'wram': overflowed by 188 bytes
ld.lld: error: section '.data.stacks' will not fit in region 'wram': overflowed by 188 bytes
ld.lld: error: too many errors emitted, stopping now (use -error-limit=0 to see all errors)
clang-12: error: ld.lld command failed with exit code 1 (use -v to see invocation)
make[1]: *** [Makefile:58: /home/clement.fournier/Work/cinm-mlir/.experiments/tags/prim_red_cinm2_hybrid400/run/red_256MB/seed_191/bin/red_256MB] Error 1

  [FAIL] red_256MB seed_1276
         make failed:
ld.lld: error: section '.data' will not fit in region 'wram': overflowed by 144 bytes
ld.lld: error: section '.data' will not fit in region 'wram': overflowed by 148 bytes
ld.lld: error: section '.data' will not fit in region 'wram': overflowed by 172 bytes
ld.lld: error: section '.data' will not fit in region 'wram': overflowed by 176 bytes
ld.lld: error: section '.data.__sys_host' will not fit in region 'wram': overflowed by 176 bytes
ld.lld: error: section '.data.__sys_host' will not fit in region 'wram': overflowed by 176 bytes
ld.lld: error: section '.data.__sys_host' will not fit in region 'wram': overflowed by 188 bytes
ld.lld: error: section '.data.__sys_profiling' will not fit in region 'wram': overflowed by 188 bytes
ld.lld: error: section '.data.__sys_profiling' will not fit in region 'wram': overflowed by 188 bytes
ld.lld: error: section '.data.stacks' will not fit in region 'wram': overflowed by 188 bytes
ld.lld: error: section '.data.stacks' will not fit in region 'wram': overflowed by 188 bytes
ld.lld: error: section '.data.stacks' will not fit in region 'wram': overflowed by 188 bytes
ld.lld: error: section '.data.stacks' will not fit in region 'wram': overflowed by 188 bytes
ld.lld: error: section '.data.stacks' will not fit in region 'wram': overflowed by 188 bytes
ld.lld: error: section '.data.stacks' will not fit in region 'wram': overflowed by 188 bytes
ld.lld: error: section '.data.stacks' will not fit in region 'wram': overflowed by 188 bytes
ld.lld: error: section '.data.stacks' will not fit in region 'wram': overflowed by 188 bytes
ld.lld: error: section '.data.stacks' will not fit in region 'wram': overflowed by 188 bytes
ld.lld: error: section '.data.stacks' will not fit in region 'wram': overflowed by 188 bytes
ld.lld: error: section '.data.stacks' will not fit in region 'wram': overflowed by 188 bytes
ld.lld: error: too many errors emitted, stopping now (use -error-limit=0 to see all errors)
clang-12: error: ld.lld command failed with exit code 1 (use -v to see invocation)
make[1]: *** [Makefile:58: /home/clement.fournier/Work/cinm-mlir/.experiments/tags/prim_red_cinm2_hybrid400/run/red_256MB/seed_1276/bin/red_256MB] Error 1

  [FAIL] red_256MB seed_1772
         make failed:
ld.lld: error: section '.data' will not fit in region 'wram': overflowed by 144 bytes
ld.lld: error: section '.data' will not fit in region 'wram': overflowed by 148 bytes
ld.lld: error: section '.data' will not fit in region 'wram': overflowed by 172 bytes
ld.lld: error: section '.data' will not fit in region 'wram': overflowed by 176 bytes
ld.lld: error: section '.data.__sys_host' will not fit in region 'wram': overflowed by 176 bytes
ld.lld: error: section '.data.__sys_host' will not fit in region 'wram': overflowed by 176 bytes
ld.lld: error: section '.data.__sys_host' will not fit in region 'wram': overflowed by 188 bytes
ld.lld: error: section '.data.__sys_profiling' will not fit in region 'wram': overflowed by 188 bytes
ld.lld: error: section '.data.__sys_profiling' will not fit in region 'wram': overflowed by 188 bytes
ld.lld: error: section '.data.stacks' will not fit in region 'wram': overflowed by 188 bytes
ld.lld: error: section '.data.stacks' will not fit in region 'wram': overflowed by 188 bytes
ld.lld: error: section '.data.stacks' will not fit in region 'wram': overflowed by 188 bytes
ld.lld: error: section '.data.stacks' will not fit in region 'wram': overflowed by 188 bytes
ld.lld: error: section '.data.stacks' will not fit in region 'wram': overflowed by 188 bytes
ld.lld: error: section '.data.stacks' will not fit in region 'wram': overflowed by 188 bytes
ld.lld: error: section '.data.stacks' will not fit in region 'wram': overflowed by 188 bytes
ld.lld: error: section '.data.stacks' will not fit in region 'wram': overflowed by 188 bytes
ld.lld: error: section '.data.stacks' will not fit in region 'wram': overflowed by 188 bytes
ld.lld: error: section '.data.stacks' will not fit in region 'wram': overflowed by 188 bytes
ld.lld: error: section '.data.stacks' will not fit in region 'wram': overflowed by 188 bytes
ld.lld: error: too many errors emitted, stopping now (use -error-limit=0 to see all errors)
clang-12: error: ld.lld command failed with exit code 1 (use -v to see invocation)
make[1]: *** [Makefile:58: /home/clement.fournier/Work/cinm-mlir/.experiments/tags/prim_red_cinm2_hybrid400/run/red_256MB/seed_1772/bin/red_256MB] Error 1

  [FAIL] red_256MB seed_1090
         make failed:
ld.lld: error: section '.data' will not fit in region 'wram': overflowed by 144 bytes
ld.lld: error: section '.data' will not fit in region 'wram': overflowed by 148 bytes
ld.lld: error: section '.data' will not fit in region 'wram': overflowed by 172 bytes
ld.lld: error: section '.data' will not fit in region 'wram': overflowed by 176 bytes
ld.lld: error: section '.data.__sys_host' will not fit in region 'wram': overflowed by 176 bytes
ld.lld: error: section '.data.__sys_host' will not fit in region 'wram': overflowed by 176 bytes
ld.lld: error: section '.data.__sys_host' will not fit in region 'wram': overflowed by 188 bytes
ld.lld: error: section '.data.__sys_profiling' will not fit in region 'wram': overflowed by 188 bytes
ld.lld: error: section '.data.__sys_profiling' will not fit in region 'wram': overflowed by 188 bytes
ld.lld: error: section '.data.stacks' will not fit in region 'wram': overflowed by 188 bytes
ld.lld: error: section '.data.stacks' will not fit in region 'wram': overflowed by 188 bytes
ld.lld: error: section '.data.stacks' will not fit in region 'wram': overflowed by 188 bytes
ld.lld: error: section '.data.stacks' will not fit in region 'wram': overflowed by 188 bytes
ld.lld: error: section '.data.stacks' will not fit in region 'wram': overflowed by 188 bytes
ld.lld: error: section '.data.stacks' will not fit in region 'wram': overflowed by 188 bytes
ld.lld: error: section '.data.stacks' will not fit in region 'wram': overflowed by 188 bytes
ld.lld: error: section '.data.stacks' will not fit in region 'wram': overflowed by 188 bytes
ld.lld: error: section '.data.stacks' will not fit in region 'wram': overflowed by 188 bytes
ld.lld: error: section '.data.stacks' will not fit in region 'wram': overflowed by 188 bytes
ld.lld: error: section '.data.stacks' will not fit in region 'wram': overflowed by 188 bytes
ld.lld: error: too many errors emitted, stopping now (use -error-limit=0 to see all errors)
clang-12: error: ld.lld command failed with exit code 1 (use -v to see invocation)
make[1]: *** [Makefile:58: /home/clement.fournier/Work/cinm-mlir/.experiments/tags/prim_red_cinm2_hybrid400/run/red_256MB/seed_1090/bin/red_256MB] Error 1

  [FAIL] red_256MB seed_2175
         make failed:
ld.lld: error: section '.data' will not fit in region 'wram': overflowed by 144 bytes
ld.lld: error: section '.data' will not fit in region 'wram': overflowed by 148 bytes
ld.lld: error: section '.data' will not fit in region 'wram': overflowed by 172 bytes
ld.lld: error: section '.data' will not fit in region 'wram': overflowed by 176 bytes
ld.lld: error: section '.data.__sys_host' will not fit in region 'wram': overflowed by 176 bytes
ld.lld: error: section '.data.__sys_host' will not fit in region 'wram': overflowed by 176 bytes
ld.lld: error: section '.data.__sys_host' will not fit in region 'wram': overflowed by 188 bytes
ld.lld: error: section '.data.__sys_profiling' will not fit in region 'wram': overflowed by 188 bytes
ld.lld: error: section '.data.__sys_profiling' will not fit in region 'wram': overflowed by 188 bytes
ld.lld: error: section '.data.stacks' will not fit in region 'wram': overflowed by 188 bytes
ld.lld: error: section '.data.stacks' will not fit in region 'wram': overflowed by 188 bytes
ld.lld: error: section '.data.stacks' will not fit in region 'wram': overflowed by 188 bytes
ld.lld: error: section '.data.stacks' will not fit in region 'wram': overflowed by 188 bytes
ld.lld: error: section '.data.stacks' will not fit in region 'wram': overflowed by 188 bytes
ld.lld: error: section '.data.stacks' will not fit in region 'wram': overflowed by 188 bytes
ld.lld: error: section '.data.stacks' will not fit in region 'wram': overflowed by 188 bytes
ld.lld: error: section '.data.stacks' will not fit in region 'wram': overflowed by 188 bytes
ld.lld: error: section '.data.stacks' will not fit in region 'wram': overflowed by 188 bytes
ld.lld: error: section '.data.stacks' will not fit in region 'wram': overflowed by 188 bytes
ld.lld: error: section '.data.stacks' will not fit in region 'wram': overflowed by 188 bytes
ld.lld: error: too many errors emitted, stopping now (use -error-limit=0 to see all errors)
clang-12: error: ld.lld command failed with exit code 1 (use -v to see invocation)
make[1]: *** [Makefile:58: /home/clement.fournier/Work/cinm-mlir/.experiments/tags/prim_red_cinm2_hybrid400/run/red_256MB/seed_2175/bin/red_256MB] Error 1

  [FAIL] red_256MB seed_2144
         make failed:
ld.lld: error: section '.data' will not fit in region 'wram': overflowed by 144 bytes
ld.lld: error: section '.data' will not fit in region 'wram': overflowed by 148 bytes
ld.lld: error: section '.data' will not fit in region 'wram': overflowed by 172 bytes
ld.lld: error: section '.data' will not fit in region 'wram': overflowed by 176 bytes
ld.lld: error: section '.data.__sys_host' will not fit in region 'wram': overflowed by 176 bytes
ld.lld: error: section '.data.__sys_host' will not fit in region 'wram': overflowed by 176 bytes
ld.lld: error: section '.data.__sys_host' will not fit in region 'wram': overflowed by 188 bytes
ld.lld: error: section '.data.__sys_profiling' will not fit in region 'wram': overflowed by 188 bytes
ld.lld: error: section '.data.__sys_profiling' will not fit in region 'wram': overflowed by 188 bytes
ld.lld: error: section '.data.stacks' will not fit in region 'wram': overflowed by 188 bytes
ld.lld: error: section '.data.stacks' will not fit in region 'wram': overflowed by 188 bytes
ld.lld: error: section '.data.stacks' will not fit in region 'wram': overflowed by 188 bytes
ld.lld: error: section '.data.stacks' will not fit in region 'wram': overflowed by 188 bytes
ld.lld: error: section '.data.stacks' will not fit in region 'wram': overflowed by 188 bytes
ld.lld: error: section '.data.stacks' will not fit in region 'wram': overflowed by 188 bytes
ld.lld: error: section '.data.stacks' will not fit in region 'wram': overflowed by 188 bytes
ld.lld: error: section '.data.stacks' will not fit in region 'wram': overflowed by 188 bytes
ld.lld: error: section '.data.stacks' will not fit in region 'wram': overflowed by 188 bytes
ld.lld: error: section '.data.stacks' will not fit in region 'wram': overflowed by 188 bytes
ld.lld: error: section '.data.stacks' will not fit in region 'wram': overflowed by 188 bytes
ld.lld: error: too many errors emitted, stopping now (use -error-limit=0 to see all errors)
clang-12: error: ld.lld command failed with exit code 1 (use -v to see invocation)
make[1]: *** [Makefile:58: /home/clement.fournier/Work/cinm-mlir/.experiments/tags/prim_red_cinm2_hybrid400/run/red_256MB/seed_2144/bin/red_256MB] Error 1

  [FAIL] red_256MB seed_1989
         make failed:
ld.lld: error: section '.data' will not fit in region 'wram': overflowed by 144 bytes
ld.lld: error: section '.data' will not fit in region 'wram': overflowed by 148 bytes
ld.lld: error: section '.data' will not fit in region 'wram': overflowed by 172 bytes
ld.lld: error: section '.data' will not fit in region 'wram': overflowed by 176 bytes
ld.lld: error: section '.data.__sys_host' will not fit in region 'wram': overflowed by 176 bytes
ld.lld: error: section '.data.__sys_host' will not fit in region 'wram': overflowed by 176 bytes
ld.lld: error: section '.data.__sys_host' will not fit in region 'wram': overflowed by 188 bytes
ld.lld: error: section '.data.__sys_profiling' will not fit in region 'wram': overflowed by 188 bytes
ld.lld: error: section '.data.__sys_profiling' will not fit in region 'wram': overflowed by 188 bytes
ld.lld: error: section '.data.stacks' will not fit in region 'wram': overflowed by 188 bytes
ld.lld: error: section '.data.stacks' will not fit in region 'wram': overflowed by 188 bytes
ld.lld: error: section '.data.stacks' will not fit in region 'wram': overflowed by 188 bytes
ld.lld: error: section '.data.stacks' will not fit in region 'wram': overflowed by 188 bytes
ld.lld: error: section '.data.stacks' will not fit in region 'wram': overflowed by 188 bytes
ld.lld: error: section '.data.stacks' will not fit in region 'wram': overflowed by 188 bytes
ld.lld: error: section '.data.stacks' will not fit in region 'wram': overflowed by 188 bytes
ld.lld: error: section '.data.stacks' will not fit in region 'wram': overflowed by 188 bytes
ld.lld: error: section '.data.stacks' will not fit in region 'wram': overflowed by 188 bytes
ld.lld: error: section '.data.stacks' will not fit in region 'wram': overflowed by 188 bytes
ld.lld: error: section '.data.stacks' will not fit in region 'wram': overflowed by 188 bytes
ld.lld: error: too many errors emitted, stopping now (use -error-limit=0 to see all errors)
clang-12: error: ld.lld command failed with exit code 1 (use -v to see invocation)
make[1]: *** [Makefile:58: /home/clement.fournier/Work/cinm-mlir/.experiments/tags/prim_red_cinm2_hybrid400/run/red_256MB/seed_1989/bin/red_256MB] Error 1

  [FAIL] red_256MB seed_2113
         make failed:
ld.lld: error: section '.data' will not fit in region 'wram': overflowed by 144 bytes
ld.lld: error: section '.data' will not fit in region 'wram': overflowed by 148 bytes
ld.lld: error: section '.data' will not fit in region 'wram': overflowed by 172 bytes
ld.lld: error: section '.data' will not fit in region 'wram': overflowed by 176 bytes
ld.lld: error: section '.data.__sys_host' will not fit in region 'wram': overflowed by 176 bytes
ld.lld: error: section '.data.__sys_host' will not fit in region 'wram': overflowed by 176 bytes
ld.lld: error: section '.data.__sys_host' will not fit in region 'wram': overflowed by 188 bytes
ld.lld: error: section '.data.__sys_profiling' will not fit in region 'wram': overflowed by 188 bytes
ld.lld: error: section '.data.__sys_profiling' will not fit in region 'wram': overflowed by 188 bytes
ld.lld: error: section '.data.stacks' will not fit in region 'wram': overflowed by 188 bytes
ld.lld: error: section '.data.stacks' will not fit in region 'wram': overflowed by 188 bytes
ld.lld: error: section '.data.stacks' will not fit in region 'wram': overflowed by 188 bytes
ld.lld: error: section '.data.stacks' will not fit in region 'wram': overflowed by 188 bytes
ld.lld: error: section '.data.stacks' will not fit in region 'wram': overflowed by 188 bytes
ld.lld: error: section '.data.stacks' will not fit in region 'wram': overflowed by 188 bytes
ld.lld: error: section '.data.stacks' will not fit in region 'wram': overflowed by 188 bytes
ld.lld: error: section '.data.stacks' will not fit in region 'wram': overflowed by 188 bytes
ld.lld: error: section '.data.stacks' will not fit in region 'wram': overflowed by 188 bytes
ld.lld: error: section '.data.stacks' will not fit in region 'wram': overflowed by 188 bytes
ld.lld: error: section '.data.stacks' will not fit in region 'wram': overflowed by 188 bytes
ld.lld: error: too many errors emitted, stopping now (use -error-limit=0 to see all errors)
clang-12: error: ld.lld command failed with exit code 1 (use -v to see invocation)
make[1]: *** [Makefile:58: /home/clement.fournier/Work/cinm-mlir/.experiments/tags/prim_red_cinm2_hybrid400/run/red_256MB/seed_2113/bin/red_256MB] Error 1

  [FAIL] red_256MB seed_1958
         make failed:
ld.lld: error: section '.data' will not fit in region 'wram': overflowed by 144 bytes
ld.lld: error: section '.data' will not fit in region 'wram': overflowed by 148 bytes
ld.lld: error: section '.data' will not fit in region 'wram': overflowed by 172 bytes
ld.lld: error: section '.data' will not fit in region 'wram': overflowed by 176 bytes
ld.lld: error: section '.data.__sys_host' will not fit in region 'wram': overflowed by 176 bytes
ld.lld: error: section '.data.__sys_host' will not fit in region 'wram': overflowed by 176 bytes
ld.lld: error: section '.data.__sys_host' will not fit in region 'wram': overflowed by 188 bytes
ld.lld: error: section '.data.__sys_profiling' will not fit in region 'wram': overflowed by 188 bytes
ld.lld: error: section '.data.__sys_profiling' will not fit in region 'wram': overflowed by 188 bytes
ld.lld: error: section '.data.stacks' will not fit in region 'wram': overflowed by 188 bytes
ld.lld: error: section '.data.stacks' will not fit in region 'wram': overflowed by 188 bytes
ld.lld: error: section '.data.stacks' will not fit in region 'wram': overflowed by 188 bytes
ld.lld: error: section '.data.stacks' will not fit in region 'wram': overflowed by 188 bytes
ld.lld: error: section '.data.stacks' will not fit in region 'wram': overflowed by 188 bytes
ld.lld: error: section '.data.stacks' will not fit in region 'wram': overflowed by 188 bytes
ld.lld: error: section '.data.stacks' will not fit in region 'wram': overflowed by 188 bytes
ld.lld: error: section '.data.stacks' will not fit in region 'wram': overflowed by 188 bytes
ld.lld: error: section '.data.stacks' will not fit in region 'wram': overflowed by 188 bytes
ld.lld: error: section '.data.stacks' will not fit in region 'wram': overflowed by 188 bytes
ld.lld: error: section '.data.stacks' will not fit in region 'wram': overflowed by 188 bytes
ld.lld: error: too many errors emitted, stopping now (use -error-limit=0 to see all errors)
clang-12: error: ld.lld command failed with exit code 1 (use -v to see invocation)
make[1]: *** [Makefile:58: /home/clement.fournier/Work/cinm-mlir/.experiments/tags/prim_red_cinm2_hybrid400/run/red_256MB/seed_1958/bin/red_256MB] Error 1

  [FAIL] red_256MB seed_2020
         make failed:
ld.lld: error: section '.data' will not fit in region 'wram': overflowed by 144 bytes
ld.lld: error: section '.data' will not fit in region 'wram': overflowed by 148 bytes
ld.lld: error: section '.data' will not fit in region 'wram': overflowed by 172 bytes
ld.lld: error: section '.data' will not fit in region 'wram': overflowed by 176 bytes
ld.lld: error: section '.data.__sys_host' will not fit in region 'wram': overflowed by 176 bytes
ld.lld: error: section '.data.__sys_host' will not fit in region 'wram': overflowed by 176 bytes
ld.lld: error: section '.data.__sys_host' will not fit in region 'wram': overflowed by 188 bytes
ld.lld: error: section '.data.__sys_profiling' will not fit in region 'wram': overflowed by 188 bytes
ld.lld: error: section '.data.__sys_profiling' will not fit in region 'wram': overflowed by 188 bytes
ld.lld: error: section '.data.stacks' will not fit in region 'wram': overflowed by 188 bytes
ld.lld: error: section '.data.stacks' will not fit in region 'wram': overflowed by 188 bytes
ld.lld: error: section '.data.stacks' will not fit in region 'wram': overflowed by 188 bytes
ld.lld: error: section '.data.stacks' will not fit in region 'wram': overflowed by 188 bytes
ld.lld: error: section '.data.stacks' will not fit in region 'wram': overflowed by 188 bytes
ld.lld: error: section '.data.stacks' will not fit in region 'wram': overflowed by 188 bytes
ld.lld: error: section '.data.stacks' will not fit in region 'wram': overflowed by 188 bytes
ld.lld: error: section '.data.stacks' will not fit in region 'wram': overflowed by 188 bytes
ld.lld: error: section '.data.stacks' will not fit in region 'wram': overflowed by 188 bytes
ld.lld: error: section '.data.stacks' will not fit in region 'wram': overflowed by 188 bytes
ld.lld: error: section '.data.stacks' will not fit in region 'wram': overflowed by 188 bytes
ld.lld: error: too many errors emitted, stopping now (use -error-limit=0 to see all errors)
clang-12: error: ld.lld command failed with exit code 1 (use -v to see invocation)
make[1]: *** [Makefile:58: /home/clement.fournier/Work/cinm-mlir/.experiments/tags/prim_red_cinm2_hybrid400/run/red_256MB/seed_2020/bin/red_256MB] Error 1

  [FAIL] red_256MB seed_2547
         make failed:
ld.lld: error: section '.data' will not fit in region 'wram': overflowed by 144 bytes
ld.lld: error: section '.data' will not fit in region 'wram': overflowed by 148 bytes
ld.lld: error: section '.data' will not fit in region 'wram': overflowed by 172 bytes
ld.lld: error: section '.data' will not fit in region 'wram': overflowed by 176 bytes
ld.lld: error: section '.data.__sys_host' will not fit in region 'wram': overflowed by 176 bytes
ld.lld: error: section '.data.__sys_host' will not fit in region 'wram': overflowed by 176 bytes
ld.lld: error: section '.data.__sys_host' will not fit in region 'wram': overflowed by 188 bytes
ld.lld: error: section '.data.__sys_profiling' will not fit in region 'wram': overflowed by 188 bytes
ld.lld: error: section '.data.__sys_profiling' will not fit in region 'wram': overflowed by 188 bytes
ld.lld: error: section '.data.stacks' will not fit in region 'wram': overflowed by 188 bytes
ld.lld: error: section '.data.stacks' will not fit in region 'wram': overflowed by 188 bytes
ld.lld: error: section '.data.stacks' will not fit in region 'wram': overflowed by 188 bytes
ld.lld: error: section '.data.stacks' will not fit in region 'wram': overflowed by 188 bytes
ld.lld: error: section '.data.stacks' will not fit in region 'wram': overflowed by 188 bytes
ld.lld: error: section '.data.stacks' will not fit in region 'wram': overflowed by 188 bytes
ld.lld: error: section '.data.stacks' will not fit in region 'wram': overflowed by 188 bytes
ld.lld: error: section '.data.stacks' will not fit in region 'wram': overflowed by 188 bytes
ld.lld: error: section '.data.stacks' will not fit in region 'wram': overflowed by 188 bytes
ld.lld: error: section '.data.stacks' will not fit in region 'wram': overflowed by 188 bytes
ld.lld: error: section '.data.stacks' will not fit in region 'wram': overflowed by 188 bytes
ld.lld: error: too many errors emitted, stopping now (use -error-limit=0 to see all errors)
clang-12: error: ld.lld command failed with exit code 1 (use -v to see invocation)
make[1]: *** [Makefile:58: /home/clement.fournier/Work/cinm-mlir/.experiments/tags/prim_red_cinm2_hybrid400/run/red_256MB/seed_2547/bin/red_256MB] Error 1

  [FAIL] red_256MB seed_2051
         make failed:
ld.lld: error: section '.data' will not fit in region 'wram': overflowed by 144 bytes
ld.lld: error: section '.data' will not fit in region 'wram': overflowed by 148 bytes
ld.lld: error: section '.data' will not fit in region 'wram': overflowed by 172 bytes
ld.lld: error: section '.data' will not fit in region 'wram': overflowed by 176 bytes
ld.lld: error: section '.data.__sys_host' will not fit in region 'wram': overflowed by 176 bytes
ld.lld: error: section '.data.__sys_host' will not fit in region 'wram': overflowed by 176 bytes
ld.lld: error: section '.data.__sys_host' will not fit in region 'wram': overflowed by 188 bytes
ld.lld: error: section '.data.__sys_profiling' will not fit in region 'wram': overflowed by 188 bytes
ld.lld: error: section '.data.__sys_profiling' will not fit in region 'wram': overflowed by 188 bytes
ld.lld: error: section '.data.stacks' will not fit in region 'wram': overflowed by 188 bytes
ld.lld: error: section '.data.stacks' will not fit in region 'wram': overflowed by 188 bytes
ld.lld: error: section '.data.stacks' will not fit in region 'wram': overflowed by 188 bytes
ld.lld: error: section '.data.stacks' will not fit in region 'wram': overflowed by 188 bytes
ld.lld: error: section '.data.stacks' will not fit in region 'wram': overflowed by 188 bytes
ld.lld: error: section '.data.stacks' will not fit in region 'wram': overflowed by 188 bytes
ld.lld: error: section '.data.stacks' will not fit in region 'wram': overflowed by 188 bytes
ld.lld: error: section '.data.stacks' will not fit in region 'wram': overflowed by 188 bytes
ld.lld: error: section '.data.stacks' will not fit in region 'wram': overflowed by 188 bytes
ld.lld: error: section '.data.stacks' will not fit in region 'wram': overflowed by 188 bytes
ld.lld: error: section '.data.stacks' will not fit in region 'wram': overflowed by 188 bytes
ld.lld: error: too many errors emitted, stopping now (use -error-limit=0 to see all errors)
clang-12: error: ld.lld command failed with exit code 1 (use -v to see invocation)
make[1]: *** [Makefile:58: /home/clement.fournier/Work/cinm-mlir/.experiments/tags/prim_red_cinm2_hybrid400/run/red_256MB/seed_2051/bin/red_256MB] Error 1

  [FAIL] red_256MB seed_2082
         make failed:
ld.lld: error: section '.data' will not fit in region 'wram': overflowed by 144 bytes
ld.lld: error: section '.data' will not fit in region 'wram': overflowed by 148 bytes
ld.lld: error: section '.data' will not fit in region 'wram': overflowed by 172 bytes
ld.lld: error: section '.data' will not fit in region 'wram': overflowed by 176 bytes
ld.lld: error: section '.data.__sys_host' will not fit in region 'wram': overflowed by 176 bytes
ld.lld: error: section '.data.__sys_host' will not fit in region 'wram': overflowed by 176 bytes
ld.lld: error: section '.data.__sys_host' will not fit in region 'wram': overflowed by 188 bytes
ld.lld: error: section '.data.__sys_profiling' will not fit in region 'wram': overflowed by 188 bytes
ld.lld: error: section '.data.__sys_profiling' will not fit in region 'wram': overflowed by 188 bytes
ld.lld: error: section '.data.stacks' will not fit in region 'wram': overflowed by 188 bytes
ld.lld: error: section '.data.stacks' will not fit in region 'wram': overflowed by 188 bytes
ld.lld: error: section '.data.stacks' will not fit in region 'wram': overflowed by 188 bytes
ld.lld: error: section '.data.stacks' will not fit in region 'wram': overflowed by 188 bytes
ld.lld: error: section '.data.stacks' will not fit in region 'wram': overflowed by 188 bytes
ld.lld: error: section '.data.stacks' will not fit in region 'wram': overflowed by 188 bytes
ld.lld: error: section '.data.stacks' will not fit in region 'wram': overflowed by 188 bytes
ld.lld: error: section '.data.stacks' will not fit in region 'wram': overflowed by 188 bytes
ld.lld: error: section '.data.stacks' will not fit in region 'wram': overflowed by 188 bytes
ld.lld: error: section '.data.stacks' will not fit in region 'wram': overflowed by 188 bytes
ld.lld: error: section '.data.stacks' will not fit in region 'wram': overflowed by 188 bytes
ld.lld: error: too many errors emitted, stopping now (use -error-limit=0 to see all errors)
clang-12: error: ld.lld command failed with exit code 1 (use -v to see invocation)
make[1]: *** [Makefile:58: /home/clement.fournier/Work/cinm-mlir/.experiments/tags/prim_red_cinm2_hybrid400/run/red_256MB/seed_2082/bin/red_256MB] Error 1

  [FAIL] red_256MB seed_2299
         make failed:
ld.lld: error: section '.data' will not fit in region 'wram': overflowed by 144 bytes
ld.lld: error: section '.data' will not fit in region 'wram': overflowed by 148 bytes
ld.lld: error: section '.data' will not fit in region 'wram': overflowed by 172 bytes
ld.lld: error: section '.data' will not fit in region 'wram': overflowed by 176 bytes
ld.lld: error: section '.data.__sys_host' will not fit in region 'wram': overflowed by 176 bytes
ld.lld: error: section '.data.__sys_host' will not fit in region 'wram': overflowed by 176 bytes
ld.lld: error: section '.data.__sys_host' will not fit in region 'wram': overflowed by 188 bytes
ld.lld: error: section '.data.__sys_profiling' will not fit in region 'wram': overflowed by 188 bytes
ld.lld: error: section '.data.__sys_profiling' will not fit in region 'wram': overflowed by 188 bytes
ld.lld: error: section '.data.stacks' will not fit in region 'wram': overflowed by 188 bytes
ld.lld: error: section '.data.stacks' will not fit in region 'wram': overflowed by 188 bytes
ld.lld: error: section '.data.stacks' will not fit in region 'wram': overflowed by 188 bytes
ld.lld: error: section '.data.stacks' will not fit in region 'wram': overflowed by 188 bytes
ld.lld: error: section '.data.stacks' will not fit in region 'wram': overflowed by 188 bytes
ld.lld: error: section '.data.stacks' will not fit in region 'wram': overflowed by 188 bytes
ld.lld: error: section '.data.stacks' will not fit in region 'wram': overflowed by 188 bytes
ld.lld: error: section '.data.stacks' will not fit in region 'wram': overflowed by 188 bytes
ld.lld: error: section '.data.stacks' will not fit in region 'wram': overflowed by 188 bytes
ld.lld: error: section '.data.stacks' will not fit in region 'wram': overflowed by 188 bytes
ld.lld: error: section '.data.stacks' will not fit in region 'wram': overflowed by 188 bytes
ld.lld: error: too many errors emitted, stopping now (use -error-limit=0 to see all errors)
clang-12: error: ld.lld command failed with exit code 1 (use -v to see invocation)
make[1]: *** [Makefile:58: /home/clement.fournier/Work/cinm-mlir/.experiments/tags/prim_red_cinm2_hybrid400/run/red_256MB/seed_2299/bin/red_256MB] Error 1

  [FAIL] red_256MB seed_2361
         make failed:
ld.lld: error: section '.data' will not fit in region 'wram': overflowed by 144 bytes
ld.lld: error: section '.data' will not fit in region 'wram': overflowed by 148 bytes
ld.lld: error: section '.data' will not fit in region 'wram': overflowed by 172 bytes
ld.lld: error: section '.data' will not fit in region 'wram': overflowed by 176 bytes
ld.lld: error: section '.data.__sys_host' will not fit in region 'wram': overflowed by 176 bytes
ld.lld: error: section '.data.__sys_host' will not fit in region 'wram': overflowed by 176 bytes
ld.lld: error: section '.data.__sys_host' will not fit in region 'wram': overflowed by 188 bytes
ld.lld: error: section '.data.__sys_profiling' will not fit in region 'wram': overflowed by 188 bytes
ld.lld: error: section '.data.__sys_profiling' will not fit in region 'wram': overflowed by 188 bytes
ld.lld: error: section '.data.stacks' will not fit in region 'wram': overflowed by 188 bytes
ld.lld: error: section '.data.stacks' will not fit in region 'wram': overflowed by 188 bytes
ld.lld: error: section '.data.stacks' will not fit in region 'wram': overflowed by 188 bytes
ld.lld: error: section '.data.stacks' will not fit in region 'wram': overflowed by 188 bytes
ld.lld: error: section '.data.stacks' will not fit in region 'wram': overflowed by 188 bytes
ld.lld: error: section '.data.stacks' will not fit in region 'wram': overflowed by 188 bytes
ld.lld: error: section '.data.stacks' will not fit in region 'wram': overflowed by 188 bytes
ld.lld: error: section '.data.stacks' will not fit in region 'wram': overflowed by 188 bytes
ld.lld: error: section '.data.stacks' will not fit in region 'wram': overflowed by 188 bytes
ld.lld: error: section '.data.stacks' will not fit in region 'wram': overflowed by 188 bytes
ld.lld: error: section '.data.stacks' will not fit in region 'wram': overflowed by 188 bytes
ld.lld: error: too many errors emitted, stopping now (use -error-limit=0 to see all errors)
clang-12: error: ld.lld command failed with exit code 1 (use -v to see invocation)
make[1]: *** [Makefile:58: /home/clement.fournier/Work/cinm-mlir/.experiments/tags/prim_red_cinm2_hybrid400/run/red_256MB/seed_2361/bin/red_256MB] Error 1

  [FAIL] red_256MB seed_1927
         make failed:
ld.lld: error: section '.data' will not fit in region 'wram': overflowed by 144 bytes
ld.lld: error: section '.data' will not fit in region 'wram': overflowed by 148 bytes
ld.lld: error: section '.data' will not fit in region 'wram': overflowed by 172 bytes
ld.lld: error: section '.data' will not fit in region 'wram': overflowed by 176 bytes
ld.lld: error: section '.data.__sys_host' will not fit in region 'wram': overflowed by 176 bytes
ld.lld: error: section '.data.__sys_host' will not fit in region 'wram': overflowed by 176 bytes
ld.lld: error: section '.data.__sys_host' will not fit in region 'wram': overflowed by 188 bytes
ld.lld: error: section '.data.__sys_profiling' will not fit in region 'wram': overflowed by 188 bytes
ld.lld: error: section '.data.__sys_profiling' will not fit in region 'wram': overflowed by 188 bytes
ld.lld: error: section '.data.stacks' will not fit in region 'wram': overflowed by 188 bytes
ld.lld: error: section '.data.stacks' will not fit in region 'wram': overflowed by 188 bytes
ld.lld: error: section '.data.stacks' will not fit in region 'wram': overflowed by 188 bytes
ld.lld: error: section '.data.stacks' will not fit in region 'wram': overflowed by 188 bytes
ld.lld: error: section '.data.stacks' will not fit in region 'wram': overflowed by 188 bytes
ld.lld: error: section '.data.stacks' will not fit in region 'wram': overflowed by 188 bytes
ld.lld: error: section '.data.stacks' will not fit in region 'wram': overflowed by 188 bytes
ld.lld: error: section '.data.stacks' will not fit in region 'wram': overflowed by 188 bytes
ld.lld: error: section '.data.stacks' will not fit in region 'wram': overflowed by 188 bytes
ld.lld: error: section '.data.stacks' will not fit in region 'wram': overflowed by 188 bytes
ld.lld: error: section '.data.stacks' will not fit in region 'wram': overflowed by 188 bytes
ld.lld: error: too many errors emitted, stopping now (use -error-limit=0 to see all errors)
clang-12: error: ld.lld command failed with exit code 1 (use -v to see invocation)
make[1]: *** [Makefile:58: /home/clement.fournier/Work/cinm-mlir/.experiments/tags/prim_red_cinm2_hybrid400/run/red_256MB/seed_1927/bin/red_256MB] Error 1

  [FAIL] red_256MB seed_2578
         make failed:
ld.lld: error: section '.data' will not fit in region 'wram': overflowed by 144 bytes
ld.lld: error: section '.data' will not fit in region 'wram': overflowed by 148 bytes
ld.lld: error: section '.data' will not fit in region 'wram': overflowed by 172 bytes
ld.lld: error: section '.data' will not fit in region 'wram': overflowed by 176 bytes
ld.lld: error: section '.data.__sys_host' will not fit in region 'wram': overflowed by 176 bytes
ld.lld: error: section '.data.__sys_host' will not fit in region 'wram': overflowed by 176 bytes
ld.lld: error: section '.data.__sys_host' will not fit in region 'wram': overflowed by 188 bytes
ld.lld: error: section '.data.__sys_profiling' will not fit in region 'wram': overflowed by 188 bytes
ld.lld: error: section '.data.__sys_profiling' will not fit in region 'wram': overflowed by 188 bytes
ld.lld: error: section '.data.stacks' will not fit in region 'wram': overflowed by 188 bytes
ld.lld: error: section '.data.stacks' will not fit in region 'wram': overflowed by 188 bytes
ld.lld: error: section '.data.stacks' will not fit in region 'wram': overflowed by 188 bytes
ld.lld: error: section '.data.stacks' will not fit in region 'wram': overflowed by 188 bytes
ld.lld: error: section '.data.stacks' will not fit in region 'wram': overflowed by 188 bytes
ld.lld: error: section '.data.stacks' will not fit in region 'wram': overflowed by 188 bytes
ld.lld: error: section '.data.stacks' will not fit in region 'wram': overflowed by 188 bytes
ld.lld: error: section '.data.stacks' will not fit in region 'wram': overflowed by 188 bytes
ld.lld: error: section '.data.stacks' will not fit in region 'wram': overflowed by 188 bytes
ld.lld: error: section '.data.stacks' will not fit in region 'wram': overflowed by 188 bytes
ld.lld: error: section '.data.stacks' will not fit in region 'wram': overflowed by 188 bytes
ld.lld: error: too many errors emitted, stopping now (use -error-limit=0 to see all errors)
clang-12: error: ld.lld command failed with exit code 1 (use -v to see invocation)
make[1]: *** [Makefile:58: /home/clement.fournier/Work/cinm-mlir/.experiments/tags/prim_red_cinm2_hybrid400/run/red_256MB/seed_2578/bin/red_256MB] Error 1

  [FAIL] red_256MB seed_222
         make failed:
ld.lld: error: section '.data' will not fit in region 'wram': overflowed by 144 bytes
ld.lld: error: section '.data' will not fit in region 'wram': overflowed by 148 bytes
ld.lld: error: section '.data' will not fit in region 'wram': overflowed by 172 bytes
ld.lld: error: section '.data' will not fit in region 'wram': overflowed by 176 bytes
ld.lld: error: section '.data.__sys_host' will not fit in region 'wram': overflowed by 176 bytes
ld.lld: error: section '.data.__sys_host' will not fit in region 'wram': overflowed by 176 bytes
ld.lld: error: section '.data.__sys_host' will not fit in region 'wram': overflowed by 188 bytes
ld.lld: error: section '.data.__sys_profiling' will not fit in region 'wram': overflowed by 188 bytes
ld.lld: error: section '.data.__sys_profiling' will not fit in region 'wram': overflowed by 188 bytes
ld.lld: error: section '.data.stacks' will not fit in region 'wram': overflowed by 188 bytes
ld.lld: error: section '.data.stacks' will not fit in region 'wram': overflowed by 188 bytes
ld.lld: error: section '.data.stacks' will not fit in region 'wram': overflowed by 188 bytes
ld.lld: error: section '.data.stacks' will not fit in region 'wram': overflowed by 188 bytes
ld.lld: error: section '.data.stacks' will not fit in region 'wram': overflowed by 188 bytes
ld.lld: error: section '.data.stacks' will not fit in region 'wram': overflowed by 188 bytes
ld.lld: error: section '.data.stacks' will not fit in region 'wram': overflowed by 188 bytes
ld.lld: error: section '.data.stacks' will not fit in region 'wram': overflowed by 188 bytes
ld.lld: error: section '.data.stacks' will not fit in region 'wram': overflowed by 188 bytes
ld.lld: error: section '.data.stacks' will not fit in region 'wram': overflowed by 188 bytes
ld.lld: error: section '.data.stacks' will not fit in region 'wram': overflowed by 188 bytes
ld.lld: error: too many errors emitted, stopping now (use -error-limit=0 to see all errors)
clang-12: error: ld.lld command failed with exit code 1 (use -v to see invocation)
make[1]: *** [Makefile:58: /home/clement.fournier/Work/cinm-mlir/.experiments/tags/prim_red_cinm2_hybrid400/run/red_256MB/seed_222/bin/red_256MB] Error 1

  [FAIL] red_256MB seed_2206
         make failed:
ld.lld: error: section '.data' will not fit in region 'wram': overflowed by 144 bytes
ld.lld: error: section '.data' will not fit in region 'wram': overflowed by 148 bytes
ld.lld: error: section '.data' will not fit in region 'wram': overflowed by 172 bytes
ld.lld: error: section '.data' will not fit in region 'wram': overflowed by 176 bytes
ld.lld: error: section '.data.__sys_host' will not fit in region 'wram': overflowed by 176 bytes
ld.lld: error: section '.data.__sys_host' will not fit in region 'wram': overflowed by 176 bytes
ld.lld: error: section '.data.__sys_host' will not fit in region 'wram': overflowed by 188 bytes
ld.lld: error: section '.data.__sys_profiling' will not fit in region 'wram': overflowed by 188 bytes
ld.lld: error: section '.data.__sys_profiling' will not fit in region 'wram': overflowed by 188 bytes
ld.lld: error: section '.data.stacks' will not fit in region 'wram': overflowed by 188 bytes
ld.lld: error: section '.data.stacks' will not fit in region 'wram': overflowed by 188 bytes
ld.lld: error: section '.data.stacks' will not fit in region 'wram': overflowed by 188 bytes
ld.lld: error: section '.data.stacks' will not fit in region 'wram': overflowed by 188 bytes
ld.lld: error: section '.data.stacks' will not fit in region 'wram': overflowed by 188 bytes
ld.lld: error: section '.data.stacks' will not fit in region 'wram': overflowed by 188 bytes
ld.lld: error: section '.data.stacks' will not fit in region 'wram': overflowed by 188 bytes
ld.lld: error: section '.data.stacks' will not fit in region 'wram': overflowed by 188 bytes
ld.lld: error: section '.data.stacks' will not fit in region 'wram': overflowed by 188 bytes
ld.lld: error: section '.data.stacks' will not fit in region 'wram': overflowed by 188 bytes
ld.lld: error: section '.data.stacks' will not fit in region 'wram': overflowed by 188 bytes
ld.lld: error: too many errors emitted, stopping now (use -error-limit=0 to see all errors)
clang-12: error: ld.lld command failed with exit code 1 (use -v to see invocation)
make[1]: *** [Makefile:58: /home/clement.fournier/Work/cinm-mlir/.experiments/tags/prim_red_cinm2_hybrid400/run/red_256MB/seed_2206/bin/red_256MB] Error 1

  [FAIL] red_256MB seed_2237
         make failed:
ld.lld: error: section '.data' will not fit in region 'wram': overflowed by 144 bytes
ld.lld: error: section '.data' will not fit in region 'wram': overflowed by 148 bytes
ld.lld: error: section '.data' will not fit in region 'wram': overflowed by 172 bytes
ld.lld: error: section '.data' will not fit in region 'wram': overflowed by 176 bytes
ld.lld: error: section '.data.__sys_host' will not fit in region 'wram': overflowed by 176 bytes
ld.lld: error: section '.data.__sys_host' will not fit in region 'wram': overflowed by 176 bytes
ld.lld: error: section '.data.__sys_host' will not fit in region 'wram': overflowed by 188 bytes
ld.lld: error: section '.data.__sys_profiling' will not fit in region 'wram': overflowed by 188 bytes
ld.lld: error: section '.data.__sys_profiling' will not fit in region 'wram': overflowed by 188 bytes
ld.lld: error: section '.data.stacks' will not fit in region 'wram': overflowed by 188 bytes
ld.lld: error: section '.data.stacks' will not fit in region 'wram': overflowed by 188 bytes
ld.lld: error: section '.data.stacks' will not fit in region 'wram': overflowed by 188 bytes
ld.lld: error: section '.data.stacks' will not fit in region 'wram': overflowed by 188 bytes
ld.lld: error: section '.data.stacks' will not fit in region 'wram': overflowed by 188 bytes
ld.lld: error: section '.data.stacks' will not fit in region 'wram': overflowed by 188 bytes
ld.lld: error: section '.data.stacks' will not fit in region 'wram': overflowed by 188 bytes
ld.lld: error: section '.data.stacks' will not fit in region 'wram': overflowed by 188 bytes
ld.lld: error: section '.data.stacks' will not fit in region 'wram': overflowed by 188 bytes
ld.lld: error: section '.data.stacks' will not fit in region 'wram': overflowed by 188 bytes
ld.lld: error: section '.data.stacks' will not fit in region 'wram': overflowed by 188 bytes
ld.lld: error: too many errors emitted, stopping now (use -error-limit=0 to see all errors)
clang-12: error: ld.lld command failed with exit code 1 (use -v to see invocation)
make[1]: *** [Makefile:58: /home/clement.fournier/Work/cinm-mlir/.experiments/tags/prim_red_cinm2_hybrid400/run/red_256MB/seed_2237/bin/red_256MB] Error 1

  [FAIL] red_256MB seed_2485
         make failed:
ld.lld: error: section '.data' will not fit in region 'wram': overflowed by 144 bytes
ld.lld: error: section '.data' will not fit in region 'wram': overflowed by 148 bytes
ld.lld: error: section '.data' will not fit in region 'wram': overflowed by 172 bytes
ld.lld: error: section '.data' will not fit in region 'wram': overflowed by 176 bytes
ld.lld: error: section '.data.__sys_host' will not fit in region 'wram': overflowed by 176 bytes
ld.lld: error: section '.data.__sys_host' will not fit in region 'wram': overflowed by 176 bytes
ld.lld: error: section '.data.__sys_host' will not fit in region 'wram': overflowed by 188 bytes
ld.lld: error: section '.data.__sys_profiling' will not fit in region 'wram': overflowed by 188 bytes
ld.lld: error: section '.data.__sys_profiling' will not fit in region 'wram': overflowed by 188 bytes
ld.lld: error: section '.data.stacks' will not fit in region 'wram': overflowed by 188 bytes
ld.lld: error: section '.data.stacks' will not fit in region 'wram': overflowed by 188 bytes
ld.lld: error: section '.data.stacks' will not fit in region 'wram': overflowed by 188 bytes
ld.lld: error: section '.data.stacks' will not fit in region 'wram': overflowed by 188 bytes
ld.lld: error: section '.data.stacks' will not fit in region 'wram': overflowed by 188 bytes
ld.lld: error: section '.data.stacks' will not fit in region 'wram': overflowed by 188 bytes
ld.lld: error: section '.data.stacks' will not fit in region 'wram': overflowed by 188 bytes
ld.lld: error: section '.data.stacks' will not fit in region 'wram': overflowed by 188 bytes
ld.lld: error: section '.data.stacks' will not fit in region 'wram': overflowed by 188 bytes
ld.lld: error: section '.data.stacks' will not fit in region 'wram': overflowed by 188 bytes
ld.lld: error: section '.data.stacks' will not fit in region 'wram': overflowed by 188 bytes
ld.lld: error: too many errors emitted, stopping now (use -error-limit=0 to see all errors)
clang-12: error: ld.lld command failed with exit code 1 (use -v to see invocation)
make[1]: *** [Makefile:58: /home/clement.fournier/Work/cinm-mlir/.experiments/tags/prim_red_cinm2_hybrid400/run/red_256MB/seed_2485/bin/red_256MB] Error 1

  [FAIL] red_256MB seed_2423
         make failed:
ld.lld: error: section '.data' will not fit in region 'wram': overflowed by 144 bytes
ld.lld: error: section '.data' will not fit in region 'wram': overflowed by 148 bytes
ld.lld: error: section '.data' will not fit in region 'wram': overflowed by 172 bytes
ld.lld: error: section '.data' will not fit in region 'wram': overflowed by 176 bytes
ld.lld: error: section '.data.__sys_host' will not fit in region 'wram': overflowed by 176 bytes
ld.lld: error: section '.data.__sys_host' will not fit in region 'wram': overflowed by 176 bytes
ld.lld: error: section '.data.__sys_host' will not fit in region 'wram': overflowed by 188 bytes
ld.lld: error: section '.data.__sys_profiling' will not fit in region 'wram': overflowed by 188 bytes
ld.lld: error: section '.data.__sys_profiling' will not fit in region 'wram': overflowed by 188 bytes
ld.lld: error: section '.data.stacks' will not fit in region 'wram': overflowed by 188 bytes
ld.lld: error: section '.data.stacks' will not fit in region 'wram': overflowed by 188 bytes
ld.lld: error: section '.data.stacks' will not fit in region 'wram': overflowed by 188 bytes
ld.lld: error: section '.data.stacks' will not fit in region 'wram': overflowed by 188 bytes
ld.lld: error: section '.data.stacks' will not fit in region 'wram': overflowed by 188 bytes
ld.lld: error: section '.data.stacks' will not fit in region 'wram': overflowed by 188 bytes
ld.lld: error: section '.data.stacks' will not fit in region 'wram': overflowed by 188 bytes
ld.lld: error: section '.data.stacks' will not fit in region 'wram': overflowed by 188 bytes
ld.lld: error: section '.data.stacks' will not fit in region 'wram': overflowed by 188 bytes
ld.lld: error: section '.data.stacks' will not fit in region 'wram': overflowed by 188 bytes
ld.lld: error: section '.data.stacks' will not fit in region 'wram': overflowed by 188 bytes
ld.lld: error: too many errors emitted, stopping now (use -error-limit=0 to see all errors)
clang-12: error: ld.lld command failed with exit code 1 (use -v to see invocation)
make[1]: *** [Makefile:58: /home/clement.fournier/Work/cinm-mlir/.experiments/tags/prim_red_cinm2_hybrid400/run/red_256MB/seed_2423/bin/red_256MB] Error 1

  [FAIL] red_256MB seed_2516
         make failed:
ld.lld: error: section '.data' will not fit in region 'wram': overflowed by 144 bytes
ld.lld: error: section '.data' will not fit in region 'wram': overflowed by 148 bytes
ld.lld: error: section '.data' will not fit in region 'wram': overflowed by 172 bytes
ld.lld: error: section '.data' will not fit in region 'wram': overflowed by 176 bytes
ld.lld: error: section '.data.__sys_host' will not fit in region 'wram': overflowed by 176 bytes
ld.lld: error: section '.data.__sys_host' will not fit in region 'wram': overflowed by 176 bytes
ld.lld: error: section '.data.__sys_host' will not fit in region 'wram': overflowed by 188 bytes
ld.lld: error: section '.data.__sys_profiling' will not fit in region 'wram': overflowed by 188 bytes
ld.lld: error: section '.data.__sys_profiling' will not fit in region 'wram': overflowed by 188 bytes
ld.lld: error: section '.data.stacks' will not fit in region 'wram': overflowed by 188 bytes
ld.lld: error: section '.data.stacks' will not fit in region 'wram': overflowed by 188 bytes
ld.lld: error: section '.data.stacks' will not fit in region 'wram': overflowed by 188 bytes
ld.lld: error: section '.data.stacks' will not fit in region 'wram': overflowed by 188 bytes
ld.lld: error: section '.data.stacks' will not fit in region 'wram': overflowed by 188 bytes
ld.lld: error: section '.data.stacks' will not fit in region 'wram': overflowed by 188 bytes
ld.lld: error: section '.data.stacks' will not fit in region 'wram': overflowed by 188 bytes
ld.lld: error: section '.data.stacks' will not fit in region 'wram': overflowed by 188 bytes
ld.lld: error: section '.data.stacks' will not fit in region 'wram': overflowed by 188 bytes
ld.lld: error: section '.data.stacks' will not fit in region 'wram': overflowed by 188 bytes
ld.lld: error: section '.data.stacks' will not fit in region 'wram': overflowed by 188 bytes
ld.lld: error: too many errors emitted, stopping now (use -error-limit=0 to see all errors)
clang-12: error: ld.lld command failed with exit code 1 (use -v to see invocation)
make[1]: *** [Makefile:58: /home/clement.fournier/Work/cinm-mlir/.experiments/tags/prim_red_cinm2_hybrid400/run/red_256MB/seed_2516/bin/red_256MB] Error 1

  [FAIL] red_256MB seed_2609
         make failed:
ld.lld: error: section '.data' will not fit in region 'wram': overflowed by 144 bytes
ld.lld: error: section '.data' will not fit in region 'wram': overflowed by 148 bytes
ld.lld: error: section '.data' will not fit in region 'wram': overflowed by 172 bytes
ld.lld: error: section '.data' will not fit in region 'wram': overflowed by 176 bytes
ld.lld: error: section '.data.__sys_host' will not fit in region 'wram': overflowed by 176 bytes
ld.lld: error: section '.data.__sys_host' will not fit in region 'wram': overflowed by 176 bytes
ld.lld: error: section '.data.__sys_host' will not fit in region 'wram': overflowed by 188 bytes
ld.lld: error: section '.data.__sys_profiling' will not fit in region 'wram': overflowed by 188 bytes
ld.lld: error: section '.data.__sys_profiling' will not fit in region 'wram': overflowed by 188 bytes
ld.lld: error: section '.data.stacks' will not fit in region 'wram': overflowed by 188 bytes
ld.lld: error: section '.data.stacks' will not fit in region 'wram': overflowed by 188 bytes
ld.lld: error: section '.data.stacks' will not fit in region 'wram': overflowed by 188 bytes
ld.lld: error: section '.data.stacks' will not fit in region 'wram': overflowed by 188 bytes
ld.lld: error: section '.data.stacks' will not fit in region 'wram': overflowed by 188 bytes
ld.lld: error: section '.data.stacks' will not fit in region 'wram': overflowed by 188 bytes
ld.lld: error: section '.data.stacks' will not fit in region 'wram': overflowed by 188 bytes
ld.lld: error: section '.data.stacks' will not fit in region 'wram': overflowed by 188 bytes
ld.lld: error: section '.data.stacks' will not fit in region 'wram': overflowed by 188 bytes
ld.lld: error: section '.data.stacks' will not fit in region 'wram': overflowed by 188 bytes
ld.lld: error: section '.data.stacks' will not fit in region 'wram': overflowed by 188 bytes
ld.lld: error: too many errors emitted, stopping now (use -error-limit=0 to see all errors)
clang-12: error: ld.lld command failed with exit code 1 (use -v to see invocation)
make[1]: *** [Makefile:58: /home/clement.fournier/Work/cinm-mlir/.experiments/tags/prim_red_cinm2_hybrid400/run/red_256MB/seed_2609/bin/red_256MB] Error 1

  [FAIL] red_256MB seed_2392
         make failed:
ld.lld: error: section '.data' will not fit in region 'wram': overflowed by 144 bytes
ld.lld: error: section '.data' will not fit in region 'wram': overflowed by 148 bytes
ld.lld: error: section '.data' will not fit in region 'wram': overflowed by 172 bytes
ld.lld: error: section '.data' will not fit in region 'wram': overflowed by 176 bytes
ld.lld: error: section '.data.__sys_host' will not fit in region 'wram': overflowed by 176 bytes
ld.lld: error: section '.data.__sys_host' will not fit in region 'wram': overflowed by 176 bytes
ld.lld: error: section '.data.__sys_host' will not fit in region 'wram': overflowed by 188 bytes
ld.lld: error: section '.data.__sys_profiling' will not fit in region 'wram': overflowed by 188 bytes
ld.lld: error: section '.data.__sys_profiling' will not fit in region 'wram': overflowed by 188 bytes
ld.lld: error: section '.data.stacks' will not fit in region 'wram': overflowed by 188 bytes
ld.lld: error: section '.data.stacks' will not fit in region 'wram': overflowed by 188 bytes
ld.lld: error: section '.data.stacks' will not fit in region 'wram': overflowed by 188 bytes
ld.lld: error: section '.data.stacks' will not fit in region 'wram': overflowed by 188 bytes
ld.lld: error: section '.data.stacks' will not fit in region 'wram': overflowed by 188 bytes
ld.lld: error: section '.data.stacks' will not fit in region 'wram': overflowed by 188 bytes
ld.lld: error: section '.data.stacks' will not fit in region 'wram': overflowed by 188 bytes
ld.lld: error: section '.data.stacks' will not fit in region 'wram': overflowed by 188 bytes
ld.lld: error: section '.data.stacks' will not fit in region 'wram': overflowed by 188 bytes
ld.lld: error: section '.data.stacks' will not fit in region 'wram': overflowed by 188 bytes
ld.lld: error: section '.data.stacks' will not fit in region 'wram': overflowed by 188 bytes
ld.lld: error: too many errors emitted, stopping now (use -error-limit=0 to see all errors)
clang-12: error: ld.lld command failed with exit code 1 (use -v to see invocation)
make[1]: *** [Makefile:58: /home/clement.fournier/Work/cinm-mlir/.experiments/tags/prim_red_cinm2_hybrid400/run/red_256MB/seed_2392/bin/red_256MB] Error 1

  [FAIL] red_256MB seed_2268
         make failed:
ld.lld: error: section '.data' will not fit in region 'wram': overflowed by 144 bytes
ld.lld: error: section '.data' will not fit in region 'wram': overflowed by 148 bytes
ld.lld: error: section '.data' will not fit in region 'wram': overflowed by 172 bytes
ld.lld: error: section '.data' will not fit in region 'wram': overflowed by 176 bytes
ld.lld: error: section '.data.__sys_host' will not fit in region 'wram': overflowed by 176 bytes
ld.lld: error: section '.data.__sys_host' will not fit in region 'wram': overflowed by 176 bytes
ld.lld: error: section '.data.__sys_host' will not fit in region 'wram': overflowed by 188 bytes
ld.lld: error: section '.data.__sys_profiling' will not fit in region 'wram': overflowed by 188 bytes
ld.lld: error: section '.data.__sys_profiling' will not fit in region 'wram': overflowed by 188 bytes
ld.lld: error: section '.data.stacks' will not fit in region 'wram': overflowed by 188 bytes
ld.lld: error: section '.data.stacks' will not fit in region 'wram': overflowed by 188 bytes
ld.lld: error: section '.data.stacks' will not fit in region 'wram': overflowed by 188 bytes
ld.lld: error: section '.data.stacks' will not fit in region 'wram': overflowed by 188 bytes
ld.lld: error: section '.data.stacks' will not fit in region 'wram': overflowed by 188 bytes
ld.lld: error: section '.data.stacks' will not fit in region 'wram': overflowed by 188 bytes
ld.lld: error: section '.data.stacks' will not fit in region 'wram': overflowed by 188 bytes
ld.lld: error: section '.data.stacks' will not fit in region 'wram': overflowed by 188 bytes
ld.lld: error: section '.data.stacks' will not fit in region 'wram': overflowed by 188 bytes
ld.lld: error: section '.data.stacks' will not fit in region 'wram': overflowed by 188 bytes
ld.lld: error: section '.data.stacks' will not fit in region 'wram': overflowed by 188 bytes
ld.lld: error: too many errors emitted, stopping now (use -error-limit=0 to see all errors)
clang-12: error: ld.lld command failed with exit code 1 (use -v to see invocation)
make[1]: *** [Makefile:58: /home/clement.fournier/Work/cinm-mlir/.experiments/tags/prim_red_cinm2_hybrid400/run/red_256MB/seed_2268/bin/red_256MB] Error 1

  [FAIL] red_256MB seed_2330
         make failed:
ld.lld: error: section '.data' will not fit in region 'wram': overflowed by 144 bytes
ld.lld: error: section '.data' will not fit in region 'wram': overflowed by 148 bytes
ld.lld: error: section '.data' will not fit in region 'wram': overflowed by 172 bytes
ld.lld: error: section '.data' will not fit in region 'wram': overflowed by 176 bytes
ld.lld: error: section '.data.__sys_host' will not fit in region 'wram': overflowed by 176 bytes
ld.lld: error: section '.data.__sys_host' will not fit in region 'wram': overflowed by 176 bytes
ld.lld: error: section '.data.__sys_host' will not fit in region 'wram': overflowed by 188 bytes
ld.lld: error: section '.data.__sys_profiling' will not fit in region 'wram': overflowed by 188 bytes
ld.lld: error: section '.data.__sys_profiling' will not fit in region 'wram': overflowed by 188 bytes
ld.lld: error: section '.data.stacks' will not fit in region 'wram': overflowed by 188 bytes
ld.lld: error: section '.data.stacks' will not fit in region 'wram': overflowed by 188 bytes
ld.lld: error: section '.data.stacks' will not fit in region 'wram': overflowed by 188 bytes
ld.lld: error: section '.data.stacks' will not fit in region 'wram': overflowed by 188 bytes
ld.lld: error: section '.data.stacks' will not fit in region 'wram': overflowed by 188 bytes
ld.lld: error: section '.data.stacks' will not fit in region 'wram': overflowed by 188 bytes
ld.lld: error: section '.data.stacks' will not fit in region 'wram': overflowed by 188 bytes
ld.lld: error: section '.data.stacks' will not fit in region 'wram': overflowed by 188 bytes
ld.lld: error: section '.data.stacks' will not fit in region 'wram': overflowed by 188 bytes
ld.lld: error: section '.data.stacks' will not fit in region 'wram': overflowed by 188 bytes
ld.lld: error: section '.data.stacks' will not fit in region 'wram': overflowed by 188 bytes
ld.lld: error: too many errors emitted, stopping now (use -error-limit=0 to see all errors)
clang-12: error: ld.lld command failed with exit code 1 (use -v to see invocation)
make[1]: *** [Makefile:58: /home/clement.fournier/Work/cinm-mlir/.experiments/tags/prim_red_cinm2_hybrid400/run/red_256MB/seed_2330/bin/red_256MB] Error 1

  [FAIL] red_256MB seed_2733
         make failed:
ld.lld: error: section '.data' will not fit in region 'wram': overflowed by 144 bytes
ld.lld: error: section '.data' will not fit in region 'wram': overflowed by 148 bytes
ld.lld: error: section '.data' will not fit in region 'wram': overflowed by 172 bytes
ld.lld: error: section '.data' will not fit in region 'wram': overflowed by 176 bytes
ld.lld: error: section '.data.__sys_host' will not fit in region 'wram': overflowed by 176 bytes
ld.lld: error: section '.data.__sys_host' will not fit in region 'wram': overflowed by 176 bytes
ld.lld: error: section '.data.__sys_host' will not fit in region 'wram': overflowed by 188 bytes
ld.lld: error: section '.data.__sys_profiling' will not fit in region 'wram': overflowed by 188 bytes
ld.lld: error: section '.data.__sys_profiling' will not fit in region 'wram': overflowed by 188 bytes
ld.lld: error: section '.data.stacks' will not fit in region 'wram': overflowed by 188 bytes
ld.lld: error: section '.data.stacks' will not fit in region 'wram': overflowed by 188 bytes
ld.lld: error: section '.data.stacks' will not fit in region 'wram': overflowed by 188 bytes
ld.lld: error: section '.data.stacks' will not fit in region 'wram': overflowed by 188 bytes
ld.lld: error: section '.data.stacks' will not fit in region 'wram': overflowed by 188 bytes
ld.lld: error: section '.data.stacks' will not fit in region 'wram': overflowed by 188 bytes
ld.lld: error: section '.data.stacks' will not fit in region 'wram': overflowed by 188 bytes
ld.lld: error: section '.data.stacks' will not fit in region 'wram': overflowed by 188 bytes
ld.lld: error: section '.data.stacks' will not fit in region 'wram': overflowed by 188 bytes
ld.lld: error: section '.data.stacks' will not fit in region 'wram': overflowed by 188 bytes
ld.lld: error: section '.data.stacks' will not fit in region 'wram': overflowed by 188 bytes
ld.lld: error: too many errors emitted, stopping now (use -error-limit=0 to see all errors)
clang-12: error: ld.lld command failed with exit code 1 (use -v to see invocation)
make[1]: *** [Makefile:58: /home/clement.fournier/Work/cinm-mlir/.experiments/tags/prim_red_cinm2_hybrid400/run/red_256MB/seed_2733/bin/red_256MB] Error 1

  [FAIL] red_256MB seed_253
         make failed:
ld.lld: error: section '.data' will not fit in region 'wram': overflowed by 144 bytes
ld.lld: error: section '.data' will not fit in region 'wram': overflowed by 148 bytes
ld.lld: error: section '.data' will not fit in region 'wram': overflowed by 172 bytes
ld.lld: error: section '.data' will not fit in region 'wram': overflowed by 176 bytes
ld.lld: error: section '.data.__sys_host' will not fit in region 'wram': overflowed by 176 bytes
ld.lld: error: section '.data.__sys_host' will not fit in region 'wram': overflowed by 176 bytes
ld.lld: error: section '.data.__sys_host' will not fit in region 'wram': overflowed by 188 bytes
ld.lld: error: section '.data.__sys_profiling' will not fit in region 'wram': overflowed by 188 bytes
ld.lld: error: section '.data.__sys_profiling' will not fit in region 'wram': overflowed by 188 bytes
ld.lld: error: section '.data.stacks' will not fit in region 'wram': overflowed by 188 bytes
ld.lld: error: section '.data.stacks' will not fit in region 'wram': overflowed by 188 bytes
ld.lld: error: section '.data.stacks' will not fit in region 'wram': overflowed by 188 bytes
ld.lld: error: section '.data.stacks' will not fit in region 'wram': overflowed by 188 bytes
ld.lld: error: section '.data.stacks' will not fit in region 'wram': overflowed by 188 bytes
ld.lld: error: section '.data.stacks' will not fit in region 'wram': overflowed by 188 bytes
ld.lld: error: section '.data.stacks' will not fit in region 'wram': overflowed by 188 bytes
ld.lld: error: section '.data.stacks' will not fit in region 'wram': overflowed by 188 bytes
ld.lld: error: section '.data.stacks' will not fit in region 'wram': overflowed by 188 bytes
ld.lld: error: section '.data.stacks' will not fit in region 'wram': overflowed by 188 bytes
ld.lld: error: section '.data.stacks' will not fit in region 'wram': overflowed by 188 bytes
ld.lld: error: too many errors emitted, stopping now (use -error-limit=0 to see all errors)
clang-12: error: ld.lld command failed with exit code 1 (use -v to see invocation)
make[1]: *** [Makefile:58: /home/clement.fournier/Work/cinm-mlir/.experiments/tags/prim_red_cinm2_hybrid400/run/red_256MB/seed_253/bin/red_256MB] Error 1

  [FAIL] red_256MB seed_2826
         make failed:
ld.lld: error: section '.data' will not fit in region 'wram': overflowed by 144 bytes
ld.lld: error: section '.data' will not fit in region 'wram': overflowed by 148 bytes
ld.lld: error: section '.data' will not fit in region 'wram': overflowed by 172 bytes
ld.lld: error: section '.data' will not fit in region 'wram': overflowed by 176 bytes
ld.lld: error: section '.data.__sys_host' will not fit in region 'wram': overflowed by 176 bytes
ld.lld: error: section '.data.__sys_host' will not fit in region 'wram': overflowed by 176 bytes
ld.lld: error: section '.data.__sys_host' will not fit in region 'wram': overflowed by 188 bytes
ld.lld: error: section '.data.__sys_profiling' will not fit in region 'wram': overflowed by 188 bytes
ld.lld: error: section '.data.__sys_profiling' will not fit in region 'wram': overflowed by 188 bytes
ld.lld: error: section '.data.stacks' will not fit in region 'wram': overflowed by 188 bytes
ld.lld: error: section '.data.stacks' will not fit in region 'wram': overflowed by 188 bytes
ld.lld: error: section '.data.stacks' will not fit in region 'wram': overflowed by 188 bytes
ld.lld: error: section '.data.stacks' will not fit in region 'wram': overflowed by 188 bytes
ld.lld: error: section '.data.stacks' will not fit in region 'wram': overflowed by 188 bytes
ld.lld: error: section '.data.stacks' will not fit in region 'wram': overflowed by 188 bytes
ld.lld: error: section '.data.stacks' will not fit in region 'wram': overflowed by 188 bytes
ld.lld: error: section '.data.stacks' will not fit in region 'wram': overflowed by 188 bytes
ld.lld: error: section '.data.stacks' will not fit in region 'wram': overflowed by 188 bytes
ld.lld: error: section '.data.stacks' will not fit in region 'wram': overflowed by 188 bytes
ld.lld: error: section '.data.stacks' will not fit in region 'wram': overflowed by 188 bytes
ld.lld: error: too many errors emitted, stopping now (use -error-limit=0 to see all errors)
clang-12: error: ld.lld command failed with exit code 1 (use -v to see invocation)
make[1]: *** [Makefile:58: /home/clement.fournier/Work/cinm-mlir/.experiments/tags/prim_red_cinm2_hybrid400/run/red_256MB/seed_2826/bin/red_256MB] Error 1

  [FAIL] red_256MB seed_2702
         make failed:
ld.lld: error: section '.data' will not fit in region 'wram': overflowed by 144 bytes
ld.lld: error: section '.data' will not fit in region 'wram': overflowed by 148 bytes
ld.lld: error: section '.data' will not fit in region 'wram': overflowed by 172 bytes
ld.lld: error: section '.data' will not fit in region 'wram': overflowed by 176 bytes
ld.lld: error: section '.data.__sys_host' will not fit in region 'wram': overflowed by 176 bytes
ld.lld: error: section '.data.__sys_host' will not fit in region 'wram': overflowed by 176 bytes
ld.lld: error: section '.data.__sys_host' will not fit in region 'wram': overflowed by 188 bytes
ld.lld: error: section '.data.__sys_profiling' will not fit in region 'wram': overflowed by 188 bytes
ld.lld: error: section '.data.__sys_profiling' will not fit in region 'wram': overflowed by 188 bytes
ld.lld: error: section '.data.stacks' will not fit in region 'wram': overflowed by 188 bytes
ld.lld: error: section '.data.stacks' will not fit in region 'wram': overflowed by 188 bytes
ld.lld: error: section '.data.stacks' will not fit in region 'wram': overflowed by 188 bytes
ld.lld: error: section '.data.stacks' will not fit in region 'wram': overflowed by 188 bytes
ld.lld: error: section '.data.stacks' will not fit in region 'wram': overflowed by 188 bytes
ld.lld: error: section '.data.stacks' will not fit in region 'wram': overflowed by 188 bytes
ld.lld: error: section '.data.stacks' will not fit in region 'wram': overflowed by 188 bytes
ld.lld: error: section '.data.stacks' will not fit in region 'wram': overflowed by 188 bytes
ld.lld: error: section '.data.stacks' will not fit in region 'wram': overflowed by 188 bytes
ld.lld: error: section '.data.stacks' will not fit in region 'wram': overflowed by 188 bytes
ld.lld: error: section '.data.stacks' will not fit in region 'wram': overflowed by 188 bytes
ld.lld: error: too many errors emitted, stopping now (use -error-limit=0 to see all errors)
clang-12: error: ld.lld command failed with exit code 1 (use -v to see invocation)
make[1]: *** [Makefile:58: /home/clement.fournier/Work/cinm-mlir/.experiments/tags/prim_red_cinm2_hybrid400/run/red_256MB/seed_2702/bin/red_256MB] Error 1

  [FAIL] red_256MB seed_2640
         make failed:
ld.lld: error: section '.data' will not fit in region 'wram': overflowed by 144 bytes
ld.lld: error: section '.data' will not fit in region 'wram': overflowed by 148 bytes
ld.lld: error: section '.data' will not fit in region 'wram': overflowed by 172 bytes
ld.lld: error: section '.data' will not fit in region 'wram': overflowed by 176 bytes
ld.lld: error: section '.data.__sys_host' will not fit in region 'wram': overflowed by 176 bytes
ld.lld: error: section '.data.__sys_host' will not fit in region 'wram': overflowed by 176 bytes
ld.lld: error: section '.data.__sys_host' will not fit in region 'wram': overflowed by 188 bytes
ld.lld: error: section '.data.__sys_profiling' will not fit in region 'wram': overflowed by 188 bytes
ld.lld: error: section '.data.__sys_profiling' will not fit in region 'wram': overflowed by 188 bytes
ld.lld: error: section '.data.stacks' will not fit in region 'wram': overflowed by 188 bytes
ld.lld: error: section '.data.stacks' will not fit in region 'wram': overflowed by 188 bytes
ld.lld: error: section '.data.stacks' will not fit in region 'wram': overflowed by 188 bytes
ld.lld: error: section '.data.stacks' will not fit in region 'wram': overflowed by 188 bytes
ld.lld: error: section '.data.stacks' will not fit in region 'wram': overflowed by 188 bytes
ld.lld: error: section '.data.stacks' will not fit in region 'wram': overflowed by 188 bytes
ld.lld: error: section '.data.stacks' will not fit in region 'wram': overflowed by 188 bytes
ld.lld: error: section '.data.stacks' will not fit in region 'wram': overflowed by 188 bytes
ld.lld: error: section '.data.stacks' will not fit in region 'wram': overflowed by 188 bytes
ld.lld: error: section '.data.stacks' will not fit in region 'wram': overflowed by 188 bytes
ld.lld: error: section '.data.stacks' will not fit in region 'wram': overflowed by 188 bytes
ld.lld: error: too many errors emitted, stopping now (use -error-limit=0 to see all errors)
clang-12: error: ld.lld command failed with exit code 1 (use -v to see invocation)
make[1]: *** [Makefile:58: /home/clement.fournier/Work/cinm-mlir/.experiments/tags/prim_red_cinm2_hybrid400/run/red_256MB/seed_2640/bin/red_256MB] Error 1

  [FAIL] red_256MB seed_2671
         make failed:
ld.lld: error: section '.data' will not fit in region 'wram': overflowed by 144 bytes
ld.lld: error: section '.data' will not fit in region 'wram': overflowed by 148 bytes
ld.lld: error: section '.data' will not fit in region 'wram': overflowed by 172 bytes
ld.lld: error: section '.data' will not fit in region 'wram': overflowed by 176 bytes
ld.lld: error: section '.data.__sys_host' will not fit in region 'wram': overflowed by 176 bytes
ld.lld: error: section '.data.__sys_host' will not fit in region 'wram': overflowed by 176 bytes
ld.lld: error: section '.data.__sys_host' will not fit in region 'wram': overflowed by 188 bytes
ld.lld: error: section '.data.__sys_profiling' will not fit in region 'wram': overflowed by 188 bytes
ld.lld: error: section '.data.__sys_profiling' will not fit in region 'wram': overflowed by 188 bytes
ld.lld: error: section '.data.stacks' will not fit in region 'wram': overflowed by 188 bytes
ld.lld: error: section '.data.stacks' will not fit in region 'wram': overflowed by 188 bytes
ld.lld: error: section '.data.stacks' will not fit in region 'wram': overflowed by 188 bytes
ld.lld: error: section '.data.stacks' will not fit in region 'wram': overflowed by 188 bytes
ld.lld: error: section '.data.stacks' will not fit in region 'wram': overflowed by 188 bytes
ld.lld: error: section '.data.stacks' will not fit in region 'wram': overflowed by 188 bytes
ld.lld: error: section '.data.stacks' will not fit in region 'wram': overflowed by 188 bytes
ld.lld: error: section '.data.stacks' will not fit in region 'wram': overflowed by 188 bytes
ld.lld: error: section '.data.stacks' will not fit in region 'wram': overflowed by 188 bytes
ld.lld: error: section '.data.stacks' will not fit in region 'wram': overflowed by 188 bytes
ld.lld: error: section '.data.stacks' will not fit in region 'wram': overflowed by 188 bytes
ld.lld: error: too many errors emitted, stopping now (use -error-limit=0 to see all errors)
clang-12: error: ld.lld command failed with exit code 1 (use -v to see invocation)
make[1]: *** [Makefile:58: /home/clement.fournier/Work/cinm-mlir/.experiments/tags/prim_red_cinm2_hybrid400/run/red_256MB/seed_2671/bin/red_256MB] Error 1

  [FAIL] red_256MB seed_2454
         make failed:
ld.lld: error: section '.data' will not fit in region 'wram': overflowed by 144 bytes
ld.lld: error: section '.data' will not fit in region 'wram': overflowed by 148 bytes
ld.lld: error: section '.data' will not fit in region 'wram': overflowed by 172 bytes
ld.lld: error: section '.data' will not fit in region 'wram': overflowed by 176 bytes
ld.lld: error: section '.data.__sys_host' will not fit in region 'wram': overflowed by 176 bytes
ld.lld: error: section '.data.__sys_host' will not fit in region 'wram': overflowed by 176 bytes
ld.lld: error: section '.data.__sys_host' will not fit in region 'wram': overflowed by 188 bytes
ld.lld: error: section '.data.__sys_profiling' will not fit in region 'wram': overflowed by 188 bytes
ld.lld: error: section '.data.__sys_profiling' will not fit in region 'wram': overflowed by 188 bytes
ld.lld: error: section '.data.stacks' will not fit in region 'wram': overflowed by 188 bytes
ld.lld: error: section '.data.stacks' will not fit in region 'wram': overflowed by 188 bytes
ld.lld: error: section '.data.stacks' will not fit in region 'wram': overflowed by 188 bytes
ld.lld: error: section '.data.stacks' will not fit in region 'wram': overflowed by 188 bytes
ld.lld: error: section '.data.stacks' will not fit in region 'wram': overflowed by 188 bytes
ld.lld: error: section '.data.stacks' will not fit in region 'wram': overflowed by 188 bytes
ld.lld: error: section '.data.stacks' will not fit in region 'wram': overflowed by 188 bytes
ld.lld: error: section '.data.stacks' will not fit in region 'wram': overflowed by 188 bytes
ld.lld: error: section '.data.stacks' will not fit in region 'wram': overflowed by 188 bytes
ld.lld: error: section '.data.stacks' will not fit in region 'wram': overflowed by 188 bytes
ld.lld: error: section '.data.stacks' will not fit in region 'wram': overflowed by 188 bytes
ld.lld: error: too many errors emitted, stopping now (use -error-limit=0 to see all errors)
clang-12: error: ld.lld command failed with exit code 1 (use -v to see invocation)
make[1]: *** [Makefile:58: /home/clement.fournier/Work/cinm-mlir/.experiments/tags/prim_red_cinm2_hybrid400/run/red_256MB/seed_2454/bin/red_256MB] Error 1

  [FAIL] red_256MB seed_2764
         make failed:
ld.lld: error: section '.data' will not fit in region 'wram': overflowed by 144 bytes
ld.lld: error: section '.data' will not fit in region 'wram': overflowed by 148 bytes
ld.lld: error: section '.data' will not fit in region 'wram': overflowed by 172 bytes
ld.lld: error: section '.data' will not fit in region 'wram': overflowed by 176 bytes
ld.lld: error: section '.data.__sys_host' will not fit in region 'wram': overflowed by 176 bytes
ld.lld: error: section '.data.__sys_host' will not fit in region 'wram': overflowed by 176 bytes
ld.lld: error: section '.data.__sys_host' will not fit in region 'wram': overflowed by 188 bytes
ld.lld: error: section '.data.__sys_profiling' will not fit in region 'wram': overflowed by 188 bytes
ld.lld: error: section '.data.__sys_profiling' will not fit in region 'wram': overflowed by 188 bytes
ld.lld: error: section '.data.stacks' will not fit in region 'wram': overflowed by 188 bytes
ld.lld: error: section '.data.stacks' will not fit in region 'wram': overflowed by 188 bytes
ld.lld: error: section '.data.stacks' will not fit in region 'wram': overflowed by 188 bytes
ld.lld: error: section '.data.stacks' will not fit in region 'wram': overflowed by 188 bytes
ld.lld: error: section '.data.stacks' will not fit in region 'wram': overflowed by 188 bytes
ld.lld: error: section '.data.stacks' will not fit in region 'wram': overflowed by 188 bytes
ld.lld: error: section '.data.stacks' will not fit in region 'wram': overflowed by 188 bytes
ld.lld: error: section '.data.stacks' will not fit in region 'wram': overflowed by 188 bytes
ld.lld: error: section '.data.stacks' will not fit in region 'wram': overflowed by 188 bytes
ld.lld: error: section '.data.stacks' will not fit in region 'wram': overflowed by 188 bytes
ld.lld: error: section '.data.stacks' will not fit in region 'wram': overflowed by 188 bytes
ld.lld: error: too many errors emitted, stopping now (use -error-limit=0 to see all errors)
clang-12: error: ld.lld command failed with exit code 1 (use -v to see invocation)
make[1]: *** [Makefile:58: /home/clement.fournier/Work/cinm-mlir/.experiments/tags/prim_red_cinm2_hybrid400/run/red_256MB/seed_2764/bin/red_256MB] Error 1

  [FAIL] red_256MB seed_2795
         make failed:
ld.lld: error: section '.data' will not fit in region 'wram': overflowed by 144 bytes
ld.lld: error: section '.data' will not fit in region 'wram': overflowed by 148 bytes
ld.lld: error: section '.data' will not fit in region 'wram': overflowed by 172 bytes
ld.lld: error: section '.data' will not fit in region 'wram': overflowed by 176 bytes
ld.lld: error: section '.data.__sys_host' will not fit in region 'wram': overflowed by 176 bytes
ld.lld: error: section '.data.__sys_host' will not fit in region 'wram': overflowed by 176 bytes
ld.lld: error: section '.data.__sys_host' will not fit in region 'wram': overflowed by 188 bytes
ld.lld: error: section '.data.__sys_profiling' will not fit in region 'wram': overflowed by 188 bytes
ld.lld: error: section '.data.__sys_profiling' will not fit in region 'wram': overflowed by 188 bytes
ld.lld: error: section '.data.stacks' will not fit in region 'wram': overflowed by 188 bytes
ld.lld: error: section '.data.stacks' will not fit in region 'wram': overflowed by 188 bytes
ld.lld: error: section '.data.stacks' will not fit in region 'wram': overflowed by 188 bytes
ld.lld: error: section '.data.stacks' will not fit in region 'wram': overflowed by 188 bytes
ld.lld: error: section '.data.stacks' will not fit in region 'wram': overflowed by 188 bytes
ld.lld: error: section '.data.stacks' will not fit in region 'wram': overflowed by 188 bytes
ld.lld: error: section '.data.stacks' will not fit in region 'wram': overflowed by 188 bytes
ld.lld: error: section '.data.stacks' will not fit in region 'wram': overflowed by 188 bytes
ld.lld: error: section '.data.stacks' will not fit in region 'wram': overflowed by 188 bytes
ld.lld: error: section '.data.stacks' will not fit in region 'wram': overflowed by 188 bytes
ld.lld: error: section '.data.stacks' will not fit in region 'wram': overflowed by 188 bytes
ld.lld: error: too many errors emitted, stopping now (use -error-limit=0 to see all errors)
clang-12: error: ld.lld command failed with exit code 1 (use -v to see invocation)
make[1]: *** [Makefile:58: /home/clement.fournier/Work/cinm-mlir/.experiments/tags/prim_red_cinm2_hybrid400/run/red_256MB/seed_2795/bin/red_256MB] Error 1

  [FAIL] red_256MB seed_2919
         make failed:
ld.lld: error: section '.data' will not fit in region 'wram': overflowed by 144 bytes
ld.lld: error: section '.data' will not fit in region 'wram': overflowed by 148 bytes
ld.lld: error: section '.data' will not fit in region 'wram': overflowed by 172 bytes
ld.lld: error: section '.data' will not fit in region 'wram': overflowed by 176 bytes
ld.lld: error: section '.data.__sys_host' will not fit in region 'wram': overflowed by 176 bytes
ld.lld: error: section '.data.__sys_host' will not fit in region 'wram': overflowed by 176 bytes
ld.lld: error: section '.data.__sys_host' will not fit in region 'wram': overflowed by 188 bytes
ld.lld: error: section '.data.__sys_profiling' will not fit in region 'wram': overflowed by 188 bytes
ld.lld: error: section '.data.__sys_profiling' will not fit in region 'wram': overflowed by 188 bytes
ld.lld: error: section '.data.stacks' will not fit in region 'wram': overflowed by 188 bytes
ld.lld: error: section '.data.stacks' will not fit in region 'wram': overflowed by 188 bytes
ld.lld: error: section '.data.stacks' will not fit in region 'wram': overflowed by 188 bytes
ld.lld: error: section '.data.stacks' will not fit in region 'wram': overflowed by 188 bytes
ld.lld: error: section '.data.stacks' will not fit in region 'wram': overflowed by 188 bytes
ld.lld: error: section '.data.stacks' will not fit in region 'wram': overflowed by 188 bytes
ld.lld: error: section '.data.stacks' will not fit in region 'wram': overflowed by 188 bytes
ld.lld: error: section '.data.stacks' will not fit in region 'wram': overflowed by 188 bytes
ld.lld: error: section '.data.stacks' will not fit in region 'wram': overflowed by 188 bytes
ld.lld: error: section '.data.stacks' will not fit in region 'wram': overflowed by 188 bytes
ld.lld: error: section '.data.stacks' will not fit in region 'wram': overflowed by 188 bytes
ld.lld: error: too many errors emitted, stopping now (use -error-limit=0 to see all errors)
clang-12: error: ld.lld command failed with exit code 1 (use -v to see invocation)
make[1]: *** [Makefile:58: /home/clement.fournier/Work/cinm-mlir/.experiments/tags/prim_red_cinm2_hybrid400/run/red_256MB/seed_2919/bin/red_256MB] Error 1

  [FAIL] red_256MB seed_2950
         make failed:
ld.lld: error: section '.data' will not fit in region 'wram': overflowed by 144 bytes
ld.lld: error: section '.data' will not fit in region 'wram': overflowed by 148 bytes
ld.lld: error: section '.data' will not fit in region 'wram': overflowed by 172 bytes
ld.lld: error: section '.data' will not fit in region 'wram': overflowed by 176 bytes
ld.lld: error: section '.data.__sys_host' will not fit in region 'wram': overflowed by 176 bytes
ld.lld: error: section '.data.__sys_host' will not fit in region 'wram': overflowed by 176 bytes
ld.lld: error: section '.data.__sys_host' will not fit in region 'wram': overflowed by 188 bytes
ld.lld: error: section '.data.__sys_profiling' will not fit in region 'wram': overflowed by 188 bytes
ld.lld: error: section '.data.__sys_profiling' will not fit in region 'wram': overflowed by 188 bytes
ld.lld: error: section '.data.stacks' will not fit in region 'wram': overflowed by 188 bytes
ld.lld: error: section '.data.stacks' will not fit in region 'wram': overflowed by 188 bytes
ld.lld: error: section '.data.stacks' will not fit in region 'wram': overflowed by 188 bytes
ld.lld: error: section '.data.stacks' will not fit in region 'wram': overflowed by 188 bytes
ld.lld: error: section '.data.stacks' will not fit in region 'wram': overflowed by 188 bytes
ld.lld: error: section '.data.stacks' will not fit in region 'wram': overflowed by 188 bytes
ld.lld: error: section '.data.stacks' will not fit in region 'wram': overflowed by 188 bytes
ld.lld: error: section '.data.stacks' will not fit in region 'wram': overflowed by 188 bytes
ld.lld: error: section '.data.stacks' will not fit in region 'wram': overflowed by 188 bytes
ld.lld: error: section '.data.stacks' will not fit in region 'wram': overflowed by 188 bytes
ld.lld: error: section '.data.stacks' will not fit in region 'wram': overflowed by 188 bytes
ld.lld: error: too many errors emitted, stopping now (use -error-limit=0 to see all errors)
clang-12: error: ld.lld command failed with exit code 1 (use -v to see invocation)
make[1]: *** [Makefile:58: /home/clement.fournier/Work/cinm-mlir/.experiments/tags/prim_red_cinm2_hybrid400/run/red_256MB/seed_2950/bin/red_256MB] Error 1

  [FAIL] red_256MB seed_2981
         make failed:
ld.lld: error: section '.data' will not fit in region 'wram': overflowed by 144 bytes
ld.lld: error: section '.data' will not fit in region 'wram': overflowed by 148 bytes
ld.lld: error: section '.data' will not fit in region 'wram': overflowed by 172 bytes
ld.lld: error: section '.data' will not fit in region 'wram': overflowed by 176 bytes
ld.lld: error: section '.data.__sys_host' will not fit in region 'wram': overflowed by 176 bytes
ld.lld: error: section '.data.__sys_host' will not fit in region 'wram': overflowed by 176 bytes
ld.lld: error: section '.data.__sys_host' will not fit in region 'wram': overflowed by 188 bytes
ld.lld: error: section '.data.__sys_profiling' will not fit in region 'wram': overflowed by 188 bytes
ld.lld: error: section '.data.__sys_profiling' will not fit in region 'wram': overflowed by 188 bytes
ld.lld: error: section '.data.stacks' will not fit in region 'wram': overflowed by 188 bytes
ld.lld: error: section '.data.stacks' will not fit in region 'wram': overflowed by 188 bytes
ld.lld: error: section '.data.stacks' will not fit in region 'wram': overflowed by 188 bytes
ld.lld: error: section '.data.stacks' will not fit in region 'wram': overflowed by 188 bytes
ld.lld: error: section '.data.stacks' will not fit in region 'wram': overflowed by 188 bytes
ld.lld: error: section '.data.stacks' will not fit in region 'wram': overflowed by 188 bytes
ld.lld: error: section '.data.stacks' will not fit in region 'wram': overflowed by 188 bytes
ld.lld: error: section '.data.stacks' will not fit in region 'wram': overflowed by 188 bytes
ld.lld: error: section '.data.stacks' will not fit in region 'wram': overflowed by 188 bytes
ld.lld: error: section '.data.stacks' will not fit in region 'wram': overflowed by 188 bytes
ld.lld: error: section '.data.stacks' will not fit in region 'wram': overflowed by 188 bytes
ld.lld: error: too many errors emitted, stopping now (use -error-limit=0 to see all errors)
clang-12: error: ld.lld command failed with exit code 1 (use -v to see invocation)
make[1]: *** [Makefile:58: /home/clement.fournier/Work/cinm-mlir/.experiments/tags/prim_red_cinm2_hybrid400/run/red_256MB/seed_2981/bin/red_256MB] Error 1

  [FAIL] red_256MB seed_3415
         make failed:
ld.lld: error: section '.data' will not fit in region 'wram': overflowed by 144 bytes
ld.lld: error: section '.data' will not fit in region 'wram': overflowed by 148 bytes
ld.lld: error: section '.data' will not fit in region 'wram': overflowed by 172 bytes
ld.lld: error: section '.data' will not fit in region 'wram': overflowed by 176 bytes
ld.lld: error: section '.data.__sys_host' will not fit in region 'wram': overflowed by 176 bytes
ld.lld: error: section '.data.__sys_host' will not fit in region 'wram': overflowed by 176 bytes
ld.lld: error: section '.data.__sys_host' will not fit in region 'wram': overflowed by 188 bytes
ld.lld: error: section '.data.__sys_profiling' will not fit in region 'wram': overflowed by 188 bytes
ld.lld: error: section '.data.__sys_profiling' will not fit in region 'wram': overflowed by 188 bytes
ld.lld: error: section '.data.stacks' will not fit in region 'wram': overflowed by 188 bytes
ld.lld: error: section '.data.stacks' will not fit in region 'wram': overflowed by 188 bytes
ld.lld: error: section '.data.stacks' will not fit in region 'wram': overflowed by 188 bytes
ld.lld: error: section '.data.stacks' will not fit in region 'wram': overflowed by 188 bytes
ld.lld: error: section '.data.stacks' will not fit in region 'wram': overflowed by 188 bytes
ld.lld: error: section '.data.stacks' will not fit in region 'wram': overflowed by 188 bytes
ld.lld: error: section '.data.stacks' will not fit in region 'wram': overflowed by 188 bytes
ld.lld: error: section '.data.stacks' will not fit in region 'wram': overflowed by 188 bytes
ld.lld: error: section '.data.stacks' will not fit in region 'wram': overflowed by 188 bytes
ld.lld: error: section '.data.stacks' will not fit in region 'wram': overflowed by 188 bytes
ld.lld: error: section '.data.stacks' will not fit in region 'wram': overflowed by 188 bytes
ld.lld: error: too many errors emitted, stopping now (use -error-limit=0 to see all errors)
clang-12: error: ld.lld command failed with exit code 1 (use -v to see invocation)
make[1]: *** [Makefile:58: /home/clement.fournier/Work/cinm-mlir/.experiments/tags/prim_red_cinm2_hybrid400/run/red_256MB/seed_3415/bin/red_256MB] Error 1

  [FAIL] red_256MB seed_2857
         make failed:
ld.lld: error: section '.data' will not fit in region 'wram': overflowed by 144 bytes
ld.lld: error: section '.data' will not fit in region 'wram': overflowed by 148 bytes
ld.lld: error: section '.data' will not fit in region 'wram': overflowed by 172 bytes
ld.lld: error: section '.data' will not fit in region 'wram': overflowed by 176 bytes
ld.lld: error: section '.data.__sys_host' will not fit in region 'wram': overflowed by 176 bytes
ld.lld: error: section '.data.__sys_host' will not fit in region 'wram': overflowed by 176 bytes
ld.lld: error: section '.data.__sys_host' will not fit in region 'wram': overflowed by 188 bytes
ld.lld: error: section '.data.__sys_profiling' will not fit in region 'wram': overflowed by 188 bytes
ld.lld: error: section '.data.__sys_profiling' will not fit in region 'wram': overflowed by 188 bytes
ld.lld: error: section '.data.stacks' will not fit in region 'wram': overflowed by 188 bytes
ld.lld: error: section '.data.stacks' will not fit in region 'wram': overflowed by 188 bytes
ld.lld: error: section '.data.stacks' will not fit in region 'wram': overflowed by 188 bytes
ld.lld: error: section '.data.stacks' will not fit in region 'wram': overflowed by 188 bytes
ld.lld: error: section '.data.stacks' will not fit in region 'wram': overflowed by 188 bytes
ld.lld: error: section '.data.stacks' will not fit in region 'wram': overflowed by 188 bytes
ld.lld: error: section '.data.stacks' will not fit in region 'wram': overflowed by 188 bytes
ld.lld: error: section '.data.stacks' will not fit in region 'wram': overflowed by 188 bytes
ld.lld: error: section '.data.stacks' will not fit in region 'wram': overflowed by 188 bytes
ld.lld: error: section '.data.stacks' will not fit in region 'wram': overflowed by 188 bytes
ld.lld: error: section '.data.stacks' will not fit in region 'wram': overflowed by 188 bytes
ld.lld: error: too many errors emitted, stopping now (use -error-limit=0 to see all errors)
clang-12: error: ld.lld command failed with exit code 1 (use -v to see invocation)
make[1]: *** [Makefile:58: /home/clement.fournier/Work/cinm-mlir/.experiments/tags/prim_red_cinm2_hybrid400/run/red_256MB/seed_2857/bin/red_256MB] Error 1

  [FAIL] red_256MB seed_2888
         make failed:
ld.lld: error: section '.data' will not fit in region 'wram': overflowed by 144 bytes
ld.lld: error: section '.data' will not fit in region 'wram': overflowed by 148 bytes
ld.lld: error: section '.data' will not fit in region 'wram': overflowed by 172 bytes
ld.lld: error: section '.data' will not fit in region 'wram': overflowed by 176 bytes
ld.lld: error: section '.data.__sys_host' will not fit in region 'wram': overflowed by 176 bytes
ld.lld: error: section '.data.__sys_host' will not fit in region 'wram': overflowed by 176 bytes
ld.lld: error: section '.data.__sys_host' will not fit in region 'wram': overflowed by 188 bytes
ld.lld: error: section '.data.__sys_profiling' will not fit in region 'wram': overflowed by 188 bytes
ld.lld: error: section '.data.__sys_profiling' will not fit in region 'wram': overflowed by 188 bytes
ld.lld: error: section '.data.stacks' will not fit in region 'wram': overflowed by 188 bytes
ld.lld: error: section '.data.stacks' will not fit in region 'wram': overflowed by 188 bytes
ld.lld: error: section '.data.stacks' will not fit in region 'wram': overflowed by 188 bytes
ld.lld: error: section '.data.stacks' will not fit in region 'wram': overflowed by 188 bytes
ld.lld: error: section '.data.stacks' will not fit in region 'wram': overflowed by 188 bytes
ld.lld: error: section '.data.stacks' will not fit in region 'wram': overflowed by 188 bytes
ld.lld: error: section '.data.stacks' will not fit in region 'wram': overflowed by 188 bytes
ld.lld: error: section '.data.stacks' will not fit in region 'wram': overflowed by 188 bytes
ld.lld: error: section '.data.stacks' will not fit in region 'wram': overflowed by 188 bytes
ld.lld: error: section '.data.stacks' will not fit in region 'wram': overflowed by 188 bytes
ld.lld: error: section '.data.stacks' will not fit in region 'wram': overflowed by 188 bytes
ld.lld: error: too many errors emitted, stopping now (use -error-limit=0 to see all errors)
clang-12: error: ld.lld command failed with exit code 1 (use -v to see invocation)
make[1]: *** [Makefile:58: /home/clement.fournier/Work/cinm-mlir/.experiments/tags/prim_red_cinm2_hybrid400/run/red_256MB/seed_2888/bin/red_256MB] Error 1

  [FAIL] red_256MB seed_3012
         make failed:
ld.lld: error: section '.data' will not fit in region 'wram': overflowed by 144 bytes
ld.lld: error: section '.data' will not fit in region 'wram': overflowed by 148 bytes
ld.lld: error: section '.data' will not fit in region 'wram': overflowed by 172 bytes
ld.lld: error: section '.data' will not fit in region 'wram': overflowed by 176 bytes
ld.lld: error: section '.data.__sys_host' will not fit in region 'wram': overflowed by 176 bytes
ld.lld: error: section '.data.__sys_host' will not fit in region 'wram': overflowed by 176 bytes
ld.lld: error: section '.data.__sys_host' will not fit in region 'wram': overflowed by 188 bytes
ld.lld: error: section '.data.__sys_profiling' will not fit in region 'wram': overflowed by 188 bytes
ld.lld: error: section '.data.__sys_profiling' will not fit in region 'wram': overflowed by 188 bytes
ld.lld: error: section '.data.stacks' will not fit in region 'wram': overflowed by 188 bytes
ld.lld: error: section '.data.stacks' will not fit in region 'wram': overflowed by 188 bytes
ld.lld: error: section '.data.stacks' will not fit in region 'wram': overflowed by 188 bytes
ld.lld: error: section '.data.stacks' will not fit in region 'wram': overflowed by 188 bytes
ld.lld: error: section '.data.stacks' will not fit in region 'wram': overflowed by 188 bytes
ld.lld: error: section '.data.stacks' will not fit in region 'wram': overflowed by 188 bytes
ld.lld: error: section '.data.stacks' will not fit in region 'wram': overflowed by 188 bytes
ld.lld: error: section '.data.stacks' will not fit in region 'wram': overflowed by 188 bytes
ld.lld: error: section '.data.stacks' will not fit in region 'wram': overflowed by 188 bytes
ld.lld: error: section '.data.stacks' will not fit in region 'wram': overflowed by 188 bytes
ld.lld: error: section '.data.stacks' will not fit in region 'wram': overflowed by 188 bytes
ld.lld: error: too many errors emitted, stopping now (use -error-limit=0 to see all errors)
clang-12: error: ld.lld command failed with exit code 1 (use -v to see invocation)
make[1]: *** [Makefile:58: /home/clement.fournier/Work/cinm-mlir/.experiments/tags/prim_red_cinm2_hybrid400/run/red_256MB/seed_3012/bin/red_256MB] Error 1

  [FAIL] red_256MB seed_3260
         make failed:
ld.lld: error: section '.data' will not fit in region 'wram': overflowed by 144 bytes
ld.lld: error: section '.data' will not fit in region 'wram': overflowed by 148 bytes
ld.lld: error: section '.data' will not fit in region 'wram': overflowed by 172 bytes
ld.lld: error: section '.data' will not fit in region 'wram': overflowed by 176 bytes
ld.lld: error: section '.data.__sys_host' will not fit in region 'wram': overflowed by 176 bytes
ld.lld: error: section '.data.__sys_host' will not fit in region 'wram': overflowed by 176 bytes
ld.lld: error: section '.data.__sys_host' will not fit in region 'wram': overflowed by 188 bytes
ld.lld: error: section '.data.__sys_profiling' will not fit in region 'wram': overflowed by 188 bytes
ld.lld: error: section '.data.__sys_profiling' will not fit in region 'wram': overflowed by 188 bytes
ld.lld: error: section '.data.stacks' will not fit in region 'wram': overflowed by 188 bytes
ld.lld: error: section '.data.stacks' will not fit in region 'wram': overflowed by 188 bytes
ld.lld: error: section '.data.stacks' will not fit in region 'wram': overflowed by 188 bytes
ld.lld: error: section '.data.stacks' will not fit in region 'wram': overflowed by 188 bytes
ld.lld: error: section '.data.stacks' will not fit in region 'wram': overflowed by 188 bytes
ld.lld: error: section '.data.stacks' will not fit in region 'wram': overflowed by 188 bytes
ld.lld: error: section '.data.stacks' will not fit in region 'wram': overflowed by 188 bytes
ld.lld: error: section '.data.stacks' will not fit in region 'wram': overflowed by 188 bytes
ld.lld: error: section '.data.stacks' will not fit in region 'wram': overflowed by 188 bytes
ld.lld: error: section '.data.stacks' will not fit in region 'wram': overflowed by 188 bytes
ld.lld: error: section '.data.stacks' will not fit in region 'wram': overflowed by 188 bytes
ld.lld: error: too many errors emitted, stopping now (use -error-limit=0 to see all errors)
clang-12: error: ld.lld command failed with exit code 1 (use -v to see invocation)
make[1]: *** [Makefile:58: /home/clement.fournier/Work/cinm-mlir/.experiments/tags/prim_red_cinm2_hybrid400/run/red_256MB/seed_3260/bin/red_256MB] Error 1

  [FAIL] red_256MB seed_3167
         make failed:
ld.lld: error: section '.data' will not fit in region 'wram': overflowed by 144 bytes
ld.lld: error: section '.data' will not fit in region 'wram': overflowed by 148 bytes
ld.lld: error: section '.data' will not fit in region 'wram': overflowed by 172 bytes
ld.lld: error: section '.data' will not fit in region 'wram': overflowed by 176 bytes
ld.lld: error: section '.data.__sys_host' will not fit in region 'wram': overflowed by 176 bytes
ld.lld: error: section '.data.__sys_host' will not fit in region 'wram': overflowed by 176 bytes
ld.lld: error: section '.data.__sys_host' will not fit in region 'wram': overflowed by 188 bytes
ld.lld: error: section '.data.__sys_profiling' will not fit in region 'wram': overflowed by 188 bytes
ld.lld: error: section '.data.__sys_profiling' will not fit in region 'wram': overflowed by 188 bytes
ld.lld: error: section '.data.stacks' will not fit in region 'wram': overflowed by 188 bytes
ld.lld: error: section '.data.stacks' will not fit in region 'wram': overflowed by 188 bytes
ld.lld: error: section '.data.stacks' will not fit in region 'wram': overflowed by 188 bytes
ld.lld: error: section '.data.stacks' will not fit in region 'wram': overflowed by 188 bytes
ld.lld: error: section '.data.stacks' will not fit in region 'wram': overflowed by 188 bytes
ld.lld: error: section '.data.stacks' will not fit in region 'wram': overflowed by 188 bytes
ld.lld: error: section '.data.stacks' will not fit in region 'wram': overflowed by 188 bytes
ld.lld: error: section '.data.stacks' will not fit in region 'wram': overflowed by 188 bytes
ld.lld: error: section '.data.stacks' will not fit in region 'wram': overflowed by 188 bytes
ld.lld: error: section '.data.stacks' will not fit in region 'wram': overflowed by 188 bytes
ld.lld: error: section '.data.stacks' will not fit in region 'wram': overflowed by 188 bytes
ld.lld: error: too many errors emitted, stopping now (use -error-limit=0 to see all errors)
clang-12: error: ld.lld command failed with exit code 1 (use -v to see invocation)
make[1]: *** [Makefile:58: /home/clement.fournier/Work/cinm-mlir/.experiments/tags/prim_red_cinm2_hybrid400/run/red_256MB/seed_3167/bin/red_256MB] Error 1

  [FAIL] red_256MB seed_3105
         make failed:
ld.lld: error: section '.data' will not fit in region 'wram': overflowed by 144 bytes
ld.lld: error: section '.data' will not fit in region 'wram': overflowed by 148 bytes
ld.lld: error: section '.data' will not fit in region 'wram': overflowed by 172 bytes
ld.lld: error: section '.data' will not fit in region 'wram': overflowed by 176 bytes
ld.lld: error: section '.data.__sys_host' will not fit in region 'wram': overflowed by 176 bytes
ld.lld: error: section '.data.__sys_host' will not fit in region 'wram': overflowed by 176 bytes
ld.lld: error: section '.data.__sys_host' will not fit in region 'wram': overflowed by 188 bytes
ld.lld: error: section '.data.__sys_profiling' will not fit in region 'wram': overflowed by 188 bytes
ld.lld: error: section '.data.__sys_profiling' will not fit in region 'wram': overflowed by 188 bytes
ld.lld: error: section '.data.stacks' will not fit in region 'wram': overflowed by 188 bytes
ld.lld: error: section '.data.stacks' will not fit in region 'wram': overflowed by 188 bytes
ld.lld: error: section '.data.stacks' will not fit in region 'wram': overflowed by 188 bytes
ld.lld: error: section '.data.stacks' will not fit in region 'wram': overflowed by 188 bytes
ld.lld: error: section '.data.stacks' will not fit in region 'wram': overflowed by 188 bytes
ld.lld: error: section '.data.stacks' will not fit in region 'wram': overflowed by 188 bytes
ld.lld: error: section '.data.stacks' will not fit in region 'wram': overflowed by 188 bytes
ld.lld: error: section '.data.stacks' will not fit in region 'wram': overflowed by 188 bytes
ld.lld: error: section '.data.stacks' will not fit in region 'wram': overflowed by 188 bytes
ld.lld: error: section '.data.stacks' will not fit in region 'wram': overflowed by 188 bytes
ld.lld: error: section '.data.stacks' will not fit in region 'wram': overflowed by 188 bytes
ld.lld: error: too many errors emitted, stopping now (use -error-limit=0 to see all errors)
clang-12: error: ld.lld command failed with exit code 1 (use -v to see invocation)
make[1]: *** [Makefile:58: /home/clement.fournier/Work/cinm-mlir/.experiments/tags/prim_red_cinm2_hybrid400/run/red_256MB/seed_3105/bin/red_256MB] Error 1

  [FAIL] red_256MB seed_3322
         make failed:
ld.lld: error: section '.data' will not fit in region 'wram': overflowed by 144 bytes
ld.lld: error: section '.data' will not fit in region 'wram': overflowed by 148 bytes
ld.lld: error: section '.data' will not fit in region 'wram': overflowed by 172 bytes
ld.lld: error: section '.data' will not fit in region 'wram': overflowed by 176 bytes
ld.lld: error: section '.data.__sys_host' will not fit in region 'wram': overflowed by 176 bytes
ld.lld: error: section '.data.__sys_host' will not fit in region 'wram': overflowed by 176 bytes
ld.lld: error: section '.data.__sys_host' will not fit in region 'wram': overflowed by 188 bytes
ld.lld: error: section '.data.__sys_profiling' will not fit in region 'wram': overflowed by 188 bytes
ld.lld: error: section '.data.__sys_profiling' will not fit in region 'wram': overflowed by 188 bytes
ld.lld: error: section '.data.stacks' will not fit in region 'wram': overflowed by 188 bytes
ld.lld: error: section '.data.stacks' will not fit in region 'wram': overflowed by 188 bytes
ld.lld: error: section '.data.stacks' will not fit in region 'wram': overflowed by 188 bytes
ld.lld: error: section '.data.stacks' will not fit in region 'wram': overflowed by 188 bytes
ld.lld: error: section '.data.stacks' will not fit in region 'wram': overflowed by 188 bytes
ld.lld: error: section '.data.stacks' will not fit in region 'wram': overflowed by 188 bytes
ld.lld: error: section '.data.stacks' will not fit in region 'wram': overflowed by 188 bytes
ld.lld: error: section '.data.stacks' will not fit in region 'wram': overflowed by 188 bytes
ld.lld: error: section '.data.stacks' will not fit in region 'wram': overflowed by 188 bytes
ld.lld: error: section '.data.stacks' will not fit in region 'wram': overflowed by 188 bytes
ld.lld: error: section '.data.stacks' will not fit in region 'wram': overflowed by 188 bytes
ld.lld: error: too many errors emitted, stopping now (use -error-limit=0 to see all errors)
clang-12: error: ld.lld command failed with exit code 1 (use -v to see invocation)
make[1]: *** [Makefile:58: /home/clement.fournier/Work/cinm-mlir/.experiments/tags/prim_red_cinm2_hybrid400/run/red_256MB/seed_3322/bin/red_256MB] Error 1

  [FAIL] red_256MB seed_3384
         make failed:
ld.lld: error: section '.data' will not fit in region 'wram': overflowed by 144 bytes
ld.lld: error: section '.data' will not fit in region 'wram': overflowed by 148 bytes
ld.lld: error: section '.data' will not fit in region 'wram': overflowed by 172 bytes
ld.lld: error: section '.data' will not fit in region 'wram': overflowed by 176 bytes
ld.lld: error: section '.data.__sys_host' will not fit in region 'wram': overflowed by 176 bytes
ld.lld: error: section '.data.__sys_host' will not fit in region 'wram': overflowed by 176 bytes
ld.lld: error: section '.data.__sys_host' will not fit in region 'wram': overflowed by 188 bytes
ld.lld: error: section '.data.__sys_profiling' will not fit in region 'wram': overflowed by 188 bytes
ld.lld: error: section '.data.__sys_profiling' will not fit in region 'wram': overflowed by 188 bytes
ld.lld: error: section '.data.stacks' will not fit in region 'wram': overflowed by 188 bytes
ld.lld: error: section '.data.stacks' will not fit in region 'wram': overflowed by 188 bytes
ld.lld: error: section '.data.stacks' will not fit in region 'wram': overflowed by 188 bytes
ld.lld: error: section '.data.stacks' will not fit in region 'wram': overflowed by 188 bytes
ld.lld: error: section '.data.stacks' will not fit in region 'wram': overflowed by 188 bytes
ld.lld: error: section '.data.stacks' will not fit in region 'wram': overflowed by 188 bytes
ld.lld: error: section '.data.stacks' will not fit in region 'wram': overflowed by 188 bytes
ld.lld: error: section '.data.stacks' will not fit in region 'wram': overflowed by 188 bytes
ld.lld: error: section '.data.stacks' will not fit in region 'wram': overflowed by 188 bytes
ld.lld: error: section '.data.stacks' will not fit in region 'wram': overflowed by 188 bytes
ld.lld: error: section '.data.stacks' will not fit in region 'wram': overflowed by 188 bytes
ld.lld: error: too many errors emitted, stopping now (use -error-limit=0 to see all errors)
clang-12: error: ld.lld command failed with exit code 1 (use -v to see invocation)
make[1]: *** [Makefile:58: /home/clement.fournier/Work/cinm-mlir/.experiments/tags/prim_red_cinm2_hybrid400/run/red_256MB/seed_3384/bin/red_256MB] Error 1

  [FAIL] red_256MB seed_3291
         make failed:
ld.lld: error: section '.data' will not fit in region 'wram': overflowed by 144 bytes
ld.lld: error: section '.data' will not fit in region 'wram': overflowed by 148 bytes
ld.lld: error: section '.data' will not fit in region 'wram': overflowed by 172 bytes
ld.lld: error: section '.data' will not fit in region 'wram': overflowed by 176 bytes
ld.lld: error: section '.data.__sys_host' will not fit in region 'wram': overflowed by 176 bytes
ld.lld: error: section '.data.__sys_host' will not fit in region 'wram': overflowed by 176 bytes
ld.lld: error: section '.data.__sys_host' will not fit in region 'wram': overflowed by 188 bytes
ld.lld: error: section '.data.__sys_profiling' will not fit in region 'wram': overflowed by 188 bytes
ld.lld: error: section '.data.__sys_profiling' will not fit in region 'wram': overflowed by 188 bytes
ld.lld: error: section '.data.stacks' will not fit in region 'wram': overflowed by 188 bytes
ld.lld: error: section '.data.stacks' will not fit in region 'wram': overflowed by 188 bytes
ld.lld: error: section '.data.stacks' will not fit in region 'wram': overflowed by 188 bytes
ld.lld: error: section '.data.stacks' will not fit in region 'wram': overflowed by 188 bytes
ld.lld: error: section '.data.stacks' will not fit in region 'wram': overflowed by 188 bytes
ld.lld: error: section '.data.stacks' will not fit in region 'wram': overflowed by 188 bytes
ld.lld: error: section '.data.stacks' will not fit in region 'wram': overflowed by 188 bytes
ld.lld: error: section '.data.stacks' will not fit in region 'wram': overflowed by 188 bytes
ld.lld: error: section '.data.stacks' will not fit in region 'wram': overflowed by 188 bytes
ld.lld: error: section '.data.stacks' will not fit in region 'wram': overflowed by 188 bytes
ld.lld: error: section '.data.stacks' will not fit in region 'wram': overflowed by 188 bytes
ld.lld: error: too many errors emitted, stopping now (use -error-limit=0 to see all errors)
clang-12: error: ld.lld command failed with exit code 1 (use -v to see invocation)
make[1]: *** [Makefile:58: /home/clement.fournier/Work/cinm-mlir/.experiments/tags/prim_red_cinm2_hybrid400/run/red_256MB/seed_3291/bin/red_256MB] Error 1

  [FAIL] red_256MB seed_3353
         make failed:
ld.lld: error: section '.data' will not fit in region 'wram': overflowed by 144 bytes
ld.lld: error: section '.data' will not fit in region 'wram': overflowed by 148 bytes
ld.lld: error: section '.data' will not fit in region 'wram': overflowed by 172 bytes
ld.lld: error: section '.data' will not fit in region 'wram': overflowed by 176 bytes
ld.lld: error: section '.data.__sys_host' will not fit in region 'wram': overflowed by 176 bytes
ld.lld: error: section '.data.__sys_host' will not fit in region 'wram': overflowed by 176 bytes
ld.lld: error: section '.data.__sys_host' will not fit in region 'wram': overflowed by 188 bytes
ld.lld: error: section '.data.__sys_profiling' will not fit in region 'wram': overflowed by 188 bytes
ld.lld: error: section '.data.__sys_profiling' will not fit in region 'wram': overflowed by 188 bytes
ld.lld: error: section '.data.stacks' will not fit in region 'wram': overflowed by 188 bytes
ld.lld: error: section '.data.stacks' will not fit in region 'wram': overflowed by 188 bytes
ld.lld: error: section '.data.stacks' will not fit in region 'wram': overflowed by 188 bytes
ld.lld: error: section '.data.stacks' will not fit in region 'wram': overflowed by 188 bytes
ld.lld: error: section '.data.stacks' will not fit in region 'wram': overflowed by 188 bytes
ld.lld: error: section '.data.stacks' will not fit in region 'wram': overflowed by 188 bytes
ld.lld: error: section '.data.stacks' will not fit in region 'wram': overflowed by 188 bytes
ld.lld: error: section '.data.stacks' will not fit in region 'wram': overflowed by 188 bytes
ld.lld: error: section '.data.stacks' will not fit in region 'wram': overflowed by 188 bytes
ld.lld: error: section '.data.stacks' will not fit in region 'wram': overflowed by 188 bytes
ld.lld: error: section '.data.stacks' will not fit in region 'wram': overflowed by 188 bytes
ld.lld: error: too many errors emitted, stopping now (use -error-limit=0 to see all errors)
clang-12: error: ld.lld command failed with exit code 1 (use -v to see invocation)
make[1]: *** [Makefile:58: /home/clement.fournier/Work/cinm-mlir/.experiments/tags/prim_red_cinm2_hybrid400/run/red_256MB/seed_3353/bin/red_256MB] Error 1

  [FAIL] red_256MB seed_3446
         make failed:
ld.lld: error: section '.data' will not fit in region 'wram': overflowed by 144 bytes
ld.lld: error: section '.data' will not fit in region 'wram': overflowed by 148 bytes
ld.lld: error: section '.data' will not fit in region 'wram': overflowed by 172 bytes
ld.lld: error: section '.data' will not fit in region 'wram': overflowed by 176 bytes
ld.lld: error: section '.data.__sys_host' will not fit in region 'wram': overflowed by 176 bytes
ld.lld: error: section '.data.__sys_host' will not fit in region 'wram': overflowed by 176 bytes
ld.lld: error: section '.data.__sys_host' will not fit in region 'wram': overflowed by 188 bytes
ld.lld: error: section '.data.__sys_profiling' will not fit in region 'wram': overflowed by 188 bytes
ld.lld: error: section '.data.__sys_profiling' will not fit in region 'wram': overflowed by 188 bytes
ld.lld: error: section '.data.stacks' will not fit in region 'wram': overflowed by 188 bytes
ld.lld: error: section '.data.stacks' will not fit in region 'wram': overflowed by 188 bytes
ld.lld: error: section '.data.stacks' will not fit in region 'wram': overflowed by 188 bytes
ld.lld: error: section '.data.stacks' will not fit in region 'wram': overflowed by 188 bytes
ld.lld: error: section '.data.stacks' will not fit in region 'wram': overflowed by 188 bytes
ld.lld: error: section '.data.stacks' will not fit in region 'wram': overflowed by 188 bytes
ld.lld: error: section '.data.stacks' will not fit in region 'wram': overflowed by 188 bytes
ld.lld: error: section '.data.stacks' will not fit in region 'wram': overflowed by 188 bytes
ld.lld: error: section '.data.stacks' will not fit in region 'wram': overflowed by 188 bytes
ld.lld: error: section '.data.stacks' will not fit in region 'wram': overflowed by 188 bytes
ld.lld: error: section '.data.stacks' will not fit in region 'wram': overflowed by 188 bytes
ld.lld: error: too many errors emitted, stopping now (use -error-limit=0 to see all errors)
clang-12: error: ld.lld command failed with exit code 1 (use -v to see invocation)
make[1]: *** [Makefile:58: /home/clement.fournier/Work/cinm-mlir/.experiments/tags/prim_red_cinm2_hybrid400/run/red_256MB/seed_3446/bin/red_256MB] Error 1

  [FAIL] red_256MB seed_3074
         make failed:
ld.lld: error: section '.data' will not fit in region 'wram': overflowed by 144 bytes
ld.lld: error: section '.data' will not fit in region 'wram': overflowed by 148 bytes
ld.lld: error: section '.data' will not fit in region 'wram': overflowed by 172 bytes
ld.lld: error: section '.data' will not fit in region 'wram': overflowed by 176 bytes
ld.lld: error: section '.data.__sys_host' will not fit in region 'wram': overflowed by 176 bytes
ld.lld: error: section '.data.__sys_host' will not fit in region 'wram': overflowed by 176 bytes
ld.lld: error: section '.data.__sys_host' will not fit in region 'wram': overflowed by 188 bytes
ld.lld: error: section '.data.__sys_profiling' will not fit in region 'wram': overflowed by 188 bytes
ld.lld: error: section '.data.__sys_profiling' will not fit in region 'wram': overflowed by 188 bytes
ld.lld: error: section '.data.stacks' will not fit in region 'wram': overflowed by 188 bytes
ld.lld: error: section '.data.stacks' will not fit in region 'wram': overflowed by 188 bytes
ld.lld: error: section '.data.stacks' will not fit in region 'wram': overflowed by 188 bytes
ld.lld: error: section '.data.stacks' will not fit in region 'wram': overflowed by 188 bytes
ld.lld: error: section '.data.stacks' will not fit in region 'wram': overflowed by 188 bytes
ld.lld: error: section '.data.stacks' will not fit in region 'wram': overflowed by 188 bytes
ld.lld: error: section '.data.stacks' will not fit in region 'wram': overflowed by 188 bytes
ld.lld: error: section '.data.stacks' will not fit in region 'wram': overflowed by 188 bytes
ld.lld: error: section '.data.stacks' will not fit in region 'wram': overflowed by 188 bytes
ld.lld: error: section '.data.stacks' will not fit in region 'wram': overflowed by 188 bytes
ld.lld: error: section '.data.stacks' will not fit in region 'wram': overflowed by 188 bytes
ld.lld: error: too many errors emitted, stopping now (use -error-limit=0 to see all errors)
clang-12: error: ld.lld command failed with exit code 1 (use -v to see invocation)
make[1]: *** [Makefile:58: /home/clement.fournier/Work/cinm-mlir/.experiments/tags/prim_red_cinm2_hybrid400/run/red_256MB/seed_3074/bin/red_256MB] Error 1

  [FAIL] red_256MB seed_284
         make failed:
ld.lld: error: section '.data' will not fit in region 'wram': overflowed by 144 bytes
ld.lld: error: section '.data' will not fit in region 'wram': overflowed by 148 bytes
ld.lld: error: section '.data' will not fit in region 'wram': overflowed by 172 bytes
ld.lld: error: section '.data' will not fit in region 'wram': overflowed by 176 bytes
ld.lld: error: section '.data.__sys_host' will not fit in region 'wram': overflowed by 176 bytes
ld.lld: error: section '.data.__sys_host' will not fit in region 'wram': overflowed by 176 bytes
ld.lld: error: section '.data.__sys_host' will not fit in region 'wram': overflowed by 188 bytes
ld.lld: error: section '.data.__sys_profiling' will not fit in region 'wram': overflowed by 188 bytes
ld.lld: error: section '.data.__sys_profiling' will not fit in region 'wram': overflowed by 188 bytes
ld.lld: error: section '.data.stacks' will not fit in region 'wram': overflowed by 188 bytes
ld.lld: error: section '.data.stacks' will not fit in region 'wram': overflowed by 188 bytes
ld.lld: error: section '.data.stacks' will not fit in region 'wram': overflowed by 188 bytes
ld.lld: error: section '.data.stacks' will not fit in region 'wram': overflowed by 188 bytes
ld.lld: error: section '.data.stacks' will not fit in region 'wram': overflowed by 188 bytes
ld.lld: error: section '.data.stacks' will not fit in region 'wram': overflowed by 188 bytes
ld.lld: error: section '.data.stacks' will not fit in region 'wram': overflowed by 188 bytes
ld.lld: error: section '.data.stacks' will not fit in region 'wram': overflowed by 188 bytes
ld.lld: error: section '.data.stacks' will not fit in region 'wram': overflowed by 188 bytes
ld.lld: error: section '.data.stacks' will not fit in region 'wram': overflowed by 188 bytes
ld.lld: error: section '.data.stacks' will not fit in region 'wram': overflowed by 188 bytes
ld.lld: error: too many errors emitted, stopping now (use -error-limit=0 to see all errors)
clang-12: error: ld.lld command failed with exit code 1 (use -v to see invocation)
make[1]: *** [Makefile:58: /home/clement.fournier/Work/cinm-mlir/.experiments/tags/prim_red_cinm2_hybrid400/run/red_256MB/seed_284/bin/red_256MB] Error 1

  [FAIL] red_256MB seed_3601
         make failed:
ld.lld: error: section '.data' will not fit in region 'wram': overflowed by 144 bytes
ld.lld: error: section '.data' will not fit in region 'wram': overflowed by 148 bytes
ld.lld: error: section '.data' will not fit in region 'wram': overflowed by 172 bytes
ld.lld: error: section '.data' will not fit in region 'wram': overflowed by 176 bytes
ld.lld: error: section '.data.__sys_host' will not fit in region 'wram': overflowed by 176 bytes
ld.lld: error: section '.data.__sys_host' will not fit in region 'wram': overflowed by 176 bytes
ld.lld: error: section '.data.__sys_host' will not fit in region 'wram': overflowed by 188 bytes
ld.lld: error: section '.data.__sys_profiling' will not fit in region 'wram': overflowed by 188 bytes
ld.lld: error: section '.data.__sys_profiling' will not fit in region 'wram': overflowed by 188 bytes
ld.lld: error: section '.data.stacks' will not fit in region 'wram': overflowed by 188 bytes
ld.lld: error: section '.data.stacks' will not fit in region 'wram': overflowed by 188 bytes
ld.lld: error: section '.data.stacks' will not fit in region 'wram': overflowed by 188 bytes
ld.lld: error: section '.data.stacks' will not fit in region 'wram': overflowed by 188 bytes
ld.lld: error: section '.data.stacks' will not fit in region 'wram': overflowed by 188 bytes
ld.lld: error: section '.data.stacks' will not fit in region 'wram': overflowed by 188 bytes
ld.lld: error: section '.data.stacks' will not fit in region 'wram': overflowed by 188 bytes
ld.lld: error: section '.data.stacks' will not fit in region 'wram': overflowed by 188 bytes
ld.lld: error: section '.data.stacks' will not fit in region 'wram': overflowed by 188 bytes
ld.lld: error: section '.data.stacks' will not fit in region 'wram': overflowed by 188 bytes
ld.lld: error: section '.data.stacks' will not fit in region 'wram': overflowed by 188 bytes
ld.lld: error: too many errors emitted, stopping now (use -error-limit=0 to see all errors)
clang-12: error: ld.lld command failed with exit code 1 (use -v to see invocation)
make[1]: *** [Makefile:58: /home/clement.fournier/Work/cinm-mlir/.experiments/tags/prim_red_cinm2_hybrid400/run/red_256MB/seed_3601/bin/red_256MB] Error 1

  [FAIL] red_256MB seed_315
         make failed:
ld.lld: error: section '.data' will not fit in region 'wram': overflowed by 144 bytes
ld.lld: error: section '.data' will not fit in region 'wram': overflowed by 148 bytes
ld.lld: error: section '.data' will not fit in region 'wram': overflowed by 172 bytes
ld.lld: error: section '.data' will not fit in region 'wram': overflowed by 176 bytes
ld.lld: error: section '.data.__sys_host' will not fit in region 'wram': overflowed by 176 bytes
ld.lld: error: section '.data.__sys_host' will not fit in region 'wram': overflowed by 176 bytes
ld.lld: error: section '.data.__sys_host' will not fit in region 'wram': overflowed by 188 bytes
ld.lld: error: section '.data.__sys_profiling' will not fit in region 'wram': overflowed by 188 bytes
ld.lld: error: section '.data.__sys_profiling' will not fit in region 'wram': overflowed by 188 bytes
ld.lld: error: section '.data.stacks' will not fit in region 'wram': overflowed by 188 bytes
ld.lld: error: section '.data.stacks' will not fit in region 'wram': overflowed by 188 bytes
ld.lld: error: section '.data.stacks' will not fit in region 'wram': overflowed by 188 bytes
ld.lld: error: section '.data.stacks' will not fit in region 'wram': overflowed by 188 bytes
ld.lld: error: section '.data.stacks' will not fit in region 'wram': overflowed by 188 bytes
ld.lld: error: section '.data.stacks' will not fit in region 'wram': overflowed by 188 bytes
ld.lld: error: section '.data.stacks' will not fit in region 'wram': overflowed by 188 bytes
ld.lld: error: section '.data.stacks' will not fit in region 'wram': overflowed by 188 bytes
ld.lld: error: section '.data.stacks' will not fit in region 'wram': overflowed by 188 bytes
ld.lld: error: section '.data.stacks' will not fit in region 'wram': overflowed by 188 bytes
ld.lld: error: section '.data.stacks' will not fit in region 'wram': overflowed by 188 bytes
ld.lld: error: too many errors emitted, stopping now (use -error-limit=0 to see all errors)
clang-12: error: ld.lld command failed with exit code 1 (use -v to see invocation)
make[1]: *** [Makefile:58: /home/clement.fournier/Work/cinm-mlir/.experiments/tags/prim_red_cinm2_hybrid400/run/red_256MB/seed_315/bin/red_256MB] Error 1

  [FAIL] red_256MB seed_3477
         make failed:
ld.lld: error: section '.data' will not fit in region 'wram': overflowed by 144 bytes
ld.lld: error: section '.data' will not fit in region 'wram': overflowed by 148 bytes
ld.lld: error: section '.data' will not fit in region 'wram': overflowed by 172 bytes
ld.lld: error: section '.data' will not fit in region 'wram': overflowed by 176 bytes
ld.lld: error: section '.data.__sys_host' will not fit in region 'wram': overflowed by 176 bytes
ld.lld: error: section '.data.__sys_host' will not fit in region 'wram': overflowed by 176 bytes
ld.lld: error: section '.data.__sys_host' will not fit in region 'wram': overflowed by 188 bytes
ld.lld: error: section '.data.__sys_profiling' will not fit in region 'wram': overflowed by 188 bytes
ld.lld: error: section '.data.__sys_profiling' will not fit in region 'wram': overflowed by 188 bytes
ld.lld: error: section '.data.stacks' will not fit in region 'wram': overflowed by 188 bytes
ld.lld: error: section '.data.stacks' will not fit in region 'wram': overflowed by 188 bytes
ld.lld: error: section '.data.stacks' will not fit in region 'wram': overflowed by 188 bytes
ld.lld: error: section '.data.stacks' will not fit in region 'wram': overflowed by 188 bytes
ld.lld: error: section '.data.stacks' will not fit in region 'wram': overflowed by 188 bytes
ld.lld: error: section '.data.stacks' will not fit in region 'wram': overflowed by 188 bytes
ld.lld: error: section '.data.stacks' will not fit in region 'wram': overflowed by 188 bytes
ld.lld: error: section '.data.stacks' will not fit in region 'wram': overflowed by 188 bytes
ld.lld: error: section '.data.stacks' will not fit in region 'wram': overflowed by 188 bytes
ld.lld: error: section '.data.stacks' will not fit in region 'wram': overflowed by 188 bytes
ld.lld: error: section '.data.stacks' will not fit in region 'wram': overflowed by 188 bytes
ld.lld: error: too many errors emitted, stopping now (use -error-limit=0 to see all errors)
clang-12: error: ld.lld command failed with exit code 1 (use -v to see invocation)
make[1]: *** [Makefile:58: /home/clement.fournier/Work/cinm-mlir/.experiments/tags/prim_red_cinm2_hybrid400/run/red_256MB/seed_3477/bin/red_256MB] Error 1

  [FAIL] red_256MB seed_3043
         make failed:
ld.lld: error: section '.data' will not fit in region 'wram': overflowed by 144 bytes
ld.lld: error: section '.data' will not fit in region 'wram': overflowed by 148 bytes
ld.lld: error: section '.data' will not fit in region 'wram': overflowed by 172 bytes
ld.lld: error: section '.data' will not fit in region 'wram': overflowed by 176 bytes
ld.lld: error: section '.data.__sys_host' will not fit in region 'wram': overflowed by 176 bytes
ld.lld: error: section '.data.__sys_host' will not fit in region 'wram': overflowed by 176 bytes
ld.lld: error: section '.data.__sys_host' will not fit in region 'wram': overflowed by 188 bytes
ld.lld: error: section '.data.__sys_profiling' will not fit in region 'wram': overflowed by 188 bytes
ld.lld: error: section '.data.__sys_profiling' will not fit in region 'wram': overflowed by 188 bytes
ld.lld: error: section '.data.stacks' will not fit in region 'wram': overflowed by 188 bytes
ld.lld: error: section '.data.stacks' will not fit in region 'wram': overflowed by 188 bytes
ld.lld: error: section '.data.stacks' will not fit in region 'wram': overflowed by 188 bytes
ld.lld: error: section '.data.stacks' will not fit in region 'wram': overflowed by 188 bytes
ld.lld: error: section '.data.stacks' will not fit in region 'wram': overflowed by 188 bytes
ld.lld: error: section '.data.stacks' will not fit in region 'wram': overflowed by 188 bytes
ld.lld: error: section '.data.stacks' will not fit in region 'wram': overflowed by 188 bytes
ld.lld: error: section '.data.stacks' will not fit in region 'wram': overflowed by 188 bytes
ld.lld: error: section '.data.stacks' will not fit in region 'wram': overflowed by 188 bytes
ld.lld: error: section '.data.stacks' will not fit in region 'wram': overflowed by 188 bytes
ld.lld: error: section '.data.stacks' will not fit in region 'wram': overflowed by 188 bytes
ld.lld: error: too many errors emitted, stopping now (use -error-limit=0 to see all errors)
clang-12: error: ld.lld command failed with exit code 1 (use -v to see invocation)
make[1]: *** [Makefile:58: /home/clement.fournier/Work/cinm-mlir/.experiments/tags/prim_red_cinm2_hybrid400/run/red_256MB/seed_3043/bin/red_256MB] Error 1

  [FAIL] red_256MB seed_3136
         make failed:
ld.lld: error: section '.data' will not fit in region 'wram': overflowed by 144 bytes
ld.lld: error: section '.data' will not fit in region 'wram': overflowed by 148 bytes
ld.lld: error: section '.data' will not fit in region 'wram': overflowed by 172 bytes
ld.lld: error: section '.data' will not fit in region 'wram': overflowed by 176 bytes
ld.lld: error: section '.data.__sys_host' will not fit in region 'wram': overflowed by 176 bytes
ld.lld: error: section '.data.__sys_host' will not fit in region 'wram': overflowed by 176 bytes
ld.lld: error: section '.data.__sys_host' will not fit in region 'wram': overflowed by 188 bytes
ld.lld: error: section '.data.__sys_profiling' will not fit in region 'wram': overflowed by 188 bytes
ld.lld: error: section '.data.__sys_profiling' will not fit in region 'wram': overflowed by 188 bytes
ld.lld: error: section '.data.stacks' will not fit in region 'wram': overflowed by 188 bytes
ld.lld: error: section '.data.stacks' will not fit in region 'wram': overflowed by 188 bytes
ld.lld: error: section '.data.stacks' will not fit in region 'wram': overflowed by 188 bytes
ld.lld: error: section '.data.stacks' will not fit in region 'wram': overflowed by 188 bytes
ld.lld: error: section '.data.stacks' will not fit in region 'wram': overflowed by 188 bytes
ld.lld: error: section '.data.stacks' will not fit in region 'wram': overflowed by 188 bytes
ld.lld: error: section '.data.stacks' will not fit in region 'wram': overflowed by 188 bytes
ld.lld: error: section '.data.stacks' will not fit in region 'wram': overflowed by 188 bytes
ld.lld: error: section '.data.stacks' will not fit in region 'wram': overflowed by 188 bytes
ld.lld: error: section '.data.stacks' will not fit in region 'wram': overflowed by 188 bytes
ld.lld: error: section '.data.stacks' will not fit in region 'wram': overflowed by 188 bytes
ld.lld: error: too many errors emitted, stopping now (use -error-limit=0 to see all errors)
clang-12: error: ld.lld command failed with exit code 1 (use -v to see invocation)
make[1]: *** [Makefile:58: /home/clement.fournier/Work/cinm-mlir/.experiments/tags/prim_red_cinm2_hybrid400/run/red_256MB/seed_3136/bin/red_256MB] Error 1

  [FAIL] red_256MB seed_3198
         make failed:
ld.lld: error: section '.data' will not fit in region 'wram': overflowed by 144 bytes
ld.lld: error: section '.data' will not fit in region 'wram': overflowed by 148 bytes
ld.lld: error: section '.data' will not fit in region 'wram': overflowed by 172 bytes
ld.lld: error: section '.data' will not fit in region 'wram': overflowed by 176 bytes
ld.lld: error: section '.data.__sys_host' will not fit in region 'wram': overflowed by 176 bytes
ld.lld: error: section '.data.__sys_host' will not fit in region 'wram': overflowed by 176 bytes
ld.lld: error: section '.data.__sys_host' will not fit in region 'wram': overflowed by 188 bytes
ld.lld: error: section '.data.__sys_profiling' will not fit in region 'wram': overflowed by 188 bytes
ld.lld: error: section '.data.__sys_profiling' will not fit in region 'wram': overflowed by 188 bytes
ld.lld: error: section '.data.stacks' will not fit in region 'wram': overflowed by 188 bytes
ld.lld: error: section '.data.stacks' will not fit in region 'wram': overflowed by 188 bytes
ld.lld: error: section '.data.stacks' will not fit in region 'wram': overflowed by 188 bytes
ld.lld: error: section '.data.stacks' will not fit in region 'wram': overflowed by 188 bytes
ld.lld: error: section '.data.stacks' will not fit in region 'wram': overflowed by 188 bytes
ld.lld: error: section '.data.stacks' will not fit in region 'wram': overflowed by 188 bytes
ld.lld: error: section '.data.stacks' will not fit in region 'wram': overflowed by 188 bytes
ld.lld: error: section '.data.stacks' will not fit in region 'wram': overflowed by 188 bytes
ld.lld: error: section '.data.stacks' will not fit in region 'wram': overflowed by 188 bytes
ld.lld: error: section '.data.stacks' will not fit in region 'wram': overflowed by 188 bytes
ld.lld: error: section '.data.stacks' will not fit in region 'wram': overflowed by 188 bytes
ld.lld: error: too many errors emitted, stopping now (use -error-limit=0 to see all errors)
clang-12: error: ld.lld command failed with exit code 1 (use -v to see invocation)
make[1]: *** [Makefile:58: /home/clement.fournier/Work/cinm-mlir/.experiments/tags/prim_red_cinm2_hybrid400/run/red_256MB/seed_3198/bin/red_256MB] Error 1

  [FAIL] red_256MB seed_3508
         make failed:
ld.lld: error: section '.data' will not fit in region 'wram': overflowed by 144 bytes
ld.lld: error: section '.data' will not fit in region 'wram': overflowed by 148 bytes
ld.lld: error: section '.data' will not fit in region 'wram': overflowed by 172 bytes
ld.lld: error: section '.data' will not fit in region 'wram': overflowed by 176 bytes
ld.lld: error: section '.data.__sys_host' will not fit in region 'wram': overflowed by 176 bytes
ld.lld: error: section '.data.__sys_host' will not fit in region 'wram': overflowed by 176 bytes
ld.lld: error: section '.data.__sys_host' will not fit in region 'wram': overflowed by 188 bytes
ld.lld: error: section '.data.__sys_profiling' will not fit in region 'wram': overflowed by 188 bytes
ld.lld: error: section '.data.__sys_profiling' will not fit in region 'wram': overflowed by 188 bytes
ld.lld: error: section '.data.stacks' will not fit in region 'wram': overflowed by 188 bytes
ld.lld: error: section '.data.stacks' will not fit in region 'wram': overflowed by 188 bytes
ld.lld: error: section '.data.stacks' will not fit in region 'wram': overflowed by 188 bytes
ld.lld: error: section '.data.stacks' will not fit in region 'wram': overflowed by 188 bytes
ld.lld: error: section '.data.stacks' will not fit in region 'wram': overflowed by 188 bytes
ld.lld: error: section '.data.stacks' will not fit in region 'wram': overflowed by 188 bytes
ld.lld: error: section '.data.stacks' will not fit in region 'wram': overflowed by 188 bytes
ld.lld: error: section '.data.stacks' will not fit in region 'wram': overflowed by 188 bytes
ld.lld: error: section '.data.stacks' will not fit in region 'wram': overflowed by 188 bytes
ld.lld: error: section '.data.stacks' will not fit in region 'wram': overflowed by 188 bytes
ld.lld: error: section '.data.stacks' will not fit in region 'wram': overflowed by 188 bytes
ld.lld: error: too many errors emitted, stopping now (use -error-limit=0 to see all errors)
clang-12: error: ld.lld command failed with exit code 1 (use -v to see invocation)
make[1]: *** [Makefile:58: /home/clement.fournier/Work/cinm-mlir/.experiments/tags/prim_red_cinm2_hybrid400/run/red_256MB/seed_3508/bin/red_256MB] Error 1

  [FAIL] red_256MB seed_3694
         make failed:
ld.lld: error: section '.data' will not fit in region 'wram': overflowed by 144 bytes
ld.lld: error: section '.data' will not fit in region 'wram': overflowed by 148 bytes
ld.lld: error: section '.data' will not fit in region 'wram': overflowed by 172 bytes
ld.lld: error: section '.data' will not fit in region 'wram': overflowed by 176 bytes
ld.lld: error: section '.data.__sys_host' will not fit in region 'wram': overflowed by 176 bytes
ld.lld: error: section '.data.__sys_host' will not fit in region 'wram': overflowed by 176 bytes
ld.lld: error: section '.data.__sys_host' will not fit in region 'wram': overflowed by 188 bytes
ld.lld: error: section '.data.__sys_profiling' will not fit in region 'wram': overflowed by 188 bytes
ld.lld: error: section '.data.__sys_profiling' will not fit in region 'wram': overflowed by 188 bytes
ld.lld: error: section '.data.stacks' will not fit in region 'wram': overflowed by 188 bytes
ld.lld: error: section '.data.stacks' will not fit in region 'wram': overflowed by 188 bytes
ld.lld: error: section '.data.stacks' will not fit in region 'wram': overflowed by 188 bytes
ld.lld: error: section '.data.stacks' will not fit in region 'wram': overflowed by 188 bytes
ld.lld: error: section '.data.stacks' will not fit in region 'wram': overflowed by 188 bytes
ld.lld: error: section '.data.stacks' will not fit in region 'wram': overflowed by 188 bytes
ld.lld: error: section '.data.stacks' will not fit in region 'wram': overflowed by 188 bytes
ld.lld: error: section '.data.stacks' will not fit in region 'wram': overflowed by 188 bytes
ld.lld: error: section '.data.stacks' will not fit in region 'wram': overflowed by 188 bytes
ld.lld: error: section '.data.stacks' will not fit in region 'wram': overflowed by 188 bytes
ld.lld: error: section '.data.stacks' will not fit in region 'wram': overflowed by 188 bytes
ld.lld: error: too many errors emitted, stopping now (use -error-limit=0 to see all errors)
clang-12: error: ld.lld command failed with exit code 1 (use -v to see invocation)
make[1]: *** [Makefile:58: /home/clement.fournier/Work/cinm-mlir/.experiments/tags/prim_red_cinm2_hybrid400/run/red_256MB/seed_3694/bin/red_256MB] Error 1

  [FAIL] red_256MB seed_346
         make failed:
ld.lld: error: section '.data' will not fit in region 'wram': overflowed by 144 bytes
ld.lld: error: section '.data' will not fit in region 'wram': overflowed by 148 bytes
ld.lld: error: section '.data' will not fit in region 'wram': overflowed by 172 bytes
ld.lld: error: section '.data' will not fit in region 'wram': overflowed by 176 bytes
ld.lld: error: section '.data.__sys_host' will not fit in region 'wram': overflowed by 176 bytes
ld.lld: error: section '.data.__sys_host' will not fit in region 'wram': overflowed by 176 bytes
ld.lld: error: section '.data.__sys_host' will not fit in region 'wram': overflowed by 188 bytes
ld.lld: error: section '.data.__sys_profiling' will not fit in region 'wram': overflowed by 188 bytes
ld.lld: error: section '.data.__sys_profiling' will not fit in region 'wram': overflowed by 188 bytes
ld.lld: error: section '.data.stacks' will not fit in region 'wram': overflowed by 188 bytes
ld.lld: error: section '.data.stacks' will not fit in region 'wram': overflowed by 188 bytes
ld.lld: error: section '.data.stacks' will not fit in region 'wram': overflowed by 188 bytes
ld.lld: error: section '.data.stacks' will not fit in region 'wram': overflowed by 188 bytes
ld.lld: error: section '.data.stacks' will not fit in region 'wram': overflowed by 188 bytes
ld.lld: error: section '.data.stacks' will not fit in region 'wram': overflowed by 188 bytes
ld.lld: error: section '.data.stacks' will not fit in region 'wram': overflowed by 188 bytes
ld.lld: error: section '.data.stacks' will not fit in region 'wram': overflowed by 188 bytes
ld.lld: error: section '.data.stacks' will not fit in region 'wram': overflowed by 188 bytes
ld.lld: error: section '.data.stacks' will not fit in region 'wram': overflowed by 188 bytes
ld.lld: error: section '.data.stacks' will not fit in region 'wram': overflowed by 188 bytes
ld.lld: error: too many errors emitted, stopping now (use -error-limit=0 to see all errors)
clang-12: error: ld.lld command failed with exit code 1 (use -v to see invocation)
make[1]: *** [Makefile:58: /home/clement.fournier/Work/cinm-mlir/.experiments/tags/prim_red_cinm2_hybrid400/run/red_256MB/seed_346/bin/red_256MB] Error 1

  [FAIL] red_256MB seed_3570
         make failed:
ld.lld: error: section '.data' will not fit in region 'wram': overflowed by 144 bytes
ld.lld: error: section '.data' will not fit in region 'wram': overflowed by 148 bytes
ld.lld: error: section '.data' will not fit in region 'wram': overflowed by 172 bytes
ld.lld: error: section '.data' will not fit in region 'wram': overflowed by 176 bytes
ld.lld: error: section '.data.__sys_host' will not fit in region 'wram': overflowed by 176 bytes
ld.lld: error: section '.data.__sys_host' will not fit in region 'wram': overflowed by 176 bytes
ld.lld: error: section '.data.__sys_host' will not fit in region 'wram': overflowed by 188 bytes
ld.lld: error: section '.data.__sys_profiling' will not fit in region 'wram': overflowed by 188 bytes
ld.lld: error: section '.data.__sys_profiling' will not fit in region 'wram': overflowed by 188 bytes
ld.lld: error: section '.data.stacks' will not fit in region 'wram': overflowed by 188 bytes
ld.lld: error: section '.data.stacks' will not fit in region 'wram': overflowed by 188 bytes
ld.lld: error: section '.data.stacks' will not fit in region 'wram': overflowed by 188 bytes
ld.lld: error: section '.data.stacks' will not fit in region 'wram': overflowed by 188 bytes
ld.lld: error: section '.data.stacks' will not fit in region 'wram': overflowed by 188 bytes
ld.lld: error: section '.data.stacks' will not fit in region 'wram': overflowed by 188 bytes
ld.lld: error: section '.data.stacks' will not fit in region 'wram': overflowed by 188 bytes
ld.lld: error: section '.data.stacks' will not fit in region 'wram': overflowed by 188 bytes
ld.lld: error: section '.data.stacks' will not fit in region 'wram': overflowed by 188 bytes
ld.lld: error: section '.data.stacks' will not fit in region 'wram': overflowed by 188 bytes
ld.lld: error: section '.data.stacks' will not fit in region 'wram': overflowed by 188 bytes
ld.lld: error: too many errors emitted, stopping now (use -error-limit=0 to see all errors)
clang-12: error: ld.lld command failed with exit code 1 (use -v to see invocation)
make[1]: *** [Makefile:58: /home/clement.fournier/Work/cinm-mlir/.experiments/tags/prim_red_cinm2_hybrid400/run/red_256MB/seed_3570/bin/red_256MB] Error 1

  [FAIL] red_256MB seed_3229
         make failed:
ld.lld: error: section '.data' will not fit in region 'wram': overflowed by 144 bytes
ld.lld: error: section '.data' will not fit in region 'wram': overflowed by 148 bytes
ld.lld: error: section '.data' will not fit in region 'wram': overflowed by 172 bytes
ld.lld: error: section '.data' will not fit in region 'wram': overflowed by 176 bytes
ld.lld: error: section '.data.__sys_host' will not fit in region 'wram': overflowed by 176 bytes
ld.lld: error: section '.data.__sys_host' will not fit in region 'wram': overflowed by 176 bytes
ld.lld: error: section '.data.__sys_host' will not fit in region 'wram': overflowed by 188 bytes
ld.lld: error: section '.data.__sys_profiling' will not fit in region 'wram': overflowed by 188 bytes
ld.lld: error: section '.data.__sys_profiling' will not fit in region 'wram': overflowed by 188 bytes
ld.lld: error: section '.data.stacks' will not fit in region 'wram': overflowed by 188 bytes
ld.lld: error: section '.data.stacks' will not fit in region 'wram': overflowed by 188 bytes
ld.lld: error: section '.data.stacks' will not fit in region 'wram': overflowed by 188 bytes
ld.lld: error: section '.data.stacks' will not fit in region 'wram': overflowed by 188 bytes
ld.lld: error: section '.data.stacks' will not fit in region 'wram': overflowed by 188 bytes
ld.lld: error: section '.data.stacks' will not fit in region 'wram': overflowed by 188 bytes
ld.lld: error: section '.data.stacks' will not fit in region 'wram': overflowed by 188 bytes
ld.lld: error: section '.data.stacks' will not fit in region 'wram': overflowed by 188 bytes
ld.lld: error: section '.data.stacks' will not fit in region 'wram': overflowed by 188 bytes
ld.lld: error: section '.data.stacks' will not fit in region 'wram': overflowed by 188 bytes
ld.lld: error: section '.data.stacks' will not fit in region 'wram': overflowed by 188 bytes
ld.lld: error: too many errors emitted, stopping now (use -error-limit=0 to see all errors)
clang-12: error: ld.lld command failed with exit code 1 (use -v to see invocation)
make[1]: *** [Makefile:58: /home/clement.fournier/Work/cinm-mlir/.experiments/tags/prim_red_cinm2_hybrid400/run/red_256MB/seed_3229/bin/red_256MB] Error 1

  [FAIL] red_256MB seed_3663
         make failed:
ld.lld: error: section '.data' will not fit in region 'wram': overflowed by 144 bytes
ld.lld: error: section '.data' will not fit in region 'wram': overflowed by 148 bytes
ld.lld: error: section '.data' will not fit in region 'wram': overflowed by 172 bytes
ld.lld: error: section '.data' will not fit in region 'wram': overflowed by 176 bytes
ld.lld: error: section '.data.__sys_host' will not fit in region 'wram': overflowed by 176 bytes
ld.lld: error: section '.data.__sys_host' will not fit in region 'wram': overflowed by 176 bytes
ld.lld: error: section '.data.__sys_host' will not fit in region 'wram': overflowed by 188 bytes
ld.lld: error: section '.data.__sys_profiling' will not fit in region 'wram': overflowed by 188 bytes
ld.lld: error: section '.data.__sys_profiling' will not fit in region 'wram': overflowed by 188 bytes
ld.lld: error: section '.data.stacks' will not fit in region 'wram': overflowed by 188 bytes
ld.lld: error: section '.data.stacks' will not fit in region 'wram': overflowed by 188 bytes
ld.lld: error: section '.data.stacks' will not fit in region 'wram': overflowed by 188 bytes
ld.lld: error: section '.data.stacks' will not fit in region 'wram': overflowed by 188 bytes
ld.lld: error: section '.data.stacks' will not fit in region 'wram': overflowed by 188 bytes
ld.lld: error: section '.data.stacks' will not fit in region 'wram': overflowed by 188 bytes
ld.lld: error: section '.data.stacks' will not fit in region 'wram': overflowed by 188 bytes
ld.lld: error: section '.data.stacks' will not fit in region 'wram': overflowed by 188 bytes
ld.lld: error: section '.data.stacks' will not fit in region 'wram': overflowed by 188 bytes
ld.lld: error: section '.data.stacks' will not fit in region 'wram': overflowed by 188 bytes
ld.lld: error: section '.data.stacks' will not fit in region 'wram': overflowed by 188 bytes
ld.lld: error: too many errors emitted, stopping now (use -error-limit=0 to see all errors)
clang-12: error: ld.lld command failed with exit code 1 (use -v to see invocation)
make[1]: *** [Makefile:58: /home/clement.fournier/Work/cinm-mlir/.experiments/tags/prim_red_cinm2_hybrid400/run/red_256MB/seed_3663/bin/red_256MB] Error 1

  [FAIL] red_256MB seed_3539
         make failed:
ld.lld: error: section '.data' will not fit in region 'wram': overflowed by 144 bytes
ld.lld: error: section '.data' will not fit in region 'wram': overflowed by 148 bytes
ld.lld: error: section '.data' will not fit in region 'wram': overflowed by 172 bytes
ld.lld: error: section '.data' will not fit in region 'wram': overflowed by 176 bytes
ld.lld: error: section '.data.__sys_host' will not fit in region 'wram': overflowed by 176 bytes
ld.lld: error: section '.data.__sys_host' will not fit in region 'wram': overflowed by 176 bytes
ld.lld: error: section '.data.__sys_host' will not fit in region 'wram': overflowed by 188 bytes
ld.lld: error: section '.data.__sys_profiling' will not fit in region 'wram': overflowed by 188 bytes
ld.lld: error: section '.data.__sys_profiling' will not fit in region 'wram': overflowed by 188 bytes
ld.lld: error: section '.data.stacks' will not fit in region 'wram': overflowed by 188 bytes
ld.lld: error: section '.data.stacks' will not fit in region 'wram': overflowed by 188 bytes
ld.lld: error: section '.data.stacks' will not fit in region 'wram': overflowed by 188 bytes
ld.lld: error: section '.data.stacks' will not fit in region 'wram': overflowed by 188 bytes
ld.lld: error: section '.data.stacks' will not fit in region 'wram': overflowed by 188 bytes
ld.lld: error: section '.data.stacks' will not fit in region 'wram': overflowed by 188 bytes
ld.lld: error: section '.data.stacks' will not fit in region 'wram': overflowed by 188 bytes
ld.lld: error: section '.data.stacks' will not fit in region 'wram': overflowed by 188 bytes
ld.lld: error: section '.data.stacks' will not fit in region 'wram': overflowed by 188 bytes
ld.lld: error: section '.data.stacks' will not fit in region 'wram': overflowed by 188 bytes
ld.lld: error: section '.data.stacks' will not fit in region 'wram': overflowed by 188 bytes
ld.lld: error: too many errors emitted, stopping now (use -error-limit=0 to see all errors)
clang-12: error: ld.lld command failed with exit code 1 (use -v to see invocation)
make[1]: *** [Makefile:58: /home/clement.fournier/Work/cinm-mlir/.experiments/tags/prim_red_cinm2_hybrid400/run/red_256MB/seed_3539/bin/red_256MB] Error 1

  [FAIL] red_256MB seed_3632
         make failed:
ld.lld: error: section '.data' will not fit in region 'wram': overflowed by 144 bytes
ld.lld: error: section '.data' will not fit in region 'wram': overflowed by 148 bytes
ld.lld: error: section '.data' will not fit in region 'wram': overflowed by 172 bytes
ld.lld: error: section '.data' will not fit in region 'wram': overflowed by 176 bytes
ld.lld: error: section '.data.__sys_host' will not fit in region 'wram': overflowed by 176 bytes
ld.lld: error: section '.data.__sys_host' will not fit in region 'wram': overflowed by 176 bytes
ld.lld: error: section '.data.__sys_host' will not fit in region 'wram': overflowed by 188 bytes
ld.lld: error: section '.data.__sys_profiling' will not fit in region 'wram': overflowed by 188 bytes
ld.lld: error: section '.data.__sys_profiling' will not fit in region 'wram': overflowed by 188 bytes
ld.lld: error: section '.data.stacks' will not fit in region 'wram': overflowed by 188 bytes
ld.lld: error: section '.data.stacks' will not fit in region 'wram': overflowed by 188 bytes
ld.lld: error: section '.data.stacks' will not fit in region 'wram': overflowed by 188 bytes
ld.lld: error: section '.data.stacks' will not fit in region 'wram': overflowed by 188 bytes
ld.lld: error: section '.data.stacks' will not fit in region 'wram': overflowed by 188 bytes
ld.lld: error: section '.data.stacks' will not fit in region 'wram': overflowed by 188 bytes
ld.lld: error: section '.data.stacks' will not fit in region 'wram': overflowed by 188 bytes
ld.lld: error: section '.data.stacks' will not fit in region 'wram': overflowed by 188 bytes
ld.lld: error: section '.data.stacks' will not fit in region 'wram': overflowed by 188 bytes
ld.lld: error: section '.data.stacks' will not fit in region 'wram': overflowed by 188 bytes
ld.lld: error: section '.data.stacks' will not fit in region 'wram': overflowed by 188 bytes
ld.lld: error: too many errors emitted, stopping now (use -error-limit=0 to see all errors)
clang-12: error: ld.lld command failed with exit code 1 (use -v to see invocation)
make[1]: *** [Makefile:58: /home/clement.fournier/Work/cinm-mlir/.experiments/tags/prim_red_cinm2_hybrid400/run/red_256MB/seed_3632/bin/red_256MB] Error 1

  [FAIL] red_256MB seed_3725
         make failed:
ld.lld: error: section '.data' will not fit in region 'wram': overflowed by 144 bytes
ld.lld: error: section '.data' will not fit in region 'wram': overflowed by 148 bytes
ld.lld: error: section '.data' will not fit in region 'wram': overflowed by 172 bytes
ld.lld: error: section '.data' will not fit in region 'wram': overflowed by 176 bytes
ld.lld: error: section '.data.__sys_host' will not fit in region 'wram': overflowed by 176 bytes
ld.lld: error: section '.data.__sys_host' will not fit in region 'wram': overflowed by 176 bytes
ld.lld: error: section '.data.__sys_host' will not fit in region 'wram': overflowed by 188 bytes
ld.lld: error: section '.data.__sys_profiling' will not fit in region 'wram': overflowed by 188 bytes
ld.lld: error: section '.data.__sys_profiling' will not fit in region 'wram': overflowed by 188 bytes
ld.lld: error: section '.data.stacks' will not fit in region 'wram': overflowed by 188 bytes
ld.lld: error: section '.data.stacks' will not fit in region 'wram': overflowed by 188 bytes
ld.lld: error: section '.data.stacks' will not fit in region 'wram': overflowed by 188 bytes
ld.lld: error: section '.data.stacks' will not fit in region 'wram': overflowed by 188 bytes
ld.lld: error: section '.data.stacks' will not fit in region 'wram': overflowed by 188 bytes
ld.lld: error: section '.data.stacks' will not fit in region 'wram': overflowed by 188 bytes
ld.lld: error: section '.data.stacks' will not fit in region 'wram': overflowed by 188 bytes
ld.lld: error: section '.data.stacks' will not fit in region 'wram': overflowed by 188 bytes
ld.lld: error: section '.data.stacks' will not fit in region 'wram': overflowed by 188 bytes
ld.lld: error: section '.data.stacks' will not fit in region 'wram': overflowed by 188 bytes
ld.lld: error: section '.data.stacks' will not fit in region 'wram': overflowed by 188 bytes
ld.lld: error: too many errors emitted, stopping now (use -error-limit=0 to see all errors)
clang-12: error: ld.lld command failed with exit code 1 (use -v to see invocation)
make[1]: *** [Makefile:58: /home/clement.fournier/Work/cinm-mlir/.experiments/tags/prim_red_cinm2_hybrid400/run/red_256MB/seed_3725/bin/red_256MB] Error 1

  [FAIL] red_256MB seed_3756
         make failed:
ld.lld: error: section '.data' will not fit in region 'wram': overflowed by 144 bytes
ld.lld: error: section '.data' will not fit in region 'wram': overflowed by 148 bytes
ld.lld: error: section '.data' will not fit in region 'wram': overflowed by 172 bytes
ld.lld: error: section '.data' will not fit in region 'wram': overflowed by 176 bytes
ld.lld: error: section '.data.__sys_host' will not fit in region 'wram': overflowed by 176 bytes
ld.lld: error: section '.data.__sys_host' will not fit in region 'wram': overflowed by 176 bytes
ld.lld: error: section '.data.__sys_host' will not fit in region 'wram': overflowed by 188 bytes
ld.lld: error: section '.data.__sys_profiling' will not fit in region 'wram': overflowed by 188 bytes
ld.lld: error: section '.data.__sys_profiling' will not fit in region 'wram': overflowed by 188 bytes
ld.lld: error: section '.data.stacks' will not fit in region 'wram': overflowed by 188 bytes
ld.lld: error: section '.data.stacks' will not fit in region 'wram': overflowed by 188 bytes
ld.lld: error: section '.data.stacks' will not fit in region 'wram': overflowed by 188 bytes
ld.lld: error: section '.data.stacks' will not fit in region 'wram': overflowed by 188 bytes
ld.lld: error: section '.data.stacks' will not fit in region 'wram': overflowed by 188 bytes
ld.lld: error: section '.data.stacks' will not fit in region 'wram': overflowed by 188 bytes
ld.lld: error: section '.data.stacks' will not fit in region 'wram': overflowed by 188 bytes
ld.lld: error: section '.data.stacks' will not fit in region 'wram': overflowed by 188 bytes
ld.lld: error: section '.data.stacks' will not fit in region 'wram': overflowed by 188 bytes
ld.lld: error: section '.data.stacks' will not fit in region 'wram': overflowed by 188 bytes
ld.lld: error: section '.data.stacks' will not fit in region 'wram': overflowed by 188 bytes
ld.lld: error: too many errors emitted, stopping now (use -error-limit=0 to see all errors)
clang-12: error: ld.lld command failed with exit code 1 (use -v to see invocation)
make[1]: *** [Makefile:58: /home/clement.fournier/Work/cinm-mlir/.experiments/tags/prim_red_cinm2_hybrid400/run/red_256MB/seed_3756/bin/red_256MB] Error 1

  [FAIL] red_256MB seed_3787
         make failed:
ld.lld: error: section '.data' will not fit in region 'wram': overflowed by 144 bytes
ld.lld: error: section '.data' will not fit in region 'wram': overflowed by 148 bytes
ld.lld: error: section '.data' will not fit in region 'wram': overflowed by 172 bytes
ld.lld: error: section '.data' will not fit in region 'wram': overflowed by 176 bytes
ld.lld: error: section '.data.__sys_host' will not fit in region 'wram': overflowed by 176 bytes
ld.lld: error: section '.data.__sys_host' will not fit in region 'wram': overflowed by 176 bytes
ld.lld: error: section '.data.__sys_host' will not fit in region 'wram': overflowed by 188 bytes
ld.lld: error: section '.data.__sys_profiling' will not fit in region 'wram': overflowed by 188 bytes
ld.lld: error: section '.data.__sys_profiling' will not fit in region 'wram': overflowed by 188 bytes
ld.lld: error: section '.data.stacks' will not fit in region 'wram': overflowed by 188 bytes
ld.lld: error: section '.data.stacks' will not fit in region 'wram': overflowed by 188 bytes
ld.lld: error: section '.data.stacks' will not fit in region 'wram': overflowed by 188 bytes
ld.lld: error: section '.data.stacks' will not fit in region 'wram': overflowed by 188 bytes
ld.lld: error: section '.data.stacks' will not fit in region 'wram': overflowed by 188 bytes
ld.lld: error: section '.data.stacks' will not fit in region 'wram': overflowed by 188 bytes
ld.lld: error: section '.data.stacks' will not fit in region 'wram': overflowed by 188 bytes
ld.lld: error: section '.data.stacks' will not fit in region 'wram': overflowed by 188 bytes
ld.lld: error: section '.data.stacks' will not fit in region 'wram': overflowed by 188 bytes
ld.lld: error: section '.data.stacks' will not fit in region 'wram': overflowed by 188 bytes
ld.lld: error: section '.data.stacks' will not fit in region 'wram': overflowed by 188 bytes
ld.lld: error: too many errors emitted, stopping now (use -error-limit=0 to see all errors)
clang-12: error: ld.lld command failed with exit code 1 (use -v to see invocation)
make[1]: *** [Makefile:58: /home/clement.fournier/Work/cinm-mlir/.experiments/tags/prim_red_cinm2_hybrid400/run/red_256MB/seed_3787/bin/red_256MB] Error 1

  [FAIL] red_256MB seed_3942
         make failed:
ld.lld: error: section '.data' will not fit in region 'wram': overflowed by 144 bytes
ld.lld: error: section '.data' will not fit in region 'wram': overflowed by 148 bytes
ld.lld: error: section '.data' will not fit in region 'wram': overflowed by 172 bytes
ld.lld: error: section '.data' will not fit in region 'wram': overflowed by 176 bytes
ld.lld: error: section '.data.__sys_host' will not fit in region 'wram': overflowed by 176 bytes
ld.lld: error: section '.data.__sys_host' will not fit in region 'wram': overflowed by 176 bytes
ld.lld: error: section '.data.__sys_host' will not fit in region 'wram': overflowed by 188 bytes
ld.lld: error: section '.data.__sys_profiling' will not fit in region 'wram': overflowed by 188 bytes
ld.lld: error: section '.data.__sys_profiling' will not fit in region 'wram': overflowed by 188 bytes
ld.lld: error: section '.data.stacks' will not fit in region 'wram': overflowed by 188 bytes
ld.lld: error: section '.data.stacks' will not fit in region 'wram': overflowed by 188 bytes
ld.lld: error: section '.data.stacks' will not fit in region 'wram': overflowed by 188 bytes
ld.lld: error: section '.data.stacks' will not fit in region 'wram': overflowed by 188 bytes
ld.lld: error: section '.data.stacks' will not fit in region 'wram': overflowed by 188 bytes
ld.lld: error: section '.data.stacks' will not fit in region 'wram': overflowed by 188 bytes
ld.lld: error: section '.data.stacks' will not fit in region 'wram': overflowed by 188 bytes
ld.lld: error: section '.data.stacks' will not fit in region 'wram': overflowed by 188 bytes
ld.lld: error: section '.data.stacks' will not fit in region 'wram': overflowed by 188 bytes
ld.lld: error: section '.data.stacks' will not fit in region 'wram': overflowed by 188 bytes
ld.lld: error: section '.data.stacks' will not fit in region 'wram': overflowed by 188 bytes
ld.lld: error: too many errors emitted, stopping now (use -error-limit=0 to see all errors)
clang-12: error: ld.lld command failed with exit code 1 (use -v to see invocation)
make[1]: *** [Makefile:58: /home/clement.fournier/Work/cinm-mlir/.experiments/tags/prim_red_cinm2_hybrid400/run/red_256MB/seed_3942/bin/red_256MB] Error 1

  [FAIL] red_256MB seed_3818
         make failed:
ld.lld: error: section '.data' will not fit in region 'wram': overflowed by 144 bytes
ld.lld: error: section '.data' will not fit in region 'wram': overflowed by 148 bytes
ld.lld: error: section '.data' will not fit in region 'wram': overflowed by 172 bytes
ld.lld: error: section '.data' will not fit in region 'wram': overflowed by 176 bytes
ld.lld: error: section '.data.__sys_host' will not fit in region 'wram': overflowed by 176 bytes
ld.lld: error: section '.data.__sys_host' will not fit in region 'wram': overflowed by 176 bytes
ld.lld: error: section '.data.__sys_host' will not fit in region 'wram': overflowed by 188 bytes
ld.lld: error: section '.data.__sys_profiling' will not fit in region 'wram': overflowed by 188 bytes
ld.lld: error: section '.data.__sys_profiling' will not fit in region 'wram': overflowed by 188 bytes
ld.lld: error: section '.data.stacks' will not fit in region 'wram': overflowed by 188 bytes
ld.lld: error: section '.data.stacks' will not fit in region 'wram': overflowed by 188 bytes
ld.lld: error: section '.data.stacks' will not fit in region 'wram': overflowed by 188 bytes
ld.lld: error: section '.data.stacks' will not fit in region 'wram': overflowed by 188 bytes
ld.lld: error: section '.data.stacks' will not fit in region 'wram': overflowed by 188 bytes
ld.lld: error: section '.data.stacks' will not fit in region 'wram': overflowed by 188 bytes
ld.lld: error: section '.data.stacks' will not fit in region 'wram': overflowed by 188 bytes
ld.lld: error: section '.data.stacks' will not fit in region 'wram': overflowed by 188 bytes
ld.lld: error: section '.data.stacks' will not fit in region 'wram': overflowed by 188 bytes
ld.lld: error: section '.data.stacks' will not fit in region 'wram': overflowed by 188 bytes
ld.lld: error: section '.data.stacks' will not fit in region 'wram': overflowed by 188 bytes
ld.lld: error: too many errors emitted, stopping now (use -error-limit=0 to see all errors)
clang-12: error: ld.lld command failed with exit code 1 (use -v to see invocation)
make[1]: *** [Makefile:58: /home/clement.fournier/Work/cinm-mlir/.experiments/tags/prim_red_cinm2_hybrid400/run/red_256MB/seed_3818/bin/red_256MB] Error 1

  [FAIL] red_256MB seed_439
         make failed:
ld.lld: error: section '.data' will not fit in region 'wram': overflowed by 144 bytes
ld.lld: error: section '.data' will not fit in region 'wram': overflowed by 148 bytes
ld.lld: error: section '.data' will not fit in region 'wram': overflowed by 172 bytes
ld.lld: error: section '.data' will not fit in region 'wram': overflowed by 176 bytes
ld.lld: error: section '.data.__sys_host' will not fit in region 'wram': overflowed by 176 bytes
ld.lld: error: section '.data.__sys_host' will not fit in region 'wram': overflowed by 176 bytes
ld.lld: error: section '.data.__sys_host' will not fit in region 'wram': overflowed by 188 bytes
ld.lld: error: section '.data.__sys_profiling' will not fit in region 'wram': overflowed by 188 bytes
ld.lld: error: section '.data.__sys_profiling' will not fit in region 'wram': overflowed by 188 bytes
ld.lld: error: section '.data.stacks' will not fit in region 'wram': overflowed by 188 bytes
ld.lld: error: section '.data.stacks' will not fit in region 'wram': overflowed by 188 bytes
ld.lld: error: section '.data.stacks' will not fit in region 'wram': overflowed by 188 bytes
ld.lld: error: section '.data.stacks' will not fit in region 'wram': overflowed by 188 bytes
ld.lld: error: section '.data.stacks' will not fit in region 'wram': overflowed by 188 bytes
ld.lld: error: section '.data.stacks' will not fit in region 'wram': overflowed by 188 bytes
ld.lld: error: section '.data.stacks' will not fit in region 'wram': overflowed by 188 bytes
ld.lld: error: section '.data.stacks' will not fit in region 'wram': overflowed by 188 bytes
ld.lld: error: section '.data.stacks' will not fit in region 'wram': overflowed by 188 bytes
ld.lld: error: section '.data.stacks' will not fit in region 'wram': overflowed by 188 bytes
ld.lld: error: section '.data.stacks' will not fit in region 'wram': overflowed by 188 bytes
ld.lld: error: too many errors emitted, stopping now (use -error-limit=0 to see all errors)
clang-12: error: ld.lld command failed with exit code 1 (use -v to see invocation)
make[1]: *** [Makefile:58: /home/clement.fournier/Work/cinm-mlir/.experiments/tags/prim_red_cinm2_hybrid400/run/red_256MB/seed_439/bin/red_256MB] Error 1

  [FAIL] red_256MB seed_532
         make failed:
ld.lld: error: section '.data' will not fit in region 'wram': overflowed by 144 bytes
ld.lld: error: section '.data' will not fit in region 'wram': overflowed by 148 bytes
ld.lld: error: section '.data' will not fit in region 'wram': overflowed by 172 bytes
ld.lld: error: section '.data' will not fit in region 'wram': overflowed by 176 bytes
ld.lld: error: section '.data.__sys_host' will not fit in region 'wram': overflowed by 176 bytes
ld.lld: error: section '.data.__sys_host' will not fit in region 'wram': overflowed by 176 bytes
ld.lld: error: section '.data.__sys_host' will not fit in region 'wram': overflowed by 188 bytes
ld.lld: error: section '.data.__sys_profiling' will not fit in region 'wram': overflowed by 188 bytes
ld.lld: error: section '.data.__sys_profiling' will not fit in region 'wram': overflowed by 188 bytes
ld.lld: error: section '.data.stacks' will not fit in region 'wram': overflowed by 188 bytes
ld.lld: error: section '.data.stacks' will not fit in region 'wram': overflowed by 188 bytes
ld.lld: error: section '.data.stacks' will not fit in region 'wram': overflowed by 188 bytes
ld.lld: error: section '.data.stacks' will not fit in region 'wram': overflowed by 188 bytes
ld.lld: error: section '.data.stacks' will not fit in region 'wram': overflowed by 188 bytes
ld.lld: error: section '.data.stacks' will not fit in region 'wram': overflowed by 188 bytes
ld.lld: error: section '.data.stacks' will not fit in region 'wram': overflowed by 188 bytes
ld.lld: error: section '.data.stacks' will not fit in region 'wram': overflowed by 188 bytes
ld.lld: error: section '.data.stacks' will not fit in region 'wram': overflowed by 188 bytes
ld.lld: error: section '.data.stacks' will not fit in region 'wram': overflowed by 188 bytes
ld.lld: error: section '.data.stacks' will not fit in region 'wram': overflowed by 188 bytes
ld.lld: error: too many errors emitted, stopping now (use -error-limit=0 to see all errors)
clang-12: error: ld.lld command failed with exit code 1 (use -v to see invocation)
make[1]: *** [Makefile:58: /home/clement.fournier/Work/cinm-mlir/.experiments/tags/prim_red_cinm2_hybrid400/run/red_256MB/seed_532/bin/red_256MB] Error 1

  [FAIL] red_256MB seed_501
         make failed:
ld.lld: error: section '.data' will not fit in region 'wram': overflowed by 144 bytes
ld.lld: error: section '.data' will not fit in region 'wram': overflowed by 148 bytes
ld.lld: error: section '.data' will not fit in region 'wram': overflowed by 172 bytes
ld.lld: error: section '.data' will not fit in region 'wram': overflowed by 176 bytes
ld.lld: error: section '.data.__sys_host' will not fit in region 'wram': overflowed by 176 bytes
ld.lld: error: section '.data.__sys_host' will not fit in region 'wram': overflowed by 176 bytes
ld.lld: error: section '.data.__sys_host' will not fit in region 'wram': overflowed by 188 bytes
ld.lld: error: section '.data.__sys_profiling' will not fit in region 'wram': overflowed by 188 bytes
ld.lld: error: section '.data.__sys_profiling' will not fit in region 'wram': overflowed by 188 bytes
ld.lld: error: section '.data.stacks' will not fit in region 'wram': overflowed by 188 bytes
ld.lld: error: section '.data.stacks' will not fit in region 'wram': overflowed by 188 bytes
ld.lld: error: section '.data.stacks' will not fit in region 'wram': overflowed by 188 bytes
ld.lld: error: section '.data.stacks' will not fit in region 'wram': overflowed by 188 bytes
ld.lld: error: section '.data.stacks' will not fit in region 'wram': overflowed by 188 bytes
ld.lld: error: section '.data.stacks' will not fit in region 'wram': overflowed by 188 bytes
ld.lld: error: section '.data.stacks' will not fit in region 'wram': overflowed by 188 bytes
ld.lld: error: section '.data.stacks' will not fit in region 'wram': overflowed by 188 bytes
ld.lld: error: section '.data.stacks' will not fit in region 'wram': overflowed by 188 bytes
ld.lld: error: section '.data.stacks' will not fit in region 'wram': overflowed by 188 bytes
ld.lld: error: section '.data.stacks' will not fit in region 'wram': overflowed by 188 bytes
ld.lld: error: too many errors emitted, stopping now (use -error-limit=0 to see all errors)
clang-12: error: ld.lld command failed with exit code 1 (use -v to see invocation)
make[1]: *** [Makefile:58: /home/clement.fournier/Work/cinm-mlir/.experiments/tags/prim_red_cinm2_hybrid400/run/red_256MB/seed_501/bin/red_256MB] Error 1

  [FAIL] red_256MB seed_3849
         make failed:
ld.lld: error: section '.data' will not fit in region 'wram': overflowed by 144 bytes
ld.lld: error: section '.data' will not fit in region 'wram': overflowed by 148 bytes
ld.lld: error: section '.data' will not fit in region 'wram': overflowed by 172 bytes
ld.lld: error: section '.data' will not fit in region 'wram': overflowed by 176 bytes
ld.lld: error: section '.data.__sys_host' will not fit in region 'wram': overflowed by 176 bytes
ld.lld: error: section '.data.__sys_host' will not fit in region 'wram': overflowed by 176 bytes
ld.lld: error: section '.data.__sys_host' will not fit in region 'wram': overflowed by 188 bytes
ld.lld: error: section '.data.__sys_profiling' will not fit in region 'wram': overflowed by 188 bytes
ld.lld: error: section '.data.__sys_profiling' will not fit in region 'wram': overflowed by 188 bytes
ld.lld: error: section '.data.stacks' will not fit in region 'wram': overflowed by 188 bytes
ld.lld: error: section '.data.stacks' will not fit in region 'wram': overflowed by 188 bytes
ld.lld: error: section '.data.stacks' will not fit in region 'wram': overflowed by 188 bytes
ld.lld: error: section '.data.stacks' will not fit in region 'wram': overflowed by 188 bytes
ld.lld: error: section '.data.stacks' will not fit in region 'wram': overflowed by 188 bytes
ld.lld: error: section '.data.stacks' will not fit in region 'wram': overflowed by 188 bytes
ld.lld: error: section '.data.stacks' will not fit in region 'wram': overflowed by 188 bytes
ld.lld: error: section '.data.stacks' will not fit in region 'wram': overflowed by 188 bytes
ld.lld: error: section '.data.stacks' will not fit in region 'wram': overflowed by 188 bytes
ld.lld: error: section '.data.stacks' will not fit in region 'wram': overflowed by 188 bytes
ld.lld: error: section '.data.stacks' will not fit in region 'wram': overflowed by 188 bytes
ld.lld: error: too many errors emitted, stopping now (use -error-limit=0 to see all errors)
clang-12: error: ld.lld command failed with exit code 1 (use -v to see invocation)
make[1]: *** [Makefile:58: /home/clement.fournier/Work/cinm-mlir/.experiments/tags/prim_red_cinm2_hybrid400/run/red_256MB/seed_3849/bin/red_256MB] Error 1

  [FAIL] red_256MB seed_594
         make failed:
ld.lld: error: section '.data' will not fit in region 'wram': overflowed by 144 bytes
ld.lld: error: section '.data' will not fit in region 'wram': overflowed by 148 bytes
ld.lld: error: section '.data' will not fit in region 'wram': overflowed by 172 bytes
ld.lld: error: section '.data' will not fit in region 'wram': overflowed by 176 bytes
ld.lld: error: section '.data.__sys_host' will not fit in region 'wram': overflowed by 176 bytes
ld.lld: error: section '.data.__sys_host' will not fit in region 'wram': overflowed by 176 bytes
ld.lld: error: section '.data.__sys_host' will not fit in region 'wram': overflowed by 188 bytes
ld.lld: error: section '.data.__sys_profiling' will not fit in region 'wram': overflowed by 188 bytes
ld.lld: error: section '.data.__sys_profiling' will not fit in region 'wram': overflowed by 188 bytes
ld.lld: error: section '.data.stacks' will not fit in region 'wram': overflowed by 188 bytes
ld.lld: error: section '.data.stacks' will not fit in region 'wram': overflowed by 188 bytes
ld.lld: error: section '.data.stacks' will not fit in region 'wram': overflowed by 188 bytes
ld.lld: error: section '.data.stacks' will not fit in region 'wram': overflowed by 188 bytes
ld.lld: error: section '.data.stacks' will not fit in region 'wram': overflowed by 188 bytes
ld.lld: error: section '.data.stacks' will not fit in region 'wram': overflowed by 188 bytes
ld.lld: error: section '.data.stacks' will not fit in region 'wram': overflowed by 188 bytes
ld.lld: error: section '.data.stacks' will not fit in region 'wram': overflowed by 188 bytes
ld.lld: error: section '.data.stacks' will not fit in region 'wram': overflowed by 188 bytes
ld.lld: error: section '.data.stacks' will not fit in region 'wram': overflowed by 188 bytes
ld.lld: error: section '.data.stacks' will not fit in region 'wram': overflowed by 188 bytes
ld.lld: error: too many errors emitted, stopping now (use -error-limit=0 to see all errors)
clang-12: error: ld.lld command failed with exit code 1 (use -v to see invocation)
make[1]: *** [Makefile:58: /home/clement.fournier/Work/cinm-mlir/.experiments/tags/prim_red_cinm2_hybrid400/run/red_256MB/seed_594/bin/red_256MB] Error 1

  [FAIL] red_256MB seed_718
         make failed:
ld.lld: error: section '.data' will not fit in region 'wram': overflowed by 144 bytes
ld.lld: error: section '.data' will not fit in region 'wram': overflowed by 148 bytes
ld.lld: error: section '.data' will not fit in region 'wram': overflowed by 172 bytes
ld.lld: error: section '.data' will not fit in region 'wram': overflowed by 176 bytes
ld.lld: error: section '.data.__sys_host' will not fit in region 'wram': overflowed by 176 bytes
ld.lld: error: section '.data.__sys_host' will not fit in region 'wram': overflowed by 176 bytes
ld.lld: error: section '.data.__sys_host' will not fit in region 'wram': overflowed by 188 bytes
ld.lld: error: section '.data.__sys_profiling' will not fit in region 'wram': overflowed by 188 bytes
ld.lld: error: section '.data.__sys_profiling' will not fit in region 'wram': overflowed by 188 bytes
ld.lld: error: section '.data.stacks' will not fit in region 'wram': overflowed by 188 bytes
ld.lld: error: section '.data.stacks' will not fit in region 'wram': overflowed by 188 bytes
ld.lld: error: section '.data.stacks' will not fit in region 'wram': overflowed by 188 bytes
ld.lld: error: section '.data.stacks' will not fit in region 'wram': overflowed by 188 bytes
ld.lld: error: section '.data.stacks' will not fit in region 'wram': overflowed by 188 bytes
ld.lld: error: section '.data.stacks' will not fit in region 'wram': overflowed by 188 bytes
ld.lld: error: section '.data.stacks' will not fit in region 'wram': overflowed by 188 bytes
ld.lld: error: section '.data.stacks' will not fit in region 'wram': overflowed by 188 bytes
ld.lld: error: section '.data.stacks' will not fit in region 'wram': overflowed by 188 bytes
ld.lld: error: section '.data.stacks' will not fit in region 'wram': overflowed by 188 bytes
ld.lld: error: section '.data.stacks' will not fit in region 'wram': overflowed by 188 bytes
ld.lld: error: too many errors emitted, stopping now (use -error-limit=0 to see all errors)
clang-12: error: ld.lld command failed with exit code 1 (use -v to see invocation)
make[1]: *** [Makefile:58: /home/clement.fournier/Work/cinm-mlir/.experiments/tags/prim_red_cinm2_hybrid400/run/red_256MB/seed_718/bin/red_256MB] Error 1

  [FAIL] red_256MB seed_656
         make failed:
ld.lld: error: section '.data' will not fit in region 'wram': overflowed by 144 bytes
ld.lld: error: section '.data' will not fit in region 'wram': overflowed by 148 bytes
ld.lld: error: section '.data' will not fit in region 'wram': overflowed by 172 bytes
ld.lld: error: section '.data' will not fit in region 'wram': overflowed by 176 bytes
ld.lld: error: section '.data.__sys_host' will not fit in region 'wram': overflowed by 176 bytes
ld.lld: error: section '.data.__sys_host' will not fit in region 'wram': overflowed by 176 bytes
ld.lld: error: section '.data.__sys_host' will not fit in region 'wram': overflowed by 188 bytes
ld.lld: error: section '.data.__sys_profiling' will not fit in region 'wram': overflowed by 188 bytes
ld.lld: error: section '.data.__sys_profiling' will not fit in region 'wram': overflowed by 188 bytes
ld.lld: error: section '.data.stacks' will not fit in region 'wram': overflowed by 188 bytes
ld.lld: error: section '.data.stacks' will not fit in region 'wram': overflowed by 188 bytes
ld.lld: error: section '.data.stacks' will not fit in region 'wram': overflowed by 188 bytes
ld.lld: error: section '.data.stacks' will not fit in region 'wram': overflowed by 188 bytes
ld.lld: error: section '.data.stacks' will not fit in region 'wram': overflowed by 188 bytes
ld.lld: error: section '.data.stacks' will not fit in region 'wram': overflowed by 188 bytes
ld.lld: error: section '.data.stacks' will not fit in region 'wram': overflowed by 188 bytes
ld.lld: error: section '.data.stacks' will not fit in region 'wram': overflowed by 188 bytes
ld.lld: error: section '.data.stacks' will not fit in region 'wram': overflowed by 188 bytes
ld.lld: error: section '.data.stacks' will not fit in region 'wram': overflowed by 188 bytes
ld.lld: error: section '.data.stacks' will not fit in region 'wram': overflowed by 188 bytes
ld.lld: error: too many errors emitted, stopping now (use -error-limit=0 to see all errors)
clang-12: error: ld.lld command failed with exit code 1 (use -v to see invocation)
make[1]: *** [Makefile:58: /home/clement.fournier/Work/cinm-mlir/.experiments/tags/prim_red_cinm2_hybrid400/run/red_256MB/seed_656/bin/red_256MB] Error 1

  [FAIL] red_256MB seed_3880
         make failed:
ld.lld: error: section '.data' will not fit in region 'wram': overflowed by 144 bytes
ld.lld: error: section '.data' will not fit in region 'wram': overflowed by 148 bytes
ld.lld: error: section '.data' will not fit in region 'wram': overflowed by 172 bytes
ld.lld: error: section '.data' will not fit in region 'wram': overflowed by 176 bytes
ld.lld: error: section '.data.__sys_host' will not fit in region 'wram': overflowed by 176 bytes
ld.lld: error: section '.data.__sys_host' will not fit in region 'wram': overflowed by 176 bytes
ld.lld: error: section '.data.__sys_host' will not fit in region 'wram': overflowed by 188 bytes
ld.lld: error: section '.data.__sys_profiling' will not fit in region 'wram': overflowed by 188 bytes
ld.lld: error: section '.data.__sys_profiling' will not fit in region 'wram': overflowed by 188 bytes
ld.lld: error: section '.data.stacks' will not fit in region 'wram': overflowed by 188 bytes
ld.lld: error: section '.data.stacks' will not fit in region 'wram': overflowed by 188 bytes
ld.lld: error: section '.data.stacks' will not fit in region 'wram': overflowed by 188 bytes
ld.lld: error: section '.data.stacks' will not fit in region 'wram': overflowed by 188 bytes
ld.lld: error: section '.data.stacks' will not fit in region 'wram': overflowed by 188 bytes
ld.lld: error: section '.data.stacks' will not fit in region 'wram': overflowed by 188 bytes
ld.lld: error: section '.data.stacks' will not fit in region 'wram': overflowed by 188 bytes
ld.lld: error: section '.data.stacks' will not fit in region 'wram': overflowed by 188 bytes
ld.lld: error: section '.data.stacks' will not fit in region 'wram': overflowed by 188 bytes
ld.lld: error: section '.data.stacks' will not fit in region 'wram': overflowed by 188 bytes
ld.lld: error: section '.data.stacks' will not fit in region 'wram': overflowed by 188 bytes
ld.lld: error: too many errors emitted, stopping now (use -error-limit=0 to see all errors)
clang-12: error: ld.lld command failed with exit code 1 (use -v to see invocation)
make[1]: *** [Makefile:58: /home/clement.fournier/Work/cinm-mlir/.experiments/tags/prim_red_cinm2_hybrid400/run/red_256MB/seed_3880/bin/red_256MB] Error 1

  [FAIL] red_256MB seed_377
         make failed:
ld.lld: error: section '.data' will not fit in region 'wram': overflowed by 144 bytes
ld.lld: error: section '.data' will not fit in region 'wram': overflowed by 148 bytes
ld.lld: error: section '.data' will not fit in region 'wram': overflowed by 172 bytes
ld.lld: error: section '.data' will not fit in region 'wram': overflowed by 176 bytes
ld.lld: error: section '.data.__sys_host' will not fit in region 'wram': overflowed by 176 bytes
ld.lld: error: section '.data.__sys_host' will not fit in region 'wram': overflowed by 176 bytes
ld.lld: error: section '.data.__sys_host' will not fit in region 'wram': overflowed by 188 bytes
ld.lld: error: section '.data.__sys_profiling' will not fit in region 'wram': overflowed by 188 bytes
ld.lld: error: section '.data.__sys_profiling' will not fit in region 'wram': overflowed by 188 bytes
ld.lld: error: section '.data.stacks' will not fit in region 'wram': overflowed by 188 bytes
ld.lld: error: section '.data.stacks' will not fit in region 'wram': overflowed by 188 bytes
ld.lld: error: section '.data.stacks' will not fit in region 'wram': overflowed by 188 bytes
ld.lld: error: section '.data.stacks' will not fit in region 'wram': overflowed by 188 bytes
ld.lld: error: section '.data.stacks' will not fit in region 'wram': overflowed by 188 bytes
ld.lld: error: section '.data.stacks' will not fit in region 'wram': overflowed by 188 bytes
ld.lld: error: section '.data.stacks' will not fit in region 'wram': overflowed by 188 bytes
ld.lld: error: section '.data.stacks' will not fit in region 'wram': overflowed by 188 bytes
ld.lld: error: section '.data.stacks' will not fit in region 'wram': overflowed by 188 bytes
ld.lld: error: section '.data.stacks' will not fit in region 'wram': overflowed by 188 bytes
ld.lld: error: section '.data.stacks' will not fit in region 'wram': overflowed by 188 bytes
ld.lld: error: too many errors emitted, stopping now (use -error-limit=0 to see all errors)
clang-12: error: ld.lld command failed with exit code 1 (use -v to see invocation)
make[1]: *** [Makefile:58: /home/clement.fournier/Work/cinm-mlir/.experiments/tags/prim_red_cinm2_hybrid400/run/red_256MB/seed_377/bin/red_256MB] Error 1

  [FAIL] red_256MB seed_3973
         make failed:
ld.lld: error: section '.data' will not fit in region 'wram': overflowed by 144 bytes
ld.lld: error: section '.data' will not fit in region 'wram': overflowed by 148 bytes
ld.lld: error: section '.data' will not fit in region 'wram': overflowed by 172 bytes
ld.lld: error: section '.data' will not fit in region 'wram': overflowed by 176 bytes
ld.lld: error: section '.data.__sys_host' will not fit in region 'wram': overflowed by 176 bytes
ld.lld: error: section '.data.__sys_host' will not fit in region 'wram': overflowed by 176 bytes
ld.lld: error: section '.data.__sys_host' will not fit in region 'wram': overflowed by 188 bytes
ld.lld: error: section '.data.__sys_profiling' will not fit in region 'wram': overflowed by 188 bytes
ld.lld: error: section '.data.__sys_profiling' will not fit in region 'wram': overflowed by 188 bytes
ld.lld: error: section '.data.stacks' will not fit in region 'wram': overflowed by 188 bytes
ld.lld: error: section '.data.stacks' will not fit in region 'wram': overflowed by 188 bytes
ld.lld: error: section '.data.stacks' will not fit in region 'wram': overflowed by 188 bytes
ld.lld: error: section '.data.stacks' will not fit in region 'wram': overflowed by 188 bytes
ld.lld: error: section '.data.stacks' will not fit in region 'wram': overflowed by 188 bytes
ld.lld: error: section '.data.stacks' will not fit in region 'wram': overflowed by 188 bytes
ld.lld: error: section '.data.stacks' will not fit in region 'wram': overflowed by 188 bytes
ld.lld: error: section '.data.stacks' will not fit in region 'wram': overflowed by 188 bytes
ld.lld: error: section '.data.stacks' will not fit in region 'wram': overflowed by 188 bytes
ld.lld: error: section '.data.stacks' will not fit in region 'wram': overflowed by 188 bytes
ld.lld: error: section '.data.stacks' will not fit in region 'wram': overflowed by 188 bytes
ld.lld: error: too many errors emitted, stopping now (use -error-limit=0 to see all errors)
clang-12: error: ld.lld command failed with exit code 1 (use -v to see invocation)
make[1]: *** [Makefile:58: /home/clement.fournier/Work/cinm-mlir/.experiments/tags/prim_red_cinm2_hybrid400/run/red_256MB/seed_3973/bin/red_256MB] Error 1

  [FAIL] red_256MB seed_625
         make failed:
ld.lld: error: section '.data' will not fit in region 'wram': overflowed by 144 bytes
ld.lld: error: section '.data' will not fit in region 'wram': overflowed by 148 bytes
ld.lld: error: section '.data' will not fit in region 'wram': overflowed by 172 bytes
ld.lld: error: section '.data' will not fit in region 'wram': overflowed by 176 bytes
ld.lld: error: section '.data.__sys_host' will not fit in region 'wram': overflowed by 176 bytes
ld.lld: error: section '.data.__sys_host' will not fit in region 'wram': overflowed by 176 bytes
ld.lld: error: section '.data.__sys_host' will not fit in region 'wram': overflowed by 188 bytes
ld.lld: error: section '.data.__sys_profiling' will not fit in region 'wram': overflowed by 188 bytes
ld.lld: error: section '.data.__sys_profiling' will not fit in region 'wram': overflowed by 188 bytes
ld.lld: error: section '.data.stacks' will not fit in region 'wram': overflowed by 188 bytes
ld.lld: error: section '.data.stacks' will not fit in region 'wram': overflowed by 188 bytes
ld.lld: error: section '.data.stacks' will not fit in region 'wram': overflowed by 188 bytes
ld.lld: error: section '.data.stacks' will not fit in region 'wram': overflowed by 188 bytes
ld.lld: error: section '.data.stacks' will not fit in region 'wram': overflowed by 188 bytes
ld.lld: error: section '.data.stacks' will not fit in region 'wram': overflowed by 188 bytes
ld.lld: error: section '.data.stacks' will not fit in region 'wram': overflowed by 188 bytes
ld.lld: error: section '.data.stacks' will not fit in region 'wram': overflowed by 188 bytes
ld.lld: error: section '.data.stacks' will not fit in region 'wram': overflowed by 188 bytes
ld.lld: error: section '.data.stacks' will not fit in region 'wram': overflowed by 188 bytes
ld.lld: error: section '.data.stacks' will not fit in region 'wram': overflowed by 188 bytes
ld.lld: error: too many errors emitted, stopping now (use -error-limit=0 to see all errors)
clang-12: error: ld.lld command failed with exit code 1 (use -v to see invocation)
make[1]: *** [Makefile:58: /home/clement.fournier/Work/cinm-mlir/.experiments/tags/prim_red_cinm2_hybrid400/run/red_256MB/seed_625/bin/red_256MB] Error 1

  [FAIL] red_256MB seed_749
         make failed:
ld.lld: error: section '.data' will not fit in region 'wram': overflowed by 144 bytes
ld.lld: error: section '.data' will not fit in region 'wram': overflowed by 148 bytes
ld.lld: error: section '.data' will not fit in region 'wram': overflowed by 172 bytes
ld.lld: error: section '.data' will not fit in region 'wram': overflowed by 176 bytes
ld.lld: error: section '.data.__sys_host' will not fit in region 'wram': overflowed by 176 bytes
ld.lld: error: section '.data.__sys_host' will not fit in region 'wram': overflowed by 176 bytes
ld.lld: error: section '.data.__sys_host' will not fit in region 'wram': overflowed by 188 bytes
ld.lld: error: section '.data.__sys_profiling' will not fit in region 'wram': overflowed by 188 bytes
ld.lld: error: section '.data.__sys_profiling' will not fit in region 'wram': overflowed by 188 bytes
ld.lld: error: section '.data.stacks' will not fit in region 'wram': overflowed by 188 bytes
ld.lld: error: section '.data.stacks' will not fit in region 'wram': overflowed by 188 bytes
ld.lld: error: section '.data.stacks' will not fit in region 'wram': overflowed by 188 bytes
ld.lld: error: section '.data.stacks' will not fit in region 'wram': overflowed by 188 bytes
ld.lld: error: section '.data.stacks' will not fit in region 'wram': overflowed by 188 bytes
ld.lld: error: section '.data.stacks' will not fit in region 'wram': overflowed by 188 bytes
ld.lld: error: section '.data.stacks' will not fit in region 'wram': overflowed by 188 bytes
ld.lld: error: section '.data.stacks' will not fit in region 'wram': overflowed by 188 bytes
ld.lld: error: section '.data.stacks' will not fit in region 'wram': overflowed by 188 bytes
ld.lld: error: section '.data.stacks' will not fit in region 'wram': overflowed by 188 bytes
ld.lld: error: section '.data.stacks' will not fit in region 'wram': overflowed by 188 bytes
ld.lld: error: too many errors emitted, stopping now (use -error-limit=0 to see all errors)
clang-12: error: ld.lld command failed with exit code 1 (use -v to see invocation)
make[1]: *** [Makefile:58: /home/clement.fournier/Work/cinm-mlir/.experiments/tags/prim_red_cinm2_hybrid400/run/red_256MB/seed_749/bin/red_256MB] Error 1

  [FAIL] red_256MB seed_67
         make failed:
ld.lld: error: section '.data' will not fit in region 'wram': overflowed by 144 bytes
ld.lld: error: section '.data' will not fit in region 'wram': overflowed by 148 bytes
ld.lld: error: section '.data' will not fit in region 'wram': overflowed by 172 bytes
ld.lld: error: section '.data' will not fit in region 'wram': overflowed by 176 bytes
ld.lld: error: section '.data.__sys_host' will not fit in region 'wram': overflowed by 176 bytes
ld.lld: error: section '.data.__sys_host' will not fit in region 'wram': overflowed by 176 bytes
ld.lld: error: section '.data.__sys_host' will not fit in region 'wram': overflowed by 188 bytes
ld.lld: error: section '.data.__sys_profiling' will not fit in region 'wram': overflowed by 188 bytes
ld.lld: error: section '.data.__sys_profiling' will not fit in region 'wram': overflowed by 188 bytes
ld.lld: error: section '.data.stacks' will not fit in region 'wram': overflowed by 188 bytes
ld.lld: error: section '.data.stacks' will not fit in region 'wram': overflowed by 188 bytes
ld.lld: error: section '.data.stacks' will not fit in region 'wram': overflowed by 188 bytes
ld.lld: error: section '.data.stacks' will not fit in region 'wram': overflowed by 188 bytes
ld.lld: error: section '.data.stacks' will not fit in region 'wram': overflowed by 188 bytes
ld.lld: error: section '.data.stacks' will not fit in region 'wram': overflowed by 188 bytes
ld.lld: error: section '.data.stacks' will not fit in region 'wram': overflowed by 188 bytes
ld.lld: error: section '.data.stacks' will not fit in region 'wram': overflowed by 188 bytes
ld.lld: error: section '.data.stacks' will not fit in region 'wram': overflowed by 188 bytes
ld.lld: error: section '.data.stacks' will not fit in region 'wram': overflowed by 188 bytes
ld.lld: error: section '.data.stacks' will not fit in region 'wram': overflowed by 188 bytes
ld.lld: error: too many errors emitted, stopping now (use -error-limit=0 to see all errors)
clang-12: error: ld.lld command failed with exit code 1 (use -v to see invocation)
make[1]: *** [Makefile:58: /home/clement.fournier/Work/cinm-mlir/.experiments/tags/prim_red_cinm2_hybrid400/run/red_256MB/seed_67/bin/red_256MB] Error 1

  [FAIL] red_256MB seed_904
         make failed:
ld.lld: error: section '.data' will not fit in region 'wram': overflowed by 144 bytes
ld.lld: error: section '.data' will not fit in region 'wram': overflowed by 148 bytes
ld.lld: error: section '.data' will not fit in region 'wram': overflowed by 172 bytes
ld.lld: error: section '.data' will not fit in region 'wram': overflowed by 176 bytes
ld.lld: error: section '.data.__sys_host' will not fit in region 'wram': overflowed by 176 bytes
ld.lld: error: section '.data.__sys_host' will not fit in region 'wram': overflowed by 176 bytes
ld.lld: error: section '.data.__sys_host' will not fit in region 'wram': overflowed by 188 bytes
ld.lld: error: section '.data.__sys_profiling' will not fit in region 'wram': overflowed by 188 bytes
ld.lld: error: section '.data.__sys_profiling' will not fit in region 'wram': overflowed by 188 bytes
ld.lld: error: section '.data.stacks' will not fit in region 'wram': overflowed by 188 bytes
ld.lld: error: section '.data.stacks' will not fit in region 'wram': overflowed by 188 bytes
ld.lld: error: section '.data.stacks' will not fit in region 'wram': overflowed by 188 bytes
ld.lld: error: section '.data.stacks' will not fit in region 'wram': overflowed by 188 bytes
ld.lld: error: section '.data.stacks' will not fit in region 'wram': overflowed by 188 bytes
ld.lld: error: section '.data.stacks' will not fit in region 'wram': overflowed by 188 bytes
ld.lld: error: section '.data.stacks' will not fit in region 'wram': overflowed by 188 bytes
ld.lld: error: section '.data.stacks' will not fit in region 'wram': overflowed by 188 bytes
ld.lld: error: section '.data.stacks' will not fit in region 'wram': overflowed by 188 bytes
ld.lld: error: section '.data.stacks' will not fit in region 'wram': overflowed by 188 bytes
ld.lld: error: section '.data.stacks' will not fit in region 'wram': overflowed by 188 bytes
ld.lld: error: too many errors emitted, stopping now (use -error-limit=0 to see all errors)
clang-12: error: ld.lld command failed with exit code 1 (use -v to see invocation)
make[1]: *** [Makefile:58: /home/clement.fournier/Work/cinm-mlir/.experiments/tags/prim_red_cinm2_hybrid400/run/red_256MB/seed_904/bin/red_256MB] Error 1

  [FAIL] red_256MB seed_873
         make failed:
ld.lld: error: section '.data' will not fit in region 'wram': overflowed by 144 bytes
ld.lld: error: section '.data' will not fit in region 'wram': overflowed by 148 bytes
ld.lld: error: section '.data' will not fit in region 'wram': overflowed by 172 bytes
ld.lld: error: section '.data' will not fit in region 'wram': overflowed by 176 bytes
ld.lld: error: section '.data.__sys_host' will not fit in region 'wram': overflowed by 176 bytes
ld.lld: error: section '.data.__sys_host' will not fit in region 'wram': overflowed by 176 bytes
ld.lld: error: section '.data.__sys_host' will not fit in region 'wram': overflowed by 188 bytes
ld.lld: error: section '.data.__sys_profiling' will not fit in region 'wram': overflowed by 188 bytes
ld.lld: error: section '.data.__sys_profiling' will not fit in region 'wram': overflowed by 188 bytes
ld.lld: error: section '.data.stacks' will not fit in region 'wram': overflowed by 188 bytes
ld.lld: error: section '.data.stacks' will not fit in region 'wram': overflowed by 188 bytes
ld.lld: error: section '.data.stacks' will not fit in region 'wram': overflowed by 188 bytes
ld.lld: error: section '.data.stacks' will not fit in region 'wram': overflowed by 188 bytes
ld.lld: error: section '.data.stacks' will not fit in region 'wram': overflowed by 188 bytes
ld.lld: error: section '.data.stacks' will not fit in region 'wram': overflowed by 188 bytes
ld.lld: error: section '.data.stacks' will not fit in region 'wram': overflowed by 188 bytes
ld.lld: error: section '.data.stacks' will not fit in region 'wram': overflowed by 188 bytes
ld.lld: error: section '.data.stacks' will not fit in region 'wram': overflowed by 188 bytes
ld.lld: error: section '.data.stacks' will not fit in region 'wram': overflowed by 188 bytes
ld.lld: error: section '.data.stacks' will not fit in region 'wram': overflowed by 188 bytes
ld.lld: error: too many errors emitted, stopping now (use -error-limit=0 to see all errors)
clang-12: error: ld.lld command failed with exit code 1 (use -v to see invocation)
make[1]: *** [Makefile:58: /home/clement.fournier/Work/cinm-mlir/.experiments/tags/prim_red_cinm2_hybrid400/run/red_256MB/seed_873/bin/red_256MB] Error 1

  [FAIL] red_256MB seed_408
         make failed:
ld.lld: error: section '.data' will not fit in region 'wram': overflowed by 144 bytes
ld.lld: error: section '.data' will not fit in region 'wram': overflowed by 148 bytes
ld.lld: error: section '.data' will not fit in region 'wram': overflowed by 172 bytes
ld.lld: error: section '.data' will not fit in region 'wram': overflowed by 176 bytes
ld.lld: error: section '.data.__sys_host' will not fit in region 'wram': overflowed by 176 bytes
ld.lld: error: section '.data.__sys_host' will not fit in region 'wram': overflowed by 176 bytes
ld.lld: error: section '.data.__sys_host' will not fit in region 'wram': overflowed by 188 bytes
ld.lld: error: section '.data.__sys_profiling' will not fit in region 'wram': overflowed by 188 bytes
ld.lld: error: section '.data.__sys_profiling' will not fit in region 'wram': overflowed by 188 bytes
ld.lld: error: section '.data.stacks' will not fit in region 'wram': overflowed by 188 bytes
ld.lld: error: section '.data.stacks' will not fit in region 'wram': overflowed by 188 bytes
ld.lld: error: section '.data.stacks' will not fit in region 'wram': overflowed by 188 bytes
ld.lld: error: section '.data.stacks' will not fit in region 'wram': overflowed by 188 bytes
ld.lld: error: section '.data.stacks' will not fit in region 'wram': overflowed by 188 bytes
ld.lld: error: section '.data.stacks' will not fit in region 'wram': overflowed by 188 bytes
ld.lld: error: section '.data.stacks' will not fit in region 'wram': overflowed by 188 bytes
ld.lld: error: section '.data.stacks' will not fit in region 'wram': overflowed by 188 bytes
ld.lld: error: section '.data.stacks' will not fit in region 'wram': overflowed by 188 bytes
ld.lld: error: section '.data.stacks' will not fit in region 'wram': overflowed by 188 bytes
ld.lld: error: section '.data.stacks' will not fit in region 'wram': overflowed by 188 bytes
ld.lld: error: too many errors emitted, stopping now (use -error-limit=0 to see all errors)
clang-12: error: ld.lld command failed with exit code 1 (use -v to see invocation)
make[1]: *** [Makefile:58: /home/clement.fournier/Work/cinm-mlir/.experiments/tags/prim_red_cinm2_hybrid400/run/red_256MB/seed_408/bin/red_256MB] Error 1

  [FAIL] red_256MB seed_3911
         make failed:
ld.lld: error: section '.data' will not fit in region 'wram': overflowed by 144 bytes
ld.lld: error: section '.data' will not fit in region 'wram': overflowed by 148 bytes
ld.lld: error: section '.data' will not fit in region 'wram': overflowed by 172 bytes
ld.lld: error: section '.data' will not fit in region 'wram': overflowed by 176 bytes
ld.lld: error: section '.data.__sys_host' will not fit in region 'wram': overflowed by 176 bytes
ld.lld: error: section '.data.__sys_host' will not fit in region 'wram': overflowed by 176 bytes
ld.lld: error: section '.data.__sys_host' will not fit in region 'wram': overflowed by 188 bytes
ld.lld: error: section '.data.__sys_profiling' will not fit in region 'wram': overflowed by 188 bytes
ld.lld: error: section '.data.__sys_profiling' will not fit in region 'wram': overflowed by 188 bytes
ld.lld: error: section '.data.stacks' will not fit in region 'wram': overflowed by 188 bytes
ld.lld: error: section '.data.stacks' will not fit in region 'wram': overflowed by 188 bytes
ld.lld: error: section '.data.stacks' will not fit in region 'wram': overflowed by 188 bytes
ld.lld: error: section '.data.stacks' will not fit in region 'wram': overflowed by 188 bytes
ld.lld: error: section '.data.stacks' will not fit in region 'wram': overflowed by 188 bytes
ld.lld: error: section '.data.stacks' will not fit in region 'wram': overflowed by 188 bytes
ld.lld: error: section '.data.stacks' will not fit in region 'wram': overflowed by 188 bytes
ld.lld: error: section '.data.stacks' will not fit in region 'wram': overflowed by 188 bytes
ld.lld: error: section '.data.stacks' will not fit in region 'wram': overflowed by 188 bytes
ld.lld: error: section '.data.stacks' will not fit in region 'wram': overflowed by 188 bytes
ld.lld: error: section '.data.stacks' will not fit in region 'wram': overflowed by 188 bytes
ld.lld: error: too many errors emitted, stopping now (use -error-limit=0 to see all errors)
clang-12: error: ld.lld command failed with exit code 1 (use -v to see invocation)
make[1]: *** [Makefile:58: /home/clement.fournier/Work/cinm-mlir/.experiments/tags/prim_red_cinm2_hybrid400/run/red_256MB/seed_3911/bin/red_256MB] Error 1

  [FAIL] red_256MB seed_687
         make failed:
ld.lld: error: section '.data' will not fit in region 'wram': overflowed by 144 bytes
ld.lld: error: section '.data' will not fit in region 'wram': overflowed by 148 bytes
ld.lld: error: section '.data' will not fit in region 'wram': overflowed by 172 bytes
ld.lld: error: section '.data' will not fit in region 'wram': overflowed by 176 bytes
ld.lld: error: section '.data.__sys_host' will not fit in region 'wram': overflowed by 176 bytes
ld.lld: error: section '.data.__sys_host' will not fit in region 'wram': overflowed by 176 bytes
ld.lld: error: section '.data.__sys_host' will not fit in region 'wram': overflowed by 188 bytes
ld.lld: error: section '.data.__sys_profiling' will not fit in region 'wram': overflowed by 188 bytes
ld.lld: error: section '.data.__sys_profiling' will not fit in region 'wram': overflowed by 188 bytes
ld.lld: error: section '.data.stacks' will not fit in region 'wram': overflowed by 188 bytes
ld.lld: error: section '.data.stacks' will not fit in region 'wram': overflowed by 188 bytes
ld.lld: error: section '.data.stacks' will not fit in region 'wram': overflowed by 188 bytes
ld.lld: error: section '.data.stacks' will not fit in region 'wram': overflowed by 188 bytes
ld.lld: error: section '.data.stacks' will not fit in region 'wram': overflowed by 188 bytes
ld.lld: error: section '.data.stacks' will not fit in region 'wram': overflowed by 188 bytes
ld.lld: error: section '.data.stacks' will not fit in region 'wram': overflowed by 188 bytes
ld.lld: error: section '.data.stacks' will not fit in region 'wram': overflowed by 188 bytes
ld.lld: error: section '.data.stacks' will not fit in region 'wram': overflowed by 188 bytes
ld.lld: error: section '.data.stacks' will not fit in region 'wram': overflowed by 188 bytes
ld.lld: error: section '.data.stacks' will not fit in region 'wram': overflowed by 188 bytes
ld.lld: error: too many errors emitted, stopping now (use -error-limit=0 to see all errors)
clang-12: error: ld.lld command failed with exit code 1 (use -v to see invocation)
make[1]: *** [Makefile:58: /home/clement.fournier/Work/cinm-mlir/.experiments/tags/prim_red_cinm2_hybrid400/run/red_256MB/seed_687/bin/red_256MB] Error 1

  [FAIL] red_256MB seed_98
         make failed:
ld.lld: error: section '.data' will not fit in region 'wram': overflowed by 144 bytes
ld.lld: error: section '.data' will not fit in region 'wram': overflowed by 148 bytes
ld.lld: error: section '.data' will not fit in region 'wram': overflowed by 172 bytes
ld.lld: error: section '.data' will not fit in region 'wram': overflowed by 176 bytes
ld.lld: error: section '.data.__sys_host' will not fit in region 'wram': overflowed by 176 bytes
ld.lld: error: section '.data.__sys_host' will not fit in region 'wram': overflowed by 176 bytes
ld.lld: error: section '.data.__sys_host' will not fit in region 'wram': overflowed by 188 bytes
ld.lld: error: section '.data.__sys_profiling' will not fit in region 'wram': overflowed by 188 bytes
ld.lld: error: section '.data.__sys_profiling' will not fit in region 'wram': overflowed by 188 bytes
ld.lld: error: section '.data.stacks' will not fit in region 'wram': overflowed by 188 bytes
ld.lld: error: section '.data.stacks' will not fit in region 'wram': overflowed by 188 bytes
ld.lld: error: section '.data.stacks' will not fit in region 'wram': overflowed by 188 bytes
ld.lld: error: section '.data.stacks' will not fit in region 'wram': overflowed by 188 bytes
ld.lld: error: section '.data.stacks' will not fit in region 'wram': overflowed by 188 bytes
ld.lld: error: section '.data.stacks' will not fit in region 'wram': overflowed by 188 bytes
ld.lld: error: section '.data.stacks' will not fit in region 'wram': overflowed by 188 bytes
ld.lld: error: section '.data.stacks' will not fit in region 'wram': overflowed by 188 bytes
ld.lld: error: section '.data.stacks' will not fit in region 'wram': overflowed by 188 bytes
ld.lld: error: section '.data.stacks' will not fit in region 'wram': overflowed by 188 bytes
ld.lld: error: section '.data.stacks' will not fit in region 'wram': overflowed by 188 bytes
ld.lld: error: too many errors emitted, stopping now (use -error-limit=0 to see all errors)
clang-12: error: ld.lld command failed with exit code 1 (use -v to see invocation)
make[1]: *** [Makefile:58: /home/clement.fournier/Work/cinm-mlir/.experiments/tags/prim_red_cinm2_hybrid400/run/red_256MB/seed_98/bin/red_256MB] Error 1

  [FAIL] red_256MB seed_966
         make failed:
ld.lld: error: section '.data' will not fit in region 'wram': overflowed by 144 bytes
ld.lld: error: section '.data' will not fit in region 'wram': overflowed by 148 bytes
ld.lld: error: section '.data' will not fit in region 'wram': overflowed by 172 bytes
ld.lld: error: section '.data' will not fit in region 'wram': overflowed by 176 bytes
ld.lld: error: section '.data.__sys_host' will not fit in region 'wram': overflowed by 176 bytes
ld.lld: error: section '.data.__sys_host' will not fit in region 'wram': overflowed by 176 bytes
ld.lld: error: section '.data.__sys_host' will not fit in region 'wram': overflowed by 188 bytes
ld.lld: error: section '.data.__sys_profiling' will not fit in region 'wram': overflowed by 188 bytes
ld.lld: error: section '.data.__sys_profiling' will not fit in region 'wram': overflowed by 188 bytes
ld.lld: error: section '.data.stacks' will not fit in region 'wram': overflowed by 188 bytes
ld.lld: error: section '.data.stacks' will not fit in region 'wram': overflowed by 188 bytes
ld.lld: error: section '.data.stacks' will not fit in region 'wram': overflowed by 188 bytes
ld.lld: error: section '.data.stacks' will not fit in region 'wram': overflowed by 188 bytes
ld.lld: error: section '.data.stacks' will not fit in region 'wram': overflowed by 188 bytes
ld.lld: error: section '.data.stacks' will not fit in region 'wram': overflowed by 188 bytes
ld.lld: error: section '.data.stacks' will not fit in region 'wram': overflowed by 188 bytes
ld.lld: error: section '.data.stacks' will not fit in region 'wram': overflowed by 188 bytes
ld.lld: error: section '.data.stacks' will not fit in region 'wram': overflowed by 188 bytes
ld.lld: error: section '.data.stacks' will not fit in region 'wram': overflowed by 188 bytes
ld.lld: error: section '.data.stacks' will not fit in region 'wram': overflowed by 188 bytes
ld.lld: error: too many errors emitted, stopping now (use -error-limit=0 to see all errors)
clang-12: error: ld.lld command failed with exit code 1 (use -v to see invocation)
make[1]: *** [Makefile:58: /home/clement.fournier/Work/cinm-mlir/.experiments/tags/prim_red_cinm2_hybrid400/run/red_256MB/seed_966/bin/red_256MB] Error 1

  [FAIL] red_256MB seed_842
         make failed:
ld.lld: error: section '.data' will not fit in region 'wram': overflowed by 144 bytes
ld.lld: error: section '.data' will not fit in region 'wram': overflowed by 148 bytes
ld.lld: error: section '.data' will not fit in region 'wram': overflowed by 172 bytes
ld.lld: error: section '.data' will not fit in region 'wram': overflowed by 176 bytes
ld.lld: error: section '.data.__sys_host' will not fit in region 'wram': overflowed by 176 bytes
ld.lld: error: section '.data.__sys_host' will not fit in region 'wram': overflowed by 176 bytes
ld.lld: error: section '.data.__sys_host' will not fit in region 'wram': overflowed by 188 bytes
ld.lld: error: section '.data.__sys_profiling' will not fit in region 'wram': overflowed by 188 bytes
ld.lld: error: section '.data.__sys_profiling' will not fit in region 'wram': overflowed by 188 bytes
ld.lld: error: section '.data.stacks' will not fit in region 'wram': overflowed by 188 bytes
ld.lld: error: section '.data.stacks' will not fit in region 'wram': overflowed by 188 bytes
ld.lld: error: section '.data.stacks' will not fit in region 'wram': overflowed by 188 bytes
ld.lld: error: section '.data.stacks' will not fit in region 'wram': overflowed by 188 bytes
ld.lld: error: section '.data.stacks' will not fit in region 'wram': overflowed by 188 bytes
ld.lld: error: section '.data.stacks' will not fit in region 'wram': overflowed by 188 bytes
ld.lld: error: section '.data.stacks' will not fit in region 'wram': overflowed by 188 bytes
ld.lld: error: section '.data.stacks' will not fit in region 'wram': overflowed by 188 bytes
ld.lld: error: section '.data.stacks' will not fit in region 'wram': overflowed by 188 bytes
ld.lld: error: section '.data.stacks' will not fit in region 'wram': overflowed by 188 bytes
ld.lld: error: section '.data.stacks' will not fit in region 'wram': overflowed by 188 bytes
ld.lld: error: too many errors emitted, stopping now (use -error-limit=0 to see all errors)
clang-12: error: ld.lld command failed with exit code 1 (use -v to see invocation)
make[1]: *** [Makefile:58: /home/clement.fournier/Work/cinm-mlir/.experiments/tags/prim_red_cinm2_hybrid400/run/red_256MB/seed_842/bin/red_256MB] Error 1

  [FAIL] red_256MB seed_4004
         make failed:
ld.lld: error: section '.data' will not fit in region 'wram': overflowed by 144 bytes
ld.lld: error: section '.data' will not fit in region 'wram': overflowed by 148 bytes
ld.lld: error: section '.data' will not fit in region 'wram': overflowed by 172 bytes
ld.lld: error: section '.data' will not fit in region 'wram': overflowed by 176 bytes
ld.lld: error: section '.data.__sys_host' will not fit in region 'wram': overflowed by 176 bytes
ld.lld: error: section '.data.__sys_host' will not fit in region 'wram': overflowed by 176 bytes
ld.lld: error: section '.data.__sys_host' will not fit in region 'wram': overflowed by 188 bytes
ld.lld: error: section '.data.__sys_profiling' will not fit in region 'wram': overflowed by 188 bytes
ld.lld: error: section '.data.__sys_profiling' will not fit in region 'wram': overflowed by 188 bytes
ld.lld: error: section '.data.stacks' will not fit in region 'wram': overflowed by 188 bytes
ld.lld: error: section '.data.stacks' will not fit in region 'wram': overflowed by 188 bytes
ld.lld: error: section '.data.stacks' will not fit in region 'wram': overflowed by 188 bytes
ld.lld: error: section '.data.stacks' will not fit in region 'wram': overflowed by 188 bytes
ld.lld: error: section '.data.stacks' will not fit in region 'wram': overflowed by 188 bytes
ld.lld: error: section '.data.stacks' will not fit in region 'wram': overflowed by 188 bytes
ld.lld: error: section '.data.stacks' will not fit in region 'wram': overflowed by 188 bytes
ld.lld: error: section '.data.stacks' will not fit in region 'wram': overflowed by 188 bytes
ld.lld: error: section '.data.stacks' will not fit in region 'wram': overflowed by 188 bytes
ld.lld: error: section '.data.stacks' will not fit in region 'wram': overflowed by 188 bytes
ld.lld: error: section '.data.stacks' will not fit in region 'wram': overflowed by 188 bytes
ld.lld: error: too many errors emitted, stopping now (use -error-limit=0 to see all errors)
clang-12: error: ld.lld command failed with exit code 1 (use -v to see invocation)
make[1]: *** [Makefile:58: /home/clement.fournier/Work/cinm-mlir/.experiments/tags/prim_red_cinm2_hybrid400/run/red_256MB/seed_4004/bin/red_256MB] Error 1

  [FAIL] red_256MB seed_563
         make failed:
ld.lld: error: section '.data' will not fit in region 'wram': overflowed by 144 bytes
ld.lld: error: section '.data' will not fit in region 'wram': overflowed by 148 bytes
ld.lld: error: section '.data' will not fit in region 'wram': overflowed by 172 bytes
ld.lld: error: section '.data' will not fit in region 'wram': overflowed by 176 bytes
ld.lld: error: section '.data.__sys_host' will not fit in region 'wram': overflowed by 176 bytes
ld.lld: error: section '.data.__sys_host' will not fit in region 'wram': overflowed by 176 bytes
ld.lld: error: section '.data.__sys_host' will not fit in region 'wram': overflowed by 188 bytes
ld.lld: error: section '.data.__sys_profiling' will not fit in region 'wram': overflowed by 188 bytes
ld.lld: error: section '.data.__sys_profiling' will not fit in region 'wram': overflowed by 188 bytes
ld.lld: error: section '.data.stacks' will not fit in region 'wram': overflowed by 188 bytes
ld.lld: error: section '.data.stacks' will not fit in region 'wram': overflowed by 188 bytes
ld.lld: error: section '.data.stacks' will not fit in region 'wram': overflowed by 188 bytes
ld.lld: error: section '.data.stacks' will not fit in region 'wram': overflowed by 188 bytes
ld.lld: error: section '.data.stacks' will not fit in region 'wram': overflowed by 188 bytes
ld.lld: error: section '.data.stacks' will not fit in region 'wram': overflowed by 188 bytes
ld.lld: error: section '.data.stacks' will not fit in region 'wram': overflowed by 188 bytes
ld.lld: error: section '.data.stacks' will not fit in region 'wram': overflowed by 188 bytes
ld.lld: error: section '.data.stacks' will not fit in region 'wram': overflowed by 188 bytes
ld.lld: error: section '.data.stacks' will not fit in region 'wram': overflowed by 188 bytes
ld.lld: error: section '.data.stacks' will not fit in region 'wram': overflowed by 188 bytes
ld.lld: error: too many errors emitted, stopping now (use -error-limit=0 to see all errors)
clang-12: error: ld.lld command failed with exit code 1 (use -v to see invocation)
make[1]: *** [Makefile:58: /home/clement.fournier/Work/cinm-mlir/.experiments/tags/prim_red_cinm2_hybrid400/run/red_256MB/seed_563/bin/red_256MB] Error 1

  [FAIL] red_256MB seed_935
         make failed:
ld.lld: error: section '.data' will not fit in region 'wram': overflowed by 144 bytes
ld.lld: error: section '.data' will not fit in region 'wram': overflowed by 148 bytes
ld.lld: error: section '.data' will not fit in region 'wram': overflowed by 172 bytes
ld.lld: error: section '.data' will not fit in region 'wram': overflowed by 176 bytes
ld.lld: error: section '.data.__sys_host' will not fit in region 'wram': overflowed by 176 bytes
ld.lld: error: section '.data.__sys_host' will not fit in region 'wram': overflowed by 176 bytes
ld.lld: error: section '.data.__sys_host' will not fit in region 'wram': overflowed by 188 bytes
ld.lld: error: section '.data.__sys_profiling' will not fit in region 'wram': overflowed by 188 bytes
ld.lld: error: section '.data.__sys_profiling' will not fit in region 'wram': overflowed by 188 bytes
ld.lld: error: section '.data.stacks' will not fit in region 'wram': overflowed by 188 bytes
ld.lld: error: section '.data.stacks' will not fit in region 'wram': overflowed by 188 bytes
ld.lld: error: section '.data.stacks' will not fit in region 'wram': overflowed by 188 bytes
ld.lld: error: section '.data.stacks' will not fit in region 'wram': overflowed by 188 bytes
ld.lld: error: section '.data.stacks' will not fit in region 'wram': overflowed by 188 bytes
ld.lld: error: section '.data.stacks' will not fit in region 'wram': overflowed by 188 bytes
ld.lld: error: section '.data.stacks' will not fit in region 'wram': overflowed by 188 bytes
ld.lld: error: section '.data.stacks' will not fit in region 'wram': overflowed by 188 bytes
ld.lld: error: section '.data.stacks' will not fit in region 'wram': overflowed by 188 bytes
ld.lld: error: section '.data.stacks' will not fit in region 'wram': overflowed by 188 bytes
ld.lld: error: section '.data.stacks' will not fit in region 'wram': overflowed by 188 bytes
ld.lld: error: too many errors emitted, stopping now (use -error-limit=0 to see all errors)
clang-12: error: ld.lld command failed with exit code 1 (use -v to see invocation)
make[1]: *** [Makefile:58: /home/clement.fournier/Work/cinm-mlir/.experiments/tags/prim_red_cinm2_hybrid400/run/red_256MB/seed_935/bin/red_256MB] Error 1

  [FAIL] red_256MB seed_811
         make failed:
ld.lld: error: section '.data' will not fit in region 'wram': overflowed by 144 bytes
ld.lld: error: section '.data' will not fit in region 'wram': overflowed by 148 bytes
ld.lld: error: section '.data' will not fit in region 'wram': overflowed by 172 bytes
ld.lld: error: section '.data' will not fit in region 'wram': overflowed by 176 bytes
ld.lld: error: section '.data.__sys_host' will not fit in region 'wram': overflowed by 176 bytes
ld.lld: error: section '.data.__sys_host' will not fit in region 'wram': overflowed by 176 bytes
ld.lld: error: section '.data.__sys_host' will not fit in region 'wram': overflowed by 188 bytes
ld.lld: error: section '.data.__sys_profiling' will not fit in region 'wram': overflowed by 188 bytes
ld.lld: error: section '.data.__sys_profiling' will not fit in region 'wram': overflowed by 188 bytes
ld.lld: error: section '.data.stacks' will not fit in region 'wram': overflowed by 188 bytes
ld.lld: error: section '.data.stacks' will not fit in region 'wram': overflowed by 188 bytes
ld.lld: error: section '.data.stacks' will not fit in region 'wram': overflowed by 188 bytes
ld.lld: error: section '.data.stacks' will not fit in region 'wram': overflowed by 188 bytes
ld.lld: error: section '.data.stacks' will not fit in region 'wram': overflowed by 188 bytes
ld.lld: error: section '.data.stacks' will not fit in region 'wram': overflowed by 188 bytes
ld.lld: error: section '.data.stacks' will not fit in region 'wram': overflowed by 188 bytes
ld.lld: error: section '.data.stacks' will not fit in region 'wram': overflowed by 188 bytes
ld.lld: error: section '.data.stacks' will not fit in region 'wram': overflowed by 188 bytes
ld.lld: error: section '.data.stacks' will not fit in region 'wram': overflowed by 188 bytes
ld.lld: error: section '.data.stacks' will not fit in region 'wram': overflowed by 188 bytes
ld.lld: error: too many errors emitted, stopping now (use -error-limit=0 to see all errors)
clang-12: error: ld.lld command failed with exit code 1 (use -v to see invocation)
make[1]: *** [Makefile:58: /home/clement.fournier/Work/cinm-mlir/.experiments/tags/prim_red_cinm2_hybrid400/run/red_256MB/seed_811/bin/red_256MB] Error 1

  [FAIL] red_256MB seed_780
         make failed:
ld.lld: error: section '.data' will not fit in region 'wram': overflowed by 144 bytes
ld.lld: error: section '.data' will not fit in region 'wram': overflowed by 148 bytes
ld.lld: error: section '.data' will not fit in region 'wram': overflowed by 172 bytes
ld.lld: error: section '.data' will not fit in region 'wram': overflowed by 176 bytes
ld.lld: error: section '.data.__sys_host' will not fit in region 'wram': overflowed by 176 bytes
ld.lld: error: section '.data.__sys_host' will not fit in region 'wram': overflowed by 176 bytes
ld.lld: error: section '.data.__sys_host' will not fit in region 'wram': overflowed by 188 bytes
ld.lld: error: section '.data.__sys_profiling' will not fit in region 'wram': overflowed by 188 bytes
ld.lld: error: section '.data.__sys_profiling' will not fit in region 'wram': overflowed by 188 bytes
ld.lld: error: section '.data.stacks' will not fit in region 'wram': overflowed by 188 bytes
ld.lld: error: section '.data.stacks' will not fit in region 'wram': overflowed by 188 bytes
ld.lld: error: section '.data.stacks' will not fit in region 'wram': overflowed by 188 bytes
ld.lld: error: section '.data.stacks' will not fit in region 'wram': overflowed by 188 bytes
ld.lld: error: section '.data.stacks' will not fit in region 'wram': overflowed by 188 bytes
ld.lld: error: section '.data.stacks' will not fit in region 'wram': overflowed by 188 bytes
ld.lld: error: section '.data.stacks' will not fit in region 'wram': overflowed by 188 bytes
ld.lld: error: section '.data.stacks' will not fit in region 'wram': overflowed by 188 bytes
ld.lld: error: section '.data.stacks' will not fit in region 'wram': overflowed by 188 bytes
ld.lld: error: section '.data.stacks' will not fit in region 'wram': overflowed by 188 bytes
ld.lld: error: section '.data.stacks' will not fit in region 'wram': overflowed by 188 bytes
ld.lld: error: too many errors emitted, stopping now (use -error-limit=0 to see all errors)
clang-12: error: ld.lld command failed with exit code 1 (use -v to see invocation)
make[1]: *** [Makefile:58: /home/clement.fournier/Work/cinm-mlir/.experiments/tags/prim_red_cinm2_hybrid400/run/red_256MB/seed_780/bin/red_256MB] Error 1

  [FAIL] red_256MB seed_997
         make failed:
ld.lld: error: section '.data' will not fit in region 'wram': overflowed by 144 bytes
ld.lld: error: section '.data' will not fit in region 'wram': overflowed by 148 bytes
ld.lld: error: section '.data' will not fit in region 'wram': overflowed by 172 bytes
ld.lld: error: section '.data' will not fit in region 'wram': overflowed by 176 bytes
ld.lld: error: section '.data.__sys_host' will not fit in region 'wram': overflowed by 176 bytes
ld.lld: error: section '.data.__sys_host' will not fit in region 'wram': overflowed by 176 bytes
ld.lld: error: section '.data.__sys_host' will not fit in region 'wram': overflowed by 188 bytes
ld.lld: error: section '.data.__sys_profiling' will not fit in region 'wram': overflowed by 188 bytes
ld.lld: error: section '.data.__sys_profiling' will not fit in region 'wram': overflowed by 188 bytes
ld.lld: error: section '.data.stacks' will not fit in region 'wram': overflowed by 188 bytes
ld.lld: error: section '.data.stacks' will not fit in region 'wram': overflowed by 188 bytes
ld.lld: error: section '.data.stacks' will not fit in region 'wram': overflowed by 188 bytes
ld.lld: error: section '.data.stacks' will not fit in region 'wram': overflowed by 188 bytes
ld.lld: error: section '.data.stacks' will not fit in region 'wram': overflowed by 188 bytes
ld.lld: error: section '.data.stacks' will not fit in region 'wram': overflowed by 188 bytes
ld.lld: error: section '.data.stacks' will not fit in region 'wram': overflowed by 188 bytes
ld.lld: error: section '.data.stacks' will not fit in region 'wram': overflowed by 188 bytes
ld.lld: error: section '.data.stacks' will not fit in region 'wram': overflowed by 188 bytes
ld.lld: error: section '.data.stacks' will not fit in region 'wram': overflowed by 188 bytes
ld.lld: error: section '.data.stacks' will not fit in region 'wram': overflowed by 188 bytes
ld.lld: error: too many errors emitted, stopping now (use -error-limit=0 to see all errors)
clang-12: error: ld.lld command failed with exit code 1 (use -v to see invocation)
make[1]: *** [Makefile:58: /home/clement.fournier/Work/cinm-mlir/.experiments/tags/prim_red_cinm2_hybrid400/run/red_256MB/seed_997/bin/red_256MB] Error 1

  [FAIL] red_256MB seed_470
         make failed:
ld.lld: error: section '.data' will not fit in region 'wram': overflowed by 144 bytes
ld.lld: error: section '.data' will not fit in region 'wram': overflowed by 148 bytes
ld.lld: error: section '.data' will not fit in region 'wram': overflowed by 172 bytes
ld.lld: error: section '.data' will not fit in region 'wram': overflowed by 176 bytes
ld.lld: error: section '.data.__sys_host' will not fit in region 'wram': overflowed by 176 bytes
ld.lld: error: section '.data.__sys_host' will not fit in region 'wram': overflowed by 176 bytes
ld.lld: error: section '.data.__sys_host' will not fit in region 'wram': overflowed by 188 bytes
ld.lld: error: section '.data.__sys_profiling' will not fit in region 'wram': overflowed by 188 bytes
ld.lld: error: section '.data.__sys_profiling' will not fit in region 'wram': overflowed by 188 bytes
ld.lld: error: section '.data.stacks' will not fit in region 'wram': overflowed by 188 bytes
ld.lld: error: section '.data.stacks' will not fit in region 'wram': overflowed by 188 bytes
ld.lld: error: section '.data.stacks' will not fit in region 'wram': overflowed by 188 bytes
ld.lld: error: section '.data.stacks' will not fit in region 'wram': overflowed by 188 bytes
ld.lld: error: section '.data.stacks' will not fit in region 'wram': overflowed by 188 bytes
ld.lld: error: section '.data.stacks' will not fit in region 'wram': overflowed by 188 bytes
ld.lld: error: section '.data.stacks' will not fit in region 'wram': overflowed by 188 bytes
ld.lld: error: section '.data.stacks' will not fit in region 'wram': overflowed by 188 bytes
ld.lld: error: section '.data.stacks' will not fit in region 'wram': overflowed by 188 bytes
ld.lld: error: section '.data.stacks' will not fit in region 'wram': overflowed by 188 bytes
ld.lld: error: section '.data.stacks' will not fit in region 'wram': overflowed by 188 bytes
ld.lld: error: too many errors emitted, stopping now (use -error-limit=0 to see all errors)
clang-12: error: ld.lld command failed with exit code 1 (use -v to see invocation)
make[1]: *** [Makefile:58: /home/clement.fournier/Work/cinm-mlir/.experiments/tags/prim_red_cinm2_hybrid400/run/red_256MB/seed_470/bin/red_256MB] Error 1

  [OK] red_4MB seed_1028
  [OK] red_4MB seed_1059
  [OK] red_4MB seed_1152
  [OK] red_4MB seed_1183
  [OK] red_4MB seed_1462
  [OK] red_4MB seed_1214
  [OK] red_4MB seed_1338
  [OK] red_4MB seed_1090
  [OK] red_4MB seed_1710
  [OK] red_4MB seed_1555
  [OK] red_4MB seed_160
  [OK] red_4MB seed_1307
  [OK] red_4MB seed_1121
  [OK] red_4MB seed_1400
  [OK] red_4MB seed_1524
  [OK] red_4MB seed_1431
  [OK] red_4MB seed_1493
  [OK] red_4MB seed_1803
  [OK] red_4MB seed_1245
  [OK] red_4MB seed_1896
  [OK] red_4MB seed_129
  [OK] red_4MB seed_1276
  [OK] red_4MB seed_1369
  [OK] red_4MB seed_1741
  [OK] red_4MB seed_1679
  [OK] red_4MB seed_1772
  [OK] red_4MB seed_1648
  [OK] red_4MB seed_1617
  [OK] red_4MB seed_1586
  [OK] red_4MB seed_1834
  [OK] red_4MB seed_191
  [OK] red_4MB seed_1865
  [OK] red_4MB seed_2020
  [OK] red_4MB seed_1958
  [OK] red_4MB seed_2051
  [OK] red_4MB seed_2082
  [OK] red_4MB seed_2113
  [OK] red_4MB seed_2175
  [OK] red_4MB seed_1989
  [OK] red_4MB seed_1927
  [OK] red_4MB seed_2237
  [OK] red_4MB seed_2330
  [OK] red_4MB seed_2144
  [OK] red_4MB seed_2299
  [OK] red_4MB seed_2268
  [OK] red_4MB seed_2361
  [OK] red_4MB seed_2423
  [OK] red_4MB seed_2485
  [OK] red_4MB seed_2516
  [OK] red_4MB seed_2764
  [OK] red_4MB seed_2702
  [OK] red_4MB seed_253
  [OK] red_4MB seed_2206
  [OK] red_4MB seed_2392
  [OK] red_4MB seed_2578
  [OK] red_4MB seed_2609
  [OK] red_4MB seed_2547
  [OK] red_4MB seed_2454
  [OK] red_4MB seed_222
  [OK] red_4MB seed_2733
  [OK] red_4MB seed_2640
  [OK] red_4MB seed_2671
  [OK] red_4MB seed_2795
  [OK] red_4MB seed_2826
  [OK] red_4MB seed_2919
  [OK] red_4MB seed_2857
  [OK] red_4MB seed_2888
  [OK] red_4MB seed_3167
  [OK] red_4MB seed_284
  [OK] red_4MB seed_315
  [OK] red_4MB seed_3043
  [OK] red_4MB seed_3105
  [OK] red_4MB seed_2950
  [OK] red_4MB seed_2981
  [OK] red_4MB seed_3198
  [OK] red_4MB seed_3012
  [OK] red_4MB seed_3136
  [OK] red_4MB seed_3229
  [OK] red_4MB seed_3074
  [OK] red_4MB seed_3415
  [OK] red_4MB seed_3322
  [OK] red_4MB seed_3477
  [OK] red_4MB seed_3353
  [OK] red_4MB seed_3570
  [OK] red_4MB seed_3260
  [OK] red_4MB seed_3446
  [OK] red_4MB seed_346
  [OK] red_4MB seed_3384
  [OK] red_4MB seed_3632
  [OK] red_4MB seed_3663
  [OK] red_4MB seed_3539
  [OK] red_4MB seed_3291
  [OK] red_4MB seed_3508
  [OK] red_4MB seed_3694
  [OK] red_4MB seed_3601
  [OK] red_4MB seed_3725
  [OK] red_4MB seed_3756
  [OK] red_4MB seed_3787
  [OK] red_4MB seed_3942
  [OK] red_4MB seed_439
  [OK] red_4MB seed_4004
  [OK] red_4MB seed_3880
  [OK] red_4MB seed_563
  [OK] red_4MB seed_3818
  [OK] red_4MB seed_656
  [OK] red_4MB seed_3849
  [OK] red_4MB seed_749
  [OK] red_4MB seed_3911
  [OK] red_4MB seed_501
  [OK] red_4MB seed_625
  [OK] red_4MB seed_532
  [OK] red_4MB seed_377
  [OK] red_4MB seed_594
  [OK] red_4MB seed_470
  [OK] red_4MB seed_3973
  [OK] red_4MB seed_408
  [OK] red_4MB seed_904
  [OK] red_4MB seed_67
  [OK] red_4MB seed_842
  [OK] red_4MB seed_811
  [OK] red_4MB seed_718
  [OK] red_4MB seed_780
  [OK] red_4MB seed_873
  [OK] red_4MB seed_687
  [OK] red_4MB seed_935
  [OK] red_4MB seed_98
  [OK] red_4MB seed_966
  [OK] red_4MB seed_997
  [OK] red_512MB seed_1028
  [OK] red_512MB seed_1338
  [OK] red_512MB seed_1400
  [OK] red_512MB seed_1276
  [OK] red_512MB seed_1462
  [OK] red_512MB seed_1121
  [OK] red_512MB seed_1431
  [OK] red_512MB seed_1245
  [OK] red_512MB seed_1090
  [OK] red_512MB seed_1307
  [OK] red_512MB seed_1059
  [OK] red_512MB seed_129
  [OK] red_512MB seed_1183
  [OK] red_512MB seed_160
  [OK] red_512MB seed_1648
  [OK] red_512MB seed_1741
  [OK] red_512MB seed_1803
  [OK] red_512MB seed_1617
  [OK] red_512MB seed_1214
  [OK] red_512MB seed_1555
  [OK] red_512MB seed_1586
  [OK] red_512MB seed_1493
  [OK] red_512MB seed_1152
  [OK] red_512MB seed_1524
  [OK] red_512MB seed_1834
  [OK] red_512MB seed_1772
  [OK] red_512MB seed_1679
  [OK] red_512MB seed_1369
  [OK] red_512MB seed_1710
  [OK] red_512MB seed_1896
  [OK] red_512MB seed_191
  [OK] red_512MB seed_1865
  [OK] red_512MB seed_2020
  [OK] red_512MB seed_2082
  [OK] red_512MB seed_2113
  [OK] red_512MB seed_1927
  [OK] red_512MB seed_1989
  [OK] red_512MB seed_2051
  [OK] red_512MB seed_222
  [OK] red_512MB seed_2485
  [OK] red_512MB seed_2361
  [OK] red_512MB seed_2268
  [OK] red_512MB seed_2423
  [OK] red_512MB seed_2144
  [OK] red_512MB seed_2578
  [OK] red_512MB seed_2516
  [OK] red_512MB seed_2175
  [OK] red_512MB seed_2330
  [OK] red_512MB seed_253
  [OK] red_512MB seed_2206
  [OK] red_512MB seed_2237
  [OK] red_512MB seed_2299
  [OK] red_512MB seed_2702
  [OK] red_512MB seed_2454
  [OK] red_512MB seed_1958
  [OK] red_512MB seed_2392
  [OK] red_512MB seed_2671
  [OK] red_512MB seed_2547
  [OK] red_512MB seed_2640
  [OK] red_512MB seed_2764
  [OK] red_512MB seed_2609
  [OK] red_512MB seed_2733
  [OK] red_512MB seed_2826
  [OK] red_512MB seed_2795
  [OK] red_512MB seed_2888
  [OK] red_512MB seed_2950
  [OK] red_512MB seed_2919
  [OK] red_512MB seed_3105
  [OK] red_512MB seed_315
  [OK] red_512MB seed_3167
  [OK] red_512MB seed_3384
  [OK] red_512MB seed_3446
  [OK] red_512MB seed_2981
  [OK] red_512MB seed_3043
  [OK] red_512MB seed_2857
  [OK] red_512MB seed_3322
  [OK] red_512MB seed_3012
  [OK] red_512MB seed_3477
  [OK] red_512MB seed_3570
  [OK] red_512MB seed_3198
  [OK] red_512MB seed_3229
  [OK] red_512MB seed_3136
  [OK] red_512MB seed_3260
  [OK] red_512MB seed_3074
  [OK] red_512MB seed_284
  [OK] red_512MB seed_3291
  [OK] red_512MB seed_3353
  [OK] red_512MB seed_3539
  [OK] red_512MB seed_3508
  [OK] red_512MB seed_346
  [OK] red_512MB seed_3601
  [OK] red_512MB seed_3632
  [OK] red_512MB seed_3663
  [OK] red_512MB seed_3415
  [OK] red_512MB seed_3694
  [OK] red_512MB seed_3725
  [OK] red_512MB seed_3756
  [OK] red_512MB seed_3787
  [OK] red_512MB seed_377
  [OK] red_512MB seed_3911
  [OK] red_512MB seed_3849
  [OK] red_512MB seed_3818
  [OK] red_512MB seed_3880
  [OK] red_512MB seed_3973
  [OK] red_512MB seed_4004
  [OK] red_512MB seed_470
  [OK] red_512MB seed_594
  [OK] red_512MB seed_625
  [OK] red_512MB seed_532
  [OK] red_512MB seed_563
  [OK] red_512MB seed_3942
  [OK] red_512MB seed_687
  [OK] red_512MB seed_718
  [OK] red_512MB seed_904
  [OK] red_512MB seed_439
  [OK] red_512MB seed_656
  [OK] red_512MB seed_780
  [OK] red_512MB seed_408
  [OK] red_512MB seed_67
  [OK] red_512MB seed_811
  [OK] red_512MB seed_501
  [OK] red_512MB seed_873
  [OK] red_512MB seed_935
  [OK] red_512MB seed_749
  [OK] red_512MB seed_842
  [OK] red_512MB seed_98
  [OK] red_512MB seed_966
  [OK] red_512MB seed_997
  [OK] red_64MB seed_1152
  [OK] red_64MB seed_1183
  [OK] red_64MB seed_1059
  [OK] red_64MB seed_1276
  [OK] red_64MB seed_1090
  [OK] red_64MB seed_1121
  [OK] red_64MB seed_1028
  [OK] red_64MB seed_1245
  [OK] red_64MB seed_1214
  [OK] red_64MB seed_129
  [OK] red_64MB seed_1462
  [OK] red_64MB seed_1307
  [OK] red_64MB seed_1338
  [OK] red_64MB seed_1400
  [OK] red_64MB seed_1431
  [OK] red_64MB seed_1524
  [OK] red_64MB seed_1493
  [OK] red_64MB seed_1555
  [OK] red_64MB seed_160
  [OK] red_64MB seed_1369
  [OK] red_64MB seed_1741
  [OK] red_64MB seed_1617
  [OK] red_64MB seed_1648
  [OK] red_64MB seed_1679
  [OK] red_64MB seed_1586
  [OK] red_64MB seed_1710
  [OK] red_64MB seed_1772
  [OK] red_64MB seed_1803
  [OK] red_64MB seed_1834
  [OK] red_64MB seed_1865
  [OK] red_64MB seed_191
  [OK] red_64MB seed_1896
  [OK] red_64MB seed_1927
  [OK] red_64MB seed_2144
  [OK] red_64MB seed_2020
  [OK] red_64MB seed_1958
  [OK] red_64MB seed_1989
  [OK] red_64MB seed_2113
  [OK] red_64MB seed_2051
  [OK] red_64MB seed_2206
  [OK] red_64MB seed_2175
  [OK] red_64MB seed_2082
  [OK] red_64MB seed_222
  [OK] red_64MB seed_2237
  [OK] red_64MB seed_2299
  [OK] red_64MB seed_2423
  [OK] red_64MB seed_2268
  [OK] red_64MB seed_2392
  [OK] red_64MB seed_2330
  [OK] red_64MB seed_2361
  [OK] red_64MB seed_2454
  [OK] red_64MB seed_2516
  [OK] red_64MB seed_2485
  [OK] red_64MB seed_253
  [OK] red_64MB seed_2547
  [OK] red_64MB seed_2578
  [OK] red_64MB seed_2609
  [OK] red_64MB seed_2702
  [OK] red_64MB seed_2733
  [OK] red_64MB seed_2671
  [OK] red_64MB seed_2640
  [OK] red_64MB seed_2795
  [OK] red_64MB seed_2826
  [OK] red_64MB seed_2764
  [OK] red_64MB seed_2857
  [OK] red_64MB seed_2888
  [OK] red_64MB seed_3043
  [OK] red_64MB seed_284
  [OK] red_64MB seed_2950
  [OK] red_64MB seed_3074
  [OK] red_64MB seed_2981
  [OK] red_64MB seed_3105
  [OK] red_64MB seed_3012
  [OK] red_64MB seed_2919
  [OK] red_64MB seed_315
  [OK] red_64MB seed_3136
  [OK] red_64MB seed_3167
  [OK] red_64MB seed_3353
  [OK] red_64MB seed_3260
  [OK] red_64MB seed_3198
  [OK] red_64MB seed_3477
  [OK] red_64MB seed_3291
  [OK] red_64MB seed_3322
  [OK] red_64MB seed_3229
  [OK] red_64MB seed_3415
  [OK] red_64MB seed_346
  [OK] red_64MB seed_3570
  [OK] red_64MB seed_3446
  [OK] red_64MB seed_3539
  [OK] red_64MB seed_3384
  [OK] red_64MB seed_3508
  [OK] red_64MB seed_3601
  [OK] red_64MB seed_3632
  [OK] red_64MB seed_3663
  [OK] red_64MB seed_3694
  [OK] red_64MB seed_3725
  [OK] red_64MB seed_3756
  [OK] red_64MB seed_377
  [OK] red_64MB seed_3818
  [OK] red_64MB seed_3849
  [OK] red_64MB seed_3787
  [OK] red_64MB seed_3911
  [OK] red_64MB seed_3880
  [OK] red_64MB seed_3942
  [OK] red_64MB seed_3973
  [OK] red_64MB seed_470
  [OK] red_64MB seed_532
  [OK] red_64MB seed_408
  [OK] red_64MB seed_439
  [OK] red_64MB seed_4004
  [OK] red_64MB seed_501
  [OK] red_64MB seed_594
  [OK] red_64MB seed_625
  [OK] red_64MB seed_563
  [OK] red_64MB seed_656
  [OK] red_64MB seed_780
  [OK] red_64MB seed_67
  [OK] red_64MB seed_687
  [OK] red_64MB seed_749
  [OK] red_64MB seed_718
  [OK] red_64MB seed_811
  [OK] red_64MB seed_904
  [OK] red_64MB seed_873
  [OK] red_64MB seed_842
  [OK] red_64MB seed_935
  [OK] red_64MB seed_966
  [OK] red_64MB seed_98
  [OK] red_64MB seed_997


Running 384 benchmarks (DPU cap=1024)...
  [OK] red_4MB seed_1059  (used=896/1024 DPUs)
  [OK] red_4MB seed_1338  (used=960/1024 DPUs)
  [OK] red_4MB seed_1214  (used=896/1024 DPUs)
  [OK] red_4MB seed_1183  (used=896/1024 DPUs)
  [OK] red_4MB seed_1462  (used=960/1024 DPUs)
  [OK] red_4MB seed_1028  (used=896/1024 DPUs)
  [OK] red_4MB seed_1152  (used=896/1024 DPUs)
  [OK] red_4MB seed_1090  (used=768/1024 DPUs)
  [OK] red_4MB seed_160  (used=896/1024 DPUs)
  [OK] red_4MB seed_1710  (used=896/1024 DPUs)
  [OK] red_4MB seed_1400  (used=896/1024 DPUs)
  [OK] red_4MB seed_1555  (used=768/1024 DPUs)
  [OK] red_4MB seed_1307  (used=896/1024 DPUs)
  [OK] red_4MB seed_1121  (used=896/1024 DPUs)
  [OK] red_4MB seed_1772  (used=960/1024 DPUs)
  [OK] red_4MB seed_1431  (used=960/1024 DPUs)
  [OK] red_4MB seed_1245  (used=896/1024 DPUs)
  [OK] red_4MB seed_1803  (used=896/1024 DPUs)
  [OK] red_4MB seed_1524  (used=896/1024 DPUs)
  [OK] red_4MB seed_1896  (used=896/1024 DPUs)
  [OK] red_4MB seed_1493  (used=896/1024 DPUs)
  [OK] red_4MB seed_129  (used=896/1024 DPUs)
  [OK] red_4MB seed_1276  (used=896/1024 DPUs)
  [OK] red_4MB seed_1927  (used=960/1024 DPUs)
  [OK] red_4MB seed_2175  (used=960/1024 DPUs)
  [OK] red_4MB seed_1741  (used=896/1024 DPUs)
  [OK] red_4MB seed_1679  (used=896/1024 DPUs)
  [OK] red_4MB seed_1648  (used=896/1024 DPUs)
  [OK] red_4MB seed_1586  (used=896/1024 DPUs)
  [OK] red_4MB seed_1369  (used=896/1024 DPUs)
  [OK] red_4MB seed_1617  (used=896/1024 DPUs)
  [OK] red_4MB seed_1834  (used=896/1024 DPUs)
  [OK] red_4MB seed_2485  (used=960/1024 DPUs)
  [OK] red_4MB seed_2144  (used=960/1024 DPUs)
  [OK] red_4MB seed_1958  (used=896/1024 DPUs)
  [OK] red_4MB seed_2051  (used=896/1024 DPUs)
  [OK] red_4MB seed_1865  (used=896/1024 DPUs)
  [OK] red_4MB seed_2020  (used=896/1024 DPUs)
  [OK] red_4MB seed_191  (used=896/1024 DPUs)
  [OK] red_4MB seed_2082  (used=896/1024 DPUs)
  [OK] red_4MB seed_2113  (used=896/1024 DPUs)
  [OK] red_4MB seed_2578  (used=960/1024 DPUs)
  [OK] red_4MB seed_222  (used=960/1024 DPUs)
  [OK] red_4MB seed_2237  (used=896/1024 DPUs)
  [OK] red_4MB seed_2268  (used=896/1024 DPUs)
  [OK] red_4MB seed_1989  (used=896/1024 DPUs)
  [OK] red_4MB seed_2299  (used=896/1024 DPUs)
  [OK] red_4MB seed_2330  (used=896/1024 DPUs)
  [OK] red_4MB seed_2361  (used=896/1024 DPUs)
  [OK] red_4MB seed_2516  (used=896/1024 DPUs)
  [OK] red_4MB seed_2733  (used=960/1024 DPUs)
  [OK] red_4MB seed_2640  (used=960/1024 DPUs)
  [OK] red_4MB seed_253  (used=896/1024 DPUs)
  [OK] red_4MB seed_2764  (used=896/1024 DPUs)
  [OK] red_4MB seed_2392  (used=896/1024 DPUs)
  [OK] red_4MB seed_2702  (used=896/1024 DPUs)
  [OK] red_4MB seed_2609  (used=896/1024 DPUs)
  [OK] red_4MB seed_2454  (used=896/1024 DPUs)
  [OK] red_4MB seed_2547  (used=896/1024 DPUs)
  [OK] red_4MB seed_2888  (used=896/1024 DPUs)
  [OK] red_4MB seed_2671  (used=960/1024 DPUs)
  [OK] red_4MB seed_3167  (used=960/1024 DPUs)
  [OK] red_4MB seed_2857  (used=896/1024 DPUs)
  [OK] red_4MB seed_284  (used=960/1024 DPUs)
  [OK] red_4MB seed_2919  (used=960/1024 DPUs)
  [OK] red_4MB seed_3105  (used=896/1024 DPUs)
  [OK] red_4MB seed_3043  (used=960/1024 DPUs)
  [OK] red_4MB seed_315  (used=896/1024 DPUs)
  [OK] red_4MB seed_2795  (used=960/1024 DPUs)
  [OK] red_4MB seed_2950  (used=896/1024 DPUs)
  [OK] red_4MB seed_3136  (used=896/1024 DPUs)
  [OK] red_4MB seed_3198  (used=960/1024 DPUs)
  [OK] red_4MB seed_3012  (used=960/1024 DPUs)
  [OK] red_4MB seed_2981  (used=928/1024 DPUs)
  [OK] red_4MB seed_3570  (used=928/1024 DPUs)
  [OK] red_4MB seed_3260  (used=928/1024 DPUs)
  [OK] red_4MB seed_3663  (used=928/1024 DPUs)
  [FAIL] red_4MB seed_3725  (used=960/1024 DPUs)
         red_cinm2_hybrid400/run/red_4MB/seed_3725/bin/red_4MB/red_0' is in fault
api:W:2026-07-13|12:26:38: DPU 2.2.3 '/home/clement.fournier/Work/cinm-mlir/.experiments/tags/prim_red_cinm2_hybrid400/run/red_4MB/seed_3725/bin/red_4MB/red_0' is in fault
api:W:2026-07-13|12:26:38: DPU 2.3.0 '/home/clement.fou
  [OK] red_4MB seed_3229  (used=896/1024 DPUs)
  [OK] red_4MB seed_3074  (used=896/1024 DPUs)
  [OK] red_4MB seed_3291  (used=960/1024 DPUs)
  [OK] red_4MB seed_3415  (used=896/1024 DPUs)
  [OK] red_4MB seed_3694  (used=960/1024 DPUs)
  [OK] red_4MB seed_3322  (used=896/1024 DPUs)
  [OK] red_4MB seed_3601  (used=960/1024 DPUs)
  [OK] red_4MB seed_532  (used=896/1024 DPUs)
  [OK] red_4MB seed_377  (used=960/1024 DPUs)
  [OK] red_4MB seed_67  (used=896/1024 DPUs)
  [OK] red_4MB seed_408  (used=960/1024 DPUs)
  [OK] red_4MB seed_3353  (used=832/1024 DPUs)
  [OK] red_4MB seed_3477  (used=832/1024 DPUs)
  [OK] red_4MB seed_718  (used=896/1024 DPUs)
  [OK] red_4MB seed_3446  (used=896/1024 DPUs)
  [OK] red_4MB seed_780  (used=960/1024 DPUs)
  [OK] red_4MB seed_935  (used=896/1024 DPUs)
  [OK] red_4MB seed_3384  (used=896/1024 DPUs)
  [OK] red_4MB seed_3632  (used=896/1024 DPUs)
  [OK] red_4MB seed_3508  (used=896/1024 DPUs)
  [OK] red_4MB seed_3539  (used=896/1024 DPUs)
  [OK] red_4MB seed_439  (used=896/1024 DPUs)
  [OK] red_4MB seed_4004  (used=896/1024 DPUs)
  [OK] red_4MB seed_3880  (used=896/1024 DPUs)
  [OK] red_4MB seed_563  (used=896/1024 DPUs)
  [OK] red_4MB seed_656  (used=896/1024 DPUs)
  [OK] red_4MB seed_594  (used=896/1024 DPUs)
  [OK] red_4MB seed_470  (used=896/1024 DPUs)
  [OK] red_4MB seed_625  (used=896/1024 DPUs)
  [OK] red_4MB seed_749  (used=896/1024 DPUs)
  [OK] red_4MB seed_3849  (used=896/1024 DPUs)
  [OK] red_4MB seed_3973  (used=896/1024 DPUs)
  [OK] red_4MB seed_904  (used=896/1024 DPUs)
  [OK] red_4MB seed_842  (used=768/1024 DPUs)
  [OK] red_4MB seed_811  (used=896/1024 DPUs)
  [OK] red_4MB seed_966  (used=768/1024 DPUs)
  [OK] red_4MB seed_873  (used=896/1024 DPUs)
  [OK] red_4MB seed_98  (used=768/1024 DPUs)
  [OK] red_4MB seed_687  (used=896/1024 DPUs)
  [OK] red_4MB seed_997  (used=768/1024 DPUs)
  [OK] red_4MB seed_2423  (used=768/1024 DPUs)
  [OK] red_4MB seed_2206  (used=768/1024 DPUs)
  [OK] red_4MB seed_346  (used=768/1024 DPUs)
  [OK] red_4MB seed_2826  (used=768/1024 DPUs)
  [OK] red_4MB seed_3756  (used=768/1024 DPUs)
  [OK] red_4MB seed_3787  (used=768/1024 DPUs)
  [OK] red_4MB seed_3942  (used=768/1024 DPUs)
  [OK] red_4MB seed_3818  (used=768/1024 DPUs)
  [OK] red_4MB seed_3911  (used=768/1024 DPUs)
  [OK] red_4MB seed_501  (used=768/1024 DPUs)
  [FAIL] red_512MB seed_160  (used=768/1024 DPUs)
         /run/red_512MB/seed_160/bin/red_512MB/red_0' is in fault
api:W:2026-07-13|12:26:43: DPU 15.1.3 '/home/clement.fournier/Work/cinm-mlir/.experiments/tags/prim_red_cinm2_hybrid400/run/red_512MB/seed_160/bin/red_512MB/red_0' is in fault
api:W:2026-07-13|12:26:43: DPU 15.1.4 '/home/clement.fournier/Work/
  [OK] red_512MB seed_1059  (used=768/1024 DPUs)
  [OK] red_512MB seed_1648  (used=768/1024 DPUs)
  [OK] red_512MB seed_1493  (used=768/1024 DPUs)
  [OK] red_512MB seed_1152  (used=768/1024 DPUs)
  [OK] red_512MB seed_1772  (used=768/1024 DPUs)
  [OK] red_512MB seed_1834  (used=768/1024 DPUs)
  [OK] red_512MB seed_1369  (used=768/1024 DPUs)
  [OK] red_512MB seed_191  (used=768/1024 DPUs)
  [FAIL] red_512MB seed_2702  (used=768/1024 DPUs)
         red_512MB/seed_2702/bin/red_512MB/red_0' is in fault
api:W:2026-07-13|12:27:02: DPU 20.1.3 '/home/clement.fournier/Work/cinm-mlir/.experiments/tags/prim_red_cinm2_hybrid400/run/red_512MB/seed_2702/bin/red_512MB/red_0' is in fault
api:W:2026-07-13|12:27:02: DPU 20.1.4 '/home/clement.fournier/Work/cin
  [OK] red_512MB seed_1989  (used=768/1024 DPUs)
  [OK] red_512MB seed_2175  (used=768/1024 DPUs)
  [OK] red_512MB seed_2237  (used=768/1024 DPUs)
  [OK] red_512MB seed_1958  (used=768/1024 DPUs)
  [OK] red_512MB seed_2640  (used=768/1024 DPUs)
  [OK] red_512MB seed_2671  (used=768/1024 DPUs)
  [OK] red_512MB seed_2609  (used=768/1024 DPUs)
  [OK] red_512MB seed_2733  (used=768/1024 DPUs)
  [OK] red_512MB seed_2795  (used=768/1024 DPUs)
  [OK] red_512MB seed_2857  (used=768/1024 DPUs)
  [OK] red_512MB seed_2919  (used=768/1024 DPUs)
  [OK] red_512MB seed_3322  (used=768/1024 DPUs)
  [OK] red_512MB seed_3198  (used=768/1024 DPUs)
  [OK] red_512MB seed_3012  (used=768/1024 DPUs)
  [OK] red_512MB seed_3229  (used=768/1024 DPUs)
  [OK] red_512MB seed_3136  (used=768/1024 DPUs)
  [OK] red_512MB seed_3260  (used=768/1024 DPUs)
  [OK] red_512MB seed_3074  (used=768/1024 DPUs)
  [OK] red_512MB seed_284  (used=768/1024 DPUs)
  [OK] red_512MB seed_3291  (used=768/1024 DPUs)
  [OK] red_512MB seed_3632  (used=768/1024 DPUs)
  [OK] red_512MB seed_3663  (used=768/1024 DPUs)
  [OK] red_512MB seed_3694  (used=768/1024 DPUs)
  [FAIL] red_512MB seed_470  (used=768/1024 DPUs)
         /run/red_512MB/seed_470/bin/red_512MB/red_0' is in fault
api:W:2026-07-13|12:27:52: DPU 16.1.3 '/home/clement.fournier/Work/cinm-mlir/.experiments/tags/prim_red_cinm2_hybrid400/run/red_512MB/seed_470/bin/red_512MB/red_0' is in fault
api:W:2026-07-13|12:27:52: DPU 16.1.4 '/home/clement.fournier/Work/
  [OK] red_512MB seed_3787  (used=768/1024 DPUs)
  [FAIL] red_512MB seed_656  (used=768/1024 DPUs)
         /run/red_512MB/seed_656/bin/red_512MB/red_0' is in fault
api:W:2026-07-13|12:27:54: DPU 16.1.3 '/home/clement.fournier/Work/cinm-mlir/.experiments/tags/prim_red_cinm2_hybrid400/run/red_512MB/seed_656/bin/red_512MB/red_0' is in fault
api:W:2026-07-13|12:27:54: DPU 16.1.4 '/home/clement.fournier/Work/
  [OK] red_512MB seed_3849  (used=768/1024 DPUs)
  [OK] red_512MB seed_563  (used=768/1024 DPUs)
  [OK] red_512MB seed_3942  (used=768/1024 DPUs)
  [OK] red_512MB seed_780  (used=768/1024 DPUs)
  [FAIL] red_64MB seed_1059  (used=768/1024 DPUs)
         id400/run/red_64MB/seed_1059/bin/red_64MB/red_0' is in fault
api:W:2026-07-13|12:28:03: DPU 11.0.7 '/home/clement.fournier/Work/cinm-mlir/.experiments/tags/prim_red_cinm2_hybrid400/run/red_64MB/seed_1059/bin/red_64MB/red_0' is in fault
api:W:2026-07-13|12:28:03: DPU 11.1.0 '/home/clement.fournier/Wo
  [FAIL] red_64MB seed_1276  (used=768/1024 DPUs)
         id400/run/red_64MB/seed_1276/bin/red_64MB/red_0' is in fault
api:W:2026-07-13|12:28:03: DPU 18.1.3 '/home/clement.fournier/Work/cinm-mlir/.experiments/tags/prim_red_cinm2_hybrid400/run/red_64MB/seed_1276/bin/red_64MB/red_0' is in fault
api:W:2026-07-13|12:28:03: DPU 18.1.4 '/home/clement.fournier/Wo
  [FAIL] red_64MB seed_1121  (used=768/1024 DPUs)
         id400/run/red_64MB/seed_1121/bin/red_64MB/red_0' is in fault
api:W:2026-07-13|12:28:04: DPU 11.1.3 '/home/clement.fournier/Work/cinm-mlir/.experiments/tags/prim_red_cinm2_hybrid400/run/red_64MB/seed_1121/bin/red_64MB/red_0' is in fault
api:W:2026-07-13|12:28:04: DPU 11.1.4 '/home/clement.fournier/Wo
  [FAIL] red_64MB seed_1245  (used=768/1024 DPUs)
         id400/run/red_64MB/seed_1245/bin/red_64MB/red_0' is in fault
api:W:2026-07-13|12:28:04: DPU 17.0.3 '/home/clement.fournier/Work/cinm-mlir/.experiments/tags/prim_red_cinm2_hybrid400/run/red_64MB/seed_1245/bin/red_64MB/red_0' is in fault
api:W:2026-07-13|12:28:04: DPU 17.0.4 '/home/clement.fournier/Wo
  [FAIL] red_64MB seed_1338  (used=768/1024 DPUs)
         id400/run/red_64MB/seed_1338/bin/red_64MB/red_0' is in fault
api:W:2026-07-13|12:28:05: DPU 12.1.3 '/home/clement.fournier/Work/cinm-mlir/.experiments/tags/prim_red_cinm2_hybrid400/run/red_64MB/seed_1338/bin/red_64MB/red_0' is in fault
api:W:2026-07-13|12:28:05: DPU 12.1.4 '/home/clement.fournier/Wo
  [FAIL] red_64MB seed_1431  (used=768/1024 DPUs)
         id400/run/red_64MB/seed_1431/bin/red_64MB/red_0' is in fault
api:W:2026-07-13|12:28:05: DPU 17.1.3 '/home/clement.fournier/Work/cinm-mlir/.experiments/tags/prim_red_cinm2_hybrid400/run/red_64MB/seed_1431/bin/red_64MB/red_0' is in fault
api:W:2026-07-13|12:28:05: DPU 17.1.4 '/home/clement.fournier/Wo
  [OK] red_512MB seed_408  (used=768/1024 DPUs)
  [OK] red_64MB seed_1524  (used=768/1024 DPUs)
  [OK] red_64MB seed_1493  (used=768/1024 DPUs)
  [FAIL] red_64MB seed_1741  (used=768/1024 DPUs)
         hybrid400/run/red_64MB/seed_1741/bin/red_64MB/red_0' is in fault
api:W:2026-07-13|12:28:07: DPU 0.1.3 '/home/clement.fournier/Work/cinm-mlir/.experiments/tags/prim_red_cinm2_hybrid400/run/red_64MB/seed_1741/bin/red_64MB/red_0' is in fault
api:W:2026-07-13|12:28:07: DPU 0.1.4 '/home/clement.fournier/
  [FAIL] red_64MB seed_1617  (used=768/1024 DPUs)
         id400/run/red_64MB/seed_1617/bin/red_64MB/red_0' is in fault
api:W:2026-07-13|12:28:08: DPU 18.1.3 '/home/clement.fournier/Work/cinm-mlir/.experiments/tags/prim_red_cinm2_hybrid400/run/red_64MB/seed_1617/bin/red_64MB/red_0' is in fault
api:W:2026-07-13|12:28:08: DPU 18.1.4 '/home/clement.fournier/Wo
  [OK] red_64MB seed_1369  (used=768/1024 DPUs)
  [FAIL] red_64MB seed_1834  (used=768/1024 DPUs)
         hybrid400/run/red_64MB/seed_1834/bin/red_64MB/red_0' is in fault
api:W:2026-07-13|12:28:08: DPU 1.1.3 '/home/clement.fournier/Work/cinm-mlir/.experiments/tags/prim_red_cinm2_hybrid400/run/red_64MB/seed_1834/bin/red_64MB/red_0' is in fault
api:W:2026-07-13|12:28:08: DPU 1.1.4 '/home/clement.fournier/
  [OK] red_512MB seed_501  (used=768/1024 DPUs)
  [OK] red_512MB seed_98  (used=768/1024 DPUs)
  [FAIL] red_64MB seed_191  (used=768/1024 DPUs)
         inm2_hybrid400/run/red_64MB/seed_191/bin/red_64MB/red_0' is in fault
api:W:2026-07-13|12:28:08: DPU 0.1.3 '/home/clement.fournier/Work/cinm-mlir/.experiments/tags/prim_red_cinm2_hybrid400/run/red_64MB/seed_191/bin/red_64MB/red_0' is in fault
api:W:2026-07-13|12:28:08: DPU 0.1.4 '/home/clement.fourni
  [FAIL] red_64MB seed_2020  (used=768/1024 DPUs)
         id400/run/red_64MB/seed_2020/bin/red_64MB/red_0' is in fault
api:W:2026-07-13|12:28:08: DPU 16.1.3 '/home/clement.fournier/Work/cinm-mlir/.experiments/tags/prim_red_cinm2_hybrid400/run/red_64MB/seed_2020/bin/red_64MB/red_0' is in fault
api:W:2026-07-13|12:28:08: DPU 16.1.4 '/home/clement.fournier/Wo
  [FAIL] red_64MB seed_1989  (used=768/1024 DPUs)
         rid400/run/red_64MB/seed_1989/bin/red_64MB/red_0' is in fault
api:W:2026-07-13|12:28:09: DPU 1.1.3 '/home/clement.fournier/Work/cinm-mlir/.experiments/tags/prim_red_cinm2_hybrid400/run/red_64MB/seed_1989/bin/red_64MB/red_0' is in fault
api:W:2026-07-13|12:28:09: DPU 11.0.0 '/home/clement.fournier/Wo
  [FAIL] red_64MB seed_2051  (used=768/1024 DPUs)
         id400/run/red_64MB/seed_2051/bin/red_64MB/red_0' is in fault
api:W:2026-07-13|12:28:09: DPU 13.1.3 '/home/clement.fournier/Work/cinm-mlir/.experiments/tags/prim_red_cinm2_hybrid400/run/red_64MB/seed_2051/bin/red_64MB/red_0' is in fault
api:W:2026-07-13|12:28:09: DPU 13.1.4 '/home/clement.fournier/Wo
  [FAIL] red_64MB seed_2175  (used=768/1024 DPUs)
         id400/run/red_64MB/seed_2175/bin/red_64MB/red_0' is in fault
api:W:2026-07-13|12:28:09: DPU 13.1.3 '/home/clement.fournier/Work/cinm-mlir/.experiments/tags/prim_red_cinm2_hybrid400/run/red_64MB/seed_2175/bin/red_64MB/red_0' is in fault
api:W:2026-07-13|12:28:09: DPU 13.1.4 '/home/clement.fournier/Wo
  [FAIL] red_64MB seed_2237  (used=768/1024 DPUs)
         id400/run/red_64MB/seed_2237/bin/red_64MB/red_0' is in fault
api:W:2026-07-13|12:28:09: DPU 10.1.0 '/home/clement.fournier/Work/cinm-mlir/.experiments/tags/prim_red_cinm2_hybrid400/run/red_64MB/seed_2237/bin/red_64MB/red_0' is in fault
api:W:2026-07-13|12:28:09: DPU 10.1.1 '/home/clement.fournier/Wo
  [OK] red_64MB seed_1927  (used=768/1024 DPUs)
  [OK] red_64MB seed_1958  (used=768/1024 DPUs)
  [FAIL] red_64MB seed_2454  (used=768/1024 DPUs)
         hybrid400/run/red_64MB/seed_2454/bin/red_64MB/red_0' is in fault
api:W:2026-07-13|12:28:10: DPU 1.0.0 '/home/clement.fournier/Work/cinm-mlir/.experiments/tags/prim_red_cinm2_hybrid400/run/red_64MB/seed_2454/bin/red_64MB/red_0' is in fault
api:W:2026-07-13|12:28:10: DPU 1.0.1 '/home/clement.fournier/
  [FAIL] red_64MB seed_2516  (used=768/1024 DPUs)
         id400/run/red_64MB/seed_2516/bin/red_64MB/red_0' is in fault
api:W:2026-07-13|12:28:10: DPU 17.1.3 '/home/clement.fournier/Work/cinm-mlir/.experiments/tags/prim_red_cinm2_hybrid400/run/red_64MB/seed_2516/bin/red_64MB/red_0' is in fault
api:W:2026-07-13|12:28:10: DPU 17.1.4 '/home/clement.fournier/Wo
  [FAIL] red_64MB seed_2485  (used=768/1024 DPUs)
         id400/run/red_64MB/seed_2485/bin/red_64MB/red_0' is in fault
api:W:2026-07-13|12:28:10: DPU 11.1.3 '/home/clement.fournier/Work/cinm-mlir/.experiments/tags/prim_red_cinm2_hybrid400/run/red_64MB/seed_2485/bin/red_64MB/red_0' is in fault
api:W:2026-07-13|12:28:10: DPU 11.1.4 '/home/clement.fournier/Wo
  [OK] red_64MB seed_2082  (used=768/1024 DPUs)
  [FAIL] red_64MB seed_253  (used=768/1024 DPUs)
         _hybrid400/run/red_64MB/seed_253/bin/red_64MB/red_0' is in fault
api:W:2026-07-13|12:28:10: DPU 10.1.3 '/home/clement.fournier/Work/cinm-mlir/.experiments/tags/prim_red_cinm2_hybrid400/run/red_64MB/seed_253/bin/red_64MB/red_0' is in fault
api:W:2026-07-13|12:28:10: DPU 10.1.4 '/home/clement.fournier
  [FAIL] red_64MB seed_2578  (used=768/1024 DPUs)
         id400/run/red_64MB/seed_2578/bin/red_64MB/red_0' is in fault
api:W:2026-07-13|12:28:11: DPU 12.1.3 '/home/clement.fournier/Work/cinm-mlir/.experiments/tags/prim_red_cinm2_hybrid400/run/red_64MB/seed_2578/bin/red_64MB/red_0' is in fault
api:W:2026-07-13|12:28:11: DPU 12.1.4 '/home/clement.fournier/Wo
  [FAIL] red_64MB seed_2609  (used=768/1024 DPUs)
         id400/run/red_64MB/seed_2609/bin/red_64MB/red_0' is in fault
api:W:2026-07-13|12:28:11: DPU 11.1.3 '/home/clement.fournier/Work/cinm-mlir/.experiments/tags/prim_red_cinm2_hybrid400/run/red_64MB/seed_2609/bin/red_64MB/red_0' is in fault
api:W:2026-07-13|12:28:11: DPU 11.1.4 '/home/clement.fournier/Wo
  [OK] red_64MB seed_2268  (used=768/1024 DPUs)
  [FAIL] red_64MB seed_2950  (used=768/1024 DPUs)
         id400/run/red_64MB/seed_2950/bin/red_64MB/red_0' is in fault
api:W:2026-07-13|12:28:11: DPU 13.1.3 '/home/clement.fournier/Work/cinm-mlir/.experiments/tags/prim_red_cinm2_hybrid400/run/red_64MB/seed_2950/bin/red_64MB/red_0' is in fault
api:W:2026-07-13|12:28:11: DPU 13.1.4 '/home/clement.fournier/Wo
  [FAIL] red_64MB seed_3074  (used=768/1024 DPUs)
         hybrid400/run/red_64MB/seed_3074/bin/red_64MB/red_0' is in fault
api:W:2026-07-13|12:28:11: DPU 0.1.3 '/home/clement.fournier/Work/cinm-mlir/.experiments/tags/prim_red_cinm2_hybrid400/run/red_64MB/seed_3074/bin/red_64MB/red_0' is in fault
api:W:2026-07-13|12:28:11: DPU 0.1.4 '/home/clement.fournier/
  [OK] red_64MB seed_2671  (used=768/1024 DPUs)
  [FAIL] red_64MB seed_315  (used=768/1024 DPUs)
         _hybrid400/run/red_64MB/seed_315/bin/red_64MB/red_0' is in fault
api:W:2026-07-13|12:28:12: DPU 11.1.3 '/home/clement.fournier/Work/cinm-mlir/.experiments/tags/prim_red_cinm2_hybrid400/run/red_64MB/seed_315/bin/red_64MB/red_0' is in fault
api:W:2026-07-13|12:28:12: DPU 11.1.4 '/home/clement.fournier
  [OK] red_64MB seed_2640  (used=768/1024 DPUs)
  [FAIL] red_64MB seed_3353  (used=768/1024 DPUs)
         id400/run/red_64MB/seed_3353/bin/red_64MB/red_0' is in fault
api:W:2026-07-13|12:28:13: DPU 15.1.3 '/home/clement.fournier/Work/cinm-mlir/.experiments/tags/prim_red_cinm2_hybrid400/run/red_64MB/seed_3353/bin/red_64MB/red_0' is in fault
api:W:2026-07-13|12:28:13: DPU 15.1.4 '/home/clement.fournier/Wo
  [FAIL] red_64MB seed_3477  (used=768/1024 DPUs)
         id400/run/red_64MB/seed_3477/bin/red_64MB/red_0' is in fault
api:W:2026-07-13|12:28:13: DPU 14.1.1 '/home/clement.fournier/Work/cinm-mlir/.experiments/tags/prim_red_cinm2_hybrid400/run/red_64MB/seed_3477/bin/red_64MB/red_0' is in fault
api:W:2026-07-13|12:28:13: DPU 14.1.2 '/home/clement.fournier/Wo
  [OK] red_64MB seed_3012  (used=768/1024 DPUs)
  [OK] red_64MB seed_2919  (used=768/1024 DPUs)
  [FAIL] red_64MB seed_3539  (used=768/1024 DPUs)
         id400/run/red_64MB/seed_3539/bin/red_64MB/red_0' is in fault
api:W:2026-07-13|12:28:13: DPU 16.0.7 '/home/clement.fournier/Work/cinm-mlir/.experiments/tags/prim_red_cinm2_hybrid400/run/red_64MB/seed_3539/bin/red_64MB/red_0' is in fault
api:W:2026-07-13|12:28:13: DPU 16.1.0 '/home/clement.fournier/Wo
  [FAIL] red_64MB seed_3570  (used=768/1024 DPUs)
         id400/run/red_64MB/seed_3570/bin/red_64MB/red_0' is in fault
api:W:2026-07-13|12:28:13: DPU 10.0.3 '/home/clement.fournier/Work/cinm-mlir/.experiments/tags/prim_red_cinm2_hybrid400/run/red_64MB/seed_3570/bin/red_64MB/red_0' is in fault
api:W:2026-07-13|12:28:13: DPU 10.0.4 '/home/clement.fournier/Wo
  [FAIL] red_64MB seed_3384  (used=768/1024 DPUs)
         hybrid400/run/red_64MB/seed_3384/bin/red_64MB/red_0' is in fault
api:W:2026-07-13|12:28:13: DPU 2.1.3 '/home/clement.fournier/Work/cinm-mlir/.experiments/tags/prim_red_cinm2_hybrid400/run/red_64MB/seed_3384/bin/red_64MB/red_0' is in fault
api:W:2026-07-13|12:28:13: DPU 2.1.4 '/home/clement.fournier/
  [FAIL] red_64MB seed_3694  (used=768/1024 DPUs)
         id400/run/red_64MB/seed_3694/bin/red_64MB/red_0' is in fault
api:W:2026-07-13|12:28:13: DPU 14.0.7 '/home/clement.fournier/Work/cinm-mlir/.experiments/tags/prim_red_cinm2_hybrid400/run/red_64MB/seed_3694/bin/red_64MB/red_0' is in fault
api:W:2026-07-13|12:28:13: DPU 14.1.0 '/home/clement.fournier/Wo
  [FAIL] red_64MB seed_3632  (used=768/1024 DPUs)
         id400/run/red_64MB/seed_3632/bin/red_64MB/red_0' is in fault
api:W:2026-07-13|12:28:13: DPU 12.1.3 '/home/clement.fournier/Work/cinm-mlir/.experiments/tags/prim_red_cinm2_hybrid400/run/red_64MB/seed_3632/bin/red_64MB/red_0' is in fault
api:W:2026-07-13|12:28:13: DPU 12.1.4 '/home/clement.fournier/Wo
  [FAIL] red_64MB seed_3725  (used=768/1024 DPUs)
         id400/run/red_64MB/seed_3725/bin/red_64MB/red_0' is in fault
api:W:2026-07-13|12:28:13: DPU 19.1.3 '/home/clement.fournier/Work/cinm-mlir/.experiments/tags/prim_red_cinm2_hybrid400/run/red_64MB/seed_3725/bin/red_64MB/red_0' is in fault
api:W:2026-07-13|12:28:13: DPU 19.1.4 '/home/clement.fournier/Wo
  [FAIL] red_64MB seed_3849  (used=768/1024 DPUs)
         id400/run/red_64MB/seed_3849/bin/red_64MB/red_0' is in fault
api:W:2026-07-13|12:28:14: DPU 17.1.3 '/home/clement.fournier/Work/cinm-mlir/.experiments/tags/prim_red_cinm2_hybrid400/run/red_64MB/seed_3849/bin/red_64MB/red_0' is in fault
api:W:2026-07-13|12:28:14: DPU 17.1.4 '/home/clement.fournier/Wo
  [FAIL] red_64MB seed_3973  (used=768/1024 DPUs)
         id400/run/red_64MB/seed_3973/bin/red_64MB/red_0' is in fault
api:W:2026-07-13|12:28:14: DPU 12.1.3 '/home/clement.fournier/Work/cinm-mlir/.experiments/tags/prim_red_cinm2_hybrid400/run/red_64MB/seed_3973/bin/red_64MB/red_0' is in fault
api:W:2026-07-13|12:28:14: DPU 12.1.4 '/home/clement.fournier/Wo
  [OK] red_64MB seed_3229  (used=768/1024 DPUs)
  [FAIL] red_64MB seed_470  (used=768/1024 DPUs)
         _hybrid400/run/red_64MB/seed_470/bin/red_64MB/red_0' is in fault
api:W:2026-07-13|12:28:14: DPU 19.1.3 '/home/clement.fournier/Work/cinm-mlir/.experiments/tags/prim_red_cinm2_hybrid400/run/red_64MB/seed_470/bin/red_64MB/red_0' is in fault
api:W:2026-07-13|12:28:14: DPU 19.1.4 '/home/clement.fournier
  [FAIL] red_64MB seed_532  (used=768/1024 DPUs)
         _hybrid400/run/red_64MB/seed_532/bin/red_64MB/red_0' is in fault
api:W:2026-07-13|12:28:14: DPU 10.1.3 '/home/clement.fournier/Work/cinm-mlir/.experiments/tags/prim_red_cinm2_hybrid400/run/red_64MB/seed_532/bin/red_64MB/red_0' is in fault
api:W:2026-07-13|12:28:14: DPU 10.1.4 '/home/clement.fournier
  [FAIL] red_64MB seed_439  (used=768/1024 DPUs)
         _hybrid400/run/red_64MB/seed_439/bin/red_64MB/red_0' is in fault
api:W:2026-07-13|12:28:15: DPU 15.1.3 '/home/clement.fournier/Work/cinm-mlir/.experiments/tags/prim_red_cinm2_hybrid400/run/red_64MB/seed_439/bin/red_64MB/red_0' is in fault
api:W:2026-07-13|12:28:15: DPU 15.1.4 '/home/clement.fournier
  [OK] red_64MB seed_3756  (used=768/1024 DPUs)
  [OK] red_64MB seed_3880  (used=768/1024 DPUs)
  [FAIL] red_64MB seed_501  (used=768/1024 DPUs)
         _hybrid400/run/red_64MB/seed_501/bin/red_64MB/red_0' is in fault
api:W:2026-07-13|12:28:15: DPU 12.1.3 '/home/clement.fournier/Work/cinm-mlir/.experiments/tags/prim_red_cinm2_hybrid400/run/red_64MB/seed_501/bin/red_64MB/red_0' is in fault
api:W:2026-07-13|12:28:15: DPU 12.1.4 '/home/clement.fournier
  [FAIL] red_64MB seed_656  (used=768/1024 DPUs)
         _hybrid400/run/red_64MB/seed_656/bin/red_64MB/red_0' is in fault
api:W:2026-07-13|12:28:15: DPU 18.0.7 '/home/clement.fournier/Work/cinm-mlir/.experiments/tags/prim_red_cinm2_hybrid400/run/red_64MB/seed_656/bin/red_64MB/red_0' is in fault
api:W:2026-07-13|12:28:15: DPU 18.1.0 '/home/clement.fournier
  [FAIL] red_64MB seed_67  (used=768/1024 DPUs)
         cinm2_hybrid400/run/red_64MB/seed_67/bin/red_64MB/red_0' is in fault
api:W:2026-07-13|12:28:15: DPU 12.1.3 '/home/clement.fournier/Work/cinm-mlir/.experiments/tags/prim_red_cinm2_hybrid400/run/red_64MB/seed_67/bin/red_64MB/red_0' is in fault
api:W:2026-07-13|12:28:15: DPU 12.1.4 '/home/clement.fourn
  [FAIL] red_64MB seed_687  (used=768/1024 DPUs)
         inm2_hybrid400/run/red_64MB/seed_687/bin/red_64MB/red_0' is in fault
api:W:2026-07-13|12:28:16: DPU 1.1.3 '/home/clement.fournier/Work/cinm-mlir/.experiments/tags/prim_red_cinm2_hybrid400/run/red_64MB/seed_687/bin/red_64MB/red_0' is in fault
api:W:2026-07-13|12:28:16: DPU 1.1.4 '/home/clement.fourni
  [FAIL] red_64MB seed_718  (used=768/1024 DPUs)
         _hybrid400/run/red_64MB/seed_718/bin/red_64MB/red_0' is in fault
api:W:2026-07-13|12:28:16: DPU 16.1.3 '/home/clement.fournier/Work/cinm-mlir/.experiments/tags/prim_red_cinm2_hybrid400/run/red_64MB/seed_718/bin/red_64MB/red_0' is in fault
api:W:2026-07-13|12:28:16: DPU 16.1.4 '/home/clement.fournier
  [FAIL] red_64MB seed_904  (used=768/1024 DPUs)
         inm2_hybrid400/run/red_64MB/seed_904/bin/red_64MB/red_0' is in fault
api:W:2026-07-13|12:28:16: DPU 0.1.3 '/home/clement.fournier/Work/cinm-mlir/.experiments/tags/prim_red_cinm2_hybrid400/run/red_64MB/seed_904/bin/red_64MB/red_0' is in fault
api:W:2026-07-13|12:28:16: DPU 0.1.4 '/home/clement.fourni
  [OK] red_64MB seed_4004  (used=512/1024 DPUs)
  [FAIL] red_64MB seed_935  (used=768/1024 DPUs)
         _hybrid400/run/red_64MB/seed_935/bin/red_64MB/red_0' is in fault
api:W:2026-07-13|12:28:16: DPU 14.1.3 '/home/clement.fournier/Work/cinm-mlir/.experiments/tags/prim_red_cinm2_hybrid400/run/red_64MB/seed_935/bin/red_64MB/red_0' is in fault
api:W:2026-07-13|12:28:16: DPU 14.1.4 '/home/clement.fournier
  [OK] red_64MB seed_749  (used=512/1024 DPUs)
  [FAIL] red_512MB seed_1338  (used=512/1024 DPUs)
         run/red_512MB/seed_1338/bin/red_512MB/red_0' is in fault
api:W:2026-07-13|12:28:18: DPU 0.1.3 '/home/clement.fournier/Work/cinm-mlir/.experiments/tags/prim_red_cinm2_hybrid400/run/red_512MB/seed_1338/bin/red_512MB/red_0' is in fault
api:W:2026-07-13|12:28:18: DPU 0.1.4 '/home/clement.fournier/Work/c
  [FAIL] red_512MB seed_1121  (used=512/1024 DPUs)
         red_512MB/seed_1121/bin/red_512MB/red_0' is in fault
api:W:2026-07-13|12:28:19: DPU 14.1.3 '/home/clement.fournier/Work/cinm-mlir/.experiments/tags/prim_red_cinm2_hybrid400/run/red_512MB/seed_1121/bin/red_512MB/red_0' is in fault
api:W:2026-07-13|12:28:19: DPU 14.1.4 '/home/clement.fournier/Work/cin
  [FAIL] red_512MB seed_1431  (used=512/1024 DPUs)
         red_512MB/seed_1431/bin/red_512MB/red_0' is in fault
api:W:2026-07-13|12:28:20: DPU 15.0.3 '/home/clement.fournier/Work/cinm-mlir/.experiments/tags/prim_red_cinm2_hybrid400/run/red_512MB/seed_1431/bin/red_512MB/red_0' is in fault
api:W:2026-07-13|12:28:20: DPU 15.0.4 '/home/clement.fournier/Work/cin
  [FAIL] red_512MB seed_129  (used=512/1024 DPUs)
         d400/run/red_512MB/seed_129/bin/red_512MB/red_0' is in fault
api:W:2026-07-13|12:28:21: DPU 1.1.3 '/home/clement.fournier/Work/cinm-mlir/.experiments/tags/prim_red_cinm2_hybrid400/run/red_512MB/seed_129/bin/red_512MB/red_0' is in fault
api:W:2026-07-13|12:28:21: DPU 1.1.4 '/home/clement.fournier/Wor
  [FAIL] red_512MB seed_1183  (used=512/1024 DPUs)
         run/red_512MB/seed_1183/bin/red_512MB/red_0' is in fault
api:W:2026-07-13|12:28:22: DPU 0.1.3 '/home/clement.fournier/Work/cinm-mlir/.experiments/tags/prim_red_cinm2_hybrid400/run/red_512MB/seed_1183/bin/red_512MB/red_0' is in fault
api:W:2026-07-13|12:28:22: DPU 0.1.4 '/home/clement.fournier/Work/c
  [FAIL] red_512MB seed_1741  (used=512/1024 DPUs)
         run/red_512MB/seed_1741/bin/red_512MB/red_0' is in fault
api:W:2026-07-13|12:28:23: DPU 1.1.3 '/home/clement.fournier/Work/cinm-mlir/.experiments/tags/prim_red_cinm2_hybrid400/run/red_512MB/seed_1741/bin/red_512MB/red_0' is in fault
api:W:2026-07-13|12:28:23: DPU 1.1.4 '/home/clement.fournier/Work/c
  [FAIL] red_512MB seed_1803  (used=512/1024 DPUs)
         red_512MB/seed_1803/bin/red_512MB/red_0' is in fault
api:W:2026-07-13|12:28:24: DPU 14.0.4 '/home/clement.fournier/Work/cinm-mlir/.experiments/tags/prim_red_cinm2_hybrid400/run/red_512MB/seed_1803/bin/red_512MB/red_0' is in fault
api:W:2026-07-13|12:28:24: DPU 14.0.5 '/home/clement.fournier/Work/cin
  [FAIL] red_512MB seed_1214  (used=512/1024 DPUs)
         red_512MB/seed_1214/bin/red_512MB/red_0' is in fault
api:W:2026-07-13|12:28:27: DPU 10.0.1 '/home/clement.fournier/Work/cinm-mlir/.experiments/tags/prim_red_cinm2_hybrid400/run/red_512MB/seed_1214/bin/red_512MB/red_0' is in fault
api:W:2026-07-13|12:28:27: DPU 10.0.2 '/home/clement.fournier/Work/cin
  [FAIL] red_512MB seed_1555  (used=512/1024 DPUs)
         n/red_512MB/seed_1555/bin/red_512MB/red_0' is in fault
api:W:2026-07-13|12:28:29: DPU 22.1.3 '/home/clement.fournier/Work/cinm-mlir/.experiments/tags/prim_red_cinm2_hybrid400/run/red_512MB/seed_1555/bin/red_512MB/red_0' is in fault
api:W:2026-07-13|12:28:29: DPU 22.1.4 '/home/clement.fournier/Work/c
  [OK] red_512MB seed_1617  (used=512/1024 DPUs)
  [OK] red_512MB seed_1586  (used=512/1024 DPUs)
  [OK] red_512MB seed_1524  (used=512/1024 DPUs)
  [OK] red_512MB seed_1679  (used=512/1024 DPUs)
  [OK] red_512MB seed_1710  (used=512/1024 DPUs)
  [OK] red_512MB seed_1896  (used=512/1024 DPUs)
  [FAIL] red_512MB seed_2113  (used=512/1024 DPUs)
         red_512MB/seed_2113/bin/red_512MB/red_0' is in fault
api:W:2026-07-13|12:28:53: DPU 22.1.3 '/home/clement.fournier/Work/cinm-mlir/.experiments/tags/prim_red_cinm2_hybrid400/run/red_512MB/seed_2113/bin/red_512MB/red_0' is in fault
api:W:2026-07-13|12:28:53: DPU 22.1.4 '/home/clement.fournier/Work/cin
  [OK] red_512MB seed_1865  (used=512/1024 DPUs)
  [FAIL] red_512MB seed_1927  (used=512/1024 DPUs)
         red_512MB/seed_1927/bin/red_512MB/red_0' is in fault
api:W:2026-07-13|12:28:55: DPU 14.1.3 '/home/clement.fournier/Work/cinm-mlir/.experiments/tags/prim_red_cinm2_hybrid400/run/red_512MB/seed_1927/bin/red_512MB/red_0' is in fault
api:W:2026-07-13|12:28:55: DPU 14.1.4 '/home/clement.fournier/Work/cin
  [FAIL] red_512MB seed_2485  (used=512/1024 DPUs)
         red_512MB/seed_2485/bin/red_512MB/red_0' is in fault
api:W:2026-07-13|12:28:56: DPU 15.1.3 '/home/clement.fournier/Work/cinm-mlir/.experiments/tags/prim_red_cinm2_hybrid400/run/red_512MB/seed_2485/bin/red_512MB/red_0' is in fault
api:W:2026-07-13|12:28:56: DPU 15.1.4 '/home/clement.fournier/Work/cin
  [FAIL] red_512MB seed_2361  (used=512/1024 DPUs)
         red_512MB/seed_2361/bin/red_512MB/red_0' is in fault
api:W:2026-07-13|12:28:57: DPU 11.1.3 '/home/clement.fournier/Work/cinm-mlir/.experiments/tags/prim_red_cinm2_hybrid400/run/red_512MB/seed_2361/bin/red_512MB/red_0' is in fault
api:W:2026-07-13|12:28:57: DPU 11.1.4 '/home/clement.fournier/Work/cin
  [FAIL] red_512MB seed_2423  (used=512/1024 DPUs)
         un/red_512MB/seed_2423/bin/red_512MB/red_0' is in fault
api:W:2026-07-13|12:28:58: DPU 1.1.3 '/home/clement.fournier/Work/cinm-mlir/.experiments/tags/prim_red_cinm2_hybrid400/run/red_512MB/seed_2423/bin/red_512MB/red_0' is in fault
api:W:2026-07-13|12:28:58: DPU 1.1.4 '/home/clement.fournier/Work/ci
  [FAIL] red_512MB seed_2578  (used=512/1024 DPUs)
         red_512MB/seed_2578/bin/red_512MB/red_0' is in fault
api:W:2026-07-13|12:28:59: DPU 15.0.5 '/home/clement.fournier/Work/cinm-mlir/.experiments/tags/prim_red_cinm2_hybrid400/run/red_512MB/seed_2578/bin/red_512MB/red_0' is in fault
api:W:2026-07-13|12:28:59: DPU 15.0.6 '/home/clement.fournier/Work/cin
  [OK] red_512MB seed_2330  (used=512/1024 DPUs)
  [OK] red_512MB seed_2206  (used=512/1024 DPUs)
  [OK] red_512MB seed_2299  (used=512/1024 DPUs)
  [OK] red_512MB seed_2454  (used=512/1024 DPUs)
  [OK] red_512MB seed_2392  (used=512/1024 DPUs)
  [OK] red_512MB seed_2547  (used=512/1024 DPUs)
  [FAIL] red_512MB seed_2764  (used=512/1024 DPUs)
         red_512MB/seed_2764/bin/red_512MB/red_0' is in fault
api:W:2026-07-13|12:29:22: DPU 15.1.0 '/home/clement.fournier/Work/cinm-mlir/.experiments/tags/prim_red_cinm2_hybrid400/run/red_512MB/seed_2764/bin/red_512MB/red_0' is in fault
api:W:2026-07-13|12:29:22: DPU 15.1.1 '/home/clement.fournier/Work/cin
  [FAIL] red_512MB seed_2826  (used=512/1024 DPUs)
         red_512MB/seed_2826/bin/red_512MB/red_0' is in fault
api:W:2026-07-13|12:29:24: DPU 11.1.3 '/home/clement.fournier/Work/cinm-mlir/.experiments/tags/prim_red_cinm2_hybrid400/run/red_512MB/seed_2826/bin/red_512MB/red_0' is in fault
api:W:2026-07-13|12:29:24: DPU 11.1.4 '/home/clement.fournier/Work/cin
  [FAIL] red_512MB seed_2888  (used=512/1024 DPUs)
         red_512MB/seed_2888/bin/red_512MB/red_0' is in fault
api:W:2026-07-13|12:29:25: DPU 14.0.4 '/home/clement.fournier/Work/cinm-mlir/.experiments/tags/prim_red_cinm2_hybrid400/run/red_512MB/seed_2888/bin/red_512MB/red_0' is in fault
api:W:2026-07-13|12:29:25: DPU 14.0.5 '/home/clement.fournier/Work/cin
  [FAIL] red_512MB seed_2950  (used=512/1024 DPUs)
         run/red_512MB/seed_2950/bin/red_512MB/red_0' is in fault
api:W:2026-07-13|12:29:26: DPU 0.1.3 '/home/clement.fournier/Work/cinm-mlir/.experiments/tags/prim_red_cinm2_hybrid400/run/red_512MB/seed_2950/bin/red_512MB/red_0' is in fault
api:W:2026-07-13|12:29:26: DPU 0.1.4 '/home/clement.fournier/Work/c
  [FAIL] red_512MB seed_3167  (used=512/1024 DPUs)
         run/red_512MB/seed_3167/bin/red_512MB/red_0' is in fault
api:W:2026-07-13|12:29:27: DPU 0.1.3 '/home/clement.fournier/Work/cinm-mlir/.experiments/tags/prim_red_cinm2_hybrid400/run/red_512MB/seed_3167/bin/red_512MB/red_0' is in fault
api:W:2026-07-13|12:29:27: DPU 0.1.4 '/home/clement.fournier/Work/c
  [OK] red_512MB seed_2981  (used=512/1024 DPUs)
  [OK] red_512MB seed_3043  (used=512/1024 DPUs)
  [FAIL] red_512MB seed_3477  (used=512/1024 DPUs)
         red_512MB/seed_3477/bin/red_512MB/red_0' is in fault
api:W:2026-07-13|12:29:36: DPU 11.1.3 '/home/clement.fournier/Work/cinm-mlir/.experiments/tags/prim_red_cinm2_hybrid400/run/red_512MB/seed_3477/bin/red_512MB/red_0' is in fault
api:W:2026-07-13|12:29:36: DPU 11.1.4 '/home/clement.fournier/Work/cin
  [FAIL] red_512MB seed_3570  (used=512/1024 DPUs)
         red_512MB/seed_3570/bin/red_512MB/red_0' is in fault
api:W:2026-07-13|12:29:36: DPU 16.1.0 '/home/clement.fournier/Work/cinm-mlir/.experiments/tags/prim_red_cinm2_hybrid400/run/red_512MB/seed_3570/bin/red_512MB/red_0' is in fault
api:W:2026-07-13|12:29:36: DPU 16.1.1 '/home/clement.fournier/Work/cin
  [OK] red_512MB seed_3353  (used=512/1024 DPUs)
  [OK] red_512MB seed_3539  (used=512/1024 DPUs)
  [OK] red_512MB seed_3508  (used=512/1024 DPUs)
  [OK] red_512MB seed_346  (used=512/1024 DPUs)
  [FAIL] red_512MB seed_3880  (used=512/1024 DPUs)
         red_512MB/seed_3880/bin/red_512MB/red_0' is in fault
api:W:2026-07-13|12:29:53: DPU 21.0.6 '/home/clement.fournier/Work/cinm-mlir/.experiments/tags/prim_red_cinm2_hybrid400/run/red_512MB/seed_3880/bin/red_512MB/red_0' is in fault
api:W:2026-07-13|12:29:53: DPU 21.0.7 '/home/clement.fournier/Work/cin
  [FAIL] red_512MB seed_3818  (used=512/1024 DPUs)
         run/red_512MB/seed_3818/bin/red_512MB/red_0' is in fault
api:W:2026-07-13|12:29:53: DPU 1.1.3 '/home/clement.fournier/Work/cinm-mlir/.experiments/tags/prim_red_cinm2_hybrid400/run/red_512MB/seed_3818/bin/red_512MB/red_0' is in fault
api:W:2026-07-13|12:29:53: DPU 1.1.4 '/home/clement.fournier/Work/c
  [FAIL] red_512MB seed_3973  (used=512/1024 DPUs)
         run/red_512MB/seed_3973/bin/red_512MB/red_0' is in fault
api:W:2026-07-13|12:29:55: DPU 2.0.5 '/home/clement.fournier/Work/cinm-mlir/.experiments/tags/prim_red_cinm2_hybrid400/run/red_512MB/seed_3973/bin/red_512MB/red_0' is in fault
api:W:2026-07-13|12:29:55: DPU 2.0.6 '/home/clement.fournier/Work/c
  [FAIL] red_512MB seed_594  (used=512/1024 DPUs)
         d400/run/red_512MB/seed_594/bin/red_512MB/red_0' is in fault
api:W:2026-07-13|12:29:55: DPU 1.1.3 '/home/clement.fournier/Work/cinm-mlir/.experiments/tags/prim_red_cinm2_hybrid400/run/red_512MB/seed_594/bin/red_512MB/red_0' is in fault
api:W:2026-07-13|12:29:55: DPU 1.1.4 '/home/clement.fournier/Wor
  [FAIL] red_512MB seed_718  (used=512/1024 DPUs)
         /run/red_512MB/seed_718/bin/red_512MB/red_0' is in fault
api:W:2026-07-13|12:29:58: DPU 14.0.6 '/home/clement.fournier/Work/cinm-mlir/.experiments/tags/prim_red_cinm2_hybrid400/run/red_512MB/seed_718/bin/red_512MB/red_0' is in fault
api:W:2026-07-13|12:29:58: DPU 14.0.7 '/home/clement.fournier/Work/
  [OK] red_512MB seed_439  (used=512/1024 DPUs)
  [OK] red_512MB seed_67  (used=512/1024 DPUs)
  [FAIL] red_512MB seed_873  (used=512/1024 DPUs)
         d400/run/red_512MB/seed_873/bin/red_512MB/red_0' is in fault
api:W:2026-07-13|12:30:05: DPU 1.1.3 '/home/clement.fournier/Work/cinm-mlir/.experiments/tags/prim_red_cinm2_hybrid400/run/red_512MB/seed_873/bin/red_512MB/red_0' is in fault
api:W:2026-07-13|12:30:05: DPU 1.1.4 '/home/clement.fournier/Wor
  [OK] red_512MB seed_749  (used=512/1024 DPUs)
  [OK] red_512MB seed_842  (used=512/1024 DPUs)
  [OK] red_64MB seed_1183  (used=512/1024 DPUs)
  [FAIL] red_64MB seed_1090  (used=512/1024 DPUs)
         id400/run/red_64MB/seed_1090/bin/red_64MB/red_0' is in fault
api:W:2026-07-13|12:30:14: DPU 11.1.3 '/home/clement.fournier/Work/cinm-mlir/.experiments/tags/prim_red_cinm2_hybrid400/run/red_64MB/seed_1090/bin/red_64MB/red_0' is in fault
api:W:2026-07-13|12:30:14: DPU 11.1.4 '/home/clement.fournier/Wo
  [FAIL] red_64MB seed_1214  (used=512/1024 DPUs)
         id400/run/red_64MB/seed_1214/bin/red_64MB/red_0' is in fault
api:W:2026-07-13|12:30:15: DPU 20.0.5 '/home/clement.fournier/Work/cinm-mlir/.experiments/tags/prim_red_cinm2_hybrid400/run/red_64MB/seed_1214/bin/red_64MB/red_0' is in fault
api:W:2026-07-13|12:30:15: DPU 20.0.6 '/home/clement.fournier/Wo
  [FAIL] red_64MB seed_129  (used=512/1024 DPUs)
         _hybrid400/run/red_64MB/seed_129/bin/red_64MB/red_0' is in fault
api:W:2026-07-13|12:30:15: DPU 12.1.3 '/home/clement.fournier/Work/cinm-mlir/.experiments/tags/prim_red_cinm2_hybrid400/run/red_64MB/seed_129/bin/red_64MB/red_0' is in fault
api:W:2026-07-13|12:30:15: DPU 11.0.0 '/home/clement.fournier
  [FAIL] red_64MB seed_1462  (used=512/1024 DPUs)
         id400/run/red_64MB/seed_1462/bin/red_64MB/red_0' is in fault
api:W:2026-07-13|12:30:16: DPU 11.1.3 '/home/clement.fournier/Work/cinm-mlir/.experiments/tags/prim_red_cinm2_hybrid400/run/red_64MB/seed_1462/bin/red_64MB/red_0' is in fault
api:W:2026-07-13|12:30:16: DPU 11.1.4 '/home/clement.fournier/Wo
  [OK] red_64MB seed_1307  (used=512/1024 DPUs)
  [FAIL] red_64MB seed_1400  (used=512/1024 DPUs)
         id400/run/red_64MB/seed_1400/bin/red_64MB/red_0' is in fault
api:W:2026-07-13|12:30:17: DPU 20.1.3 '/home/clement.fournier/Work/cinm-mlir/.experiments/tags/prim_red_cinm2_hybrid400/run/red_64MB/seed_1400/bin/red_64MB/red_0' is in fault
api:W:2026-07-13|12:30:17: DPU 20.1.4 '/home/clement.fournier/Wo
  [OK] red_64MB seed_1555  (used=512/1024 DPUs)
  [OK] red_64MB seed_160  (used=512/1024 DPUs)
  [OK] red_512MB seed_966  (used=512/1024 DPUs)
  [FAIL] red_64MB seed_1648  (used=512/1024 DPUs)
         id400/run/red_64MB/seed_1648/bin/red_64MB/red_0' is in fault
api:W:2026-07-13|12:30:21: DPU 14.1.3 '/home/clement.fournier/Work/cinm-mlir/.experiments/tags/prim_red_cinm2_hybrid400/run/red_64MB/seed_1648/bin/red_64MB/red_0' is in fault
api:W:2026-07-13|12:30:21: DPU 14.1.4 '/home/clement.fournier/Wo
  [FAIL] red_64MB seed_1679  (used=512/1024 DPUs)
         id400/run/red_64MB/seed_1679/bin/red_64MB/red_0' is in fault
api:W:2026-07-13|12:30:21: DPU 12.1.3 '/home/clement.fournier/Work/cinm-mlir/.experiments/tags/prim_red_cinm2_hybrid400/run/red_64MB/seed_1679/bin/red_64MB/red_0' is in fault
api:W:2026-07-13|12:30:21: DPU 12.1.4 '/home/clement.fournier/Wo
  [FAIL] red_64MB seed_1586  (used=512/1024 DPUs)
         id400/run/red_64MB/seed_1586/bin/red_64MB/red_0' is in fault
api:W:2026-07-13|12:30:21: DPU 11.1.3 '/home/clement.fournier/Work/cinm-mlir/.experiments/tags/prim_red_cinm2_hybrid400/run/red_64MB/seed_1586/bin/red_64MB/red_0' is in fault
api:W:2026-07-13|12:30:21: DPU 11.1.4 '/home/clement.fournier/Wo
  [FAIL] red_64MB seed_1710  (used=512/1024 DPUs)
         id400/run/red_64MB/seed_1710/bin/red_64MB/red_0' is in fault
api:W:2026-07-13|12:30:21: DPU 11.1.3 '/home/clement.fournier/Work/cinm-mlir/.experiments/tags/prim_red_cinm2_hybrid400/run/red_64MB/seed_1710/bin/red_64MB/red_0' is in fault
api:W:2026-07-13|12:30:21: DPU 11.1.4 '/home/clement.fournier/Wo
  [FAIL] red_64MB seed_1772  (used=512/1024 DPUs)
         id400/run/red_64MB/seed_1772/bin/red_64MB/red_0' is in fault
api:W:2026-07-13|12:30:21: DPU 12.1.3 '/home/clement.fournier/Work/cinm-mlir/.experiments/tags/prim_red_cinm2_hybrid400/run/red_64MB/seed_1772/bin/red_64MB/red_0' is in fault
api:W:2026-07-13|12:30:21: DPU 12.1.4 '/home/clement.fournier/Wo
  [FAIL] red_64MB seed_1865  (used=512/1024 DPUs)
         id400/run/red_64MB/seed_1865/bin/red_64MB/red_0' is in fault
api:W:2026-07-13|12:30:22: DPU 12.1.3 '/home/clement.fournier/Work/cinm-mlir/.experiments/tags/prim_red_cinm2_hybrid400/run/red_64MB/seed_1865/bin/red_64MB/red_0' is in fault
api:W:2026-07-13|12:30:22: DPU 12.1.4 '/home/clement.fournier/Wo
  [OK] red_64MB seed_1803  (used=512/1024 DPUs)
  [OK] red_64MB seed_1896  (used=512/1024 DPUs)
  [FAIL] red_64MB seed_2113  (used=512/1024 DPUs)
         id400/run/red_64MB/seed_2113/bin/red_64MB/red_0' is in fault
api:W:2026-07-13|12:30:23: DPU 14.1.3 '/home/clement.fournier/Work/cinm-mlir/.experiments/tags/prim_red_cinm2_hybrid400/run/red_64MB/seed_2113/bin/red_64MB/red_0' is in fault
api:W:2026-07-13|12:30:23: DPU 14.1.4 '/home/clement.fournier/Wo
  [FAIL] red_64MB seed_2206  (used=512/1024 DPUs)
         id400/run/red_64MB/seed_2206/bin/red_64MB/red_0' is in fault
api:W:2026-07-13|12:30:24: DPU 11.1.3 '/home/clement.fournier/Work/cinm-mlir/.experiments/tags/prim_red_cinm2_hybrid400/run/red_64MB/seed_2206/bin/red_64MB/red_0' is in fault
api:W:2026-07-13|12:30:24: DPU 11.1.4 '/home/clement.fournier/Wo
  [OK] red_64MB seed_2144  (used=512/1024 DPUs)
  [FAIL] red_64MB seed_222  (used=512/1024 DPUs)
         _hybrid400/run/red_64MB/seed_222/bin/red_64MB/red_0' is in fault
api:W:2026-07-13|12:30:24: DPU 19.1.3 '/home/clement.fournier/Work/cinm-mlir/.experiments/tags/prim_red_cinm2_hybrid400/run/red_64MB/seed_222/bin/red_64MB/red_0' is in fault
api:W:2026-07-13|12:30:24: DPU 19.1.4 '/home/clement.fournier
  [FAIL] red_64MB seed_2299  (used=512/1024 DPUs)
         id400/run/red_64MB/seed_2299/bin/red_64MB/red_0' is in fault
api:W:2026-07-13|12:30:24: DPU 10.0.7 '/home/clement.fournier/Work/cinm-mlir/.experiments/tags/prim_red_cinm2_hybrid400/run/red_64MB/seed_2299/bin/red_64MB/red_0' is in fault
api:W:2026-07-13|12:30:24: DPU 10.1.0 '/home/clement.fournier/Wo
  [OK] red_64MB seed_2423  (used=512/1024 DPUs)
  [OK] red_64MB seed_2392  (used=512/1024 DPUs)
  [OK] red_64MB seed_2330  (used=512/1024 DPUs)
  [OK] red_64MB seed_2361  (used=512/1024 DPUs)
  [FAIL] red_64MB seed_2547  (used=512/1024 DPUs)
         id400/run/red_64MB/seed_2547/bin/red_64MB/red_0' is in fault
api:W:2026-07-13|12:30:27: DPU 11.1.3 '/home/clement.fournier/Work/cinm-mlir/.experiments/tags/prim_red_cinm2_hybrid400/run/red_64MB/seed_2547/bin/red_64MB/red_0' is in fault
api:W:2026-07-13|12:30:27: DPU 11.1.4 '/home/clement.fournier/Wo
  [FAIL] red_64MB seed_2702  (used=512/1024 DPUs)
         id400/run/red_64MB/seed_2702/bin/red_64MB/red_0' is in fault
api:W:2026-07-13|12:30:27: DPU 13.1.3 '/home/clement.fournier/Work/cinm-mlir/.experiments/tags/prim_red_cinm2_hybrid400/run/red_64MB/seed_2702/bin/red_64MB/red_0' is in fault
api:W:2026-07-13|12:30:27: DPU 13.1.4 '/home/clement.fournier/Wo
  [FAIL] red_64MB seed_2733  (used=512/1024 DPUs)
         id400/run/red_64MB/seed_2733/bin/red_64MB/red_0' is in fault
api:W:2026-07-13|12:30:28: DPU 10.0.6 '/home/clement.fournier/Work/cinm-mlir/.experiments/tags/prim_red_cinm2_hybrid400/run/red_64MB/seed_2733/bin/red_64MB/red_0' is in fault
api:W:2026-07-13|12:30:28: DPU 10.0.7 '/home/clement.fournier/Wo
  [FAIL] red_64MB seed_2826  (used=512/1024 DPUs)
         id400/run/red_64MB/seed_2826/bin/red_64MB/red_0' is in fault
api:W:2026-07-13|12:30:28: DPU 11.1.3 '/home/clement.fournier/Work/cinm-mlir/.experiments/tags/prim_red_cinm2_hybrid400/run/red_64MB/seed_2826/bin/red_64MB/red_0' is in fault
api:W:2026-07-13|12:30:28: DPU 11.1.4 '/home/clement.fournier/Wo
  [FAIL] red_64MB seed_2888  (used=512/1024 DPUs)
         id400/run/red_64MB/seed_2888/bin/red_64MB/red_0' is in fault
api:W:2026-07-13|12:30:28: DPU 18.1.3 '/home/clement.fournier/Work/cinm-mlir/.experiments/tags/prim_red_cinm2_hybrid400/run/red_64MB/seed_2888/bin/red_64MB/red_0' is in fault
api:W:2026-07-13|12:30:28: DPU 18.1.4 '/home/clement.fournier/Wo
  [OK] red_64MB seed_2795  (used=512/1024 DPUs)
  [OK] red_64MB seed_284  (used=512/1024 DPUs)
  [FAIL] red_64MB seed_3105  (used=512/1024 DPUs)
         id400/run/red_64MB/seed_3105/bin/red_64MB/red_0' is in fault
api:W:2026-07-13|12:30:30: DPU 10.1.1 '/home/clement.fournier/Work/cinm-mlir/.experiments/tags/prim_red_cinm2_hybrid400/run/red_64MB/seed_3105/bin/red_64MB/red_0' is in fault
api:W:2026-07-13|12:30:30: DPU 10.1.2 '/home/clement.fournier/Wo
  [OK] red_64MB seed_2981  (used=512/1024 DPUs)
  [FAIL] red_64MB seed_3260  (used=512/1024 DPUs)
         id400/run/red_64MB/seed_3260/bin/red_64MB/red_0' is in fault
api:W:2026-07-13|12:30:30: DPU 15.1.3 '/home/clement.fournier/Work/cinm-mlir/.experiments/tags/prim_red_cinm2_hybrid400/run/red_64MB/seed_3260/bin/red_64MB/red_0' is in fault
api:W:2026-07-13|12:30:30: DPU 15.1.4 '/home/clement.fournier/Wo
  [FAIL] red_64MB seed_3167  (used=512/1024 DPUs)
         id400/run/red_64MB/seed_3167/bin/red_64MB/red_0' is in fault
api:W:2026-07-13|12:30:30: DPU 20.1.3 '/home/clement.fournier/Work/cinm-mlir/.experiments/tags/prim_red_cinm2_hybrid400/run/red_64MB/seed_3167/bin/red_64MB/red_0' is in fault
api:W:2026-07-13|12:30:30: DPU 20.1.4 '/home/clement.fournier/Wo
  [FAIL] red_64MB seed_3198  (used=512/1024 DPUs)
         hybrid400/run/red_64MB/seed_3198/bin/red_64MB/red_0' is in fault
api:W:2026-07-13|12:30:31: DPU 2.1.3 '/home/clement.fournier/Work/cinm-mlir/.experiments/tags/prim_red_cinm2_hybrid400/run/red_64MB/seed_3198/bin/red_64MB/red_0' is in fault
api:W:2026-07-13|12:30:31: DPU 2.1.4 '/home/clement.fournier/
  [FAIL] red_64MB seed_3322  (used=512/1024 DPUs)
         id400/run/red_64MB/seed_3322/bin/red_64MB/red_0' is in fault
api:W:2026-07-13|12:30:31: DPU 20.1.3 '/home/clement.fournier/Work/cinm-mlir/.experiments/tags/prim_red_cinm2_hybrid400/run/red_64MB/seed_3322/bin/red_64MB/red_0' is in fault
api:W:2026-07-13|12:30:31: DPU 20.1.4 '/home/clement.fournier/Wo
  [FAIL] red_64MB seed_3415  (used=512/1024 DPUs)
         id400/run/red_64MB/seed_3415/bin/red_64MB/red_0' is in fault
api:W:2026-07-13|12:30:32: DPU 13.0.3 '/home/clement.fournier/Work/cinm-mlir/.experiments/tags/prim_red_cinm2_hybrid400/run/red_64MB/seed_3415/bin/red_64MB/red_0' is in fault
api:W:2026-07-13|12:30:32: DPU 13.0.4 '/home/clement.fournier/Wo
  [OK] red_64MB seed_3291  (used=512/1024 DPUs)
  [FAIL] red_64MB seed_3508  (used=512/1024 DPUs)
         id400/run/red_64MB/seed_3508/bin/red_64MB/red_0' is in fault
api:W:2026-07-13|12:30:32: DPU 21.1.3 '/home/clement.fournier/Work/cinm-mlir/.experiments/tags/prim_red_cinm2_hybrid400/run/red_64MB/seed_3508/bin/red_64MB/red_0' is in fault
api:W:2026-07-13|12:30:32: DPU 21.1.4 '/home/clement.fournier/Wo
  [FAIL] red_64MB seed_3601  (used=512/1024 DPUs)
         id400/run/red_64MB/seed_3601/bin/red_64MB/red_0' is in fault
api:W:2026-07-13|12:30:33: DPU 11.1.3 '/home/clement.fournier/Work/cinm-mlir/.experiments/tags/prim_red_cinm2_hybrid400/run/red_64MB/seed_3601/bin/red_64MB/red_0' is in fault
api:W:2026-07-13|12:30:33: DPU 11.1.4 '/home/clement.fournier/Wo
  [FAIL] red_64MB seed_3663  (used=512/1024 DPUs)
         hybrid400/run/red_64MB/seed_3663/bin/red_64MB/red_0' is in fault
api:W:2026-07-13|12:30:33: DPU 0.1.3 '/home/clement.fournier/Work/cinm-mlir/.experiments/tags/prim_red_cinm2_hybrid400/run/red_64MB/seed_3663/bin/red_64MB/red_0' is in fault
api:W:2026-07-13|12:30:33: DPU 0.1.4 '/home/clement.fournier/
  [OK] red_64MB seed_3446  (used=512/1024 DPUs)
  [FAIL] red_64MB seed_377  (used=512/1024 DPUs)
         inm2_hybrid400/run/red_64MB/seed_377/bin/red_64MB/red_0' is in fault
api:W:2026-07-13|12:30:33: DPU 0.1.3 '/home/clement.fournier/Work/cinm-mlir/.experiments/tags/prim_red_cinm2_hybrid400/run/red_64MB/seed_377/bin/red_64MB/red_0' is in fault
api:W:2026-07-13|12:30:33: DPU 0.1.4 '/home/clement.fourni
  [OK] red_64MB seed_3818  (used=512/1024 DPUs)
  [OK] red_64MB seed_3787  (used=512/1024 DPUs)
  [FAIL] red_64MB seed_594  (used=512/1024 DPUs)
         _hybrid400/run/red_64MB/seed_594/bin/red_64MB/red_0' is in fault
api:W:2026-07-13|12:30:35: DPU 16.1.3 '/home/clement.fournier/Work/cinm-mlir/.experiments/tags/prim_red_cinm2_hybrid400/run/red_64MB/seed_594/bin/red_64MB/red_0' is in fault
api:W:2026-07-13|12:30:35: DPU 16.1.4 '/home/clement.fournier
  [OK] red_64MB seed_3942  (used=512/1024 DPUs)
  [FAIL] red_64MB seed_780  (used=512/1024 DPUs)
         _hybrid400/run/red_64MB/seed_780/bin/red_64MB/red_0' is in fault
api:W:2026-07-13|12:30:36: DPU 22.0.6 '/home/clement.fournier/Work/cinm-mlir/.experiments/tags/prim_red_cinm2_hybrid400/run/red_64MB/seed_780/bin/red_64MB/red_0' is in fault
api:W:2026-07-13|12:30:36: DPU 22.0.7 '/home/clement.fournier
  [OK] red_64MB seed_563  (used=512/1024 DPUs)
  [FAIL] red_64MB seed_811  (used=512/1024 DPUs)
         _hybrid400/run/red_64MB/seed_811/bin/red_64MB/red_0' is in fault
api:W:2026-07-13|12:30:37: DPU 12.1.3 '/home/clement.fournier/Work/cinm-mlir/.experiments/tags/prim_red_cinm2_hybrid400/run/red_64MB/seed_811/bin/red_64MB/red_0' is in fault
api:W:2026-07-13|12:30:37: DPU 12.1.4 '/home/clement.fournier
  [FAIL] red_64MB seed_873  (used=512/1024 DPUs)
         _hybrid400/run/red_64MB/seed_873/bin/red_64MB/red_0' is in fault
api:W:2026-07-13|12:30:37: DPU 12.1.0 '/home/clement.fournier/Work/cinm-mlir/.experiments/tags/prim_red_cinm2_hybrid400/run/red_64MB/seed_873/bin/red_64MB/red_0' is in fault
api:W:2026-07-13|12:30:37: DPU 12.1.1 '/home/clement.fournier
  [FAIL] red_64MB seed_966  (used=512/1024 DPUs)
         _hybrid400/run/red_64MB/seed_966/bin/red_64MB/red_0' is in fault
api:W:2026-07-13|12:30:37: DPU 20.1.3 '/home/clement.fournier/Work/cinm-mlir/.experiments/tags/prim_red_cinm2_hybrid400/run/red_64MB/seed_966/bin/red_64MB/red_0' is in fault
api:W:2026-07-13|12:30:37: DPU 20.1.4 '/home/clement.fournier
  [FAIL] red_64MB seed_98  (used=512/1024 DPUs)
         cinm2_hybrid400/run/red_64MB/seed_98/bin/red_64MB/red_0' is in fault
api:W:2026-07-13|12:30:37: DPU 19.1.3 '/home/clement.fournier/Work/cinm-mlir/.experiments/tags/prim_red_cinm2_hybrid400/run/red_64MB/seed_98/bin/red_64MB/red_0' is in fault
api:W:2026-07-13|12:30:37: DPU 19.1.4 '/home/clement.fourn
  [OK] red_64MB seed_842  (used=0/1024 DPUs)
  [OK] red_512MB seed_1028  (used=0/1024 DPUs)
  [FAIL] red_512MB seed_1400  (used=0/1024 DPUs)
         red_512MB/seed_1400/bin/red_512MB/red_0' is in fault
api:W:2026-07-13|12:30:47: DPU 22.1.0 '/home/clement.fournier/Work/cinm-mlir/.experiments/tags/prim_red_cinm2_hybrid400/run/red_512MB/seed_1400/bin/red_512MB/red_0' is in fault
api:W:2026-07-13|12:30:47: DPU 22.1.1 '/home/clement.fournier/Work/cin
  [OK] red_512MB seed_1276  (used=0/1024 DPUs)
  [FAIL] red_512MB seed_1462  (used=0/1024 DPUs)
         red_512MB/seed_1462/bin/red_512MB/red_0' is in fault
api:W:2026-07-13|12:30:56: DPU 14.0.3 '/home/clement.fournier/Work/cinm-mlir/.experiments/tags/prim_red_cinm2_hybrid400/run/red_512MB/seed_1462/bin/red_512MB/red_0' is in fault
api:W:2026-07-13|12:30:56: DPU 14.0.4 '/home/clement.fournier/Work/cin
  [OK] red_512MB seed_1245  (used=0/1024 DPUs)
  [FAIL] red_512MB seed_1090  (used=0/1024 DPUs)
         red_512MB/seed_1090/bin/red_512MB/red_0' is in fault
api:W:2026-07-13|12:31:05: DPU 21.0.7 '/home/clement.fournier/Work/cinm-mlir/.experiments/tags/prim_red_cinm2_hybrid400/run/red_512MB/seed_1090/bin/red_512MB/red_0' is in fault
api:W:2026-07-13|12:31:05: DPU 21.1.0 '/home/clement.fournier/Work/cin
  [OK] red_512MB seed_1307  (used=0/1024 DPUs)
  [FAIL] red_512MB seed_2020  (used=0/1024 DPUs)
         red_512MB/seed_2020/bin/red_512MB/red_0' is in fault
api:W:2026-07-13|12:31:14: DPU 16.0.4 '/home/clement.fournier/Work/cinm-mlir/.experiments/tags/prim_red_cinm2_hybrid400/run/red_512MB/seed_2020/bin/red_512MB/red_0' is in fault
api:W:2026-07-13|12:31:14: DPU 16.0.5 '/home/clement.fournier/Work/cin
  [OK] red_512MB seed_2051  (used=0/1024 DPUs)
  [FAIL] red_512MB seed_222  (used=0/1024 DPUs)
         /run/red_512MB/seed_222/bin/red_512MB/red_0' is in fault
api:W:2026-07-13|12:31:23: DPU 18.0.7 '/home/clement.fournier/Work/cinm-mlir/.experiments/tags/prim_red_cinm2_hybrid400/run/red_512MB/seed_222/bin/red_512MB/red_0' is in fault
api:W:2026-07-13|12:31:23: DPU 18.1.0 '/home/clement.fournier/Work/
  [FAIL] red_512MB seed_2268  (used=0/1024 DPUs)
         red_512MB/seed_2268/bin/red_512MB/red_0' is in fault
api:W:2026-07-13|12:31:25: DPU 16.1.1 '/home/clement.fournier/Work/cinm-mlir/.experiments/tags/prim_red_cinm2_hybrid400/run/red_512MB/seed_2268/bin/red_512MB/red_0' is in fault
api:W:2026-07-13|12:31:25: DPU 16.1.2 '/home/clement.fournier/Work/cin
  [OK] red_512MB seed_2144  (used=0/1024 DPUs)
  [OK] red_512MB seed_2516  (used=0/1024 DPUs)
  [OK] red_512MB seed_253  (used=0/1024 DPUs)
  [FAIL] red_512MB seed_3105  (used=0/1024 DPUs)
         run/red_512MB/seed_3105/bin/red_512MB/red_0' is in fault
api:W:2026-07-13|12:31:47: DPU 0.1.2 '/home/clement.fournier/Work/cinm-mlir/.experiments/tags/prim_red_cinm2_hybrid400/run/red_512MB/seed_3105/bin/red_512MB/red_0' is in fault
api:W:2026-07-13|12:31:47: DPU 0.1.3 '/home/clement.fournier/Work/c
  [FAIL] red_512MB seed_315  (used=0/1024 DPUs)
         /run/red_512MB/seed_315/bin/red_512MB/red_0' is in fault
api:W:2026-07-13|12:31:49: DPU 12.1.3 '/home/clement.fournier/Work/cinm-mlir/.experiments/tags/prim_red_cinm2_hybrid400/run/red_512MB/seed_315/bin/red_512MB/red_0' is in fault
api:W:2026-07-13|12:31:49: DPU 12.1.4 '/home/clement.fournier/Work/
  [FAIL] red_512MB seed_3384  (used=0/1024 DPUs)
         red_512MB/seed_3384/bin/red_512MB/red_0' is in fault
api:W:2026-07-13|12:31:51: DPU 11.0.1 '/home/clement.fournier/Work/cinm-mlir/.experiments/tags/prim_red_cinm2_hybrid400/run/red_512MB/seed_3384/bin/red_512MB/red_0' is in fault
api:W:2026-07-13|12:31:51: DPU 11.0.2 '/home/clement.fournier/Work/cin
  [OK] red_512MB seed_3601  (used=0/1024 DPUs)
  [OK] red_512MB seed_3415  (used=0/1024 DPUs)
  [OK] red_512MB seed_3725  (used=0/1024 DPUs)
  [OK] red_512MB seed_3756  (used=0/1024 DPUs)
  [FAIL] red_512MB seed_3911  (used=0/1024 DPUs)
         red_512MB/seed_3911/bin/red_512MB/red_0' is in fault
api:W:2026-07-13|12:32:21: DPU 21.0.7 '/home/clement.fournier/Work/cinm-mlir/.experiments/tags/prim_red_cinm2_hybrid400/run/red_512MB/seed_3911/bin/red_512MB/red_0' is in fault
api:W:2026-07-13|12:32:21: DPU 21.1.0 '/home/clement.fournier/Work/cin
  [FAIL] red_512MB seed_4004  (used=0/1024 DPUs)
         red_512MB/seed_4004/bin/red_512MB/red_0' is in fault
api:W:2026-07-13|12:32:24: DPU 20.1.0 '/home/clement.fournier/Work/cinm-mlir/.experiments/tags/prim_red_cinm2_hybrid400/run/red_512MB/seed_4004/bin/red_512MB/red_0' is in fault
api:W:2026-07-13|12:32:24: DPU 20.1.1 '/home/clement.fournier/Work/cin
  [FAIL] red_512MB seed_625  (used=0/1024 DPUs)
         /run/red_512MB/seed_625/bin/red_512MB/red_0' is in fault
api:W:2026-07-13|12:32:26: DPU 20.0.7 '/home/clement.fournier/Work/cinm-mlir/.experiments/tags/prim_red_cinm2_hybrid400/run/red_512MB/seed_625/bin/red_512MB/red_0' is in fault
api:W:2026-07-13|12:32:26: DPU 20.1.0 '/home/clement.fournier/Work/
  [FAIL] red_512MB seed_532  (used=0/1024 DPUs)
         /run/red_512MB/seed_532/bin/red_512MB/red_0' is in fault
api:W:2026-07-13|12:32:28: DPU 19.1.3 '/home/clement.fournier/Work/cinm-mlir/.experiments/tags/prim_red_cinm2_hybrid400/run/red_512MB/seed_532/bin/red_512MB/red_0' is in fault
api:W:2026-07-13|12:32:28: DPU 19.1.4 '/home/clement.fournier/Work/
  [FAIL] red_512MB seed_687  (used=0/1024 DPUs)
         /run/red_512MB/seed_687/bin/red_512MB/red_0' is in fault
api:W:2026-07-13|12:32:30: DPU 22.1.3 '/home/clement.fournier/Work/cinm-mlir/.experiments/tags/prim_red_cinm2_hybrid400/run/red_512MB/seed_687/bin/red_512MB/red_0' is in fault
api:W:2026-07-13|12:32:30: DPU 22.1.4 '/home/clement.fournier/Work/
  [FAIL] red_512MB seed_904  (used=0/1024 DPUs)
         /run/red_512MB/seed_904/bin/red_512MB/red_0' is in fault
api:W:2026-07-13|12:32:32: DPU 14.1.3 '/home/clement.fournier/Work/cinm-mlir/.experiments/tags/prim_red_cinm2_hybrid400/run/red_512MB/seed_904/bin/red_512MB/red_0' is in fault
api:W:2026-07-13|12:32:32: DPU 14.1.4 '/home/clement.fournier/Work/
  [FAIL] red_512MB seed_811  (used=0/1024 DPUs)
         d400/run/red_512MB/seed_811/bin/red_512MB/red_0' is in fault
api:W:2026-07-13|12:32:34: DPU 1.1.3 '/home/clement.fournier/Work/cinm-mlir/.experiments/tags/prim_red_cinm2_hybrid400/run/red_512MB/seed_811/bin/red_512MB/red_0' is in fault
api:W:2026-07-13|12:32:34: DPU 1.1.4 '/home/clement.fournier/Wor
  [OK] red_512MB seed_935  (used=0/1024 DPUs)
  [OK] red_512MB seed_997  (used=0/1024 DPUs)
  [OK] red_64MB seed_1152  (used=0/1024 DPUs)
  [OK] red_64MB seed_1028  (used=0/1024 DPUs)
  [OK] red_64MB seed_2764  (used=0/1024 DPUs)
  [OK] red_64MB seed_2857  (used=0/1024 DPUs)
  [OK] red_64MB seed_3043  (used=0/1024 DPUs)
  [OK] red_64MB seed_3136  (used=0/1024 DPUs)
  [OK] red_64MB seed_346  (used=0/1024 DPUs)
  [OK] red_64MB seed_3911  (used=0/1024 DPUs)
  [OK] red_64MB seed_408  (used=0/1024 DPUs)
  [OK] red_64MB seed_625  (used=0/1024 DPUs)
  [OK] red_64MB seed_997  (used=0/1024 DPUs)
  WARNING: red_512MB seed_2082 needs 2048 DPUs > cap 1024, running alone
  [FAIL] red_512MB seed_2082  (used=0/1024 DPUs)
         red_512MB/seed_2082/bin/red_512MB/red_0' is in fault
api:W:2026-07-13|12:33:07: DPU 14.0.0 '/home/clement.fournier/Work/cinm-mlir/.experiments/tags/prim_red_cinm2_hybrid400/run/red_512MB/seed_2082/bin/red_512MB/red_0' is in fault
api:W:2026-07-13|12:33:07: DPU 14.0.1 '/home/clement.fournier/Work/cin
  WARNING: red_512MB seed_3446 needs 2048 DPUs > cap 1024, running alone
  [FAIL] red_512MB seed_3446  (used=0/1024 DPUs)
         red_512MB/seed_3446/bin/red_512MB/red_0' is in fault
api:W:2026-07-13|12:33:09: DPU 16.1.3 '/home/clement.fournier/Work/cinm-mlir/.experiments/tags/prim_red_cinm2_hybrid400/run/red_512MB/seed_3446/bin/red_512MB/red_0' is in fault
api:W:2026-07-13|12:33:09: DPU 16.1.4 '/home/clement.fournier/Work/cin
  WARNING: red_512MB seed_377 needs 2048 DPUs > cap 1024, running alone
  [FAIL] red_512MB seed_377  (used=0/1024 DPUs)
         d400/run/red_512MB/seed_377/bin/red_512MB/red_0' is in fault
api:W:2026-07-13|12:33:11: DPU 1.1.2 '/home/clement.fournier/Work/cinm-mlir/.experiments/tags/prim_red_cinm2_hybrid400/run/red_512MB/seed_377/bin/red_512MB/red_0' is in fault
api:W:2026-07-13|12:33:11: DPU 1.1.3 '/home/clement.fournier/Wor


Done.
exp run +prim_red_cinm2_hybrid400 python /home/clement.fournier/Work/cinm-mlir/experiments/upmemcm/reduce_cost/aggregate.py \
	--run-dir @run --out @+aggregated
  alloc          2,520 rows  →  ../../.experiments/tags/prim_red_cinm2_hybrid400/aggregated/alloc.csv
  free           2,520 rows  →  ../../.experiments/tags/prim_red_cinm2_hybrid400/aggregated/free.csv
  gather         2,520 rows  →  ../../.experiments/tags/prim_red_cinm2_hybrid400/aggregated/gather.csv
  launch         2,520 rows  →  ../../.experiments/tags/prim_red_cinm2_hybrid400/aggregated/launch.csv
  scatter        5,040 rows  →  ../../.experiments/tags/prim_red_cinm2_hybrid400/aggregated/scatter.csv
  total          2,520 rows  →  ../../.experiments/tags/prim_red_cinm2_hybrid400/aggregated/total.csv

252 configs aggregated into 6 file(s).
python /home/clement.fournier/Work/cinm-mlir/experiments/paperplots/plot_best_configs.py \
	--exp-root /home/clement.fournier/Work/cinm-mlir/.experiments/tags \
	--sources prim_red_cinm2_hybrid200 prim_red_cinm2_hybrid400 \
	--out /home/clement.fournier/Work/cinm-mlir/experiments/paperplots/plots/
  Loading prim_red_cinm2_hybrid200
  Loading prim_red_cinm2_hybrid400
  combined → /home/clement.fournier/Work/cinm-mlir/experiments/paperplots/plots/net_times.csv
Traceback (most recent call last):
  File "/home/clement.fournier/Work/cinm-mlir/experiments/paperplots/plot_best_configs.py", line 193, in <module>
    main()
  File "/home/clement.fournier/Work/cinm-mlir/experiments/paperplots/plot_best_configs.py", line 187, in main
    plot_violins(data, out_dir, sources_present)
  File "/home/clement.fournier/Work/cinm-mlir/experiments/paperplots/plot_best_configs.py", line 98, in plot_violins
    parts = ax.violinplot(vals, positions=range(len(sources)), showmedians=True)
  File "/home/clement.fournier/Work/cinm-mlir/.venv/lib/python3.10/site-packages/matplotlib/_api/deprecation.py", line 453, in wrapper
    return func(*args, **kwargs)
  File "/home/clement.fournier/Work/cinm-mlir/.venv/lib/python3.10/site-packages/matplotlib/__init__.py", line 1524, in inner
    return func(
  File "/home/clement.fournier/Work/cinm-mlir/.venv/lib/python3.10/site-packages/matplotlib/axes/_axes.py", line 8618, in violinplot
    vpstats = cbook.violin_stats(dataset, _kde_method, points=points,
  File "/home/clement.fournier/Work/cinm-mlir/.venv/lib/python3.10/site-packages/matplotlib/cbook.py", line 1509, in violin_stats
    min_val = np.min(x)
  File "/home/clement.fournier/Work/cinm-mlir/.venv/lib/python3.10/site-packages/numpy/_core/fromnumeric.py", line 3343, in min
    return _wrapreduction(a, np.minimum, 'min', axis, None, out,
  File "/home/clement.fournier/Work/cinm-mlir/.venv/lib/python3.10/site-packages/numpy/_core/fromnumeric.py", line 86, in _wrapreduction
    return ufunc.reduce(obj, axis, dtype, out, **passkwargs)
ValueError: zero-size array to reduction operation minimum which has no identity
make: *** [Makefile:44: .stamps/plots.done] Error 1
