fn_name,seed,net_time_ms,source
gemv_256MB,67,1524.1023764000001,prim_gemv_cinm2_ca400
gemv_256MB,98,1176.298884,prim_gemv_cinm2_ca400
gemv_256MB,129,1159.7914921,prim_gemv_cinm2_ca400
gemv_256MB,160,1099.3292505999998,prim_gemv_cinm2_ca400
gemv_256MB,191,1201.4832448,prim_gemv_cinm2_ca400
gemv_256MB,222,1481.7404153,prim_gemv_cinm2_ca400
gemv_256MB,253,1125.5245051,prim_gemv_cinm2_ca400
gemv_256MB,284,1659.4234927999998,prim_gemv_cinm2_ca400
gemv_256MB,315,1555.9446804000002,prim_gemv_cinm2_ca400
gemv_256MB,346,2077.8864377,prim_gemv_cinm2_ca400
gemv_256MB,377,1152.0103273,prim_gemv_cinm2_ca400
gemv_256MB,408,1132.1299709,prim_gemv_cinm2_ca400
gemv_256MB,439,1081.7372275,prim_gemv_cinm2_ca400
gemv_256MB,470,1239.4405103,prim_gemv_cinm2_ca400
gemv_256MB,501,1176.1035632,prim_gemv_cinm2_ca400
gemv_256MB,532,1103.3664667,prim_gemv_cinm2_ca400
gemv_256MB,563,1112.2751008,prim_gemv_cinm2_ca400
gemv_256MB,594,1176.9453074,prim_gemv_cinm2_ca400
gemv_256MB,625,1169.7873634,prim_gemv_cinm2_ca400
gemv_256MB,656,1158.3152418,prim_gemv_cinm2_ca400
gemv_256MB,687,1140.4411723,prim_gemv_cinm2_ca400
gemv_256MB,718,1087.3451636,prim_gemv_cinm2_ca400
gemv_256MB,749,1237.7535493,prim_gemv_cinm2_ca400
gemv_256MB,780,1158.5694129,prim_gemv_cinm2_ca400
gemv_256MB,811,1481.7791689,prim_gemv_cinm2_ca400
gemv_256MB,842,1191.8745792,prim_gemv_cinm2_ca400
gemv_256MB,873,1125.4874217000001,prim_gemv_cinm2_ca400
gemv_256MB,904,1191.543211,prim_gemv_cinm2_ca400
gemv_256MB,935,1134.3568923,prim_gemv_cinm2_ca400
gemv_256MB,966,1406.9984367,prim_gemv_cinm2_ca400
gemv_256MB,997,1156.034789,prim_gemv_cinm2_ca400
gemv_256MB,1028,1237.5465123,prim_gemv_cinm2_ca400
gemv_256MB,1059,1174.6817343,prim_gemv_cinm2_ca400
gemv_256MB,1090,1208.4426994,prim_gemv_cinm2_ca400
gemv_256MB,1121,1128.3297074000002,prim_gemv_cinm2_ca400
gemv_256MB,1152,1394.8189991,prim_gemv_cinm2_ca400
gemv_256MB,1183,1081.2063057,prim_gemv_cinm2_ca400
gemv_256MB,1214,1167.3099233,prim_gemv_cinm2_ca400
gemv_256MB,1245,1082.4538426,prim_gemv_cinm2_ca400
gemv_256MB,1276,1072.2530995,prim_gemv_cinm2_ca400
gemv_256MB,1307,1119.0384536,prim_gemv_cinm2_ca400
gemv_256MB,1338,1147.7742298,prim_gemv_cinm2_ca400
gemv_256MB,1369,1182.2873187,prim_gemv_cinm2_ca400
gemv_256MB,1400,1514.7168712999999,prim_gemv_cinm2_ca400
gemv_256MB,1431,1713.7899327,prim_gemv_cinm2_ca400
gemv_256MB,1462,1215.1149855,prim_gemv_cinm2_ca400
gemv_256MB,1493,1158.1410776,prim_gemv_cinm2_ca400
gemv_256MB,1524,1159.8421165999998,prim_gemv_cinm2_ca400
gemv_256MB,1555,2282.5676063,prim_gemv_cinm2_ca400
gemv_256MB,1586,1663.0872396,prim_gemv_cinm2_ca400
gemv_256MB,1617,1168.1461012,prim_gemv_cinm2_ca400
gemv_256MB,1648,1199.0474356,prim_gemv_cinm2_ca400
gemv_256MB,1679,1151.7885982999999,prim_gemv_cinm2_ca400
gemv_256MB,1710,1178.2523817000001,prim_gemv_cinm2_ca400
gemv_256MB,1741,1435.1504820999999,prim_gemv_cinm2_ca400
gemv_256MB,1772,1181.2992560999999,prim_gemv_cinm2_ca400
gemv_256MB,1803,1117.3290149000002,prim_gemv_cinm2_ca400
gemv_256MB,1865,1108.7400108,prim_gemv_cinm2_ca400
gemv_256MB,1896,1164.2074873,prim_gemv_cinm2_ca400
gemv_256MB,1927,1153.9173614000001,prim_gemv_cinm2_ca400
gemv_256MB,1958,1173.6999581,prim_gemv_cinm2_ca400
gemv_256MB,1989,1112.3430652,prim_gemv_cinm2_ca400
gemv_256MB,2020,1269.0139496,prim_gemv_cinm2_ca400
gemv_256MB,2051,1150.4338164,prim_gemv_cinm2_ca400
gemv_256MB,2082,1205.4731686,prim_gemv_cinm2_ca400
gemv_256MB,2113,1080.9971748,prim_gemv_cinm2_ca400
gemv_256MB,2144,1134.8143725999998,prim_gemv_cinm2_ca400
gemv_256MB,2175,1209.3497703,prim_gemv_cinm2_ca400
gemv_256MB,2206,1144.5940619,prim_gemv_cinm2_ca400
gemv_256MB,2237,1138.1317783,prim_gemv_cinm2_ca400
gemv_256MB,2268,1470.461689,prim_gemv_cinm2_ca400
gemv_256MB,2299,1137.4001112,prim_gemv_cinm2_ca400
gemv_256MB,2330,1117.8772827999999,prim_gemv_cinm2_ca400
gemv_256MB,2361,1152.5863985,prim_gemv_cinm2_ca400
gemv_256MB,2392,1549.8142109,prim_gemv_cinm2_ca400
gemv_256MB,2423,1163.815808,prim_gemv_cinm2_ca400
gemv_256MB,2454,1152.7784625,prim_gemv_cinm2_ca400
gemv_256MB,2485,1158.8409413,prim_gemv_cinm2_ca400
gemv_256MB,2516,1212.6787992,prim_gemv_cinm2_ca400
gemv_256MB,2547,1113.4701332,prim_gemv_cinm2_ca400
gemv_256MB,2578,1155.1992135,prim_gemv_cinm2_ca400
gemv_256MB,2609,1223.3923603,prim_gemv_cinm2_ca400
gemv_256MB,2640,1158.5239993,prim_gemv_cinm2_ca400
gemv_256MB,2671,1129.4122124,prim_gemv_cinm2_ca400
gemv_256MB,2702,1259.0407242,prim_gemv_cinm2_ca400
gemv_256MB,2733,1178.0836556,prim_gemv_cinm2_ca400
gemv_256MB,2764,1149.6036949000002,prim_gemv_cinm2_ca400
gemv_256MB,2795,1188.391277,prim_gemv_cinm2_ca400
gemv_256MB,2826,1160.5633814,prim_gemv_cinm2_ca400
gemv_256MB,2857,1157.6689640999998,prim_gemv_cinm2_ca400
gemv_256MB,2888,1224.5113285999998,prim_gemv_cinm2_ca400
gemv_256MB,2919,1160.2017528,prim_gemv_cinm2_ca400
gemv_256MB,2950,1093.0301407,prim_gemv_cinm2_ca400
gemv_256MB,2981,1276.4306367000002,prim_gemv_cinm2_ca400
gemv_256MB,3012,1122.4413465,prim_gemv_cinm2_ca400
gemv_256MB,3043,1688.3448467,prim_gemv_cinm2_ca400
gemv_256MB,3074,1205.9881813,prim_gemv_cinm2_ca400
gemv_256MB,3105,1292.1748105,prim_gemv_cinm2_ca400
gemv_256MB,3136,1461.6113437000001,prim_gemv_cinm2_ca400
gemv_256MB,3167,1423.5833154000002,prim_gemv_cinm2_ca400
gemv_256MB,3198,1204.3286395999999,prim_gemv_cinm2_ca400
gemv_256MB,3229,1231.7600035,prim_gemv_cinm2_ca400
gemv_256MB,3260,1053.481999,prim_gemv_cinm2_ca400
gemv_256MB,3291,1160.3977593,prim_gemv_cinm2_ca400
gemv_256MB,3322,1726.4477181,prim_gemv_cinm2_ca400
gemv_256MB,3353,1241.2604886,prim_gemv_cinm2_ca400
gemv_256MB,3384,1195.2585732,prim_gemv_cinm2_ca400
gemv_256MB,3415,1312.9572071,prim_gemv_cinm2_ca400
gemv_256MB,3446,1173.3130922,prim_gemv_cinm2_ca400
gemv_256MB,3477,2955.2870049000003,prim_gemv_cinm2_ca400
gemv_256MB,3508,1120.4284825999998,prim_gemv_cinm2_ca400
gemv_256MB,3539,1159.1608551,prim_gemv_cinm2_ca400
gemv_256MB,3570,1468.6403466,prim_gemv_cinm2_ca400
gemv_256MB,3601,1143.9508254,prim_gemv_cinm2_ca400
gemv_256MB,3632,1149.8053434,prim_gemv_cinm2_ca400
gemv_256MB,3663,1156.2578815,prim_gemv_cinm2_ca400
gemv_256MB,3694,1101.2288109,prim_gemv_cinm2_ca400
gemv_256MB,3725,1133.6141645999999,prim_gemv_cinm2_ca400
gemv_256MB,3756,1129.5079792000001,prim_gemv_cinm2_ca400
gemv_256MB,3787,1448.7245849,prim_gemv_cinm2_ca400
gemv_256MB,3818,1121.048633,prim_gemv_cinm2_ca400
gemv_256MB,3849,1169.6634182,prim_gemv_cinm2_ca400
gemv_256MB,3880,1424.5092612,prim_gemv_cinm2_ca400
gemv_256MB,3911,1136.398132,prim_gemv_cinm2_ca400
gemv_256MB,3942,1139.6428897,prim_gemv_cinm2_ca400
gemv_256MB,3973,1124.5014263,prim_gemv_cinm2_ca400
gemv_256MB,4004,1191.5315810999998,prim_gemv_cinm2_ca400
gemv_4MB,67,19.9104925,prim_gemv_cinm2_ca400
gemv_4MB,98,19.1531034,prim_gemv_cinm2_ca400
gemv_4MB,129,20.3328683,prim_gemv_cinm2_ca400
gemv_4MB,160,20.7505026,prim_gemv_cinm2_ca400
gemv_4MB,191,20.135154699999998,prim_gemv_cinm2_ca400
gemv_4MB,222,18.475898899999997,prim_gemv_cinm2_ca400
gemv_4MB,253,20.339450399999997,prim_gemv_cinm2_ca400
gemv_4MB,284,23.2078588,prim_gemv_cinm2_ca400
gemv_4MB,315,24.452833100000003,prim_gemv_cinm2_ca400
gemv_4MB,346,24.823275199999998,prim_gemv_cinm2_ca400
gemv_4MB,377,20.3356607,prim_gemv_cinm2_ca400
gemv_4MB,408,19.637815399999997,prim_gemv_cinm2_ca400
gemv_4MB,439,20.4239309,prim_gemv_cinm2_ca400
gemv_4MB,470,21.6385998,prim_gemv_cinm2_ca400
gemv_4MB,501,18.985255300000002,prim_gemv_cinm2_ca400
gemv_4MB,532,19.3409553,prim_gemv_cinm2_ca400
gemv_4MB,563,20.386267800000002,prim_gemv_cinm2_ca400
gemv_4MB,594,23.2102014,prim_gemv_cinm2_ca400
gemv_4MB,625,20.5656243,prim_gemv_cinm2_ca400
gemv_4MB,656,20.934880800000002,prim_gemv_cinm2_ca400
gemv_4MB,687,19.88401,prim_gemv_cinm2_ca400
gemv_4MB,718,19.9776252,prim_gemv_cinm2_ca400
gemv_4MB,749,21.1694093,prim_gemv_cinm2_ca400
gemv_4MB,780,20.7630208,prim_gemv_cinm2_ca400
gemv_4MB,811,18.9749387,prim_gemv_cinm2_ca400
gemv_4MB,842,20.9171794,prim_gemv_cinm2_ca400
gemv_4MB,873,19.2855575,prim_gemv_cinm2_ca400
gemv_4MB,904,22.2144,prim_gemv_cinm2_ca400
gemv_4MB,935,21.1008025,prim_gemv_cinm2_ca400
gemv_4MB,966,22.675932,prim_gemv_cinm2_ca400
gemv_4MB,997,22.2172494,prim_gemv_cinm2_ca400
gemv_4MB,1028,20.1801001,prim_gemv_cinm2_ca400
gemv_4MB,1059,19.6459567,prim_gemv_cinm2_ca400
gemv_4MB,1090,20.5845034,prim_gemv_cinm2_ca400
gemv_4MB,1121,20.692568,prim_gemv_cinm2_ca400
gemv_4MB,1152,21.4661272,prim_gemv_cinm2_ca400
gemv_4MB,1183,18.768587699999998,prim_gemv_cinm2_ca400
gemv_4MB,1214,26.5428712,prim_gemv_cinm2_ca400
gemv_4MB,1245,31.755429399999997,prim_gemv_cinm2_ca400
gemv_4MB,1276,20.4540536,prim_gemv_cinm2_ca400
gemv_4MB,1307,20.1836359,prim_gemv_cinm2_ca400
gemv_4MB,1338,20.3307876,prim_gemv_cinm2_ca400
gemv_4MB,1369,20.5648136,prim_gemv_cinm2_ca400
gemv_4MB,1400,20.5227095,prim_gemv_cinm2_ca400
gemv_4MB,1431,19.220837,prim_gemv_cinm2_ca400
gemv_4MB,1462,22.4204972,prim_gemv_cinm2_ca400
gemv_4MB,1493,21.263343,prim_gemv_cinm2_ca400
gemv_4MB,1524,20.0773683,prim_gemv_cinm2_ca400
gemv_4MB,1555,20.1539296,prim_gemv_cinm2_ca400
gemv_4MB,1586,24.1997404,prim_gemv_cinm2_ca400
gemv_4MB,1617,21.6729793,prim_gemv_cinm2_ca400
gemv_4MB,1648,22.5118503,prim_gemv_cinm2_ca400
gemv_4MB,1679,22.874775800000002,prim_gemv_cinm2_ca400
gemv_4MB,1710,20.2858917,prim_gemv_cinm2_ca400
gemv_4MB,1741,20.7505436,prim_gemv_cinm2_ca400
gemv_4MB,1772,22.6506065,prim_gemv_cinm2_ca400
gemv_4MB,1803,19.275784100000003,prim_gemv_cinm2_ca400
gemv_4MB,1834,21.0742379,prim_gemv_cinm2_ca400
gemv_4MB,1865,21.370090899999997,prim_gemv_cinm2_ca400
gemv_4MB,1896,20.7462471,prim_gemv_cinm2_ca400
gemv_4MB,1927,21.0864202,prim_gemv_cinm2_ca400
gemv_4MB,1958,18.9504978,prim_gemv_cinm2_ca400
gemv_4MB,1989,19.8493197,prim_gemv_cinm2_ca400
gemv_4MB,2020,19.509305100000002,prim_gemv_cinm2_ca400
gemv_4MB,2051,22.988910899999997,prim_gemv_cinm2_ca400
gemv_4MB,2082,18.4632513,prim_gemv_cinm2_ca400
gemv_4MB,2113,18.3867286,prim_gemv_cinm2_ca400
gemv_4MB,2144,20.6076397,prim_gemv_cinm2_ca400
gemv_4MB,2175,22.3834565,prim_gemv_cinm2_ca400
gemv_4MB,2206,20.5549992,prim_gemv_cinm2_ca400
gemv_4MB,2237,20.2105105,prim_gemv_cinm2_ca400
gemv_4MB,2268,20.344344399999997,prim_gemv_cinm2_ca400
gemv_4MB,2299,22.0395295,prim_gemv_cinm2_ca400
gemv_4MB,2330,22.322335300000002,prim_gemv_cinm2_ca400
gemv_4MB,2361,20.4840754,prim_gemv_cinm2_ca400
gemv_4MB,2392,19.927292100000003,prim_gemv_cinm2_ca400
gemv_4MB,2423,20.499876399999998,prim_gemv_cinm2_ca400
gemv_4MB,2454,19.480506899999998,prim_gemv_cinm2_ca400
gemv_4MB,2485,18.1964419,prim_gemv_cinm2_ca400
gemv_4MB,2516,19.297467100000002,prim_gemv_cinm2_ca400
gemv_4MB,2547,19.114885899999997,prim_gemv_cinm2_ca400
gemv_4MB,2578,19.4249993,prim_gemv_cinm2_ca400
gemv_4MB,2640,19.9401833,prim_gemv_cinm2_ca400
gemv_4MB,2671,22.5975255,prim_gemv_cinm2_ca400
gemv_4MB,2702,18.948576,prim_gemv_cinm2_ca400
gemv_4MB,2733,19.5692469,prim_gemv_cinm2_ca400
gemv_4MB,2764,23.7117455,prim_gemv_cinm2_ca400
gemv_4MB,2795,21.0476016,prim_gemv_cinm2_ca400
gemv_4MB,2826,20.053296600000003,prim_gemv_cinm2_ca400
gemv_4MB,2857,19.4665685,prim_gemv_cinm2_ca400
gemv_4MB,2888,21.5220758,prim_gemv_cinm2_ca400
gemv_4MB,2919,19.8429872,prim_gemv_cinm2_ca400
gemv_4MB,2950,19.5303045,prim_gemv_cinm2_ca400
gemv_4MB,2981,20.0984975,prim_gemv_cinm2_ca400
gemv_4MB,3012,19.9554441,prim_gemv_cinm2_ca400
gemv_4MB,3043,19.892523100000002,prim_gemv_cinm2_ca400
gemv_4MB,3074,21.4332822,prim_gemv_cinm2_ca400
gemv_4MB,3105,20.690057399999997,prim_gemv_cinm2_ca400
gemv_4MB,3136,22.28689,prim_gemv_cinm2_ca400
gemv_4MB,3167,19.761726600000003,prim_gemv_cinm2_ca400
gemv_4MB,3198,20.7542472,prim_gemv_cinm2_ca400
gemv_4MB,3229,21.2621377,prim_gemv_cinm2_ca400
gemv_4MB,3260,21.75209,prim_gemv_cinm2_ca400
gemv_4MB,3291,21.3726655,prim_gemv_cinm2_ca400
gemv_4MB,3322,22.4603056,prim_gemv_cinm2_ca400
gemv_4MB,3353,21.689251600000002,prim_gemv_cinm2_ca400
gemv_4MB,3384,21.0733615,prim_gemv_cinm2_ca400
gemv_4MB,3415,20.8316567,prim_gemv_cinm2_ca400
gemv_4MB,3446,22.2272715,prim_gemv_cinm2_ca400
gemv_4MB,3477,26.713883600000003,prim_gemv_cinm2_ca400
gemv_4MB,3508,20.485178100000002,prim_gemv_cinm2_ca400
gemv_4MB,3539,21.0903908,prim_gemv_cinm2_ca400
gemv_4MB,3570,21.307135600000002,prim_gemv_cinm2_ca400
gemv_4MB,3601,21.8503124,prim_gemv_cinm2_ca400
gemv_4MB,3632,20.293380600000003,prim_gemv_cinm2_ca400
gemv_4MB,3663,20.4726188,prim_gemv_cinm2_ca400
gemv_4MB,3694,19.6976951,prim_gemv_cinm2_ca400
gemv_4MB,3725,24.199278399999997,prim_gemv_cinm2_ca400
gemv_4MB,3756,21.432951600000003,prim_gemv_cinm2_ca400
gemv_4MB,3787,20.0917028,prim_gemv_cinm2_ca400
gemv_4MB,3818,20.943151399999998,prim_gemv_cinm2_ca400
gemv_4MB,3849,19.8627018,prim_gemv_cinm2_ca400
gemv_4MB,3880,19.539016699999998,prim_gemv_cinm2_ca400
gemv_4MB,3911,18.699485,prim_gemv_cinm2_ca400
gemv_4MB,3942,17.4348317,prim_gemv_cinm2_ca400
gemv_4MB,3973,21.477723100000002,prim_gemv_cinm2_ca400
gemv_4MB,4004,21.8855872,prim_gemv_cinm2_ca400
gemv_512MB,67,2195.8241272,prim_gemv_cinm2_ca400
gemv_512MB,98,2484.2827265,prim_gemv_cinm2_ca400
gemv_512MB,129,2300.6851908000003,prim_gemv_cinm2_ca400
gemv_512MB,160,2106.7576491,prim_gemv_cinm2_ca400
gemv_512MB,191,2361.757391,prim_gemv_cinm2_ca400
gemv_512MB,222,2374.5481728,prim_gemv_cinm2_ca400
gemv_512MB,253,2255.1036471999996,prim_gemv_cinm2_ca400
gemv_512MB,284,3363.1271205,prim_gemv_cinm2_ca400
gemv_512MB,315,3323.5059124,prim_gemv_cinm2_ca400
gemv_512MB,346,2368.0369508000003,prim_gemv_cinm2_ca400
gemv_512MB,377,2407.8059782,prim_gemv_cinm2_ca400
gemv_512MB,408,2247.0161405,prim_gemv_cinm2_ca400
gemv_512MB,439,2493.8526453000004,prim_gemv_cinm2_ca400
gemv_512MB,470,2440.5725186,prim_gemv_cinm2_ca400
gemv_512MB,501,2306.4740115,prim_gemv_cinm2_ca400
gemv_512MB,532,2198.38278,prim_gemv_cinm2_ca400
gemv_512MB,563,2241.1647949000003,prim_gemv_cinm2_ca400
gemv_512MB,594,2267.0466721999996,prim_gemv_cinm2_ca400
gemv_512MB,625,2330.8176826,prim_gemv_cinm2_ca400
gemv_512MB,656,2298.0759409,prim_gemv_cinm2_ca400
gemv_512MB,687,2253.0870677,prim_gemv_cinm2_ca400
gemv_512MB,718,2267.5832879,prim_gemv_cinm2_ca400
gemv_512MB,749,2479.4368254,prim_gemv_cinm2_ca400
gemv_512MB,780,2279.598227,prim_gemv_cinm2_ca400
gemv_512MB,811,3137.8815197,prim_gemv_cinm2_ca400
gemv_512MB,842,2378.4505784000003,prim_gemv_cinm2_ca400
gemv_512MB,873,2264.3552511999997,prim_gemv_cinm2_ca400
gemv_512MB,904,2227.356801,prim_gemv_cinm2_ca400
gemv_512MB,935,2396.0602885999997,prim_gemv_cinm2_ca400
gemv_512MB,966,2320.6438215,prim_gemv_cinm2_ca400
gemv_512MB,997,2277.5503042,prim_gemv_cinm2_ca400
gemv_512MB,1028,2440.1059602,prim_gemv_cinm2_ca400
gemv_512MB,1059,2320.6582698,prim_gemv_cinm2_ca400
gemv_512MB,1090,2500.5244478000004,prim_gemv_cinm2_ca400
gemv_512MB,1121,2423.3473784000003,prim_gemv_cinm2_ca400
gemv_512MB,1152,2979.9333841,prim_gemv_cinm2_ca400
gemv_512MB,1183,3425.1224065,prim_gemv_cinm2_ca400
gemv_512MB,1214,2291.398602,prim_gemv_cinm2_ca400
gemv_512MB,1245,2256.0459903,prim_gemv_cinm2_ca400
gemv_512MB,1276,2254.0139227,prim_gemv_cinm2_ca400
gemv_512MB,1307,2218.0974997,prim_gemv_cinm2_ca400
gemv_512MB,1338,2500.0440743000004,prim_gemv_cinm2_ca400
gemv_512MB,1369,2323.4068936999997,prim_gemv_cinm2_ca400
gemv_512MB,1400,3969.3737218,prim_gemv_cinm2_ca400
gemv_512MB,1431,2406.6991500999998,prim_gemv_cinm2_ca400
gemv_512MB,1462,2431.1652903000004,prim_gemv_cinm2_ca400
gemv_512MB,1493,2155.2215904,prim_gemv_cinm2_ca400
gemv_512MB,1524,2417.4218695,prim_gemv_cinm2_ca400
gemv_512MB,1586,3428.8114112,prim_gemv_cinm2_ca400
gemv_512MB,1648,2210.328872,prim_gemv_cinm2_ca400
gemv_512MB,1679,2347.3593370999997,prim_gemv_cinm2_ca400
gemv_512MB,1710,2331.7845096,prim_gemv_cinm2_ca400
gemv_512MB,1741,3230.9061626999996,prim_gemv_cinm2_ca400
gemv_512MB,1772,2390.4209466999996,prim_gemv_cinm2_ca400
gemv_512MB,1803,2341.9051396,prim_gemv_cinm2_ca400
gemv_512MB,1865,2297.4671008,prim_gemv_cinm2_ca400
gemv_512MB,1896,3237.1231192,prim_gemv_cinm2_ca400
gemv_512MB,1927,2346.6326574,prim_gemv_cinm2_ca400
gemv_512MB,1958,2429.4965555999997,prim_gemv_cinm2_ca400
gemv_512MB,1989,2191.2268309,prim_gemv_cinm2_ca400
gemv_512MB,2020,2587.7943762,prim_gemv_cinm2_ca400
gemv_512MB,2051,2201.9714193,prim_gemv_cinm2_ca400
gemv_512MB,2082,2370.2888716999996,prim_gemv_cinm2_ca400
gemv_512MB,2113,2261.540943,prim_gemv_cinm2_ca400
gemv_512MB,2144,2216.1073966999998,prim_gemv_cinm2_ca400
gemv_512MB,2175,2370.9842412,prim_gemv_cinm2_ca400
gemv_512MB,2206,2269.3337445,prim_gemv_cinm2_ca400
gemv_512MB,2237,2173.1003266999996,prim_gemv_cinm2_ca400
gemv_512MB,2268,3007.0154169,prim_gemv_cinm2_ca400
gemv_512MB,2299,2406.1469856999997,prim_gemv_cinm2_ca400
gemv_512MB,2330,5448.543172899999,prim_gemv_cinm2_ca400
gemv_512MB,2361,2403.1798601,prim_gemv_cinm2_ca400
gemv_512MB,2392,3338.6824381,prim_gemv_cinm2_ca400
gemv_512MB,2423,2416.9277096,prim_gemv_cinm2_ca400
gemv_512MB,2454,2287.7356908,prim_gemv_cinm2_ca400
gemv_512MB,2485,2396.4533926999998,prim_gemv_cinm2_ca400
gemv_512MB,2516,2408.1301691999997,prim_gemv_cinm2_ca400
gemv_512MB,2547,2257.0162566999998,prim_gemv_cinm2_ca400
gemv_512MB,2578,2260.4814386,prim_gemv_cinm2_ca400
gemv_512MB,2609,2601.6560585,prim_gemv_cinm2_ca400
gemv_512MB,2640,2717.3427814,prim_gemv_cinm2_ca400
gemv_512MB,2671,2319.7413564000003,prim_gemv_cinm2_ca400
gemv_512MB,2702,2407.160768,prim_gemv_cinm2_ca400
gemv_512MB,2733,2339.3257295999997,prim_gemv_cinm2_ca400
gemv_512MB,2764,3391.2407046,prim_gemv_cinm2_ca400
gemv_512MB,2795,2371.618869,prim_gemv_cinm2_ca400
gemv_512MB,2826,2498.7767467,prim_gemv_cinm2_ca400
gemv_512MB,2857,2248.4220121,prim_gemv_cinm2_ca400
gemv_512MB,2888,2360.0855462,prim_gemv_cinm2_ca400
gemv_512MB,2919,2530.6114583000003,prim_gemv_cinm2_ca400
gemv_512MB,2950,2489.2502005,prim_gemv_cinm2_ca400
gemv_512MB,2981,2450.315272,prim_gemv_cinm2_ca400
gemv_512MB,3012,2344.1933824000002,prim_gemv_cinm2_ca400
gemv_512MB,3043,2307.3524369,prim_gemv_cinm2_ca400
gemv_512MB,3074,3322.0571174,prim_gemv_cinm2_ca400
gemv_512MB,3105,2798.6936511,prim_gemv_cinm2_ca400
gemv_512MB,3136,3245.8917601999997,prim_gemv_cinm2_ca400
gemv_512MB,3167,2928.8667682,prim_gemv_cinm2_ca400
gemv_512MB,3198,2380.4787145,prim_gemv_cinm2_ca400
gemv_512MB,3229,2664.4752748,prim_gemv_cinm2_ca400
gemv_512MB,3260,2333.1548144000003,prim_gemv_cinm2_ca400
gemv_512MB,3291,2311.0671368000003,prim_gemv_cinm2_ca400
gemv_512MB,3322,2522.3536741,prim_gemv_cinm2_ca400
gemv_512MB,3353,2400.4814513,prim_gemv_cinm2_ca400
gemv_512MB,3384,2447.0370289,prim_gemv_cinm2_ca400
gemv_512MB,3415,2687.3623573,prim_gemv_cinm2_ca400
gemv_512MB,3446,2539.6880237,prim_gemv_cinm2_ca400
gemv_512MB,3477,5699.3902787,prim_gemv_cinm2_ca400
gemv_512MB,3508,2219.9881313,prim_gemv_cinm2_ca400
gemv_512MB,3539,2426.9915713,prim_gemv_cinm2_ca400
gemv_512MB,3570,2850.180754,prim_gemv_cinm2_ca400
gemv_512MB,3601,2327.7821080999997,prim_gemv_cinm2_ca400
gemv_512MB,3632,2212.728209,prim_gemv_cinm2_ca400
gemv_512MB,3663,2298.5330459,prim_gemv_cinm2_ca400
gemv_512MB,3694,2175.6065055999998,prim_gemv_cinm2_ca400
gemv_512MB,3725,2234.9877835,prim_gemv_cinm2_ca400
gemv_512MB,3756,2773.7325309000003,prim_gemv_cinm2_ca400
gemv_512MB,3787,3260.0480251999998,prim_gemv_cinm2_ca400
gemv_512MB,3818,2335.7738493,prim_gemv_cinm2_ca400
gemv_512MB,3849,2438.5450986,prim_gemv_cinm2_ca400
gemv_512MB,3880,2328.0666656,prim_gemv_cinm2_ca400
gemv_512MB,3911,2251.9082275,prim_gemv_cinm2_ca400
gemv_512MB,3942,2271.428632,prim_gemv_cinm2_ca400
gemv_512MB,3973,2235.2341195999998,prim_gemv_cinm2_ca400
gemv_512MB,4004,2427.562235,prim_gemv_cinm2_ca400
gemv_64MB,67,284.3429448,prim_gemv_cinm2_ca400
gemv_64MB,98,300.26667580000003,prim_gemv_cinm2_ca400
gemv_64MB,129,310.4720552,prim_gemv_cinm2_ca400
gemv_64MB,160,309.1519536,prim_gemv_cinm2_ca400
gemv_64MB,191,312.97963730000004,prim_gemv_cinm2_ca400
gemv_64MB,222,316.3542933,prim_gemv_cinm2_ca400
gemv_64MB,253,284.3332034,prim_gemv_cinm2_ca400
gemv_64MB,284,297.277418,prim_gemv_cinm2_ca400
gemv_64MB,315,312.4553674,prim_gemv_cinm2_ca400
gemv_64MB,346,419.1514587,prim_gemv_cinm2_ca400
gemv_64MB,377,295.17611289999996,prim_gemv_cinm2_ca400
gemv_64MB,408,294.1165618,prim_gemv_cinm2_ca400
gemv_64MB,439,278.4906104,prim_gemv_cinm2_ca400
gemv_64MB,470,318.7821269,prim_gemv_cinm2_ca400
gemv_64MB,501,289.2492944,prim_gemv_cinm2_ca400
gemv_64MB,532,287.6797785,prim_gemv_cinm2_ca400
gemv_64MB,563,285.9267095,prim_gemv_cinm2_ca400
gemv_64MB,594,293.7083447,prim_gemv_cinm2_ca400
gemv_64MB,625,284.55793439999997,prim_gemv_cinm2_ca400
gemv_64MB,656,302.3402059,prim_gemv_cinm2_ca400
gemv_64MB,687,295.53757310000003,prim_gemv_cinm2_ca400
gemv_64MB,718,289.61603660000003,prim_gemv_cinm2_ca400
gemv_64MB,749,305.01987010000005,prim_gemv_cinm2_ca400
gemv_64MB,780,305.4857931,prim_gemv_cinm2_ca400
gemv_64MB,811,280.8559084,prim_gemv_cinm2_ca400
gemv_64MB,842,304.4541574,prim_gemv_cinm2_ca400
gemv_64MB,873,303.7617777,prim_gemv_cinm2_ca400
gemv_64MB,904,305.00871839999996,prim_gemv_cinm2_ca400
gemv_64MB,935,307.78800110000003,prim_gemv_cinm2_ca400
gemv_64MB,966,332.7223557,prim_gemv_cinm2_ca400
gemv_64MB,997,303.5355417,prim_gemv_cinm2_ca400
gemv_64MB,1028,290.7087087,prim_gemv_cinm2_ca400
gemv_64MB,1059,303.8053864,prim_gemv_cinm2_ca400
gemv_64MB,1090,289.8809745,prim_gemv_cinm2_ca400
gemv_64MB,1121,283.1605739,prim_gemv_cinm2_ca400
gemv_64MB,1152,309.3407321,prim_gemv_cinm2_ca400
gemv_64MB,1183,397.5664319,prim_gemv_cinm2_ca400
gemv_64MB,1214,650.623341,prim_gemv_cinm2_ca400
gemv_64MB,1245,751.3875574,prim_gemv_cinm2_ca400
gemv_64MB,1276,283.71095280000003,prim_gemv_cinm2_ca400
gemv_64MB,1307,285.32997789999996,prim_gemv_cinm2_ca400
gemv_64MB,1338,285.9739477,prim_gemv_cinm2_ca400
gemv_64MB,1369,304.27993910000004,prim_gemv_cinm2_ca400
gemv_64MB,1400,305.02734580000003,prim_gemv_cinm2_ca400
gemv_64MB,1431,318.67368860000005,prim_gemv_cinm2_ca400
gemv_64MB,1462,512.1864249,prim_gemv_cinm2_ca400
gemv_64MB,1493,281.411623,prim_gemv_cinm2_ca400
gemv_64MB,1524,650.9256936,prim_gemv_cinm2_ca400
gemv_64MB,1555,292.767954,prim_gemv_cinm2_ca400
gemv_64MB,1586,290.5614078,prim_gemv_cinm2_ca400
gemv_64MB,1617,323.5429144,prim_gemv_cinm2_ca400
gemv_64MB,1648,305.6766002,prim_gemv_cinm2_ca400
gemv_64MB,1679,363.9994124,prim_gemv_cinm2_ca400
gemv_64MB,1710,293.8935274,prim_gemv_cinm2_ca400
gemv_64MB,1741,474.42438610000005,prim_gemv_cinm2_ca400
gemv_64MB,1772,312.2781429,prim_gemv_cinm2_ca400
gemv_64MB,1803,301.2912296,prim_gemv_cinm2_ca400
gemv_64MB,1834,281.194873,prim_gemv_cinm2_ca400
gemv_64MB,1865,291.4022237,prim_gemv_cinm2_ca400
gemv_64MB,1896,297.6233146,prim_gemv_cinm2_ca400
gemv_64MB,1927,306.8521545,prim_gemv_cinm2_ca400
gemv_64MB,1958,311.9643866,prim_gemv_cinm2_ca400
gemv_64MB,1989,291.58918669999997,prim_gemv_cinm2_ca400
gemv_64MB,2020,292.186922,prim_gemv_cinm2_ca400
gemv_64MB,2051,287.39994310000003,prim_gemv_cinm2_ca400
gemv_64MB,2082,314.8941492,prim_gemv_cinm2_ca400
gemv_64MB,2113,306.4713161,prim_gemv_cinm2_ca400
gemv_64MB,2144,288.6913803,prim_gemv_cinm2_ca400
gemv_64MB,2175,353.00622039999996,prim_gemv_cinm2_ca400
gemv_64MB,2206,312.5944692,prim_gemv_cinm2_ca400
gemv_64MB,2237,294.3226923,prim_gemv_cinm2_ca400
gemv_64MB,2268,289.79072310000004,prim_gemv_cinm2_ca400
gemv_64MB,2299,309.7819648,prim_gemv_cinm2_ca400
gemv_64MB,2330,298.93314039999996,prim_gemv_cinm2_ca400
gemv_64MB,2361,309.0345313,prim_gemv_cinm2_ca400
gemv_64MB,2392,295.3573071,prim_gemv_cinm2_ca400
gemv_64MB,2423,288.8396484,prim_gemv_cinm2_ca400
gemv_64MB,2454,305.0417447,prim_gemv_cinm2_ca400
gemv_64MB,2485,308.5898845,prim_gemv_cinm2_ca400
gemv_64MB,2516,324.3145899,prim_gemv_cinm2_ca400
gemv_64MB,2547,317.013945,prim_gemv_cinm2_ca400
gemv_64MB,2578,295.3179009,prim_gemv_cinm2_ca400
gemv_64MB,2609,305.1688549,prim_gemv_cinm2_ca400
gemv_64MB,2640,299.6091223,prim_gemv_cinm2_ca400
gemv_64MB,2671,299.3357523,prim_gemv_cinm2_ca400
gemv_64MB,2702,305.6987582,prim_gemv_cinm2_ca400
gemv_64MB,2733,289.50426139999996,prim_gemv_cinm2_ca400
gemv_64MB,2764,310.5951293,prim_gemv_cinm2_ca400
gemv_64MB,2795,310.07061139999996,prim_gemv_cinm2_ca400
gemv_64MB,2826,305.16308289999995,prim_gemv_cinm2_ca400
gemv_64MB,2857,323.54015710000004,prim_gemv_cinm2_ca400
gemv_64MB,2888,299.5975763,prim_gemv_cinm2_ca400
gemv_64MB,2919,301.20401039999996,prim_gemv_cinm2_ca400
gemv_64MB,2950,298.35973989999997,prim_gemv_cinm2_ca400
gemv_64MB,2981,331.3871172,prim_gemv_cinm2_ca400
gemv_64MB,3012,289.54776139999996,prim_gemv_cinm2_ca400
gemv_64MB,3043,363.1820073,prim_gemv_cinm2_ca400
gemv_64MB,3074,327.76623,prim_gemv_cinm2_ca400
gemv_64MB,3105,327.1373143,prim_gemv_cinm2_ca400
gemv_64MB,3136,323.2439608,prim_gemv_cinm2_ca400
gemv_64MB,3167,295.07635669999996,prim_gemv_cinm2_ca400
gemv_64MB,3198,303.61087660000004,prim_gemv_cinm2_ca400
gemv_64MB,3229,330.9723059,prim_gemv_cinm2_ca400
gemv_64MB,3260,300.1004128,prim_gemv_cinm2_ca400
gemv_64MB,3291,311.6099345,prim_gemv_cinm2_ca400
gemv_64MB,3322,443.5973314,prim_gemv_cinm2_ca400
gemv_64MB,3353,322.27986419999996,prim_gemv_cinm2_ca400
gemv_64MB,3384,297.45725589999995,prim_gemv_cinm2_ca400
gemv_64MB,3415,309.86591,prim_gemv_cinm2_ca400
gemv_64MB,3446,310.5652022,prim_gemv_cinm2_ca400
gemv_64MB,3477,674.657101,prim_gemv_cinm2_ca400
gemv_64MB,3508,287.8774247,prim_gemv_cinm2_ca400
gemv_64MB,3539,279.398183,prim_gemv_cinm2_ca400
gemv_64MB,3570,290.80843539999995,prim_gemv_cinm2_ca400
gemv_64MB,3601,298.22124210000004,prim_gemv_cinm2_ca400
gemv_64MB,3632,306.4710398,prim_gemv_cinm2_ca400
gemv_64MB,3663,295.3100977,prim_gemv_cinm2_ca400
gemv_64MB,3694,288.3526549,prim_gemv_cinm2_ca400
gemv_64MB,3725,296.0271264,prim_gemv_cinm2_ca400
gemv_64MB,3756,285.6054161,prim_gemv_cinm2_ca400
gemv_64MB,3787,304.3455059,prim_gemv_cinm2_ca400
gemv_64MB,3818,317.5601293,prim_gemv_cinm2_ca400
gemv_64MB,3849,310.1104576,prim_gemv_cinm2_ca400
gemv_64MB,3880,278.020286,prim_gemv_cinm2_ca400
gemv_64MB,3911,296.5065028,prim_gemv_cinm2_ca400
gemv_64MB,3942,399.928202,prim_gemv_cinm2_ca400
gemv_64MB,3973,302.84921410000004,prim_gemv_cinm2_ca400
gemv_64MB,4004,306.18951319999996,prim_gemv_cinm2_ca400
gemv_256MB,67,1236.7453937999999,prim_gemv_cinm2_fast
gemv_256MB,98,1149.2828580999999,prim_gemv_cinm2_fast
gemv_256MB,129,1147.7161110999998,prim_gemv_cinm2_fast
gemv_256MB,160,1204.1028845,prim_gemv_cinm2_fast
gemv_256MB,191,1216.3457801,prim_gemv_cinm2_fast
gemv_256MB,222,1310.3545166,prim_gemv_cinm2_fast
gemv_256MB,253,1139.8960497,prim_gemv_cinm2_fast
gemv_256MB,284,1147.4264045999998,prim_gemv_cinm2_fast
gemv_256MB,315,1149.5371907,prim_gemv_cinm2_fast
gemv_256MB,346,1157.3784732000001,prim_gemv_cinm2_fast
gemv_256MB,377,1118.7862665999999,prim_gemv_cinm2_fast
gemv_256MB,408,1139.0057537,prim_gemv_cinm2_fast
gemv_256MB,439,1152.0936384000001,prim_gemv_cinm2_fast
gemv_256MB,470,1254.1832525,prim_gemv_cinm2_fast
gemv_256MB,501,1134.019352,prim_gemv_cinm2_fast
gemv_256MB,532,1288.7605767,prim_gemv_cinm2_fast
gemv_256MB,563,1166.8042937,prim_gemv_cinm2_fast
gemv_256MB,594,1229.9846120999998,prim_gemv_cinm2_fast
gemv_256MB,625,1126.1671918,prim_gemv_cinm2_fast
gemv_256MB,656,1176.6298118,prim_gemv_cinm2_fast
gemv_256MB,687,1144.4150812,prim_gemv_cinm2_fast
gemv_256MB,749,1324.1118185999999,prim_gemv_cinm2_fast
gemv_256MB,780,1292.9058382,prim_gemv_cinm2_fast
gemv_256MB,811,1128.3487037,prim_gemv_cinm2_fast
gemv_256MB,842,1171.292497,prim_gemv_cinm2_fast
gemv_256MB,873,3141.5756917,prim_gemv_cinm2_fast
gemv_256MB,904,1180.5801823,prim_gemv_cinm2_fast
gemv_256MB,935,1176.1726563,prim_gemv_cinm2_fast
gemv_256MB,966,1150.5939835,prim_gemv_cinm2_fast
gemv_256MB,997,1198.0142050999998,prim_gemv_cinm2_fast
gemv_256MB,1028,1149.6759106,prim_gemv_cinm2_fast
gemv_256MB,1059,1257.635131,prim_gemv_cinm2_fast
gemv_256MB,1090,1180.7506037,prim_gemv_cinm2_fast
gemv_256MB,1152,1143.7091167,prim_gemv_cinm2_fast
gemv_256MB,1183,2011.5450405,prim_gemv_cinm2_fast
gemv_256MB,1214,1162.8434594,prim_gemv_cinm2_fast
gemv_256MB,1245,1198.7024688,prim_gemv_cinm2_fast
gemv_256MB,1276,1142.9110585,prim_gemv_cinm2_fast
gemv_256MB,1307,3579.9577572,prim_gemv_cinm2_fast
gemv_256MB,1338,1928.345876,prim_gemv_cinm2_fast
gemv_256MB,1369,1131.406057,prim_gemv_cinm2_fast
gemv_256MB,1400,1146.3520929000001,prim_gemv_cinm2_fast
gemv_256MB,1431,1245.3117818,prim_gemv_cinm2_fast
gemv_256MB,1462,1316.2499364,prim_gemv_cinm2_fast
gemv_256MB,1493,1197.1778402,prim_gemv_cinm2_fast
gemv_256MB,1524,1876.5319523,prim_gemv_cinm2_fast
gemv_256MB,1555,1138.3406668,prim_gemv_cinm2_fast
gemv_256MB,1586,1257.4626202,prim_gemv_cinm2_fast
gemv_256MB,1617,1199.4551046,prim_gemv_cinm2_fast
gemv_256MB,1648,1138.9168249000002,prim_gemv_cinm2_fast
gemv_256MB,1679,1259.3285503,prim_gemv_cinm2_fast
gemv_256MB,1710,1213.8691498,prim_gemv_cinm2_fast
gemv_256MB,1741,1125.9095211,prim_gemv_cinm2_fast
gemv_256MB,1772,1154.8527937000001,prim_gemv_cinm2_fast
gemv_256MB,1803,521.0782628000001,prim_gemv_cinm2_fast
gemv_256MB,1834,1179.9217814,prim_gemv_cinm2_fast
gemv_256MB,1865,1154.2581699,prim_gemv_cinm2_fast
gemv_256MB,1896,1238.2089187000001,prim_gemv_cinm2_fast
gemv_256MB,1927,1127.4821935,prim_gemv_cinm2_fast
gemv_256MB,1958,1251.1282703,prim_gemv_cinm2_fast
gemv_256MB,1989,1148.4354227000001,prim_gemv_cinm2_fast
gemv_256MB,2020,1151.0897361,prim_gemv_cinm2_fast
gemv_256MB,2051,1956.8168440999998,prim_gemv_cinm2_fast
gemv_256MB,2082,1370.9318092,prim_gemv_cinm2_fast
gemv_256MB,2113,1199.1638314000002,prim_gemv_cinm2_fast
gemv_256MB,2144,1154.3668017,prim_gemv_cinm2_fast
gemv_256MB,2175,1145.7290878,prim_gemv_cinm2_fast
gemv_256MB,2206,1260.0337135,prim_gemv_cinm2_fast
gemv_256MB,2237,1148.9301399,prim_gemv_cinm2_fast
gemv_256MB,2268,1140.4903039,prim_gemv_cinm2_fast
gemv_256MB,2299,1161.9216798,prim_gemv_cinm2_fast
gemv_256MB,2330,1164.2557256,prim_gemv_cinm2_fast
gemv_256MB,2361,1154.3334674,prim_gemv_cinm2_fast
gemv_256MB,2392,1266.1056048,prim_gemv_cinm2_fast
gemv_256MB,2423,1299.1232233,prim_gemv_cinm2_fast
gemv_256MB,2454,1162.2539625,prim_gemv_cinm2_fast
gemv_256MB,2485,1227.0311338,prim_gemv_cinm2_fast
gemv_256MB,2516,1192.3051842,prim_gemv_cinm2_fast
gemv_256MB,2547,1161.109033,prim_gemv_cinm2_fast
gemv_256MB,2578,1233.199495,prim_gemv_cinm2_fast
gemv_256MB,2609,1266.4826745999999,prim_gemv_cinm2_fast
gemv_256MB,2640,1145.3554812,prim_gemv_cinm2_fast
gemv_256MB,2671,1165.7996359,prim_gemv_cinm2_fast
gemv_256MB,2702,1160.7929645,prim_gemv_cinm2_fast
gemv_256MB,2733,1158.424517,prim_gemv_cinm2_fast
gemv_256MB,2764,1189.7300198,prim_gemv_cinm2_fast
gemv_256MB,2795,1208.3506637,prim_gemv_cinm2_fast
gemv_256MB,2826,1210.3682385999998,prim_gemv_cinm2_fast
gemv_256MB,2857,1272.9844494000001,prim_gemv_cinm2_fast
gemv_256MB,2888,4492.2198463,prim_gemv_cinm2_fast
gemv_256MB,2919,1146.8095841,prim_gemv_cinm2_fast
gemv_256MB,2950,1190.8893441,prim_gemv_cinm2_fast
gemv_256MB,2981,1198.1479035999998,prim_gemv_cinm2_fast
gemv_256MB,3012,1149.3760504000002,prim_gemv_cinm2_fast
gemv_256MB,3043,1592.0213484,prim_gemv_cinm2_fast
gemv_256MB,3074,1167.168436,prim_gemv_cinm2_fast
gemv_256MB,3105,1120.9681197,prim_gemv_cinm2_fast
gemv_256MB,3136,1155.1610372,prim_gemv_cinm2_fast
gemv_256MB,3167,1171.5884345999998,prim_gemv_cinm2_fast
gemv_256MB,3198,3158.7871,prim_gemv_cinm2_fast
gemv_256MB,3229,1155.7762837999999,prim_gemv_cinm2_fast
gemv_256MB,3260,1197.7881522999999,prim_gemv_cinm2_fast
gemv_256MB,3291,1215.258346,prim_gemv_cinm2_fast
gemv_256MB,3322,1933.8135100999998,prim_gemv_cinm2_fast
gemv_256MB,3353,1144.8710257999999,prim_gemv_cinm2_fast
gemv_256MB,3384,1154.3537965,prim_gemv_cinm2_fast
gemv_256MB,3415,3048.6627584000003,prim_gemv_cinm2_fast
gemv_256MB,3446,1130.1054699000001,prim_gemv_cinm2_fast
gemv_256MB,3477,2849.1592449,prim_gemv_cinm2_fast
gemv_256MB,3508,1122.7048327,prim_gemv_cinm2_fast
gemv_256MB,3539,3054.9620857,prim_gemv_cinm2_fast
gemv_256MB,3570,1152.2574242,prim_gemv_cinm2_fast
gemv_256MB,3601,1153.7646119,prim_gemv_cinm2_fast
gemv_256MB,3632,1187.1173819,prim_gemv_cinm2_fast
gemv_256MB,3663,1137.2902422,prim_gemv_cinm2_fast
gemv_256MB,3694,1162.1303091,prim_gemv_cinm2_fast
gemv_256MB,3725,1161.3672234,prim_gemv_cinm2_fast
gemv_256MB,3756,1178.3322251,prim_gemv_cinm2_fast
gemv_256MB,3787,1155.1474314000002,prim_gemv_cinm2_fast
gemv_256MB,3818,1905.5609157000001,prim_gemv_cinm2_fast
gemv_256MB,3849,1176.6535518,prim_gemv_cinm2_fast
gemv_256MB,3880,1967.6763932000001,prim_gemv_cinm2_fast
gemv_256MB,3911,1163.7547094000001,prim_gemv_cinm2_fast
gemv_256MB,3942,1205.7673387,prim_gemv_cinm2_fast
gemv_256MB,3973,1284.0133764000002,prim_gemv_cinm2_fast
gemv_256MB,4004,1161.671863,prim_gemv_cinm2_fast
gemv_4MB,67,25.6988238,prim_gemv_cinm2_fast
gemv_4MB,98,24.0615795,prim_gemv_cinm2_fast
gemv_4MB,129,22.172774699999998,prim_gemv_cinm2_fast
gemv_4MB,160,21.4958484,prim_gemv_cinm2_fast
gemv_4MB,191,23.4787098,prim_gemv_cinm2_fast
gemv_4MB,222,34.660991200000005,prim_gemv_cinm2_fast
gemv_4MB,253,22.7526055,prim_gemv_cinm2_fast
gemv_4MB,284,21.596402100000002,prim_gemv_cinm2_fast
gemv_4MB,315,32.6976231,prim_gemv_cinm2_fast
gemv_4MB,346,29.4937237,prim_gemv_cinm2_fast
gemv_4MB,377,19.6577498,prim_gemv_cinm2_fast
gemv_4MB,408,26.9197858,prim_gemv_cinm2_fast
gemv_4MB,439,28.4076554,prim_gemv_cinm2_fast
gemv_4MB,470,34.7835892,prim_gemv_cinm2_fast
gemv_4MB,501,20.8126763,prim_gemv_cinm2_fast
gemv_4MB,532,19.941060699999998,prim_gemv_cinm2_fast
gemv_4MB,563,22.0596363,prim_gemv_cinm2_fast
gemv_4MB,594,24.1802703,prim_gemv_cinm2_fast
gemv_4MB,625,29.051331,prim_gemv_cinm2_fast
gemv_4MB,656,27.7806615,prim_gemv_cinm2_fast
gemv_4MB,687,23.397307,prim_gemv_cinm2_fast
gemv_4MB,718,18.1844675,prim_gemv_cinm2_fast
gemv_4MB,749,19.9660372,prim_gemv_cinm2_fast
gemv_4MB,780,18.2809288,prim_gemv_cinm2_fast
gemv_4MB,811,19.4397734,prim_gemv_cinm2_fast
gemv_4MB,842,21.4441414,prim_gemv_cinm2_fast
gemv_4MB,873,20.5717085,prim_gemv_cinm2_fast
gemv_4MB,904,24.4216783,prim_gemv_cinm2_fast
gemv_4MB,935,24.123900199999998,prim_gemv_cinm2_fast
gemv_4MB,966,16.61147,prim_gemv_cinm2_fast
gemv_4MB,997,18.006514399999997,prim_gemv_cinm2_fast
gemv_4MB,1028,18.7500955,prim_gemv_cinm2_fast
gemv_4MB,1059,24.5171365,prim_gemv_cinm2_fast
gemv_4MB,1090,19.1896273,prim_gemv_cinm2_fast
gemv_4MB,1121,45.9253314,prim_gemv_cinm2_fast
gemv_4MB,1152,22.4422275,prim_gemv_cinm2_fast
gemv_4MB,1183,20.619882699999998,prim_gemv_cinm2_fast
gemv_4MB,1214,30.616241600000002,prim_gemv_cinm2_fast
gemv_4MB,1245,29.774508100000002,prim_gemv_cinm2_fast
gemv_4MB,1276,23.6367198,prim_gemv_cinm2_fast
gemv_4MB,1307,26.0884998,prim_gemv_cinm2_fast
gemv_4MB,1338,18.0755019,prim_gemv_cinm2_fast
gemv_4MB,1369,39.5090453,prim_gemv_cinm2_fast
gemv_4MB,1400,22.6729292,prim_gemv_cinm2_fast
gemv_4MB,1431,19.7252619,prim_gemv_cinm2_fast
gemv_4MB,1462,28.8206457,prim_gemv_cinm2_fast
gemv_4MB,1493,28.8560649,prim_gemv_cinm2_fast
gemv_4MB,1524,22.7026954,prim_gemv_cinm2_fast
gemv_4MB,1555,20.507301,prim_gemv_cinm2_fast
gemv_4MB,1586,23.407649199999998,prim_gemv_cinm2_fast
gemv_4MB,1617,21.1092325,prim_gemv_cinm2_fast
gemv_4MB,1648,19.9840175,prim_gemv_cinm2_fast
gemv_4MB,1679,24.057976699999998,prim_gemv_cinm2_fast
gemv_4MB,1710,21.662079600000002,prim_gemv_cinm2_fast
gemv_4MB,1741,22.4336126,prim_gemv_cinm2_fast
gemv_4MB,1772,24.2788185,prim_gemv_cinm2_fast
gemv_4MB,1803,29.8979657,prim_gemv_cinm2_fast
gemv_4MB,1834,20.427847,prim_gemv_cinm2_fast
gemv_4MB,1865,21.1312118,prim_gemv_cinm2_fast
gemv_4MB,1896,20.6491239,prim_gemv_cinm2_fast
gemv_4MB,1927,25.368199899999997,prim_gemv_cinm2_fast
gemv_4MB,1958,22.122513100000003,prim_gemv_cinm2_fast
gemv_4MB,1989,22.7012294,prim_gemv_cinm2_fast
gemv_4MB,2020,20.0641475,prim_gemv_cinm2_fast
gemv_4MB,2051,24.2184071,prim_gemv_cinm2_fast
gemv_4MB,2082,23.6134937,prim_gemv_cinm2_fast
gemv_4MB,2113,23.7218011,prim_gemv_cinm2_fast
gemv_4MB,2144,19.668622199999998,prim_gemv_cinm2_fast
gemv_4MB,2175,21.3900486,prim_gemv_cinm2_fast
gemv_4MB,2206,20.5254526,prim_gemv_cinm2_fast
gemv_4MB,2237,23.7143501,prim_gemv_cinm2_fast
gemv_4MB,2268,19.7592622,prim_gemv_cinm2_fast
gemv_4MB,2299,33.346107,prim_gemv_cinm2_fast
gemv_4MB,2330,21.9923169,prim_gemv_cinm2_fast
gemv_4MB,2361,21.4130124,prim_gemv_cinm2_fast
gemv_4MB,2392,24.4119684,prim_gemv_cinm2_fast
gemv_4MB,2423,18.2702166,prim_gemv_cinm2_fast
gemv_4MB,2454,19.3561277,prim_gemv_cinm2_fast
gemv_4MB,2485,19.771616100000003,prim_gemv_cinm2_fast
gemv_4MB,2516,18.731060399999997,prim_gemv_cinm2_fast
gemv_4MB,2547,23.2280018,prim_gemv_cinm2_fast
gemv_4MB,2578,18.5329482,prim_gemv_cinm2_fast
gemv_4MB,2609,28.507214100000002,prim_gemv_cinm2_fast
gemv_4MB,2640,19.6545065,prim_gemv_cinm2_fast
gemv_4MB,2671,21.035042699999998,prim_gemv_cinm2_fast
gemv_4MB,2702,19.8661241,prim_gemv_cinm2_fast
gemv_4MB,2733,16.8874247,prim_gemv_cinm2_fast
gemv_4MB,2764,30.789793,prim_gemv_cinm2_fast
gemv_4MB,2795,19.2620732,prim_gemv_cinm2_fast
gemv_4MB,2826,22.6669527,prim_gemv_cinm2_fast
gemv_4MB,2857,18.0087749,prim_gemv_cinm2_fast
gemv_4MB,2888,19.4004417,prim_gemv_cinm2_fast
gemv_4MB,2919,32.6512844,prim_gemv_cinm2_fast
gemv_4MB,2950,17.996928899999997,prim_gemv_cinm2_fast
gemv_4MB,2981,20.0899559,prim_gemv_cinm2_fast
gemv_4MB,3012,18.3990982,prim_gemv_cinm2_fast
gemv_4MB,3043,19.679928399999998,prim_gemv_cinm2_fast
gemv_4MB,3074,18.5149343,prim_gemv_cinm2_fast
gemv_4MB,3105,23.1162009,prim_gemv_cinm2_fast
gemv_4MB,3136,25.2100146,prim_gemv_cinm2_fast
gemv_4MB,3167,21.717806600000003,prim_gemv_cinm2_fast
gemv_4MB,3198,26.1112497,prim_gemv_cinm2_fast
gemv_4MB,3229,19.9456077,prim_gemv_cinm2_fast
gemv_4MB,3260,21.3731492,prim_gemv_cinm2_fast
gemv_4MB,3291,20.1789955,prim_gemv_cinm2_fast
gemv_4MB,3322,21.577665,prim_gemv_cinm2_fast
gemv_4MB,3353,24.743957,prim_gemv_cinm2_fast
gemv_4MB,3384,20.5197986,prim_gemv_cinm2_fast
gemv_4MB,3415,27.4548852,prim_gemv_cinm2_fast
gemv_4MB,3446,21.080474199999998,prim_gemv_cinm2_fast
gemv_4MB,3477,20.5009384,prim_gemv_cinm2_fast
gemv_4MB,3508,21.1182261,prim_gemv_cinm2_fast
gemv_4MB,3539,23.927118699999998,prim_gemv_cinm2_fast
gemv_4MB,3570,26.8102918,prim_gemv_cinm2_fast
gemv_4MB,3601,21.6212219,prim_gemv_cinm2_fast
gemv_4MB,3632,31.254103,prim_gemv_cinm2_fast
gemv_4MB,3663,17.882528,prim_gemv_cinm2_fast
gemv_4MB,3694,22.393032100000003,prim_gemv_cinm2_fast
gemv_4MB,3725,24.9261033,prim_gemv_cinm2_fast
gemv_4MB,3756,24.6388941,prim_gemv_cinm2_fast
gemv_4MB,3787,21.630332600000003,prim_gemv_cinm2_fast
gemv_4MB,3818,19.331117199999998,prim_gemv_cinm2_fast
gemv_4MB,3849,21.553709899999998,prim_gemv_cinm2_fast
gemv_4MB,3880,27.3177586,prim_gemv_cinm2_fast
gemv_4MB,3911,21.126770899999997,prim_gemv_cinm2_fast
gemv_4MB,3942,27.3850723,prim_gemv_cinm2_fast
gemv_4MB,3973,23.210505100000002,prim_gemv_cinm2_fast
gemv_4MB,4004,19.694816399999997,prim_gemv_cinm2_fast
gemv_512MB,67,2363.0146264,prim_gemv_cinm2_fast
gemv_512MB,98,2331.6669001,prim_gemv_cinm2_fast
gemv_512MB,129,2435.7013419,prim_gemv_cinm2_fast
gemv_512MB,160,2438.9445336999997,prim_gemv_cinm2_fast
gemv_512MB,191,2349.0015915999998,prim_gemv_cinm2_fast
gemv_512MB,222,2391.5331066,prim_gemv_cinm2_fast
gemv_512MB,253,2482.8620403,prim_gemv_cinm2_fast
gemv_512MB,284,2367.880679,prim_gemv_cinm2_fast
gemv_512MB,315,3225.5602366999997,prim_gemv_cinm2_fast
gemv_512MB,346,2258.2729771,prim_gemv_cinm2_fast
gemv_512MB,377,2226.5858006999997,prim_gemv_cinm2_fast
gemv_512MB,408,2352.9611706,prim_gemv_cinm2_fast
gemv_512MB,439,2287.5994707,prim_gemv_cinm2_fast
gemv_512MB,470,2233.7348072,prim_gemv_cinm2_fast
gemv_512MB,501,2538.9049172,prim_gemv_cinm2_fast
gemv_512MB,532,2204.3326428,prim_gemv_cinm2_fast
gemv_512MB,563,2366.7876829,prim_gemv_cinm2_fast
gemv_512MB,594,2261.8093616,prim_gemv_cinm2_fast
gemv_512MB,625,3949.0346286999998,prim_gemv_cinm2_fast
gemv_512MB,656,2270.9725230999998,prim_gemv_cinm2_fast
gemv_512MB,687,2380.0865614,prim_gemv_cinm2_fast
gemv_512MB,718,2207.8952851,prim_gemv_cinm2_fast
gemv_512MB,749,2224.8491252,prim_gemv_cinm2_fast
gemv_512MB,780,2481.1497299000002,prim_gemv_cinm2_fast
gemv_512MB,811,2496.9274424,prim_gemv_cinm2_fast
gemv_512MB,842,2341.902792,prim_gemv_cinm2_fast
gemv_512MB,873,2328.1169566,prim_gemv_cinm2_fast
gemv_512MB,904,2292.5568111999996,prim_gemv_cinm2_fast
gemv_512MB,935,2290.8823611999997,prim_gemv_cinm2_fast
gemv_512MB,966,4007.6681088,prim_gemv_cinm2_fast
gemv_512MB,997,2336.4322961999997,prim_gemv_cinm2_fast
gemv_512MB,1028,2289.7465666999997,prim_gemv_cinm2_fast
gemv_512MB,1090,2247.1183226999997,prim_gemv_cinm2_fast
gemv_512MB,1121,2591.4494551999996,prim_gemv_cinm2_fast
gemv_512MB,1152,2242.8802121999997,prim_gemv_cinm2_fast
gemv_512MB,1214,2461.8417227,prim_gemv_cinm2_fast
gemv_512MB,1245,2244.3438109,prim_gemv_cinm2_fast
gemv_512MB,1276,2268.6353755,prim_gemv_cinm2_fast
gemv_512MB,1307,2623.468732,prim_gemv_cinm2_fast
gemv_512MB,1338,2256.6826476,prim_gemv_cinm2_fast
gemv_512MB,1369,2324.30388,prim_gemv_cinm2_fast
gemv_512MB,1400,2227.8447969,prim_gemv_cinm2_fast
gemv_512MB,1431,2707.4532176999996,prim_gemv_cinm2_fast
gemv_512MB,1462,2445.4762933,prim_gemv_cinm2_fast
gemv_512MB,1493,2474.4016023000004,prim_gemv_cinm2_fast
gemv_512MB,1524,2230.9366781999997,prim_gemv_cinm2_fast
gemv_512MB,1555,2291.8313455,prim_gemv_cinm2_fast
gemv_512MB,1586,2266.2155897,prim_gemv_cinm2_fast
gemv_512MB,1617,2323.3626873000003,prim_gemv_cinm2_fast
gemv_512MB,1648,2456.406819,prim_gemv_cinm2_fast
gemv_512MB,1679,2436.1900535,prim_gemv_cinm2_fast
gemv_512MB,1710,2229.199717,prim_gemv_cinm2_fast
gemv_512MB,1741,2300.0000355,prim_gemv_cinm2_fast
gemv_512MB,1772,2392.9684975,prim_gemv_cinm2_fast
gemv_512MB,1803,2284.3680007,prim_gemv_cinm2_fast
gemv_512MB,1834,2372.0484558000003,prim_gemv_cinm2_fast
gemv_512MB,1865,2487.2255678,prim_gemv_cinm2_fast
gemv_512MB,1896,2437.5101118000002,prim_gemv_cinm2_fast
gemv_512MB,1927,2311.8054894,prim_gemv_cinm2_fast
gemv_512MB,1958,2230.2225225,prim_gemv_cinm2_fast
gemv_512MB,1989,2259.9480728000003,prim_gemv_cinm2_fast
gemv_512MB,2020,2294.9712371,prim_gemv_cinm2_fast
gemv_512MB,2051,2211.1773331,prim_gemv_cinm2_fast
gemv_512MB,2082,2326.3958108,prim_gemv_cinm2_fast
gemv_512MB,2113,2386.6644366,prim_gemv_cinm2_fast
gemv_512MB,2144,4023.7112774,prim_gemv_cinm2_fast
gemv_512MB,2175,2243.0303572,prim_gemv_cinm2_fast
gemv_512MB,2206,2277.9150341,prim_gemv_cinm2_fast
gemv_512MB,2237,2240.8493524,prim_gemv_cinm2_fast
gemv_512MB,2268,2233.7760111999996,prim_gemv_cinm2_fast
gemv_512MB,2299,2249.6920268000003,prim_gemv_cinm2_fast
gemv_512MB,2330,2322.8068111,prim_gemv_cinm2_fast
gemv_512MB,2361,2275.4740504,prim_gemv_cinm2_fast
gemv_512MB,2392,2253.9290539,prim_gemv_cinm2_fast
gemv_512MB,2423,2274.8784736999996,prim_gemv_cinm2_fast
gemv_512MB,2454,2239.2143023000003,prim_gemv_cinm2_fast
gemv_512MB,2485,2261.1403317,prim_gemv_cinm2_fast
gemv_512MB,2516,2456.2171768000003,prim_gemv_cinm2_fast
gemv_512MB,2547,2207.5917413,prim_gemv_cinm2_fast
gemv_512MB,2578,2380.3957025,prim_gemv_cinm2_fast
gemv_512MB,2609,2211.4970519000003,prim_gemv_cinm2_fast
gemv_512MB,2640,2295.456649,prim_gemv_cinm2_fast
gemv_512MB,2671,2232.4214648,prim_gemv_cinm2_fast
gemv_512MB,2702,2393.0312857,prim_gemv_cinm2_fast
gemv_512MB,2733,2276.0135301,prim_gemv_cinm2_fast
gemv_512MB,2764,2287.6040186,prim_gemv_cinm2_fast
gemv_512MB,2795,2255.0649843,prim_gemv_cinm2_fast
gemv_512MB,2826,2452.4390999,prim_gemv_cinm2_fast
gemv_512MB,2857,2214.2160581999997,prim_gemv_cinm2_fast
gemv_512MB,2888,2273.928129,prim_gemv_cinm2_fast
gemv_512MB,2919,2469.7874361,prim_gemv_cinm2_fast
gemv_512MB,2950,2533.8194009,prim_gemv_cinm2_fast
gemv_512MB,2981,3899.6406481999998,prim_gemv_cinm2_fast
gemv_512MB,3012,2265.6536844,prim_gemv_cinm2_fast
gemv_512MB,3043,2288.7739877,prim_gemv_cinm2_fast
gemv_512MB,3074,2392.9162686,prim_gemv_cinm2_fast
gemv_512MB,3105,2265.2440269,prim_gemv_cinm2_fast
gemv_512MB,3136,2270.8232261,prim_gemv_cinm2_fast
gemv_512MB,3167,3970.0465194000003,prim_gemv_cinm2_fast
gemv_512MB,3198,2202.4858262,prim_gemv_cinm2_fast
gemv_512MB,3229,2280.945733,prim_gemv_cinm2_fast
gemv_512MB,3260,2686.3176671,prim_gemv_cinm2_fast
gemv_512MB,3291,2345.5695861,prim_gemv_cinm2_fast
gemv_512MB,3322,2289.2429982,prim_gemv_cinm2_fast
gemv_512MB,3353,3961.3723358,prim_gemv_cinm2_fast
gemv_512MB,3384,2271.6266645,prim_gemv_cinm2_fast
gemv_512MB,3415,2236.3001661999997,prim_gemv_cinm2_fast
gemv_512MB,3446,2210.9896313000004,prim_gemv_cinm2_fast
gemv_512MB,3477,6085.9474887,prim_gemv_cinm2_fast
gemv_512MB,3508,2217.1995826999996,prim_gemv_cinm2_fast
gemv_512MB,3539,2263.21489,prim_gemv_cinm2_fast
gemv_512MB,3570,2257.59175,prim_gemv_cinm2_fast
gemv_512MB,3601,2247.9198718000002,prim_gemv_cinm2_fast
gemv_512MB,3632,2223.9895877,prim_gemv_cinm2_fast
gemv_512MB,3663,2525.1595481,prim_gemv_cinm2_fast
gemv_512MB,3694,2179.6431337,prim_gemv_cinm2_fast
gemv_512MB,3725,2260.7582253,prim_gemv_cinm2_fast
gemv_512MB,3756,2256.6557755999997,prim_gemv_cinm2_fast
gemv_512MB,3787,2261.4552847,prim_gemv_cinm2_fast
gemv_512MB,3818,2267.9706403,prim_gemv_cinm2_fast
gemv_512MB,3849,6178.4818383,prim_gemv_cinm2_fast
gemv_512MB,3880,2214.0004605999998,prim_gemv_cinm2_fast
gemv_512MB,3911,2290.1465223,prim_gemv_cinm2_fast
gemv_512MB,3942,2253.1057343,prim_gemv_cinm2_fast
gemv_512MB,3973,2495.0159508,prim_gemv_cinm2_fast
gemv_512MB,4004,2264.3411928,prim_gemv_cinm2_fast
gemv_64MB,67,304.7850183,prim_gemv_cinm2_fast
gemv_64MB,98,293.8604234,prim_gemv_cinm2_fast
gemv_64MB,129,317.836984,prim_gemv_cinm2_fast
gemv_64MB,160,294.2229023,prim_gemv_cinm2_fast
gemv_64MB,191,314.9264311,prim_gemv_cinm2_fast
gemv_64MB,222,341.8835475,prim_gemv_cinm2_fast
gemv_64MB,253,326.38584130000004,prim_gemv_cinm2_fast
gemv_64MB,284,306.250609,prim_gemv_cinm2_fast
gemv_64MB,315,787.9970084,prim_gemv_cinm2_fast
gemv_64MB,346,292.71927539999996,prim_gemv_cinm2_fast
gemv_64MB,377,292.1475087,prim_gemv_cinm2_fast
gemv_64MB,408,776.4811258999999,prim_gemv_cinm2_fast
gemv_64MB,439,300.9340883,prim_gemv_cinm2_fast
gemv_64MB,470,290.98537830000004,prim_gemv_cinm2_fast
gemv_64MB,501,284.9942975,prim_gemv_cinm2_fast
gemv_64MB,532,308.8623118,prim_gemv_cinm2_fast
gemv_64MB,563,300.273517,prim_gemv_cinm2_fast
gemv_64MB,594,293.0408651,prim_gemv_cinm2_fast
gemv_64MB,625,293.31447310000004,prim_gemv_cinm2_fast
gemv_64MB,656,310.4073838,prim_gemv_cinm2_fast
gemv_64MB,687,421.88032019999997,prim_gemv_cinm2_fast
gemv_64MB,718,289.5083396,prim_gemv_cinm2_fast
gemv_64MB,749,516.0831201999999,prim_gemv_cinm2_fast
gemv_64MB,780,319.417276,prim_gemv_cinm2_fast
gemv_64MB,811,283.251253,prim_gemv_cinm2_fast
gemv_64MB,842,296.53830619999997,prim_gemv_cinm2_fast
gemv_64MB,873,303.180611,prim_gemv_cinm2_fast
gemv_64MB,904,323.31674710000004,prim_gemv_cinm2_fast
gemv_64MB,935,306.2555769,prim_gemv_cinm2_fast
gemv_64MB,966,294.6059992,prim_gemv_cinm2_fast
gemv_64MB,997,317.1589027,prim_gemv_cinm2_fast
gemv_64MB,1028,289.88575060000005,prim_gemv_cinm2_fast
gemv_64MB,1059,455.4092896,prim_gemv_cinm2_fast
gemv_64MB,1090,367.7005166,prim_gemv_cinm2_fast
gemv_64MB,1121,286.9585687,prim_gemv_cinm2_fast
gemv_64MB,1152,294.79207130000003,prim_gemv_cinm2_fast
gemv_64MB,1183,701.9691464,prim_gemv_cinm2_fast
gemv_64MB,1214,689.1926593,prim_gemv_cinm2_fast
gemv_64MB,1245,685.4507439,prim_gemv_cinm2_fast
gemv_64MB,1276,286.1357143,prim_gemv_cinm2_fast
gemv_64MB,1307,357.0092477,prim_gemv_cinm2_fast
gemv_64MB,1338,296.9068064,prim_gemv_cinm2_fast
gemv_64MB,1369,288.0606034,prim_gemv_cinm2_fast
gemv_64MB,1400,296.1519245,prim_gemv_cinm2_fast
gemv_64MB,1431,288.0853792,prim_gemv_cinm2_fast
gemv_64MB,1462,324.9277266,prim_gemv_cinm2_fast
gemv_64MB,1493,307.9780356,prim_gemv_cinm2_fast
gemv_64MB,1524,289.4931611,prim_gemv_cinm2_fast
gemv_64MB,1555,291.6457995,prim_gemv_cinm2_fast
gemv_64MB,1586,315.46817369999997,prim_gemv_cinm2_fast
gemv_64MB,1617,305.958735,prim_gemv_cinm2_fast
gemv_64MB,1648,309.1739796,prim_gemv_cinm2_fast
gemv_64MB,1679,318.156665,prim_gemv_cinm2_fast
gemv_64MB,1710,289.92263,prim_gemv_cinm2_fast
gemv_64MB,1741,302.9861745,prim_gemv_cinm2_fast
gemv_64MB,1772,288.81493969999997,prim_gemv_cinm2_fast
gemv_64MB,1834,285.2632098,prim_gemv_cinm2_fast
gemv_64MB,1865,295.988139,prim_gemv_cinm2_fast
gemv_64MB,1896,307.6404794,prim_gemv_cinm2_fast
gemv_64MB,1927,350.8967105,prim_gemv_cinm2_fast
gemv_64MB,1958,371.6117935,prim_gemv_cinm2_fast
gemv_64MB,1989,298.40315439999995,prim_gemv_cinm2_fast
gemv_64MB,2020,294.63260160000004,prim_gemv_cinm2_fast
gemv_64MB,2051,290.49793919999996,prim_gemv_cinm2_fast
gemv_64MB,2082,358.0684708,prim_gemv_cinm2_fast
gemv_64MB,2113,289.184797,prim_gemv_cinm2_fast
gemv_64MB,2144,315.86736360000003,prim_gemv_cinm2_fast
gemv_64MB,2175,338.3816753,prim_gemv_cinm2_fast
gemv_64MB,2206,320.64271160000004,prim_gemv_cinm2_fast
gemv_64MB,2237,290.9920677,prim_gemv_cinm2_fast
gemv_64MB,2268,288.51974739999997,prim_gemv_cinm2_fast
gemv_64MB,2299,308.8152106,prim_gemv_cinm2_fast
gemv_64MB,2330,295.1085263,prim_gemv_cinm2_fast
gemv_64MB,2361,318.68427410000004,prim_gemv_cinm2_fast
gemv_64MB,2392,317.24183569999997,prim_gemv_cinm2_fast
gemv_64MB,2423,284.5148485,prim_gemv_cinm2_fast
gemv_64MB,2454,293.67136639999995,prim_gemv_cinm2_fast
gemv_64MB,2485,303.10195319999997,prim_gemv_cinm2_fast
gemv_64MB,2516,304.65918689999995,prim_gemv_cinm2_fast
gemv_64MB,2547,288.4795528,prim_gemv_cinm2_fast
gemv_64MB,2578,288.212059,prim_gemv_cinm2_fast
gemv_64MB,2609,302.6016482,prim_gemv_cinm2_fast
gemv_64MB,2640,307.05345189999997,prim_gemv_cinm2_fast
gemv_64MB,2671,295.1862182,prim_gemv_cinm2_fast
gemv_64MB,2702,305.84391880000004,prim_gemv_cinm2_fast
gemv_64MB,2733,293.4284038,prim_gemv_cinm2_fast
gemv_64MB,2764,305.5054682,prim_gemv_cinm2_fast
gemv_64MB,2795,302.21293030000004,prim_gemv_cinm2_fast
gemv_64MB,2826,332.5055436,prim_gemv_cinm2_fast
gemv_64MB,2857,291.0209764,prim_gemv_cinm2_fast
gemv_64MB,2888,328.5395717,prim_gemv_cinm2_fast
gemv_64MB,2919,329.5411136,prim_gemv_cinm2_fast
gemv_64MB,2950,329.9945281,prim_gemv_cinm2_fast
gemv_64MB,2981,321.8814632,prim_gemv_cinm2_fast
gemv_64MB,3012,329.7331665,prim_gemv_cinm2_fast
gemv_64MB,3043,319.0903958,prim_gemv_cinm2_fast
gemv_64MB,3074,291.12255930000003,prim_gemv_cinm2_fast
gemv_64MB,3105,305.0539062,prim_gemv_cinm2_fast
gemv_64MB,3136,159.732992,prim_gemv_cinm2_fast
gemv_64MB,3167,288.751788,prim_gemv_cinm2_fast
gemv_64MB,3198,987.2223925,prim_gemv_cinm2_fast
gemv_64MB,3229,321.31735480000003,prim_gemv_cinm2_fast
gemv_64MB,3260,294.8935537,prim_gemv_cinm2_fast
gemv_64MB,3291,310.8770303,prim_gemv_cinm2_fast
gemv_64MB,3322,300.0933342,prim_gemv_cinm2_fast
gemv_64MB,3353,296.8111273,prim_gemv_cinm2_fast
gemv_64MB,3384,290.7409116,prim_gemv_cinm2_fast
gemv_64MB,3415,306.96689510000004,prim_gemv_cinm2_fast
gemv_64MB,3446,283.5469618,prim_gemv_cinm2_fast
gemv_64MB,3477,522.1517629,prim_gemv_cinm2_fast
gemv_64MB,3508,305.21565410000005,prim_gemv_cinm2_fast
gemv_64MB,3539,316.4755172,prim_gemv_cinm2_fast
gemv_64MB,3570,301.46545180000004,prim_gemv_cinm2_fast
gemv_64MB,3601,300.9336061,prim_gemv_cinm2_fast
gemv_64MB,3632,319.74990060000005,prim_gemv_cinm2_fast
gemv_64MB,3663,278.2580896,prim_gemv_cinm2_fast
gemv_64MB,3694,291.8442676,prim_gemv_cinm2_fast
gemv_64MB,3725,292.6318262,prim_gemv_cinm2_fast
gemv_64MB,3756,306.26281739999996,prim_gemv_cinm2_fast
gemv_64MB,3787,317.6666777,prim_gemv_cinm2_fast
gemv_64MB,3818,302.23637060000004,prim_gemv_cinm2_fast
gemv_64MB,3849,305.867792,prim_gemv_cinm2_fast
gemv_64MB,3880,293.5439899,prim_gemv_cinm2_fast
gemv_64MB,3911,326.1087212,prim_gemv_cinm2_fast
gemv_64MB,3942,338.2047101,prim_gemv_cinm2_fast
gemv_64MB,3973,296.711626,prim_gemv_cinm2_fast
gemv_64MB,4004,306.1462044,prim_gemv_cinm2_fast
gemv_256MB,67,1253.6072943,prim_gemv_cinm2_hybrid200
gemv_256MB,98,1161.1067463,prim_gemv_cinm2_hybrid200
gemv_256MB,129,1198.868991,prim_gemv_cinm2_hybrid200
gemv_256MB,160,1136.0512435,prim_gemv_cinm2_hybrid200
gemv_256MB,191,1212.2190167,prim_gemv_cinm2_hybrid200
gemv_256MB,222,1310.0656072000002,prim_gemv_cinm2_hybrid200
gemv_256MB,253,1255.4928085,prim_gemv_cinm2_hybrid200
gemv_256MB,284,1216.708606,prim_gemv_cinm2_hybrid200
gemv_256MB,315,1567.3265395,prim_gemv_cinm2_hybrid200
gemv_256MB,346,1156.3295742999999,prim_gemv_cinm2_hybrid200
gemv_256MB,377,1126.4984084,prim_gemv_cinm2_hybrid200
gemv_256MB,408,1145.8389547000002,prim_gemv_cinm2_hybrid200
gemv_256MB,439,1167.0068906,prim_gemv_cinm2_hybrid200
gemv_256MB,470,1254.0775229,prim_gemv_cinm2_hybrid200
gemv_256MB,501,1139.0817222,prim_gemv_cinm2_hybrid200
gemv_256MB,532,1278.6996834000001,prim_gemv_cinm2_hybrid200
gemv_256MB,563,1162.5263988,prim_gemv_cinm2_hybrid200
gemv_256MB,594,1152.9115123,prim_gemv_cinm2_hybrid200
gemv_256MB,625,1582.1233662,prim_gemv_cinm2_hybrid200
gemv_256MB,656,1252.39659,prim_gemv_cinm2_hybrid200
gemv_256MB,687,1147.8670628,prim_gemv_cinm2_hybrid200
gemv_256MB,718,1134.6608775,prim_gemv_cinm2_hybrid200
gemv_256MB,749,527.166393,prim_gemv_cinm2_hybrid200
gemv_256MB,780,1256.1291105999999,prim_gemv_cinm2_hybrid200
gemv_256MB,811,1126.4965561,prim_gemv_cinm2_hybrid200
gemv_256MB,842,1161.9009619,prim_gemv_cinm2_hybrid200
gemv_256MB,873,1166.1048622,prim_gemv_cinm2_hybrid200
gemv_256MB,904,1167.5569893,prim_gemv_cinm2_hybrid200
gemv_256MB,935,1177.335424,prim_gemv_cinm2_hybrid200
gemv_256MB,966,1157.9276478,prim_gemv_cinm2_hybrid200
gemv_256MB,997,1259.0653958,prim_gemv_cinm2_hybrid200
gemv_256MB,1028,1153.5706329000002,prim_gemv_cinm2_hybrid200
gemv_256MB,1059,1940.7302273,prim_gemv_cinm2_hybrid200
gemv_256MB,1090,1147.6985009,prim_gemv_cinm2_hybrid200
gemv_256MB,1152,1150.3664715,prim_gemv_cinm2_hybrid200
gemv_256MB,1183,1885.8278677,prim_gemv_cinm2_hybrid200
gemv_256MB,1214,1326.2039250999999,prim_gemv_cinm2_hybrid200
gemv_256MB,1245,1141.3342974000002,prim_gemv_cinm2_hybrid200
gemv_256MB,1276,1137.700465,prim_gemv_cinm2_hybrid200
gemv_256MB,1307,1123.9656915,prim_gemv_cinm2_hybrid200
gemv_256MB,1338,1151.4515882,prim_gemv_cinm2_hybrid200
gemv_256MB,1369,1148.7741234,prim_gemv_cinm2_hybrid200
gemv_256MB,1400,1163.0224251,prim_gemv_cinm2_hybrid200
gemv_256MB,1431,1258.6024510999998,prim_gemv_cinm2_hybrid200
gemv_256MB,1462,1941.7862160999998,prim_gemv_cinm2_hybrid200
gemv_256MB,1493,1184.1836337,prim_gemv_cinm2_hybrid200
gemv_256MB,1524,1869.1631201,prim_gemv_cinm2_hybrid200
gemv_256MB,1555,1138.8907401,prim_gemv_cinm2_hybrid200
gemv_256MB,1586,1154.8812407,prim_gemv_cinm2_hybrid200
gemv_256MB,1617,1165.7854318,prim_gemv_cinm2_hybrid200
gemv_256MB,1648,1124.769686,prim_gemv_cinm2_hybrid200
gemv_256MB,1679,1251.5828944,prim_gemv_cinm2_hybrid200
gemv_256MB,1710,1267.3931975,prim_gemv_cinm2_hybrid200
gemv_256MB,1741,1163.8639171,prim_gemv_cinm2_hybrid200
gemv_256MB,1772,1161.1504179,prim_gemv_cinm2_hybrid200
gemv_256MB,1803,494.50916889999996,prim_gemv_cinm2_hybrid200
gemv_256MB,1834,1159.6649439,prim_gemv_cinm2_hybrid200
gemv_256MB,1865,1148.4249724000001,prim_gemv_cinm2_hybrid200
gemv_256MB,1896,1155.4910402,prim_gemv_cinm2_hybrid200
gemv_256MB,1927,1157.6725943,prim_gemv_cinm2_hybrid200
gemv_256MB,1958,1248.2886667999999,prim_gemv_cinm2_hybrid200
gemv_256MB,1989,1150.0012473,prim_gemv_cinm2_hybrid200
gemv_256MB,2020,1136.8583747999999,prim_gemv_cinm2_hybrid200
gemv_256MB,2051,1149.4391415,prim_gemv_cinm2_hybrid200
gemv_256MB,2082,1218.340479,prim_gemv_cinm2_hybrid200
gemv_256MB,2113,1928.8238448,prim_gemv_cinm2_hybrid200
gemv_256MB,2144,1145.720284,prim_gemv_cinm2_hybrid200
gemv_256MB,2175,1187.1209012,prim_gemv_cinm2_hybrid200
gemv_256MB,2206,1256.0131672999999,prim_gemv_cinm2_hybrid200
gemv_256MB,2237,1148.0023646,prim_gemv_cinm2_hybrid200
gemv_256MB,2268,1139.427262,prim_gemv_cinm2_hybrid200
gemv_256MB,2299,1195.2037162000001,prim_gemv_cinm2_hybrid200
gemv_256MB,2330,1168.4902379,prim_gemv_cinm2_hybrid200
gemv_256MB,2361,1182.8790809000002,prim_gemv_cinm2_hybrid200
gemv_256MB,2392,1264.2348448,prim_gemv_cinm2_hybrid200
gemv_256MB,2423,1144.1880933,prim_gemv_cinm2_hybrid200
gemv_256MB,2454,1179.3965633,prim_gemv_cinm2_hybrid200
gemv_256MB,2485,1222.3280262,prim_gemv_cinm2_hybrid200
gemv_256MB,2516,1183.6879270999998,prim_gemv_cinm2_hybrid200
gemv_256MB,2547,1189.5551149,prim_gemv_cinm2_hybrid200
gemv_256MB,2578,1193.4691126,prim_gemv_cinm2_hybrid200
gemv_256MB,2609,1144.3367275,prim_gemv_cinm2_hybrid200
gemv_256MB,2640,1154.1372383,prim_gemv_cinm2_hybrid200
gemv_256MB,2671,1161.300691,prim_gemv_cinm2_hybrid200
gemv_256MB,2702,1156.8634210999999,prim_gemv_cinm2_hybrid200
gemv_256MB,2733,1153.7330623,prim_gemv_cinm2_hybrid200
gemv_256MB,2764,2847.8878686,prim_gemv_cinm2_hybrid200
gemv_256MB,2795,3033.4625878,prim_gemv_cinm2_hybrid200
gemv_256MB,2826,1208.6890372,prim_gemv_cinm2_hybrid200
gemv_256MB,2857,1273.714628,prim_gemv_cinm2_hybrid200
gemv_256MB,2888,1471.276337,prim_gemv_cinm2_hybrid200
gemv_256MB,2919,1263.96656,prim_gemv_cinm2_hybrid200
gemv_256MB,2950,1256.141217,prim_gemv_cinm2_hybrid200
gemv_256MB,2981,1196.0375735999999,prim_gemv_cinm2_hybrid200
gemv_256MB,3012,1150.6280007,prim_gemv_cinm2_hybrid200
gemv_256MB,3043,1580.6891285,prim_gemv_cinm2_hybrid200
gemv_256MB,3074,1149.3745285,prim_gemv_cinm2_hybrid200
gemv_256MB,3105,1124.6645035,prim_gemv_cinm2_hybrid200
gemv_256MB,3136,1205.5610826,prim_gemv_cinm2_hybrid200
gemv_256MB,3167,1171.3022358,prim_gemv_cinm2_hybrid200
gemv_256MB,3198,3057.8096313,prim_gemv_cinm2_hybrid200
gemv_256MB,3229,1164.0890123,prim_gemv_cinm2_hybrid200
gemv_256MB,3260,1181.4839797,prim_gemv_cinm2_hybrid200
gemv_256MB,3291,1185.1597471,prim_gemv_cinm2_hybrid200
gemv_256MB,3322,1213.2962980999998,prim_gemv_cinm2_hybrid200
gemv_256MB,3353,1147.217339,prim_gemv_cinm2_hybrid200
gemv_256MB,3384,1161.1666905,prim_gemv_cinm2_hybrid200
gemv_256MB,3415,3073.0309287,prim_gemv_cinm2_hybrid200
gemv_256MB,3446,1376.633612,prim_gemv_cinm2_hybrid200
gemv_256MB,3477,3031.469488,prim_gemv_cinm2_hybrid200
gemv_256MB,3508,1159.649337,prim_gemv_cinm2_hybrid200
gemv_256MB,3539,3076.417285,prim_gemv_cinm2_hybrid200
gemv_256MB,3570,1153.6720158,prim_gemv_cinm2_hybrid200
gemv_256MB,3601,1097.8194237999999,prim_gemv_cinm2_hybrid200
gemv_256MB,3632,1191.5536859000001,prim_gemv_cinm2_hybrid200
gemv_256MB,3663,1132.5097678,prim_gemv_cinm2_hybrid200
gemv_256MB,3694,1270.6136692999999,prim_gemv_cinm2_hybrid200
gemv_256MB,3725,1166.8402790999999,prim_gemv_cinm2_hybrid200
gemv_256MB,3756,1180.201923,prim_gemv_cinm2_hybrid200
gemv_256MB,3787,1156.1808662,prim_gemv_cinm2_hybrid200
gemv_256MB,3849,1181.9253572,prim_gemv_cinm2_hybrid200
gemv_256MB,3880,3038.6926065,prim_gemv_cinm2_hybrid200
gemv_256MB,3911,1182.1613809,prim_gemv_cinm2_hybrid200
gemv_256MB,3942,1166.9283305,prim_gemv_cinm2_hybrid200
gemv_256MB,3973,1200.0684529,prim_gemv_cinm2_hybrid200
gemv_256MB,4004,1166.9639719000002,prim_gemv_cinm2_hybrid200
gemv_4MB,67,29.520886899999997,prim_gemv_cinm2_hybrid200
gemv_4MB,98,24.434203699999998,prim_gemv_cinm2_hybrid200
gemv_4MB,129,30.166396300000002,prim_gemv_cinm2_hybrid200
gemv_4MB,160,19.5190251,prim_gemv_cinm2_hybrid200
gemv_4MB,191,19.4126844,prim_gemv_cinm2_hybrid200
gemv_4MB,222,21.300225899999997,prim_gemv_cinm2_hybrid200
gemv_4MB,253,24.530477,prim_gemv_cinm2_hybrid200
gemv_4MB,284,22.981116,prim_gemv_cinm2_hybrid200
gemv_4MB,315,28.9681043,prim_gemv_cinm2_hybrid200
gemv_4MB,346,30.8531495,prim_gemv_cinm2_hybrid200
gemv_4MB,377,31.941814100000002,prim_gemv_cinm2_hybrid200
gemv_4MB,408,30.6657282,prim_gemv_cinm2_hybrid200
gemv_4MB,439,25.184765,prim_gemv_cinm2_hybrid200
gemv_4MB,470,43.881531,prim_gemv_cinm2_hybrid200
gemv_4MB,501,25.8303723,prim_gemv_cinm2_hybrid200
gemv_4MB,532,24.0533854,prim_gemv_cinm2_hybrid200
gemv_4MB,563,24.273545300000002,prim_gemv_cinm2_hybrid200
gemv_4MB,594,27.233304699999998,prim_gemv_cinm2_hybrid200
gemv_4MB,625,31.0702745,prim_gemv_cinm2_hybrid200
gemv_4MB,656,20.353234899999997,prim_gemv_cinm2_hybrid200
gemv_4MB,687,19.552691,prim_gemv_cinm2_hybrid200
gemv_4MB,718,21.6238225,prim_gemv_cinm2_hybrid200
gemv_4MB,749,20.2842478,prim_gemv_cinm2_hybrid200
gemv_4MB,780,17.9954663,prim_gemv_cinm2_hybrid200
gemv_4MB,811,35.1780236,prim_gemv_cinm2_hybrid200
gemv_4MB,842,22.127074399999998,prim_gemv_cinm2_hybrid200
gemv_4MB,873,19.4099802,prim_gemv_cinm2_hybrid200
gemv_4MB,904,22.8382179,prim_gemv_cinm2_hybrid200
gemv_4MB,935,24.8728959,prim_gemv_cinm2_hybrid200
gemv_4MB,966,21.3381434,prim_gemv_cinm2_hybrid200
gemv_4MB,997,20.8961353,prim_gemv_cinm2_hybrid200
gemv_4MB,1028,22.1072431,prim_gemv_cinm2_hybrid200
gemv_4MB,1059,20.1897773,prim_gemv_cinm2_hybrid200
gemv_4MB,1090,21.9485877,prim_gemv_cinm2_hybrid200
gemv_4MB,1121,46.247957,prim_gemv_cinm2_hybrid200
gemv_4MB,1152,20.976717100000002,prim_gemv_cinm2_hybrid200
gemv_4MB,1183,28.6487052,prim_gemv_cinm2_hybrid200
gemv_4MB,1214,21.8604428,prim_gemv_cinm2_hybrid200
gemv_4MB,1245,21.739792100000003,prim_gemv_cinm2_hybrid200
gemv_4MB,1276,23.2265953,prim_gemv_cinm2_hybrid200
gemv_4MB,1307,26.9385838,prim_gemv_cinm2_hybrid200
gemv_4MB,1338,20.9622779,prim_gemv_cinm2_hybrid200
gemv_4MB,1369,19.583390100000003,prim_gemv_cinm2_hybrid200
gemv_4MB,1400,31.6265145,prim_gemv_cinm2_hybrid200
gemv_4MB,1431,18.1662483,prim_gemv_cinm2_hybrid200
gemv_4MB,1462,29.2033348,prim_gemv_cinm2_hybrid200
gemv_4MB,1493,24.4308694,prim_gemv_cinm2_hybrid200
gemv_4MB,1524,19.027386,prim_gemv_cinm2_hybrid200
gemv_4MB,1555,22.301097300000002,prim_gemv_cinm2_hybrid200
gemv_4MB,1586,21.6472789,prim_gemv_cinm2_hybrid200
gemv_4MB,1617,29.1553602,prim_gemv_cinm2_hybrid200
gemv_4MB,1648,18.921211399999997,prim_gemv_cinm2_hybrid200
gemv_4MB,1679,25.8480125,prim_gemv_cinm2_hybrid200
gemv_4MB,1710,21.9950884,prim_gemv_cinm2_hybrid200
gemv_4MB,1741,28.511625300000002,prim_gemv_cinm2_hybrid200
gemv_4MB,1772,20.731499399999997,prim_gemv_cinm2_hybrid200
gemv_4MB,1803,30.145531899999998,prim_gemv_cinm2_hybrid200
gemv_4MB,1834,19.573863,prim_gemv_cinm2_hybrid200
gemv_4MB,1865,23.9055487,prim_gemv_cinm2_hybrid200
gemv_4MB,1896,21.4695443,prim_gemv_cinm2_hybrid200
gemv_4MB,1927,21.547020800000002,prim_gemv_cinm2_hybrid200
gemv_4MB,1958,21.501170600000002,prim_gemv_cinm2_hybrid200
gemv_4MB,1989,24.205540199999998,prim_gemv_cinm2_hybrid200
gemv_4MB,2020,29.740530399999997,prim_gemv_cinm2_hybrid200
gemv_4MB,2051,24.9345025,prim_gemv_cinm2_hybrid200
gemv_4MB,2082,23.380621,prim_gemv_cinm2_hybrid200
gemv_4MB,2113,25.553434600000003,prim_gemv_cinm2_hybrid200
gemv_4MB,2144,19.567305,prim_gemv_cinm2_hybrid200
gemv_4MB,2175,45.7101344,prim_gemv_cinm2_hybrid200
gemv_4MB,2206,20.3681144,prim_gemv_cinm2_hybrid200
gemv_4MB,2237,41.1783226,prim_gemv_cinm2_hybrid200
gemv_4MB,2268,21.3625057,prim_gemv_cinm2_hybrid200
gemv_4MB,2299,19.231797800000002,prim_gemv_cinm2_hybrid200
gemv_4MB,2330,22.202918399999998,prim_gemv_cinm2_hybrid200
gemv_4MB,2361,21.5966333,prim_gemv_cinm2_hybrid200
gemv_4MB,2392,20.4527281,prim_gemv_cinm2_hybrid200
gemv_4MB,2423,18.6368322,prim_gemv_cinm2_hybrid200
gemv_4MB,2454,30.0667907,prim_gemv_cinm2_hybrid200
gemv_4MB,2485,20.3451561,prim_gemv_cinm2_hybrid200
gemv_4MB,2516,19.1022676,prim_gemv_cinm2_hybrid200
gemv_4MB,2547,19.363664699999998,prim_gemv_cinm2_hybrid200
gemv_4MB,2578,42.4929782,prim_gemv_cinm2_hybrid200
gemv_4MB,2609,21.0635193,prim_gemv_cinm2_hybrid200
gemv_4MB,2640,19.1990342,prim_gemv_cinm2_hybrid200
gemv_4MB,2671,33.0120121,prim_gemv_cinm2_hybrid200
gemv_4MB,2702,22.2634222,prim_gemv_cinm2_hybrid200
gemv_4MB,2733,18.2049545,prim_gemv_cinm2_hybrid200
gemv_4MB,2764,29.427033899999998,prim_gemv_cinm2_hybrid200
gemv_4MB,2795,23.5158164,prim_gemv_cinm2_hybrid200
gemv_4MB,2826,23.8983306,prim_gemv_cinm2_hybrid200
gemv_4MB,2857,20.6498504,prim_gemv_cinm2_hybrid200
gemv_4MB,2888,20.4876468,prim_gemv_cinm2_hybrid200
gemv_4MB,2919,23.429222600000003,prim_gemv_cinm2_hybrid200
gemv_4MB,2950,18.8031702,prim_gemv_cinm2_hybrid200
gemv_4MB,2981,24.2152196,prim_gemv_cinm2_hybrid200
gemv_4MB,3012,21.1271784,prim_gemv_cinm2_hybrid200
gemv_4MB,3043,20.4629774,prim_gemv_cinm2_hybrid200
gemv_4MB,3074,20.059616600000002,prim_gemv_cinm2_hybrid200
gemv_4MB,3105,19.185896800000002,prim_gemv_cinm2_hybrid200
gemv_4MB,3136,23.3773135,prim_gemv_cinm2_hybrid200
gemv_4MB,3167,22.676292800000002,prim_gemv_cinm2_hybrid200
gemv_4MB,3198,21.7171425,prim_gemv_cinm2_hybrid200
gemv_4MB,3229,24.8948802,prim_gemv_cinm2_hybrid200
gemv_4MB,3260,28.503917899999998,prim_gemv_cinm2_hybrid200
gemv_4MB,3291,19.3736013,prim_gemv_cinm2_hybrid200
gemv_4MB,3322,21.7441337,prim_gemv_cinm2_hybrid200
gemv_4MB,3353,19.2625592,prim_gemv_cinm2_hybrid200
gemv_4MB,3384,20.259656,prim_gemv_cinm2_hybrid200
gemv_4MB,3415,18.805258300000002,prim_gemv_cinm2_hybrid200
gemv_4MB,3446,41.3676412,prim_gemv_cinm2_hybrid200
gemv_4MB,3477,19.185044899999998,prim_gemv_cinm2_hybrid200
gemv_4MB,3508,22.102413,prim_gemv_cinm2_hybrid200
gemv_4MB,3539,23.3699919,prim_gemv_cinm2_hybrid200
gemv_4MB,3570,25.7005376,prim_gemv_cinm2_hybrid200
gemv_4MB,3601,25.8960059,prim_gemv_cinm2_hybrid200
gemv_4MB,3632,28.1272687,prim_gemv_cinm2_hybrid200
gemv_4MB,3663,21.8396488,prim_gemv_cinm2_hybrid200
gemv_4MB,3694,22.8817547,prim_gemv_cinm2_hybrid200
gemv_4MB,3725,25.9415707,prim_gemv_cinm2_hybrid200
gemv_4MB,3756,25.557204300000002,prim_gemv_cinm2_hybrid200
gemv_4MB,3787,23.42607,prim_gemv_cinm2_hybrid200
gemv_4MB,3818,19.994247100000003,prim_gemv_cinm2_hybrid200
gemv_4MB,3849,22.824263100000003,prim_gemv_cinm2_hybrid200
gemv_4MB,3880,29.610867199999998,prim_gemv_cinm2_hybrid200
gemv_4MB,3911,19.025565699999998,prim_gemv_cinm2_hybrid200
gemv_4MB,3942,30.702204899999998,prim_gemv_cinm2_hybrid200
gemv_4MB,3973,21.871,prim_gemv_cinm2_hybrid200
gemv_4MB,4004,20.454617199999998,prim_gemv_cinm2_hybrid200
gemv_512MB,67,2210.0754057,prim_gemv_cinm2_hybrid200
gemv_512MB,98,2264.5533541,prim_gemv_cinm2_hybrid200
gemv_512MB,129,3954.9200309000003,prim_gemv_cinm2_hybrid200
gemv_512MB,160,2406.7030139000003,prim_gemv_cinm2_hybrid200
gemv_512MB,191,2306.9253316,prim_gemv_cinm2_hybrid200
gemv_512MB,222,2393.5949866,prim_gemv_cinm2_hybrid200
gemv_512MB,253,2508.5972841999996,prim_gemv_cinm2_hybrid200
gemv_512MB,284,2490.2528321,prim_gemv_cinm2_hybrid200
gemv_512MB,315,2274.3589975,prim_gemv_cinm2_hybrid200
gemv_512MB,346,2265.6331394,prim_gemv_cinm2_hybrid200
gemv_512MB,377,2257.7171516999997,prim_gemv_cinm2_hybrid200
gemv_512MB,408,2330.5245921,prim_gemv_cinm2_hybrid200
gemv_512MB,439,2269.6504778000003,prim_gemv_cinm2_hybrid200
gemv_512MB,470,2490.4082879000002,prim_gemv_cinm2_hybrid200
gemv_512MB,501,2265.7602260999997,prim_gemv_cinm2_hybrid200
gemv_512MB,532,2244.957484,prim_gemv_cinm2_hybrid200
gemv_512MB,563,2239.9071888000003,prim_gemv_cinm2_hybrid200
gemv_512MB,594,2250.1586411999997,prim_gemv_cinm2_hybrid200
gemv_512MB,625,2316.7969181,prim_gemv_cinm2_hybrid200
gemv_512MB,656,2260.6594087,prim_gemv_cinm2_hybrid200
gemv_512MB,687,2213.352624,prim_gemv_cinm2_hybrid200
gemv_512MB,718,2217.3214316999997,prim_gemv_cinm2_hybrid200
gemv_512MB,749,2217.0087979,prim_gemv_cinm2_hybrid200
gemv_512MB,780,2493.4694336,prim_gemv_cinm2_hybrid200
gemv_512MB,811,2630.7964714,prim_gemv_cinm2_hybrid200
gemv_512MB,842,2247.2297086999997,prim_gemv_cinm2_hybrid200
gemv_512MB,873,2347.711842,prim_gemv_cinm2_hybrid200
gemv_512MB,904,2291.1456055999997,prim_gemv_cinm2_hybrid200
gemv_512MB,935,2301.199674,prim_gemv_cinm2_hybrid200
gemv_512MB,966,2279.0949808,prim_gemv_cinm2_hybrid200
gemv_512MB,997,2344.499697,prim_gemv_cinm2_hybrid200
gemv_512MB,1028,2279.3710324,prim_gemv_cinm2_hybrid200
gemv_512MB,1059,2281.1281453,prim_gemv_cinm2_hybrid200
gemv_512MB,1090,2262.0474588,prim_gemv_cinm2_hybrid200
gemv_512MB,1121,2347.5605445,prim_gemv_cinm2_hybrid200
gemv_512MB,1152,2270.9142932,prim_gemv_cinm2_hybrid200
gemv_512MB,1183,2532.2398949000003,prim_gemv_cinm2_hybrid200
gemv_512MB,1214,2702.0873294000003,prim_gemv_cinm2_hybrid200
gemv_512MB,1245,2279.9900395,prim_gemv_cinm2_hybrid200
gemv_512MB,1276,2262.5951989,prim_gemv_cinm2_hybrid200
gemv_512MB,1307,2693.7443119,prim_gemv_cinm2_hybrid200
gemv_512MB,1338,2273.2543235,prim_gemv_cinm2_hybrid200
gemv_512MB,1369,2286.6196559,prim_gemv_cinm2_hybrid200
gemv_512MB,1400,2263.9592978,prim_gemv_cinm2_hybrid200
gemv_512MB,1431,2637.7309787,prim_gemv_cinm2_hybrid200
gemv_512MB,1462,2439.6830436,prim_gemv_cinm2_hybrid200
gemv_512MB,1493,2351.3037062,prim_gemv_cinm2_hybrid200
gemv_512MB,1524,3941.6799646,prim_gemv_cinm2_hybrid200
gemv_512MB,1555,2305.732166,prim_gemv_cinm2_hybrid200
gemv_512MB,1586,2254.1233849,prim_gemv_cinm2_hybrid200
gemv_512MB,1617,2300.2470145,prim_gemv_cinm2_hybrid200
gemv_512MB,1648,2279.9870772,prim_gemv_cinm2_hybrid200
gemv_512MB,1679,2261.3349252,prim_gemv_cinm2_hybrid200
gemv_512MB,1710,2267.8708219,prim_gemv_cinm2_hybrid200
gemv_512MB,1741,2356.3509596999997,prim_gemv_cinm2_hybrid200
gemv_512MB,1772,2403.3629373000003,prim_gemv_cinm2_hybrid200
gemv_512MB,1803,2286.8121361999997,prim_gemv_cinm2_hybrid200
gemv_512MB,1834,2274.1194271,prim_gemv_cinm2_hybrid200
gemv_512MB,1865,2374.1005041,prim_gemv_cinm2_hybrid200
gemv_512MB,1896,2244.0977138000003,prim_gemv_cinm2_hybrid200
gemv_512MB,1927,2347.6440854,prim_gemv_cinm2_hybrid200
gemv_512MB,1958,2229.6971483,prim_gemv_cinm2_hybrid200
gemv_512MB,1989,2280.6979847,prim_gemv_cinm2_hybrid200
gemv_512MB,2020,2295.2371766,prim_gemv_cinm2_hybrid200
gemv_512MB,2051,2156.0858071999996,prim_gemv_cinm2_hybrid200
gemv_512MB,2144,3960.169237,prim_gemv_cinm2_hybrid200
gemv_512MB,2175,2537.72186,prim_gemv_cinm2_hybrid200
gemv_512MB,2206,2294.9934793,prim_gemv_cinm2_hybrid200
gemv_512MB,2237,2265.4026915,prim_gemv_cinm2_hybrid200
gemv_512MB,2268,2265.0623676,prim_gemv_cinm2_hybrid200
gemv_512MB,2299,2290.1757374,prim_gemv_cinm2_hybrid200
gemv_512MB,2330,2314.098009,prim_gemv_cinm2_hybrid200
gemv_512MB,2361,2286.0824245,prim_gemv_cinm2_hybrid200
gemv_512MB,2392,2285.6189581999997,prim_gemv_cinm2_hybrid200
gemv_512MB,2423,2917.3997014,prim_gemv_cinm2_hybrid200
gemv_512MB,2454,2189.1865263,prim_gemv_cinm2_hybrid200
gemv_512MB,2485,2280.8668826999997,prim_gemv_cinm2_hybrid200
gemv_512MB,2516,2263.3187594,prim_gemv_cinm2_hybrid200
gemv_512MB,2547,2318.1557107,prim_gemv_cinm2_hybrid200
gemv_512MB,2578,2397.7724203000002,prim_gemv_cinm2_hybrid200
gemv_512MB,2609,2224.6347376,prim_gemv_cinm2_hybrid200
gemv_512MB,2640,2292.9361578000003,prim_gemv_cinm2_hybrid200
gemv_512MB,2671,2275.9601942,prim_gemv_cinm2_hybrid200
gemv_512MB,2702,2264.5164711999996,prim_gemv_cinm2_hybrid200
gemv_512MB,2733,2287.6899605,prim_gemv_cinm2_hybrid200
gemv_512MB,2764,2245.909033,prim_gemv_cinm2_hybrid200
gemv_512MB,2795,2405.1653946,prim_gemv_cinm2_hybrid200
gemv_512MB,2826,2270.5627335,prim_gemv_cinm2_hybrid200
gemv_512MB,2857,2502.2437875,prim_gemv_cinm2_hybrid200
gemv_512MB,2888,2308.2331431999996,prim_gemv_cinm2_hybrid200
gemv_512MB,2919,2275.1775599000002,prim_gemv_cinm2_hybrid200
gemv_512MB,2950,2543.5238646999996,prim_gemv_cinm2_hybrid200
gemv_512MB,2981,3922.658844,prim_gemv_cinm2_hybrid200
gemv_512MB,3012,3931.2867511,prim_gemv_cinm2_hybrid200
gemv_512MB,3074,2398.3900135999997,prim_gemv_cinm2_hybrid200
gemv_512MB,3105,2219.2834468,prim_gemv_cinm2_hybrid200
gemv_512MB,3136,2291.4939956999997,prim_gemv_cinm2_hybrid200
gemv_512MB,3167,2375.8814465,prim_gemv_cinm2_hybrid200
gemv_512MB,3198,2240.3902953,prim_gemv_cinm2_hybrid200
gemv_512MB,3229,2307.9771438000002,prim_gemv_cinm2_hybrid200
gemv_512MB,3260,2403.8558752,prim_gemv_cinm2_hybrid200
gemv_512MB,3291,2354.8905240999998,prim_gemv_cinm2_hybrid200
gemv_512MB,3322,2397.0300055,prim_gemv_cinm2_hybrid200
gemv_512MB,3353,6117.7996398000005,prim_gemv_cinm2_hybrid200
gemv_512MB,3384,2279.6788969,prim_gemv_cinm2_hybrid200
gemv_512MB,3415,2259.7620140999998,prim_gemv_cinm2_hybrid200
gemv_512MB,3446,2227.1885221,prim_gemv_cinm2_hybrid200
gemv_512MB,3477,2396.7204359,prim_gemv_cinm2_hybrid200
gemv_512MB,3508,2218.7143481999997,prim_gemv_cinm2_hybrid200
gemv_512MB,3539,2274.8447355,prim_gemv_cinm2_hybrid200
gemv_512MB,3570,2265.9602568,prim_gemv_cinm2_hybrid200
gemv_512MB,3601,2192.7196008,prim_gemv_cinm2_hybrid200
gemv_512MB,3663,2458.2265011,prim_gemv_cinm2_hybrid200
gemv_512MB,3694,2208.3072008000004,prim_gemv_cinm2_hybrid200
gemv_512MB,3725,2247.1679747,prim_gemv_cinm2_hybrid200
gemv_512MB,3756,2369.616292,prim_gemv_cinm2_hybrid200
gemv_512MB,3787,2479.8733035,prim_gemv_cinm2_hybrid200
gemv_512MB,3818,2377.8664001999996,prim_gemv_cinm2_hybrid200
gemv_512MB,3849,2479.6957035,prim_gemv_cinm2_hybrid200
gemv_512MB,3880,2519.5353703,prim_gemv_cinm2_hybrid200
gemv_512MB,3911,5501.4108316,prim_gemv_cinm2_hybrid200
gemv_512MB,3942,2287.67278,prim_gemv_cinm2_hybrid200
gemv_512MB,3973,2475.0691881,prim_gemv_cinm2_hybrid200
gemv_512MB,4004,2265.5155707,prim_gemv_cinm2_hybrid200
gemv_64MB,67,332.5787812,prim_gemv_cinm2_hybrid200
gemv_64MB,98,717.135236,prim_gemv_cinm2_hybrid200
gemv_64MB,129,322.3397184,prim_gemv_cinm2_hybrid200
gemv_64MB,160,291.5195844,prim_gemv_cinm2_hybrid200
gemv_64MB,191,325.9326625,prim_gemv_cinm2_hybrid200
gemv_64MB,222,289.6000552,prim_gemv_cinm2_hybrid200
gemv_64MB,253,334.3043102,prim_gemv_cinm2_hybrid200
gemv_64MB,284,303.83224989999997,prim_gemv_cinm2_hybrid200
gemv_64MB,315,349.4942647,prim_gemv_cinm2_hybrid200
gemv_64MB,346,815.5990921,prim_gemv_cinm2_hybrid200
gemv_64MB,377,519.3512709,prim_gemv_cinm2_hybrid200
gemv_64MB,408,777.6641839,prim_gemv_cinm2_hybrid200
gemv_64MB,439,309.61027160000003,prim_gemv_cinm2_hybrid200
gemv_64MB,470,344.2315603,prim_gemv_cinm2_hybrid200
gemv_64MB,501,287.58714360000005,prim_gemv_cinm2_hybrid200
gemv_64MB,532,314.4450769,prim_gemv_cinm2_hybrid200
gemv_64MB,563,300.7850894,prim_gemv_cinm2_hybrid200
gemv_64MB,594,289.9707347,prim_gemv_cinm2_hybrid200
gemv_64MB,625,289.3872363,prim_gemv_cinm2_hybrid200
gemv_64MB,656,319.3851057,prim_gemv_cinm2_hybrid200
gemv_64MB,687,293.6524706,prim_gemv_cinm2_hybrid200
gemv_64MB,718,320.57047869999997,prim_gemv_cinm2_hybrid200
gemv_64MB,749,478.77840710000004,prim_gemv_cinm2_hybrid200
gemv_64MB,780,327.81510430000003,prim_gemv_cinm2_hybrid200
gemv_64MB,842,302.0287098,prim_gemv_cinm2_hybrid200
gemv_64MB,873,300.8470926,prim_gemv_cinm2_hybrid200
gemv_64MB,904,326.8646345,prim_gemv_cinm2_hybrid200
gemv_64MB,935,296.8655804,prim_gemv_cinm2_hybrid200
gemv_64MB,966,290.0783502,prim_gemv_cinm2_hybrid200
gemv_64MB,997,288.3447488,prim_gemv_cinm2_hybrid200
gemv_64MB,1028,287.2176511,prim_gemv_cinm2_hybrid200
gemv_64MB,1059,462.8225651,prim_gemv_cinm2_hybrid200
gemv_64MB,1090,441.4837493,prim_gemv_cinm2_hybrid200
gemv_64MB,1121,287.3674142,prim_gemv_cinm2_hybrid200
gemv_64MB,1152,296.031063,prim_gemv_cinm2_hybrid200
gemv_64MB,1183,373.03614419999997,prim_gemv_cinm2_hybrid200
gemv_64MB,1214,294.9729703,prim_gemv_cinm2_hybrid200
gemv_64MB,1245,698.5385294,prim_gemv_cinm2_hybrid200
gemv_64MB,1276,332.0084412,prim_gemv_cinm2_hybrid200
gemv_64MB,1307,353.815698,prim_gemv_cinm2_hybrid200
gemv_64MB,1338,298.613169,prim_gemv_cinm2_hybrid200
gemv_64MB,1369,293.84264210000003,prim_gemv_cinm2_hybrid200
gemv_64MB,1400,302.30683619999996,prim_gemv_cinm2_hybrid200
gemv_64MB,1431,287.29602339999997,prim_gemv_cinm2_hybrid200
gemv_64MB,1462,343.2798163,prim_gemv_cinm2_hybrid200
gemv_64MB,1493,312.9613877,prim_gemv_cinm2_hybrid200
gemv_64MB,1524,285.19673889999996,prim_gemv_cinm2_hybrid200
gemv_64MB,1555,298.4357809,prim_gemv_cinm2_hybrid200
gemv_64MB,1586,284.78810419999996,prim_gemv_cinm2_hybrid200
gemv_64MB,1617,307.3050318,prim_gemv_cinm2_hybrid200
gemv_64MB,1648,459.45406060000005,prim_gemv_cinm2_hybrid200
gemv_64MB,1679,315.3544492,prim_gemv_cinm2_hybrid200
gemv_64MB,1710,326.9618447,prim_gemv_cinm2_hybrid200
gemv_64MB,1741,291.6792128,prim_gemv_cinm2_hybrid200
gemv_64MB,1772,286.8083922,prim_gemv_cinm2_hybrid200
gemv_64MB,1803,304.5914981,prim_gemv_cinm2_hybrid200
gemv_64MB,1834,289.5744191,prim_gemv_cinm2_hybrid200
gemv_64MB,1865,312.4557198,prim_gemv_cinm2_hybrid200
gemv_64MB,1896,337.7853313,prim_gemv_cinm2_hybrid200
gemv_64MB,1927,331.27072660000005,prim_gemv_cinm2_hybrid200
gemv_64MB,1958,332.6949141,prim_gemv_cinm2_hybrid200
gemv_64MB,1989,359.386199,prim_gemv_cinm2_hybrid200
gemv_64MB,2020,302.9855129,prim_gemv_cinm2_hybrid200
gemv_64MB,2051,701.2724232999999,prim_gemv_cinm2_hybrid200
gemv_64MB,2082,307.19789380000003,prim_gemv_cinm2_hybrid200
gemv_64MB,2113,699.3412855,prim_gemv_cinm2_hybrid200
gemv_64MB,2144,320.04965319999997,prim_gemv_cinm2_hybrid200
gemv_64MB,2175,283.0584328,prim_gemv_cinm2_hybrid200
gemv_64MB,2206,325.4280167,prim_gemv_cinm2_hybrid200
gemv_64MB,2237,293.0748407,prim_gemv_cinm2_hybrid200
gemv_64MB,2268,289.9020394,prim_gemv_cinm2_hybrid200
gemv_64MB,2299,313.838842,prim_gemv_cinm2_hybrid200
gemv_64MB,2330,353.10243280000003,prim_gemv_cinm2_hybrid200
gemv_64MB,2361,292.11404760000005,prim_gemv_cinm2_hybrid200
gemv_64MB,2392,291.1635694,prim_gemv_cinm2_hybrid200
gemv_64MB,2423,298.6680844,prim_gemv_cinm2_hybrid200
gemv_64MB,2454,497.56532680000004,prim_gemv_cinm2_hybrid200
gemv_64MB,2485,327.18536389999997,prim_gemv_cinm2_hybrid200
gemv_64MB,2516,311.769059,prim_gemv_cinm2_hybrid200
gemv_64MB,2547,304.4627821,prim_gemv_cinm2_hybrid200
gemv_64MB,2578,306.8137594,prim_gemv_cinm2_hybrid200
gemv_64MB,2609,304.61492389999995,prim_gemv_cinm2_hybrid200
gemv_64MB,2640,310.48312469999996,prim_gemv_cinm2_hybrid200
gemv_64MB,2671,297.3072537,prim_gemv_cinm2_hybrid200
gemv_64MB,2702,303.1600136,prim_gemv_cinm2_hybrid200
gemv_64MB,2733,290.8514553,prim_gemv_cinm2_hybrid200
gemv_64MB,2764,334.8659257,prim_gemv_cinm2_hybrid200
gemv_64MB,2795,294.7239322,prim_gemv_cinm2_hybrid200
gemv_64MB,2826,291.5211246,prim_gemv_cinm2_hybrid200
gemv_64MB,2857,317.859156,prim_gemv_cinm2_hybrid200
gemv_64MB,2888,586.4460762,prim_gemv_cinm2_hybrid200
gemv_64MB,2919,298.8082265,prim_gemv_cinm2_hybrid200
gemv_64MB,2950,339.6459673,prim_gemv_cinm2_hybrid200
gemv_64MB,2981,309.57513489999997,prim_gemv_cinm2_hybrid200
gemv_64MB,3012,291.81937289999996,prim_gemv_cinm2_hybrid200
gemv_64MB,3043,290.4721932,prim_gemv_cinm2_hybrid200
gemv_64MB,3074,290.52544,prim_gemv_cinm2_hybrid200
gemv_64MB,3105,306.28417939999997,prim_gemv_cinm2_hybrid200
gemv_64MB,3136,323.2052135,prim_gemv_cinm2_hybrid200
gemv_64MB,3167,288.05292130000004,prim_gemv_cinm2_hybrid200
gemv_64MB,3198,720.3822537000001,prim_gemv_cinm2_hybrid200
gemv_64MB,3229,314.98281230000003,prim_gemv_cinm2_hybrid200
gemv_64MB,3260,296.3599312,prim_gemv_cinm2_hybrid200
gemv_64MB,3291,310.94444660000005,prim_gemv_cinm2_hybrid200
gemv_64MB,3322,311.5335905,prim_gemv_cinm2_hybrid200
gemv_64MB,3353,312.8074978,prim_gemv_cinm2_hybrid200
gemv_64MB,3384,283.9283715,prim_gemv_cinm2_hybrid200
gemv_64MB,3415,310.9159732,prim_gemv_cinm2_hybrid200
gemv_64MB,3446,282.9754018,prim_gemv_cinm2_hybrid200
gemv_64MB,3477,579.6794848999999,prim_gemv_cinm2_hybrid200
gemv_64MB,3508,318.844341,prim_gemv_cinm2_hybrid200
gemv_64MB,3539,315.9640797,prim_gemv_cinm2_hybrid200
gemv_64MB,3570,301.8342477,prim_gemv_cinm2_hybrid200
gemv_64MB,3601,290.95737060000005,prim_gemv_cinm2_hybrid200
gemv_64MB,3632,317.367973,prim_gemv_cinm2_hybrid200
gemv_64MB,3663,467.9086725,prim_gemv_cinm2_hybrid200
gemv_64MB,3694,288.63510060000004,prim_gemv_cinm2_hybrid200
gemv_64MB,3725,298.0888723,prim_gemv_cinm2_hybrid200
gemv_64MB,3756,333.5099151,prim_gemv_cinm2_hybrid200
gemv_64MB,3787,327.74014969999996,prim_gemv_cinm2_hybrid200
gemv_64MB,3818,297.5322762,prim_gemv_cinm2_hybrid200
gemv_64MB,3849,309.6469637,prim_gemv_cinm2_hybrid200
gemv_64MB,3880,289.6426593,prim_gemv_cinm2_hybrid200
gemv_64MB,3911,332.48389360000004,prim_gemv_cinm2_hybrid200
gemv_64MB,3942,299.62710069999997,prim_gemv_cinm2_hybrid200
gemv_64MB,3973,303.6878131,prim_gemv_cinm2_hybrid200
gemv_64MB,4004,714.5488545,prim_gemv_cinm2_hybrid200
gemv_256MB,67,1153.3844990999999,prim_gemv_cinm2_hybrid400
gemv_256MB,98,1151.1720285,prim_gemv_cinm2_hybrid400
gemv_256MB,129,1160.443073,prim_gemv_cinm2_hybrid400
gemv_256MB,160,1179.4020437000001,prim_gemv_cinm2_hybrid400
gemv_256MB,191,1207.9796352,prim_gemv_cinm2_hybrid400
gemv_256MB,222,1315.7668592,prim_gemv_cinm2_hybrid400
gemv_256MB,253,1139.7153452999999,prim_gemv_cinm2_hybrid400
gemv_256MB,284,1155.3905448,prim_gemv_cinm2_hybrid400
gemv_256MB,315,1286.8185237,prim_gemv_cinm2_hybrid400
gemv_256MB,346,1143.2594815,prim_gemv_cinm2_hybrid400
gemv_256MB,377,1123.2075039000001,prim_gemv_cinm2_hybrid400
gemv_256MB,408,1113.724161,prim_gemv_cinm2_hybrid400
gemv_256MB,439,1261.7102840999999,prim_gemv_cinm2_hybrid400
gemv_256MB,470,1256.9791980999998,prim_gemv_cinm2_hybrid400
gemv_256MB,501,1187.2045914,prim_gemv_cinm2_hybrid400
gemv_256MB,532,1272.940684,prim_gemv_cinm2_hybrid400
gemv_256MB,563,1160.6388768,prim_gemv_cinm2_hybrid400
gemv_256MB,594,1153.0624490999999,prim_gemv_cinm2_hybrid400
gemv_256MB,625,1145.4265945999998,prim_gemv_cinm2_hybrid400
gemv_256MB,656,1258.661945,prim_gemv_cinm2_hybrid400
gemv_256MB,687,569.3511969,prim_gemv_cinm2_hybrid400
gemv_256MB,718,1133.8182173,prim_gemv_cinm2_hybrid400
gemv_256MB,749,1160.9239029,prim_gemv_cinm2_hybrid400
gemv_256MB,780,1257.1222407999999,prim_gemv_cinm2_hybrid400
gemv_256MB,811,1121.9608327,prim_gemv_cinm2_hybrid400
gemv_256MB,842,1175.6045090999999,prim_gemv_cinm2_hybrid400
gemv_256MB,873,1164.4533794000001,prim_gemv_cinm2_hybrid400
gemv_256MB,904,1165.9356479,prim_gemv_cinm2_hybrid400
gemv_256MB,935,1174.6882001,prim_gemv_cinm2_hybrid400
gemv_256MB,966,1154.0171757,prim_gemv_cinm2_hybrid400
gemv_256MB,997,1209.207208,prim_gemv_cinm2_hybrid400
gemv_256MB,1028,1155.8588619000002,prim_gemv_cinm2_hybrid400
gemv_256MB,1059,1919.1390757000001,prim_gemv_cinm2_hybrid400
gemv_256MB,1090,1147.6092955,prim_gemv_cinm2_hybrid400
gemv_256MB,1121,2887.4733167,prim_gemv_cinm2_hybrid400
gemv_256MB,1152,1232.6972862999999,prim_gemv_cinm2_hybrid400
gemv_256MB,1183,1258.87265,prim_gemv_cinm2_hybrid400
gemv_256MB,1214,1180.6449314000001,prim_gemv_cinm2_hybrid400
gemv_256MB,1245,1140.4292845999998,prim_gemv_cinm2_hybrid400
gemv_256MB,1276,1146.9149227,prim_gemv_cinm2_hybrid400
gemv_256MB,1307,1368.8380944,prim_gemv_cinm2_hybrid400
gemv_256MB,1338,1147.0822642,prim_gemv_cinm2_hybrid400
gemv_256MB,1369,1145.8559943,prim_gemv_cinm2_hybrid400
gemv_256MB,1400,1150.5995103,prim_gemv_cinm2_hybrid400
gemv_256MB,1431,1201.2183457,prim_gemv_cinm2_hybrid400
gemv_256MB,1462,1969.6738446,prim_gemv_cinm2_hybrid400
gemv_256MB,1493,1124.8484138,prim_gemv_cinm2_hybrid400
gemv_256MB,1524,1852.3582538,prim_gemv_cinm2_hybrid400
gemv_256MB,1555,1140.6590744,prim_gemv_cinm2_hybrid400
gemv_256MB,1586,1157.3930345,prim_gemv_cinm2_hybrid400
gemv_256MB,1617,1228.3175595,prim_gemv_cinm2_hybrid400
gemv_256MB,1648,1171.1849455,prim_gemv_cinm2_hybrid400
gemv_256MB,1679,1246.6018314,prim_gemv_cinm2_hybrid400
gemv_256MB,1710,1239.9262674000001,prim_gemv_cinm2_hybrid400
gemv_256MB,1741,1371.2480569000002,prim_gemv_cinm2_hybrid400
gemv_256MB,1772,1160.3869159,prim_gemv_cinm2_hybrid400
gemv_256MB,1803,499.7426842,prim_gemv_cinm2_hybrid400
gemv_256MB,1834,1291.6783764000002,prim_gemv_cinm2_hybrid400
gemv_256MB,1865,1153.2155875,prim_gemv_cinm2_hybrid400
gemv_256MB,1896,1161.9307244000001,prim_gemv_cinm2_hybrid400
gemv_256MB,1927,1164.1001683,prim_gemv_cinm2_hybrid400
gemv_256MB,1958,1249.8669819000002,prim_gemv_cinm2_hybrid400
gemv_256MB,1989,1135.2371068,prim_gemv_cinm2_hybrid400
gemv_256MB,2020,1152.9303088,prim_gemv_cinm2_hybrid400
gemv_256MB,2051,1205.2191525,prim_gemv_cinm2_hybrid400
gemv_256MB,2082,1222.0223219000002,prim_gemv_cinm2_hybrid400
gemv_256MB,2113,1970.9775428,prim_gemv_cinm2_hybrid400
gemv_256MB,2144,1157.8201619000001,prim_gemv_cinm2_hybrid400
gemv_256MB,2175,1179.0804562,prim_gemv_cinm2_hybrid400
gemv_256MB,2206,1257.0803826,prim_gemv_cinm2_hybrid400
gemv_256MB,2237,1161.9508062,prim_gemv_cinm2_hybrid400
gemv_256MB,2268,1125.9751433,prim_gemv_cinm2_hybrid400
gemv_256MB,2299,1189.7113215999998,prim_gemv_cinm2_hybrid400
gemv_256MB,2330,1164.7297515,prim_gemv_cinm2_hybrid400
gemv_256MB,2361,1262.5531024000002,prim_gemv_cinm2_hybrid400
gemv_256MB,2392,1260.6080969000002,prim_gemv_cinm2_hybrid400
gemv_256MB,2423,1143.8459614,prim_gemv_cinm2_hybrid400
gemv_256MB,2454,1193.0910064000002,prim_gemv_cinm2_hybrid400
gemv_256MB,2485,1227.2969702,prim_gemv_cinm2_hybrid400
gemv_256MB,2516,1180.0436975999999,prim_gemv_cinm2_hybrid400
gemv_256MB,2547,1159.4428765,prim_gemv_cinm2_hybrid400
gemv_256MB,2578,1191.6164634000002,prim_gemv_cinm2_hybrid400
gemv_256MB,2609,1139.0410421,prim_gemv_cinm2_hybrid400
gemv_256MB,2640,1168.8851445,prim_gemv_cinm2_hybrid400
gemv_256MB,2671,1148.2691668,prim_gemv_cinm2_hybrid400
gemv_256MB,2702,1165.0395405,prim_gemv_cinm2_hybrid400
gemv_256MB,2733,1156.4586483,prim_gemv_cinm2_hybrid400
gemv_256MB,2764,1145.598821,prim_gemv_cinm2_hybrid400
gemv_256MB,2795,3034.5598333000003,prim_gemv_cinm2_hybrid400
gemv_256MB,2826,1196.3992972,prim_gemv_cinm2_hybrid400
gemv_256MB,2857,1275.7137040999999,prim_gemv_cinm2_hybrid400
gemv_256MB,2888,4508.474654,prim_gemv_cinm2_hybrid400
gemv_256MB,2919,1260.1171699000001,prim_gemv_cinm2_hybrid400
gemv_256MB,2950,1195.1126734000002,prim_gemv_cinm2_hybrid400
gemv_256MB,2981,3349.9667383,prim_gemv_cinm2_hybrid400
gemv_256MB,3012,1284.0087087,prim_gemv_cinm2_hybrid400
gemv_256MB,3043,1585.9541312000001,prim_gemv_cinm2_hybrid400
gemv_256MB,3074,1158.3474136,prim_gemv_cinm2_hybrid400
gemv_256MB,3105,1120.5473576,prim_gemv_cinm2_hybrid400
gemv_256MB,3136,1161.6660703,prim_gemv_cinm2_hybrid400
gemv_256MB,3167,1166.1073704,prim_gemv_cinm2_hybrid400
gemv_256MB,3229,1155.0234197,prim_gemv_cinm2_hybrid400
gemv_256MB,3291,1156.9416518,prim_gemv_cinm2_hybrid400
gemv_256MB,3322,1155.5680985,prim_gemv_cinm2_hybrid400
gemv_256MB,3353,1153.1291216,prim_gemv_cinm2_hybrid400
gemv_256MB,3384,1157.344928,prim_gemv_cinm2_hybrid400
gemv_256MB,3415,1273.6964804000002,prim_gemv_cinm2_hybrid400
gemv_256MB,3446,1121.1384542,prim_gemv_cinm2_hybrid400
gemv_256MB,3477,2505.533576,prim_gemv_cinm2_hybrid400
gemv_256MB,3508,1160.6912347,prim_gemv_cinm2_hybrid400
gemv_256MB,3539,3066.4285285,prim_gemv_cinm2_hybrid400
gemv_256MB,3570,1152.9117292,prim_gemv_cinm2_hybrid400
gemv_256MB,3601,1156.501743,prim_gemv_cinm2_hybrid400
gemv_256MB,3632,1179.8762829000002,prim_gemv_cinm2_hybrid400
gemv_256MB,3663,1136.4779508,prim_gemv_cinm2_hybrid400
gemv_256MB,3694,1461.5782664,prim_gemv_cinm2_hybrid400
gemv_256MB,3725,1157.6197334,prim_gemv_cinm2_hybrid400
gemv_256MB,3756,1161.067144,prim_gemv_cinm2_hybrid400
gemv_256MB,3787,1152.9553335,prim_gemv_cinm2_hybrid400
gemv_256MB,3818,1196.7101917999998,prim_gemv_cinm2_hybrid400
gemv_256MB,3849,1178.1797611,prim_gemv_cinm2_hybrid400
gemv_256MB,3880,1972.5782512,prim_gemv_cinm2_hybrid400
gemv_256MB,3911,1184.1095724000002,prim_gemv_cinm2_hybrid400
gemv_256MB,3942,1156.5926808,prim_gemv_cinm2_hybrid400
gemv_256MB,3973,1200.3454605999998,prim_gemv_cinm2_hybrid400
gemv_256MB,4004,1161.184111,prim_gemv_cinm2_hybrid400
gemv_4MB,67,30.1288047,prim_gemv_cinm2_hybrid400
gemv_4MB,98,30.3900928,prim_gemv_cinm2_hybrid400
gemv_4MB,129,21.0462574,prim_gemv_cinm2_hybrid400
gemv_4MB,160,19.9530333,prim_gemv_cinm2_hybrid400
gemv_4MB,191,19.614746,prim_gemv_cinm2_hybrid400
gemv_4MB,222,28.600759800000002,prim_gemv_cinm2_hybrid400
gemv_4MB,253,20.461082100000002,prim_gemv_cinm2_hybrid400
gemv_4MB,284,23.7075483,prim_gemv_cinm2_hybrid400
gemv_4MB,315,31.7353703,prim_gemv_cinm2_hybrid400
gemv_4MB,346,20.9045629,prim_gemv_cinm2_hybrid400
gemv_4MB,377,19.915290300000002,prim_gemv_cinm2_hybrid400
gemv_4MB,408,28.0929775,prim_gemv_cinm2_hybrid400
gemv_4MB,439,26.2167512,prim_gemv_cinm2_hybrid400
gemv_4MB,470,38.0659706,prim_gemv_cinm2_hybrid400
gemv_4MB,501,20.430570600000003,prim_gemv_cinm2_hybrid400
gemv_4MB,532,19.0868943,prim_gemv_cinm2_hybrid400
gemv_4MB,563,23.5276576,prim_gemv_cinm2_hybrid400
gemv_4MB,594,22.034847199999998,prim_gemv_cinm2_hybrid400
gemv_4MB,625,30.4464157,prim_gemv_cinm2_hybrid400
gemv_4MB,656,29.2826063,prim_gemv_cinm2_hybrid400
gemv_4MB,687,19.587811,prim_gemv_cinm2_hybrid400
gemv_4MB,718,21.1667026,prim_gemv_cinm2_hybrid400
gemv_4MB,749,18.8056467,prim_gemv_cinm2_hybrid400
gemv_4MB,780,20.968407600000003,prim_gemv_cinm2_hybrid400
gemv_4MB,811,36.3017976,prim_gemv_cinm2_hybrid400
gemv_4MB,842,33.585117,prim_gemv_cinm2_hybrid400
gemv_4MB,873,20.803775,prim_gemv_cinm2_hybrid400
gemv_4MB,904,19.5959298,prim_gemv_cinm2_hybrid400
gemv_4MB,935,25.0195967,prim_gemv_cinm2_hybrid400
gemv_4MB,966,37.3034382,prim_gemv_cinm2_hybrid400
gemv_4MB,997,19.8288759,prim_gemv_cinm2_hybrid400
gemv_4MB,1028,19.241340100000002,prim_gemv_cinm2_hybrid400
gemv_4MB,1059,20.7641964,prim_gemv_cinm2_hybrid400
gemv_4MB,1090,20.9359814,prim_gemv_cinm2_hybrid400
gemv_4MB,1121,46.0414068,prim_gemv_cinm2_hybrid400
gemv_4MB,1152,27.6139907,prim_gemv_cinm2_hybrid400
gemv_4MB,1183,26.111638,prim_gemv_cinm2_hybrid400
gemv_4MB,1214,22.4722954,prim_gemv_cinm2_hybrid400
gemv_4MB,1245,21.5846383,prim_gemv_cinm2_hybrid400
gemv_4MB,1276,23.000834899999997,prim_gemv_cinm2_hybrid400
gemv_4MB,1307,27.3329375,prim_gemv_cinm2_hybrid400
gemv_4MB,1338,20.4340453,prim_gemv_cinm2_hybrid400
gemv_4MB,1369,20.830378600000003,prim_gemv_cinm2_hybrid400
gemv_4MB,1400,25.1108741,prim_gemv_cinm2_hybrid400
gemv_4MB,1431,33.5232543,prim_gemv_cinm2_hybrid400
gemv_4MB,1462,29.086088800000002,prim_gemv_cinm2_hybrid400
gemv_4MB,1493,25.5929065,prim_gemv_cinm2_hybrid400
gemv_4MB,1524,17.627075899999998,prim_gemv_cinm2_hybrid400
gemv_4MB,1555,22.790570300000002,prim_gemv_cinm2_hybrid400
gemv_4MB,1586,23.959846300000002,prim_gemv_cinm2_hybrid400
gemv_4MB,1617,20.0321436,prim_gemv_cinm2_hybrid400
gemv_4MB,1648,21.4912338,prim_gemv_cinm2_hybrid400
gemv_4MB,1679,26.623508100000002,prim_gemv_cinm2_hybrid400
gemv_4MB,1710,21.892923800000002,prim_gemv_cinm2_hybrid400
gemv_4MB,1741,23.3365317,prim_gemv_cinm2_hybrid400
gemv_4MB,1772,24.992727,prim_gemv_cinm2_hybrid400
gemv_4MB,1803,20.8290052,prim_gemv_cinm2_hybrid400
gemv_4MB,1834,19.9786253,prim_gemv_cinm2_hybrid400
gemv_4MB,1865,25.358105600000002,prim_gemv_cinm2_hybrid400
gemv_4MB,1896,21.2344131,prim_gemv_cinm2_hybrid400
gemv_4MB,1927,23.1379429,prim_gemv_cinm2_hybrid400
gemv_4MB,1958,21.3955205,prim_gemv_cinm2_hybrid400
gemv_4MB,1989,23.983352399999998,prim_gemv_cinm2_hybrid400
gemv_4MB,2020,21.0681702,prim_gemv_cinm2_hybrid400
gemv_4MB,2051,27.2450477,prim_gemv_cinm2_hybrid400
gemv_4MB,2082,22.7962727,prim_gemv_cinm2_hybrid400
gemv_4MB,2113,25.4112717,prim_gemv_cinm2_hybrid400
gemv_4MB,2144,19.611524199999998,prim_gemv_cinm2_hybrid400
gemv_4MB,2175,26.9573762,prim_gemv_cinm2_hybrid400
gemv_4MB,2206,25.225037399999998,prim_gemv_cinm2_hybrid400
gemv_4MB,2237,24.6368089,prim_gemv_cinm2_hybrid400
gemv_4MB,2268,21.730938899999998,prim_gemv_cinm2_hybrid400
gemv_4MB,2299,19.4555861,prim_gemv_cinm2_hybrid400
gemv_4MB,2330,23.6222011,prim_gemv_cinm2_hybrid400
gemv_4MB,2361,31.5146367,prim_gemv_cinm2_hybrid400
gemv_4MB,2392,21.4591122,prim_gemv_cinm2_hybrid400
gemv_4MB,2423,24.093451100000003,prim_gemv_cinm2_hybrid400
gemv_4MB,2454,19.1287639,prim_gemv_cinm2_hybrid400
gemv_4MB,2485,19.9777193,prim_gemv_cinm2_hybrid400
gemv_4MB,2516,19.1759637,prim_gemv_cinm2_hybrid400
gemv_4MB,2547,19.491610899999998,prim_gemv_cinm2_hybrid400
gemv_4MB,2578,20.8857583,prim_gemv_cinm2_hybrid400
gemv_4MB,2609,21.098254,prim_gemv_cinm2_hybrid400
gemv_4MB,2640,20.9330094,prim_gemv_cinm2_hybrid400
gemv_4MB,2671,28.4307102,prim_gemv_cinm2_hybrid400
gemv_4MB,2702,18.648071899999998,prim_gemv_cinm2_hybrid400
gemv_4MB,2733,17.4741718,prim_gemv_cinm2_hybrid400
gemv_4MB,2764,33.3559337,prim_gemv_cinm2_hybrid400
gemv_4MB,2795,22.7218336,prim_gemv_cinm2_hybrid400
gemv_4MB,2826,25.9482584,prim_gemv_cinm2_hybrid400
gemv_4MB,2857,31.876444600000003,prim_gemv_cinm2_hybrid400
gemv_4MB,2888,25.2242927,prim_gemv_cinm2_hybrid400
gemv_4MB,2919,23.6327987,prim_gemv_cinm2_hybrid400
gemv_4MB,2950,20.1713947,prim_gemv_cinm2_hybrid400
gemv_4MB,2981,24.045196899999997,prim_gemv_cinm2_hybrid400
gemv_4MB,3012,18.802255600000002,prim_gemv_cinm2_hybrid400
gemv_4MB,3043,22.2771519,prim_gemv_cinm2_hybrid400
gemv_4MB,3074,17.572936300000002,prim_gemv_cinm2_hybrid400
gemv_4MB,3105,18.6464482,prim_gemv_cinm2_hybrid400
gemv_4MB,3136,21.9606241,prim_gemv_cinm2_hybrid400
gemv_4MB,3167,23.0008293,prim_gemv_cinm2_hybrid400
gemv_4MB,3198,23.2172507,prim_gemv_cinm2_hybrid400
gemv_4MB,3229,25.8845186,prim_gemv_cinm2_hybrid400
gemv_4MB,3260,24.67367,prim_gemv_cinm2_hybrid400
gemv_4MB,3291,21.3820838,prim_gemv_cinm2_hybrid400
gemv_4MB,3322,21.1005425,prim_gemv_cinm2_hybrid400
gemv_4MB,3353,28.367558199999998,prim_gemv_cinm2_hybrid400
gemv_4MB,3384,19.7818702,prim_gemv_cinm2_hybrid400
gemv_4MB,3415,29.903673100000002,prim_gemv_cinm2_hybrid400
gemv_4MB,3446,43.6991202,prim_gemv_cinm2_hybrid400
gemv_4MB,3477,22.7619679,prim_gemv_cinm2_hybrid400
gemv_4MB,3508,24.1540591,prim_gemv_cinm2_hybrid400
gemv_4MB,3539,23.5756127,prim_gemv_cinm2_hybrid400
gemv_4MB,3570,28.4899493,prim_gemv_cinm2_hybrid400
gemv_4MB,3601,21.811167100000002,prim_gemv_cinm2_hybrid400
gemv_4MB,3632,32.542696,prim_gemv_cinm2_hybrid400
gemv_4MB,3663,35.4214142,prim_gemv_cinm2_hybrid400
gemv_4MB,3694,17.8347911,prim_gemv_cinm2_hybrid400
gemv_4MB,3725,26.437381,prim_gemv_cinm2_hybrid400
gemv_4MB,3756,25.1216633,prim_gemv_cinm2_hybrid400
gemv_4MB,3787,37.0121812,prim_gemv_cinm2_hybrid400
gemv_4MB,3818,26.327612,prim_gemv_cinm2_hybrid400
gemv_4MB,3849,22.937502600000002,prim_gemv_cinm2_hybrid400
gemv_4MB,3880,22.1717093,prim_gemv_cinm2_hybrid400
gemv_4MB,3911,24.598212,prim_gemv_cinm2_hybrid400
gemv_4MB,3942,20.4152443,prim_gemv_cinm2_hybrid400
gemv_4MB,3973,25.3855925,prim_gemv_cinm2_hybrid400
gemv_4MB,4004,20.8924703,prim_gemv_cinm2_hybrid400
gemv_512MB,67,2189.1534063000004,prim_gemv_cinm2_hybrid400
gemv_512MB,98,2318.3701083,prim_gemv_cinm2_hybrid400
gemv_512MB,129,6387.7549007,prim_gemv_cinm2_hybrid400
gemv_512MB,160,2245.7610882,prim_gemv_cinm2_hybrid400
gemv_512MB,191,2710.0116245,prim_gemv_cinm2_hybrid400
gemv_512MB,222,2393.0348446999997,prim_gemv_cinm2_hybrid400
gemv_512MB,253,2501.4372778,prim_gemv_cinm2_hybrid400
gemv_512MB,284,3956.5728465,prim_gemv_cinm2_hybrid400
gemv_512MB,315,2260.8263969,prim_gemv_cinm2_hybrid400
gemv_512MB,346,2255.8026956,prim_gemv_cinm2_hybrid400
gemv_512MB,377,2271.3269201999997,prim_gemv_cinm2_hybrid400
gemv_512MB,408,2243.2419998,prim_gemv_cinm2_hybrid400
gemv_512MB,439,2286.6614905,prim_gemv_cinm2_hybrid400
gemv_512MB,470,2494.7599189000002,prim_gemv_cinm2_hybrid400
gemv_512MB,501,2246.4925432,prim_gemv_cinm2_hybrid400
gemv_512MB,532,2243.9278606999997,prim_gemv_cinm2_hybrid400
gemv_512MB,563,2237.6729481999996,prim_gemv_cinm2_hybrid400
gemv_512MB,594,2247.3972431999996,prim_gemv_cinm2_hybrid400
gemv_512MB,625,2708.8191353,prim_gemv_cinm2_hybrid400
gemv_512MB,656,2535.8632769,prim_gemv_cinm2_hybrid400
gemv_512MB,687,2212.5714393000003,prim_gemv_cinm2_hybrid400
gemv_512MB,718,2199.8171944,prim_gemv_cinm2_hybrid400
gemv_512MB,749,2345.9689111999996,prim_gemv_cinm2_hybrid400
gemv_512MB,780,2489.0261846999997,prim_gemv_cinm2_hybrid400
gemv_512MB,811,2198.9534874,prim_gemv_cinm2_hybrid400
gemv_512MB,842,2245.479023,prim_gemv_cinm2_hybrid400
gemv_512MB,873,2339.285277,prim_gemv_cinm2_hybrid400
gemv_512MB,904,2316.8841139,prim_gemv_cinm2_hybrid400
gemv_512MB,935,2299.1242179,prim_gemv_cinm2_hybrid400
gemv_512MB,966,3918.6598341999998,prim_gemv_cinm2_hybrid400
gemv_512MB,997,2639.7331248,prim_gemv_cinm2_hybrid400
gemv_512MB,1028,2299.4704418,prim_gemv_cinm2_hybrid400
gemv_512MB,1090,2266.3199108000003,prim_gemv_cinm2_hybrid400
gemv_512MB,1121,2268.1701221,prim_gemv_cinm2_hybrid400
gemv_512MB,1152,2489.1781757,prim_gemv_cinm2_hybrid400
gemv_512MB,1183,6357.4875376,prim_gemv_cinm2_hybrid400
gemv_512MB,1214,2307.0554784,prim_gemv_cinm2_hybrid400
gemv_512MB,1245,2265.9243864,prim_gemv_cinm2_hybrid400
gemv_512MB,1276,2239.1609243000003,prim_gemv_cinm2_hybrid400
gemv_512MB,1307,2264.3327808000004,prim_gemv_cinm2_hybrid400
gemv_512MB,1338,2273.4353318000003,prim_gemv_cinm2_hybrid400
gemv_512MB,1369,2288.0370479000003,prim_gemv_cinm2_hybrid400
gemv_512MB,1400,2248.4646521,prim_gemv_cinm2_hybrid400
gemv_512MB,1431,2517.711201,prim_gemv_cinm2_hybrid400
gemv_512MB,1462,2454.0466683,prim_gemv_cinm2_hybrid400
gemv_512MB,1493,2229.4274095,prim_gemv_cinm2_hybrid400
gemv_512MB,1524,3781.888382,prim_gemv_cinm2_hybrid400
gemv_512MB,1555,2308.7497016999996,prim_gemv_cinm2_hybrid400
gemv_512MB,1586,2363.0507196999997,prim_gemv_cinm2_hybrid400
gemv_512MB,1617,2324.445055,prim_gemv_cinm2_hybrid400
gemv_512MB,1648,2291.1966981,prim_gemv_cinm2_hybrid400
gemv_512MB,1679,2250.319344,prim_gemv_cinm2_hybrid400
gemv_512MB,1710,2254.5218743,prim_gemv_cinm2_hybrid400
gemv_512MB,1741,2282.5025313,prim_gemv_cinm2_hybrid400
gemv_512MB,1772,2647.1388988000003,prim_gemv_cinm2_hybrid400
gemv_512MB,1803,2298.5740374,prim_gemv_cinm2_hybrid400
gemv_512MB,1834,2312.6565736,prim_gemv_cinm2_hybrid400
gemv_512MB,1865,2266.2863996,prim_gemv_cinm2_hybrid400
gemv_512MB,1896,2365.1269863,prim_gemv_cinm2_hybrid400
gemv_512MB,1927,2344.4282619,prim_gemv_cinm2_hybrid400
gemv_512MB,1958,2485.6159196,prim_gemv_cinm2_hybrid400
gemv_512MB,1989,2288.8199849000002,prim_gemv_cinm2_hybrid400
gemv_512MB,2020,2282.3108419,prim_gemv_cinm2_hybrid400
gemv_512MB,2051,2352.5153551999997,prim_gemv_cinm2_hybrid400
gemv_512MB,2082,2356.3600604000003,prim_gemv_cinm2_hybrid400
gemv_512MB,2113,2389.0325774000003,prim_gemv_cinm2_hybrid400
gemv_512MB,2144,3969.4265175,prim_gemv_cinm2_hybrid400
gemv_512MB,2175,2564.931918,prim_gemv_cinm2_hybrid400
gemv_512MB,2206,2282.9667187,prim_gemv_cinm2_hybrid400
gemv_512MB,2237,2265.1235189,prim_gemv_cinm2_hybrid400
gemv_512MB,2268,2262.146882,prim_gemv_cinm2_hybrid400
gemv_512MB,2299,2339.8469897,prim_gemv_cinm2_hybrid400
gemv_512MB,2330,2452.6029303,prim_gemv_cinm2_hybrid400
gemv_512MB,2361,2327.6209771,prim_gemv_cinm2_hybrid400
gemv_512MB,2392,2264.0379419,prim_gemv_cinm2_hybrid400
gemv_512MB,2423,2340.4701583,prim_gemv_cinm2_hybrid400
gemv_512MB,2454,2341.1588773000003,prim_gemv_cinm2_hybrid400
gemv_512MB,2485,2279.0883271,prim_gemv_cinm2_hybrid400
gemv_512MB,2516,2257.8143520999997,prim_gemv_cinm2_hybrid400
gemv_512MB,2547,2306.4656864000003,prim_gemv_cinm2_hybrid400
gemv_512MB,2578,2397.7304499,prim_gemv_cinm2_hybrid400
gemv_512MB,2609,2187.6185379000003,prim_gemv_cinm2_hybrid400
gemv_512MB,2640,2286.7416459,prim_gemv_cinm2_hybrid400
gemv_512MB,2671,2252.5773049,prim_gemv_cinm2_hybrid400
gemv_512MB,2702,2247.660434,prim_gemv_cinm2_hybrid400
gemv_512MB,2733,2245.5936226999997,prim_gemv_cinm2_hybrid400
gemv_512MB,2764,2309.2696635,prim_gemv_cinm2_hybrid400
gemv_512MB,2795,2391.6168233000003,prim_gemv_cinm2_hybrid400
gemv_512MB,2826,2483.5872261,prim_gemv_cinm2_hybrid400
gemv_512MB,2857,2266.7107634,prim_gemv_cinm2_hybrid400
gemv_512MB,2888,2298.8496648,prim_gemv_cinm2_hybrid400
gemv_512MB,2919,2261.4837948000004,prim_gemv_cinm2_hybrid400
gemv_512MB,2950,2539.2401981999997,prim_gemv_cinm2_hybrid400
gemv_512MB,2981,2398.611525,prim_gemv_cinm2_hybrid400
gemv_512MB,3012,2646.8993373000003,prim_gemv_cinm2_hybrid400
gemv_512MB,3043,2341.3814623000003,prim_gemv_cinm2_hybrid400
gemv_512MB,3074,2406.8410937,prim_gemv_cinm2_hybrid400
gemv_512MB,3105,2200.0480791,prim_gemv_cinm2_hybrid400
gemv_512MB,3136,2342.6304916,prim_gemv_cinm2_hybrid400
gemv_512MB,3167,2365.4284324,prim_gemv_cinm2_hybrid400
gemv_512MB,3198,2217.1693299000003,prim_gemv_cinm2_hybrid400
gemv_512MB,3229,2287.0561776,prim_gemv_cinm2_hybrid400
gemv_512MB,3260,2371.9332493,prim_gemv_cinm2_hybrid400
gemv_512MB,3291,2189.0834615,prim_gemv_cinm2_hybrid400
gemv_512MB,3322,2306.9025321999998,prim_gemv_cinm2_hybrid400
gemv_512MB,3353,2271.2634709,prim_gemv_cinm2_hybrid400
gemv_512MB,3384,2267.3100283000003,prim_gemv_cinm2_hybrid400
gemv_512MB,3415,2186.3431075,prim_gemv_cinm2_hybrid400
gemv_512MB,3446,2199.4842884,prim_gemv_cinm2_hybrid400
gemv_512MB,3477,2282.697449,prim_gemv_cinm2_hybrid400
gemv_512MB,3508,2246.6058497,prim_gemv_cinm2_hybrid400
gemv_512MB,3539,2273.3310798,prim_gemv_cinm2_hybrid400
gemv_512MB,3570,2243.5501346,prim_gemv_cinm2_hybrid400
gemv_512MB,3601,2186.1962922,prim_gemv_cinm2_hybrid400
gemv_512MB,3632,2578.3631679,prim_gemv_cinm2_hybrid400
gemv_512MB,3663,2462.7209029,prim_gemv_cinm2_hybrid400
gemv_512MB,3694,2196.4644079,prim_gemv_cinm2_hybrid400
gemv_512MB,3725,2270.7467896999997,prim_gemv_cinm2_hybrid400
gemv_512MB,3756,2244.6111138,prim_gemv_cinm2_hybrid400
gemv_512MB,3787,2474.0258699,prim_gemv_cinm2_hybrid400
gemv_512MB,3818,2266.4522684000003,prim_gemv_cinm2_hybrid400
gemv_512MB,3849,2264.8608294,prim_gemv_cinm2_hybrid400
gemv_512MB,3880,2523.3582108,prim_gemv_cinm2_hybrid400
gemv_512MB,3911,5777.2505897,prim_gemv_cinm2_hybrid400
gemv_512MB,3942,2371.4975946,prim_gemv_cinm2_hybrid400
gemv_512MB,3973,2502.9303136,prim_gemv_cinm2_hybrid400
gemv_512MB,4004,2264.026835,prim_gemv_cinm2_hybrid400
gemv_64MB,67,303.95543330000004,prim_gemv_cinm2_hybrid400
gemv_64MB,98,720.0476382,prim_gemv_cinm2_hybrid400
gemv_64MB,129,328.6674686,prim_gemv_cinm2_hybrid400
gemv_64MB,160,288.35789919999996,prim_gemv_cinm2_hybrid400
gemv_64MB,191,309.0898323,prim_gemv_cinm2_hybrid400
gemv_64MB,222,290.3028319,prim_gemv_cinm2_hybrid400
gemv_64MB,253,339.1202056,prim_gemv_cinm2_hybrid400
gemv_64MB,284,301.8779768,prim_gemv_cinm2_hybrid400
gemv_64MB,315,289.7685378,prim_gemv_cinm2_hybrid400
gemv_64MB,346,286.075848,prim_gemv_cinm2_hybrid400
gemv_64MB,377,485.584442,prim_gemv_cinm2_hybrid400
gemv_64MB,408,340.0853233,prim_gemv_cinm2_hybrid400
gemv_64MB,439,313.55533280000003,prim_gemv_cinm2_hybrid400
gemv_64MB,470,314.26144489999996,prim_gemv_cinm2_hybrid400
gemv_64MB,501,288.2188395,prim_gemv_cinm2_hybrid400
gemv_64MB,532,307.990887,prim_gemv_cinm2_hybrid400
gemv_64MB,563,298.7810159,prim_gemv_cinm2_hybrid400
gemv_64MB,594,288.7256867,prim_gemv_cinm2_hybrid400
gemv_64MB,625,302.7236676,prim_gemv_cinm2_hybrid400
gemv_64MB,656,309.99277539999997,prim_gemv_cinm2_hybrid400
gemv_64MB,687,299.031031,prim_gemv_cinm2_hybrid400
gemv_64MB,718,294.7632412,prim_gemv_cinm2_hybrid400
gemv_64MB,749,778.6738532,prim_gemv_cinm2_hybrid400
gemv_64MB,780,315.7921788,prim_gemv_cinm2_hybrid400
gemv_64MB,811,283.8223135,prim_gemv_cinm2_hybrid400
gemv_64MB,842,298.7965228,prim_gemv_cinm2_hybrid400
gemv_64MB,873,290.1575132,prim_gemv_cinm2_hybrid400
gemv_64MB,904,322.9567223,prim_gemv_cinm2_hybrid400
gemv_64MB,935,295.30805430000004,prim_gemv_cinm2_hybrid400
gemv_64MB,966,287.8906766,prim_gemv_cinm2_hybrid400
gemv_64MB,997,288.2400762,prim_gemv_cinm2_hybrid400
gemv_64MB,1028,287.3980597,prim_gemv_cinm2_hybrid400
gemv_64MB,1059,328.7547516,prim_gemv_cinm2_hybrid400
gemv_64MB,1090,294.98163719999997,prim_gemv_cinm2_hybrid400
gemv_64MB,1121,291.87338,prim_gemv_cinm2_hybrid400
gemv_64MB,1152,309.7633489,prim_gemv_cinm2_hybrid400
gemv_64MB,1183,493.308431,prim_gemv_cinm2_hybrid400
gemv_64MB,1214,480.0589162,prim_gemv_cinm2_hybrid400
gemv_64MB,1245,716.3498285,prim_gemv_cinm2_hybrid400
gemv_64MB,1276,460.2649292,prim_gemv_cinm2_hybrid400
gemv_64MB,1307,358.0181947,prim_gemv_cinm2_hybrid400
gemv_64MB,1338,295.1387922,prim_gemv_cinm2_hybrid400
gemv_64MB,1369,292.29424689999996,prim_gemv_cinm2_hybrid400
gemv_64MB,1400,297.0319233,prim_gemv_cinm2_hybrid400
gemv_64MB,1431,317.3013582,prim_gemv_cinm2_hybrid400
gemv_64MB,1462,289.0442882,prim_gemv_cinm2_hybrid400
gemv_64MB,1493,355.92557289999996,prim_gemv_cinm2_hybrid400
gemv_64MB,1524,724.1108152,prim_gemv_cinm2_hybrid400
gemv_64MB,1555,296.4651199,prim_gemv_cinm2_hybrid400
gemv_64MB,1586,293.9750507,prim_gemv_cinm2_hybrid400
gemv_64MB,1617,304.3879398,prim_gemv_cinm2_hybrid400
gemv_64MB,1648,287.05126160000003,prim_gemv_cinm2_hybrid400
gemv_64MB,1679,307.9949626,prim_gemv_cinm2_hybrid400
gemv_64MB,1710,326.8218628,prim_gemv_cinm2_hybrid400
gemv_64MB,1741,292.8005807,prim_gemv_cinm2_hybrid400
gemv_64MB,1772,286.8529365,prim_gemv_cinm2_hybrid400
gemv_64MB,1803,775.5048132999999,prim_gemv_cinm2_hybrid400
gemv_64MB,1834,290.84196,prim_gemv_cinm2_hybrid400
gemv_64MB,1865,738.2205012999999,prim_gemv_cinm2_hybrid400
gemv_64MB,1896,298.9651938,prim_gemv_cinm2_hybrid400
gemv_64MB,1927,339.7465808,prim_gemv_cinm2_hybrid400
gemv_64MB,1958,361.87797939999996,prim_gemv_cinm2_hybrid400
gemv_64MB,1989,297.3254403,prim_gemv_cinm2_hybrid400
gemv_64MB,2020,293.22186589999995,prim_gemv_cinm2_hybrid400
gemv_64MB,2051,342.6977262,prim_gemv_cinm2_hybrid400
gemv_64MB,2082,291.2612469,prim_gemv_cinm2_hybrid400
gemv_64MB,2113,726.5829858,prim_gemv_cinm2_hybrid400
gemv_64MB,2144,322.29161339999996,prim_gemv_cinm2_hybrid400
gemv_64MB,2175,347.9015548,prim_gemv_cinm2_hybrid400
gemv_64MB,2206,322.37656369999996,prim_gemv_cinm2_hybrid400
gemv_64MB,2237,290.62590639999996,prim_gemv_cinm2_hybrid400
gemv_64MB,2268,289.06231130000003,prim_gemv_cinm2_hybrid400
gemv_64MB,2299,309.39504869999996,prim_gemv_cinm2_hybrid400
gemv_64MB,2330,355.6987467,prim_gemv_cinm2_hybrid400
gemv_64MB,2361,336.4005063,prim_gemv_cinm2_hybrid400
gemv_64MB,2392,291.0262556,prim_gemv_cinm2_hybrid400
gemv_64MB,2423,298.41977610000004,prim_gemv_cinm2_hybrid400
gemv_64MB,2454,324.2128217,prim_gemv_cinm2_hybrid400
gemv_64MB,2485,333.50424119999997,prim_gemv_cinm2_hybrid400
gemv_64MB,2516,310.4832483,prim_gemv_cinm2_hybrid400
gemv_64MB,2547,300.1319806,prim_gemv_cinm2_hybrid400
gemv_64MB,2578,297.5950482,prim_gemv_cinm2_hybrid400
gemv_64MB,2609,301.40605880000004,prim_gemv_cinm2_hybrid400
gemv_64MB,2640,724.704993,prim_gemv_cinm2_hybrid400
gemv_64MB,2671,290.368674,prim_gemv_cinm2_hybrid400
gemv_64MB,2702,343.6947014,prim_gemv_cinm2_hybrid400
gemv_64MB,2733,289.6481266,prim_gemv_cinm2_hybrid400
gemv_64MB,2764,740.232212,prim_gemv_cinm2_hybrid400
gemv_64MB,2795,290.8280784,prim_gemv_cinm2_hybrid400
gemv_64MB,2826,325.6823691,prim_gemv_cinm2_hybrid400
gemv_64MB,2857,312.8034442,prim_gemv_cinm2_hybrid400
gemv_64MB,2888,468.9159521,prim_gemv_cinm2_hybrid400
gemv_64MB,2919,294.9717185,prim_gemv_cinm2_hybrid400
gemv_64MB,2950,330.46695589999996,prim_gemv_cinm2_hybrid400
gemv_64MB,2981,325.9234922,prim_gemv_cinm2_hybrid400
gemv_64MB,3012,329.190891,prim_gemv_cinm2_hybrid400
gemv_64MB,3043,780.3554829,prim_gemv_cinm2_hybrid400
gemv_64MB,3074,293.4197647,prim_gemv_cinm2_hybrid400
gemv_64MB,3105,276.6005704,prim_gemv_cinm2_hybrid400
gemv_64MB,3136,314.28490639999995,prim_gemv_cinm2_hybrid400
gemv_64MB,3167,304.0717037,prim_gemv_cinm2_hybrid400
gemv_64MB,3198,290.9793752,prim_gemv_cinm2_hybrid400
gemv_64MB,3229,326.7376999,prim_gemv_cinm2_hybrid400
gemv_64MB,3260,296.3454192,prim_gemv_cinm2_hybrid400
gemv_64MB,3291,723.2150922000001,prim_gemv_cinm2_hybrid400
gemv_64MB,3322,305.0790855,prim_gemv_cinm2_hybrid400
gemv_64MB,3353,315.2466822,prim_gemv_cinm2_hybrid400
gemv_64MB,3384,288.8551518,prim_gemv_cinm2_hybrid400
gemv_64MB,3415,487.6414796,prim_gemv_cinm2_hybrid400
gemv_64MB,3446,282.37818239999996,prim_gemv_cinm2_hybrid400
gemv_64MB,3477,335.4798338,prim_gemv_cinm2_hybrid400
gemv_64MB,3508,315.77946510000004,prim_gemv_cinm2_hybrid400
gemv_64MB,3539,312.055308,prim_gemv_cinm2_hybrid400
gemv_64MB,3570,301.5577481,prim_gemv_cinm2_hybrid400
gemv_64MB,3601,289.1758042,prim_gemv_cinm2_hybrid400
gemv_64MB,3632,303.9774466,prim_gemv_cinm2_hybrid400
gemv_64MB,3663,328.7959326,prim_gemv_cinm2_hybrid400
gemv_64MB,3694,281.8419835,prim_gemv_cinm2_hybrid400
gemv_64MB,3725,316.7818856,prim_gemv_cinm2_hybrid400
gemv_64MB,3756,308.1870345,prim_gemv_cinm2_hybrid400
gemv_64MB,3787,316.3093235,prim_gemv_cinm2_hybrid400
gemv_64MB,3818,301.60393239999996,prim_gemv_cinm2_hybrid400
gemv_64MB,3849,309.2824076,prim_gemv_cinm2_hybrid400
gemv_64MB,3880,313.6176352,prim_gemv_cinm2_hybrid400
gemv_64MB,3911,307.1951586,prim_gemv_cinm2_hybrid400
gemv_64MB,3942,326.04668760000004,prim_gemv_cinm2_hybrid400
gemv_64MB,3973,297.9455724,prim_gemv_cinm2_hybrid400
gemv_64MB,4004,304.2859363,prim_gemv_cinm2_hybrid400
gemv_256MB,67,1113.4708617000001,prim_gemv_cinm1
gemv_256MB,98,1154.0543673,prim_gemv_cinm1
gemv_256MB,129,3133.4890455,prim_gemv_cinm1
gemv_256MB,160,1117.0558287000001,prim_gemv_cinm1
gemv_256MB,191,1101.1550745,prim_gemv_cinm1
gemv_256MB,222,3148.2026195,prim_gemv_cinm1
gemv_256MB,253,1112.2227498,prim_gemv_cinm1
gemv_256MB,284,2520.8734867,prim_gemv_cinm1
gemv_256MB,315,1104.6302093,prim_gemv_cinm1
gemv_256MB,346,1115.9715907,prim_gemv_cinm1
gemv_256MB,377,1123.4433254,prim_gemv_cinm1
gemv_256MB,408,1121.770319,prim_gemv_cinm1
gemv_256MB,439,1107.0178285999998,prim_gemv_cinm1
gemv_256MB,470,1109.6787038,prim_gemv_cinm1
gemv_256MB,501,1109.2881455,prim_gemv_cinm1
gemv_256MB,532,1172.342809,prim_gemv_cinm1
gemv_256MB,563,3142.1646843000003,prim_gemv_cinm1
gemv_256MB,594,1107.9545737,prim_gemv_cinm1
gemv_256MB,625,1597.8928564,prim_gemv_cinm1
gemv_256MB,656,1143.2724318,prim_gemv_cinm1
gemv_256MB,687,1109.0630735999998,prim_gemv_cinm1
gemv_256MB,718,1115.3771878,prim_gemv_cinm1
gemv_256MB,749,1113.6949261,prim_gemv_cinm1
gemv_256MB,780,1106.6862554000002,prim_gemv_cinm1
gemv_256MB,811,1168.9585490999998,prim_gemv_cinm1
gemv_256MB,842,2550.0252416999997,prim_gemv_cinm1
gemv_256MB,873,1148.5824607,prim_gemv_cinm1
gemv_256MB,904,1109.471449,prim_gemv_cinm1
gemv_256MB,935,1120.1858522999999,prim_gemv_cinm1
gemv_256MB,966,1204.6070851,prim_gemv_cinm1
gemv_256MB,997,1135.820914,prim_gemv_cinm1
gemv_256MB,1028,1134.2552776,prim_gemv_cinm1
gemv_256MB,1059,1138.2420304000002,prim_gemv_cinm1
gemv_256MB,1090,1105.0135268,prim_gemv_cinm1
gemv_256MB,1121,1135.6242141,prim_gemv_cinm1
gemv_256MB,1152,1113.4684525999999,prim_gemv_cinm1
gemv_256MB,1183,1134.3847786,prim_gemv_cinm1
gemv_256MB,1214,1115.9401778,prim_gemv_cinm1
gemv_256MB,1245,2590.285053,prim_gemv_cinm1
gemv_256MB,1276,1116.6891989,prim_gemv_cinm1
gemv_256MB,1307,1117.2104489,prim_gemv_cinm1
gemv_256MB,1338,1123.7735845999998,prim_gemv_cinm1
gemv_256MB,1369,1107.9462662,prim_gemv_cinm1
gemv_256MB,1400,1109.0132679,prim_gemv_cinm1
gemv_256MB,1431,3136.6356345,prim_gemv_cinm1
gemv_256MB,1462,1135.6330957,prim_gemv_cinm1
gemv_256MB,1493,1645.417573,prim_gemv_cinm1
gemv_256MB,1524,2524.9693381999996,prim_gemv_cinm1
gemv_256MB,1555,1110.3192647,prim_gemv_cinm1
gemv_256MB,1586,1150.8204229,prim_gemv_cinm1
gemv_256MB,1617,1119.6071971,prim_gemv_cinm1
gemv_256MB,1648,1167.0394618,prim_gemv_cinm1
gemv_256MB,1679,3115.7872758000003,prim_gemv_cinm1
gemv_256MB,1710,1170.214085,prim_gemv_cinm1
gemv_256MB,1741,1110.7706117,prim_gemv_cinm1
gemv_256MB,1772,3149.402208,prim_gemv_cinm1
gemv_256MB,1803,1160.7602154,prim_gemv_cinm1
gemv_256MB,1834,1151.1019130999998,prim_gemv_cinm1
gemv_256MB,1865,1108.3066906,prim_gemv_cinm1
gemv_256MB,1896,1137.3447385,prim_gemv_cinm1
gemv_256MB,1927,1111.8000545,prim_gemv_cinm1
gemv_256MB,1958,1110.2989262,prim_gemv_cinm1
gemv_256MB,1989,1115.8374133,prim_gemv_cinm1
gemv_256MB,2020,1172.54341,prim_gemv_cinm1
gemv_256MB,2051,3136.577178,prim_gemv_cinm1
gemv_256MB,2082,1155.9371125999999,prim_gemv_cinm1
gemv_256MB,2113,1107.1854969,prim_gemv_cinm1
gemv_256MB,2144,2505.7288552,prim_gemv_cinm1
gemv_256MB,2175,1127.233754,prim_gemv_cinm1
gemv_256MB,2206,1147.0165997000001,prim_gemv_cinm1
gemv_256MB,2237,1114.319664,prim_gemv_cinm1
gemv_256MB,2268,1102.417227,prim_gemv_cinm1
gemv_256MB,2299,1136.4132498,prim_gemv_cinm1
gemv_256MB,2330,1105.9230558,prim_gemv_cinm1
gemv_256MB,2361,1116.3916015,prim_gemv_cinm1
gemv_256MB,2392,1148.7837264000002,prim_gemv_cinm1
gemv_256MB,2423,3152.8058266999997,prim_gemv_cinm1
gemv_256MB,2454,1108.0673063,prim_gemv_cinm1
gemv_256MB,2485,1140.9889733,prim_gemv_cinm1
gemv_256MB,2516,1146.2946334,prim_gemv_cinm1
gemv_256MB,2547,2537.1526281,prim_gemv_cinm1
gemv_256MB,2578,3135.9221555,prim_gemv_cinm1
gemv_256MB,2609,1151.1309522000001,prim_gemv_cinm1
gemv_256MB,2640,1120.7792350999998,prim_gemv_cinm1
gemv_256MB,2671,1200.7179109,prim_gemv_cinm1
gemv_256MB,2702,2521.8814983,prim_gemv_cinm1
gemv_256MB,2733,1105.6525137,prim_gemv_cinm1
gemv_256MB,2764,1105.8361816,prim_gemv_cinm1
gemv_256MB,2795,1108.3268205999998,prim_gemv_cinm1
gemv_256MB,2826,1106.996775,prim_gemv_cinm1
gemv_256MB,2857,3130.7420915,prim_gemv_cinm1
gemv_256MB,2888,1172.8593101,prim_gemv_cinm1
gemv_256MB,2919,1198.0162252999999,prim_gemv_cinm1
gemv_256MB,2950,1109.5752421,prim_gemv_cinm1
gemv_256MB,2981,1594.352573,prim_gemv_cinm1
gemv_256MB,3012,1143.3900267000001,prim_gemv_cinm1
gemv_256MB,3043,1173.0347269000001,prim_gemv_cinm1
gemv_256MB,3074,1219.541874,prim_gemv_cinm1
gemv_256MB,3105,1116.8112418,prim_gemv_cinm1
gemv_256MB,3136,3140.3542736,prim_gemv_cinm1
gemv_256MB,3167,3135.3461847,prim_gemv_cinm1
gemv_256MB,3198,1110.3057727,prim_gemv_cinm1
gemv_256MB,3229,1106.0215601,prim_gemv_cinm1
gemv_256MB,3260,1137.6650404000002,prim_gemv_cinm1
gemv_256MB,3291,1107.6026625999998,prim_gemv_cinm1
gemv_256MB,3322,1589.1649556,prim_gemv_cinm1
gemv_256MB,3353,1123.1445041,prim_gemv_cinm1
gemv_256MB,3384,1136.4189182,prim_gemv_cinm1
gemv_256MB,3415,1144.2269977,prim_gemv_cinm1
gemv_256MB,3446,1121.6563042999999,prim_gemv_cinm1
gemv_256MB,3477,2537.1511263,prim_gemv_cinm1
gemv_256MB,3508,1108.7841767999998,prim_gemv_cinm1
gemv_256MB,3539,1143.6300455,prim_gemv_cinm1
gemv_256MB,3570,1105.7376182,prim_gemv_cinm1
gemv_256MB,3601,3131.321433,prim_gemv_cinm1
gemv_256MB,3632,1112.4093235,prim_gemv_cinm1
gemv_256MB,3663,3141.3137626,prim_gemv_cinm1
gemv_256MB,3694,3120.0933305,prim_gemv_cinm1
gemv_256MB,3725,1107.029688,prim_gemv_cinm1
gemv_256MB,3756,1106.0805762999998,prim_gemv_cinm1
gemv_256MB,3787,2536.0792061999996,prim_gemv_cinm1
gemv_256MB,3818,3149.7284222,prim_gemv_cinm1
gemv_256MB,3849,1117.2089,prim_gemv_cinm1
gemv_256MB,3880,1119.703986,prim_gemv_cinm1
gemv_256MB,3911,1231.995379,prim_gemv_cinm1
gemv_256MB,3942,1104.5344559,prim_gemv_cinm1
gemv_256MB,3973,1170.3685662999999,prim_gemv_cinm1
gemv_256MB,4004,1168.657666,prim_gemv_cinm1
gemv_4MB,67,17.820548199999998,prim_gemv_cinm1
gemv_4MB,98,28.8379665,prim_gemv_cinm1
gemv_4MB,129,33.4049967,prim_gemv_cinm1
gemv_4MB,160,17.9102188,prim_gemv_cinm1
gemv_4MB,191,32.3488699,prim_gemv_cinm1
gemv_4MB,222,19.092439300000002,prim_gemv_cinm1
gemv_4MB,253,17.4557364,prim_gemv_cinm1
gemv_4MB,284,20.7271379,prim_gemv_cinm1
gemv_4MB,315,20.025389399999998,prim_gemv_cinm1
gemv_4MB,346,32.7642775,prim_gemv_cinm1
gemv_4MB,377,16.6251245,prim_gemv_cinm1
gemv_4MB,408,20.3868452,prim_gemv_cinm1
gemv_4MB,439,20.3523663,prim_gemv_cinm1
gemv_4MB,470,32.4701072,prim_gemv_cinm1
gemv_4MB,501,18.0351192,prim_gemv_cinm1
gemv_4MB,532,19.958625,prim_gemv_cinm1
gemv_4MB,563,17.6971684,prim_gemv_cinm1
gemv_4MB,594,25.4143431,prim_gemv_cinm1
gemv_4MB,625,20.4718675,prim_gemv_cinm1
gemv_4MB,656,31.3476632,prim_gemv_cinm1
gemv_4MB,687,33.1520623,prim_gemv_cinm1
gemv_4MB,718,21.1368261,prim_gemv_cinm1
gemv_4MB,749,32.4983332,prim_gemv_cinm1
gemv_4MB,780,21.1944019,prim_gemv_cinm1
gemv_4MB,811,20.161634600000003,prim_gemv_cinm1
gemv_4MB,842,20.4556024,prim_gemv_cinm1
gemv_4MB,873,25.3776807,prim_gemv_cinm1
gemv_4MB,904,20.079532,prim_gemv_cinm1
gemv_4MB,935,24.5223572,prim_gemv_cinm1
gemv_4MB,966,19.2526687,prim_gemv_cinm1
gemv_4MB,997,20.415351,prim_gemv_cinm1
gemv_4MB,1028,20.1582468,prim_gemv_cinm1
gemv_4MB,1059,20.4390268,prim_gemv_cinm1
gemv_4MB,1090,18.8587555,prim_gemv_cinm1
gemv_4MB,1121,20.7225873,prim_gemv_cinm1
gemv_4MB,1152,20.5467257,prim_gemv_cinm1
gemv_4MB,1183,20.0393088,prim_gemv_cinm1
gemv_4MB,1214,26.534582,prim_gemv_cinm1
gemv_4MB,1245,17.743784,prim_gemv_cinm1
gemv_4MB,1276,21.5541672,prim_gemv_cinm1
gemv_4MB,1307,42.563430100000005,prim_gemv_cinm1
gemv_4MB,1338,21.6329739,prim_gemv_cinm1
gemv_4MB,1369,19.2036728,prim_gemv_cinm1
gemv_4MB,1400,21.1329294,prim_gemv_cinm1
gemv_4MB,1431,33.0380002,prim_gemv_cinm1
gemv_4MB,1462,19.3936897,prim_gemv_cinm1
gemv_4MB,1493,20.582608,prim_gemv_cinm1
gemv_4MB,1524,26.7285339,prim_gemv_cinm1
gemv_4MB,1555,18.029175300000002,prim_gemv_cinm1
gemv_4MB,1586,26.831863100000003,prim_gemv_cinm1
gemv_4MB,1617,27.0967993,prim_gemv_cinm1
gemv_4MB,1648,48.185657899999995,prim_gemv_cinm1
gemv_4MB,1679,41.577513700000004,prim_gemv_cinm1
gemv_4MB,1710,16.9437695,prim_gemv_cinm1
gemv_4MB,1741,32.769654,prim_gemv_cinm1
gemv_4MB,1772,21.512077,prim_gemv_cinm1
gemv_4MB,1803,16.8491118,prim_gemv_cinm1
gemv_4MB,1834,43.1073966,prim_gemv_cinm1
gemv_4MB,1865,29.524281100000003,prim_gemv_cinm1
gemv_4MB,1896,21.5697145,prim_gemv_cinm1
gemv_4MB,1927,21.307774,prim_gemv_cinm1
gemv_4MB,1958,18.4994632,prim_gemv_cinm1
gemv_4MB,1989,26.0776814,prim_gemv_cinm1
gemv_4MB,2020,17.696105600000003,prim_gemv_cinm1
gemv_4MB,2051,19.6621583,prim_gemv_cinm1
gemv_4MB,2082,20.5398785,prim_gemv_cinm1
gemv_4MB,2113,19.3526892,prim_gemv_cinm1
gemv_4MB,2144,21.322238300000002,prim_gemv_cinm1
gemv_4MB,2175,32.559273600000004,prim_gemv_cinm1
gemv_4MB,2206,20.6069045,prim_gemv_cinm1
gemv_4MB,2237,24.7453859,prim_gemv_cinm1
gemv_4MB,2268,20.332709100000002,prim_gemv_cinm1
gemv_4MB,2299,21.4598486,prim_gemv_cinm1
gemv_4MB,2330,22.7651933,prim_gemv_cinm1
gemv_4MB,2361,21.0256954,prim_gemv_cinm1
gemv_4MB,2392,31.5752454,prim_gemv_cinm1
gemv_4MB,2423,20.0195033,prim_gemv_cinm1
gemv_4MB,2454,19.8746959,prim_gemv_cinm1
gemv_4MB,2485,20.1518999,prim_gemv_cinm1
gemv_4MB,2516,47.1420725,prim_gemv_cinm1
gemv_4MB,2547,19.89479,prim_gemv_cinm1
gemv_4MB,2578,19.490334100000002,prim_gemv_cinm1
gemv_4MB,2609,20.9190511,prim_gemv_cinm1
gemv_4MB,2640,19.5234755,prim_gemv_cinm1
gemv_4MB,2671,21.3359785,prim_gemv_cinm1
gemv_4MB,2702,20.631290399999997,prim_gemv_cinm1
gemv_4MB,2733,30.9236452,prim_gemv_cinm1
gemv_4MB,2764,29.7290938,prim_gemv_cinm1
gemv_4MB,2795,21.4708662,prim_gemv_cinm1
gemv_4MB,2826,19.313933,prim_gemv_cinm1
gemv_4MB,2857,19.4497072,prim_gemv_cinm1
gemv_4MB,2888,19.578353800000002,prim_gemv_cinm1
gemv_4MB,2919,21.6029652,prim_gemv_cinm1
gemv_4MB,2950,20.7076458,prim_gemv_cinm1
gemv_4MB,2981,19.753430899999998,prim_gemv_cinm1
gemv_4MB,3012,20.3369769,prim_gemv_cinm1
gemv_4MB,3043,20.2476661,prim_gemv_cinm1
gemv_4MB,3074,28.802360699999998,prim_gemv_cinm1
gemv_4MB,3105,27.1825383,prim_gemv_cinm1
gemv_4MB,3136,21.2867953,prim_gemv_cinm1
gemv_4MB,3167,19.5763572,prim_gemv_cinm1
gemv_4MB,3198,28.4416719,prim_gemv_cinm1
gemv_4MB,3229,21.238497199999998,prim_gemv_cinm1
gemv_4MB,3260,20.2285046,prim_gemv_cinm1
gemv_4MB,3291,24.560602600000003,prim_gemv_cinm1
gemv_4MB,3322,21.4981858,prim_gemv_cinm1
gemv_4MB,3353,19.9327455,prim_gemv_cinm1
gemv_4MB,3384,20.3088877,prim_gemv_cinm1
gemv_4MB,3415,50.247269,prim_gemv_cinm1
gemv_4MB,3446,28.8524402,prim_gemv_cinm1
gemv_4MB,3477,27.110333699999998,prim_gemv_cinm1
gemv_4MB,3508,20.4186834,prim_gemv_cinm1
gemv_4MB,3539,21.0266053,prim_gemv_cinm1
gemv_4MB,3570,19.846066,prim_gemv_cinm1
gemv_4MB,3601,22.0681245,prim_gemv_cinm1
gemv_4MB,3632,21.4405638,prim_gemv_cinm1
gemv_4MB,3663,20.0316372,prim_gemv_cinm1
gemv_4MB,3694,21.4378082,prim_gemv_cinm1
gemv_4MB,3725,23.0441563,prim_gemv_cinm1
gemv_4MB,3756,23.9048579,prim_gemv_cinm1
gemv_4MB,3787,20.2247446,prim_gemv_cinm1
gemv_4MB,3818,19.5947088,prim_gemv_cinm1
gemv_4MB,3849,17.919611600000003,prim_gemv_cinm1
gemv_4MB,3880,30.160896,prim_gemv_cinm1
gemv_4MB,3911,19.666609100000002,prim_gemv_cinm1
gemv_4MB,3942,27.5776995,prim_gemv_cinm1
gemv_4MB,3973,21.7633209,prim_gemv_cinm1
gemv_4MB,4004,20.7083915,prim_gemv_cinm1
gemv_512MB,67,2252.2883546999997,prim_gemv_cinm1
gemv_512MB,98,2173.8017345,prim_gemv_cinm1
gemv_512MB,129,2284.7748076999997,prim_gemv_cinm1
gemv_512MB,160,6819.231158899999,prim_gemv_cinm1
gemv_512MB,191,3411.4130063000002,prim_gemv_cinm1
gemv_512MB,222,2192.1733921,prim_gemv_cinm1
gemv_512MB,253,3425.849201,prim_gemv_cinm1
gemv_512MB,284,2217.3344733000004,prim_gemv_cinm1
gemv_512MB,315,2221.7148153000003,prim_gemv_cinm1
gemv_512MB,346,2217.5580185999997,prim_gemv_cinm1
gemv_512MB,377,2217.5992209,prim_gemv_cinm1
gemv_512MB,408,5499.4067857,prim_gemv_cinm1
gemv_512MB,439,2214.3849117,prim_gemv_cinm1
gemv_512MB,470,3318.6068464,prim_gemv_cinm1
gemv_512MB,501,6407.075536,prim_gemv_cinm1
gemv_512MB,532,5494.1674877,prim_gemv_cinm1
gemv_512MB,563,6425.7843723999995,prim_gemv_cinm1
gemv_512MB,594,2182.1403246,prim_gemv_cinm1
gemv_512MB,625,3311.9461544,prim_gemv_cinm1
gemv_512MB,656,2203.6184842,prim_gemv_cinm1
gemv_512MB,687,2275.1520167,prim_gemv_cinm1
gemv_512MB,718,2241.4466275,prim_gemv_cinm1
gemv_512MB,749,2180.8779724,prim_gemv_cinm1
gemv_512MB,780,2251.87331,prim_gemv_cinm1
gemv_512MB,811,2260.9246567,prim_gemv_cinm1
gemv_512MB,842,2235.371821,prim_gemv_cinm1
gemv_512MB,873,5484.088478199999,prim_gemv_cinm1
gemv_512MB,904,2188.4823650999997,prim_gemv_cinm1
gemv_512MB,935,2198.547104,prim_gemv_cinm1
gemv_512MB,966,3318.2031755,prim_gemv_cinm1
gemv_512MB,997,2223.8263848,prim_gemv_cinm1
gemv_512MB,1028,5901.9999368,prim_gemv_cinm1
gemv_512MB,1059,2336.94208,prim_gemv_cinm1
gemv_512MB,1090,2239.9402186999996,prim_gemv_cinm1
gemv_512MB,1121,2226.5181083,prim_gemv_cinm1
gemv_512MB,1152,2214.3779605,prim_gemv_cinm1
gemv_512MB,1183,2211.3769146,prim_gemv_cinm1
gemv_512MB,1214,2219.419069,prim_gemv_cinm1
gemv_512MB,1245,2394.1324666,prim_gemv_cinm1
gemv_512MB,1276,2228.6923419,prim_gemv_cinm1
gemv_512MB,1307,2234.4655349,prim_gemv_cinm1
gemv_512MB,1338,2199.9654315,prim_gemv_cinm1
gemv_512MB,1369,2447.4643366,prim_gemv_cinm1
gemv_512MB,1400,2382.6089491999996,prim_gemv_cinm1
gemv_512MB,1431,2212.1281085,prim_gemv_cinm1
gemv_512MB,1462,2222.3430948,prim_gemv_cinm1
gemv_512MB,1493,2234.68516,prim_gemv_cinm1
gemv_512MB,1524,3421.4061689,prim_gemv_cinm1
gemv_512MB,1555,2280.3529605,prim_gemv_cinm1
gemv_512MB,1586,2228.768373,prim_gemv_cinm1
gemv_512MB,1617,2365.9993551999996,prim_gemv_cinm1
gemv_512MB,1648,2281.7067645,prim_gemv_cinm1
gemv_512MB,1679,2234.884691,prim_gemv_cinm1
gemv_512MB,1710,6851.097965,prim_gemv_cinm1
gemv_512MB,1741,2209.7982814,prim_gemv_cinm1
gemv_512MB,1772,2220.4759194000003,prim_gemv_cinm1
gemv_512MB,1803,2287.8712401999996,prim_gemv_cinm1
gemv_512MB,1834,2229.5125669,prim_gemv_cinm1
gemv_512MB,1865,2278.8512219,prim_gemv_cinm1
gemv_512MB,1896,2295.0229171,prim_gemv_cinm1
gemv_512MB,1927,6835.6023507,prim_gemv_cinm1
gemv_512MB,1958,3414.5402154000003,prim_gemv_cinm1
gemv_512MB,1989,2212.6296171,prim_gemv_cinm1
gemv_512MB,2020,2242.414463,prim_gemv_cinm1
gemv_512MB,2051,6041.2046268,prim_gemv_cinm1
gemv_512MB,2082,5917.8049015,prim_gemv_cinm1
gemv_512MB,2113,2309.8193277,prim_gemv_cinm1
gemv_512MB,2144,2223.7490203,prim_gemv_cinm1
gemv_512MB,2175,2233.6470761,prim_gemv_cinm1
gemv_512MB,2206,2277.5508708,prim_gemv_cinm1
gemv_512MB,2237,2211.9791154,prim_gemv_cinm1
gemv_512MB,2268,2279.579771,prim_gemv_cinm1
gemv_512MB,2299,6824.7681418,prim_gemv_cinm1
gemv_512MB,2330,2224.5672617,prim_gemv_cinm1
gemv_512MB,2361,2266.5547488,prim_gemv_cinm1
gemv_512MB,2392,2223.8539113,prim_gemv_cinm1
gemv_512MB,2423,6851.7118854,prim_gemv_cinm1
gemv_512MB,2454,6791.5864148,prim_gemv_cinm1
gemv_512MB,2485,2297.4831098,prim_gemv_cinm1
gemv_512MB,2516,2227.7873493,prim_gemv_cinm1
gemv_512MB,2547,2371.2699660999997,prim_gemv_cinm1
gemv_512MB,2578,6769.8470482,prim_gemv_cinm1
gemv_512MB,2609,2283.5429045,prim_gemv_cinm1
gemv_512MB,2640,2241.2973942,prim_gemv_cinm1
gemv_512MB,2671,2392.8285306,prim_gemv_cinm1
gemv_512MB,2702,2208.3188507,prim_gemv_cinm1
gemv_512MB,2733,6838.428150600001,prim_gemv_cinm1
gemv_512MB,2764,2287.604948,prim_gemv_cinm1
gemv_512MB,2795,2213.9843849,prim_gemv_cinm1
gemv_512MB,2826,2207.8163611,prim_gemv_cinm1
gemv_512MB,2857,2404.6635840999998,prim_gemv_cinm1
gemv_512MB,2888,2454.0419864,prim_gemv_cinm1
gemv_512MB,2919,6858.8391278,prim_gemv_cinm1
gemv_512MB,2950,2305.1633506999997,prim_gemv_cinm1
gemv_512MB,2981,2210.4354188,prim_gemv_cinm1
gemv_512MB,3012,2209.6082315,prim_gemv_cinm1
gemv_512MB,3043,2326.8537656,prim_gemv_cinm1
gemv_512MB,3074,2231.9075279,prim_gemv_cinm1
gemv_512MB,3105,2243.6513674000003,prim_gemv_cinm1
gemv_512MB,3136,2234.2672648000002,prim_gemv_cinm1
gemv_512MB,3167,2215.8604735,prim_gemv_cinm1
gemv_512MB,3198,5876.482714,prim_gemv_cinm1
gemv_512MB,3229,2375.7391325999997,prim_gemv_cinm1
gemv_512MB,3260,2283.2832231999996,prim_gemv_cinm1
gemv_512MB,3291,2317.2129795,prim_gemv_cinm1
gemv_512MB,3322,2213.9835682,prim_gemv_cinm1
gemv_512MB,3353,2325.4884258,prim_gemv_cinm1
gemv_512MB,3384,2373.9079075,prim_gemv_cinm1
gemv_512MB,3415,2289.8687759,prim_gemv_cinm1
gemv_512MB,3446,2228.8943493,prim_gemv_cinm1
gemv_512MB,3477,2220.579723,prim_gemv_cinm1
gemv_512MB,3508,2243.4327474,prim_gemv_cinm1
gemv_512MB,3539,6856.019018800001,prim_gemv_cinm1
gemv_512MB,3570,2205.1852172,prim_gemv_cinm1
gemv_512MB,3601,2220.2452981,prim_gemv_cinm1
gemv_512MB,3632,2220.6844804,prim_gemv_cinm1
gemv_512MB,3663,2217.3467247,prim_gemv_cinm1
gemv_512MB,3694,6853.1790803,prim_gemv_cinm1
gemv_512MB,3725,2250.0976338,prim_gemv_cinm1
gemv_512MB,3756,2398.5076256999996,prim_gemv_cinm1
gemv_512MB,3787,5484.407346,prim_gemv_cinm1
gemv_512MB,3818,2184.3706379,prim_gemv_cinm1
gemv_512MB,3849,2394.1932891,prim_gemv_cinm1
gemv_512MB,3880,2213.4103387,prim_gemv_cinm1
gemv_512MB,3911,2191.1939256,prim_gemv_cinm1
gemv_512MB,3942,6407.8884767,prim_gemv_cinm1
gemv_512MB,3973,2199.6815782,prim_gemv_cinm1
gemv_512MB,4004,2460.6054223,prim_gemv_cinm1
gemv_64MB,67,293.869854,prim_gemv_cinm1
gemv_64MB,98,288.8230645,prim_gemv_cinm1
gemv_64MB,129,298.2455746,prim_gemv_cinm1
gemv_64MB,160,1082.4056597000001,prim_gemv_cinm1
gemv_64MB,191,292.1708742,prim_gemv_cinm1
gemv_64MB,222,309.3923712,prim_gemv_cinm1
gemv_64MB,253,385.18766889999995,prim_gemv_cinm1
gemv_64MB,284,295.0216407,prim_gemv_cinm1
gemv_64MB,315,322.2472541,prim_gemv_cinm1
gemv_64MB,346,298.4293772,prim_gemv_cinm1
gemv_64MB,377,294.44647089999995,prim_gemv_cinm1
gemv_64MB,408,290.7086192,prim_gemv_cinm1
gemv_64MB,439,363.7620778,prim_gemv_cinm1
gemv_64MB,470,302.7240201,prim_gemv_cinm1
gemv_64MB,501,293.65549339999995,prim_gemv_cinm1
gemv_64MB,532,293.9631078,prim_gemv_cinm1
gemv_64MB,563,301.48762289999996,prim_gemv_cinm1
gemv_64MB,594,288.92637110000004,prim_gemv_cinm1
gemv_64MB,625,291.5884344,prim_gemv_cinm1
gemv_64MB,656,290.76755,prim_gemv_cinm1
gemv_64MB,687,294.55816389999995,prim_gemv_cinm1
gemv_64MB,718,291.2105514,prim_gemv_cinm1
gemv_64MB,749,296.37529639999997,prim_gemv_cinm1
gemv_64MB,780,315.1886131,prim_gemv_cinm1
gemv_64MB,811,292.2149848,prim_gemv_cinm1
gemv_64MB,842,315.691188,prim_gemv_cinm1
gemv_64MB,873,296.31257589999996,prim_gemv_cinm1
gemv_64MB,904,295.5531322,prim_gemv_cinm1
gemv_64MB,935,780.3923843,prim_gemv_cinm1
gemv_64MB,966,292.90819780000004,prim_gemv_cinm1
gemv_64MB,997,302.8479588,prim_gemv_cinm1
gemv_64MB,1028,291.4809067,prim_gemv_cinm1
gemv_64MB,1090,292.23459030000004,prim_gemv_cinm1
gemv_64MB,1121,294.1842564,prim_gemv_cinm1
gemv_64MB,1152,781.0161152999999,prim_gemv_cinm1
gemv_64MB,1183,296.0702023,prim_gemv_cinm1
gemv_64MB,1214,303.5917533,prim_gemv_cinm1
gemv_64MB,1245,365.8947422,prim_gemv_cinm1
gemv_64MB,1276,291.3958962,prim_gemv_cinm1
gemv_64MB,1307,303.7600197,prim_gemv_cinm1
gemv_64MB,1338,304.94165219999996,prim_gemv_cinm1
gemv_64MB,1369,299.9799145,prim_gemv_cinm1
gemv_64MB,1400,300.29109719999997,prim_gemv_cinm1
gemv_64MB,1431,290.7395939,prim_gemv_cinm1
gemv_64MB,1462,302.8487452,prim_gemv_cinm1
gemv_64MB,1493,313.7268564,prim_gemv_cinm1
gemv_64MB,1524,483.3999511,prim_gemv_cinm1
gemv_64MB,1555,774.9943794,prim_gemv_cinm1
gemv_64MB,1586,302.17330089999996,prim_gemv_cinm1
gemv_64MB,1617,295.8368488,prim_gemv_cinm1
gemv_64MB,1648,297.9650141,prim_gemv_cinm1
gemv_64MB,1679,295.2241285,prim_gemv_cinm1
gemv_64MB,1710,297.2176937,prim_gemv_cinm1
gemv_64MB,1741,535.330956,prim_gemv_cinm1
gemv_64MB,1772,293.08241039999996,prim_gemv_cinm1
gemv_64MB,1803,303.0701009,prim_gemv_cinm1
gemv_64MB,1834,291.20505310000004,prim_gemv_cinm1
gemv_64MB,1865,312.9904109,prim_gemv_cinm1
gemv_64MB,1896,301.3931523,prim_gemv_cinm1
gemv_64MB,1927,311.4668805,prim_gemv_cinm1
gemv_64MB,1958,337.0583748,prim_gemv_cinm1
gemv_64MB,1989,291.618604,prim_gemv_cinm1
gemv_64MB,2020,299.1753148,prim_gemv_cinm1
gemv_64MB,2051,300.4133712,prim_gemv_cinm1
gemv_64MB,2082,289.44158589999995,prim_gemv_cinm1
gemv_64MB,2113,302.2255212,prim_gemv_cinm1
gemv_64MB,2144,473.04412360000003,prim_gemv_cinm1
gemv_64MB,2175,289.32381410000005,prim_gemv_cinm1
gemv_64MB,2206,324.0971998,prim_gemv_cinm1
gemv_64MB,2237,304.1578025,prim_gemv_cinm1
gemv_64MB,2268,305.2442584,prim_gemv_cinm1
gemv_64MB,2299,309.2627545,prim_gemv_cinm1
gemv_64MB,2330,592.0301087,prim_gemv_cinm1
gemv_64MB,2361,305.3352123,prim_gemv_cinm1
gemv_64MB,2392,307.1800205,prim_gemv_cinm1
gemv_64MB,2423,304.0009887,prim_gemv_cinm1
gemv_64MB,2454,312.4513585,prim_gemv_cinm1
gemv_64MB,2485,595.2333638,prim_gemv_cinm1
gemv_64MB,2516,317.1517708,prim_gemv_cinm1
gemv_64MB,2547,314.1286355,prim_gemv_cinm1
gemv_64MB,2578,295.6289339,prim_gemv_cinm1
gemv_64MB,2609,304.17085260000005,prim_gemv_cinm1
gemv_64MB,2640,309.55046,prim_gemv_cinm1
gemv_64MB,2671,384.5160733,prim_gemv_cinm1
gemv_64MB,2702,303.17908969999996,prim_gemv_cinm1
gemv_64MB,2733,301.42120339999997,prim_gemv_cinm1
gemv_64MB,2764,305.48179289999996,prim_gemv_cinm1
gemv_64MB,2795,302.6871285,prim_gemv_cinm1
gemv_64MB,2826,305.4143728,prim_gemv_cinm1
gemv_64MB,2857,292.9339221,prim_gemv_cinm1
gemv_64MB,2888,304.2437394,prim_gemv_cinm1
gemv_64MB,2919,304.12941839999996,prim_gemv_cinm1
gemv_64MB,2950,303.5101709,prim_gemv_cinm1
gemv_64MB,2981,591.3449937,prim_gemv_cinm1
gemv_64MB,3012,303.9082317,prim_gemv_cinm1
gemv_64MB,3043,384.772458,prim_gemv_cinm1
gemv_64MB,3074,307.6284824,prim_gemv_cinm1
gemv_64MB,3105,307.34135330000004,prim_gemv_cinm1
gemv_64MB,3136,824.3758726,prim_gemv_cinm1
gemv_64MB,3167,307.11983630000003,prim_gemv_cinm1
gemv_64MB,3198,313.5221505,prim_gemv_cinm1
gemv_64MB,3229,832.7757695,prim_gemv_cinm1
gemv_64MB,3260,303.5724521,prim_gemv_cinm1
gemv_64MB,3291,304.1330569,prim_gemv_cinm1
gemv_64MB,3322,307.2144271,prim_gemv_cinm1
gemv_64MB,3353,309.2814535,prim_gemv_cinm1
gemv_64MB,3384,305.4020389,prim_gemv_cinm1
gemv_64MB,3415,829.2444257000001,prim_gemv_cinm1
gemv_64MB,3446,306.1710344,prim_gemv_cinm1
gemv_64MB,3477,305.3234127,prim_gemv_cinm1
gemv_64MB,3508,305.3773475,prim_gemv_cinm1
gemv_64MB,3539,828.4301385,prim_gemv_cinm1
gemv_64MB,3570,300.7785924,prim_gemv_cinm1
gemv_64MB,3601,318.8370871,prim_gemv_cinm1
gemv_64MB,3632,302.7299501,prim_gemv_cinm1
gemv_64MB,3663,305.5708095,prim_gemv_cinm1
gemv_64MB,3694,313.7007779,prim_gemv_cinm1
gemv_64MB,3725,300.06012239999995,prim_gemv_cinm1
gemv_64MB,3756,831.6127075,prim_gemv_cinm1
gemv_64MB,3787,384.5563363,prim_gemv_cinm1
gemv_64MB,3818,302.9205894,prim_gemv_cinm1
gemv_64MB,3849,315.0806996,prim_gemv_cinm1
gemv_64MB,3880,583.6741804,prim_gemv_cinm1
gemv_64MB,3911,318.7514228,prim_gemv_cinm1
gemv_64MB,3942,299.42593339999996,prim_gemv_cinm1
gemv_64MB,3973,301.9982525,prim_gemv_cinm1
gemv_64MB,4004,476.5753275,prim_gemv_cinm1
red_256MB,67,4104.9274362,prim_red_cinm2_ca400
red_256MB,98,5325.860159899999,prim_red_cinm2_ca400
red_256MB,129,3660.4477365,prim_red_cinm2_ca400
red_256MB,160,3866.9378180999997,prim_red_cinm2_ca400
red_256MB,191,3804.3100421999998,prim_red_cinm2_ca400
red_256MB,222,3734.8208423,prim_red_cinm2_ca400
red_256MB,253,3755.1224888,prim_red_cinm2_ca400
red_256MB,284,4167.1476891,prim_red_cinm2_ca400
red_256MB,315,5093.9592987,prim_red_cinm2_ca400
red_256MB,346,4004.1368561,prim_red_cinm2_ca400
red_256MB,377,4019.6844684000002,prim_red_cinm2_ca400
red_256MB,408,4013.6365568,prim_red_cinm2_ca400
red_256MB,439,4063.3507001999997,prim_red_cinm2_ca400
red_256MB,470,3918.7089401,prim_red_cinm2_ca400
red_256MB,501,3993.3797131,prim_red_cinm2_ca400
red_256MB,532,4052.8857674,prim_red_cinm2_ca400
red_256MB,563,4078.9661178,prim_red_cinm2_ca400
red_256MB,594,3949.9699388000004,prim_red_cinm2_ca400
red_256MB,625,3907.7459215,prim_red_cinm2_ca400
red_256MB,656,5448.014477899999,prim_red_cinm2_ca400
red_256MB,687,3929.3616713,prim_red_cinm2_ca400
red_256MB,718,4095.9548022,prim_red_cinm2_ca400
red_256MB,749,4049.8118898000002,prim_red_cinm2_ca400
red_256MB,780,3992.868961,prim_red_cinm2_ca400
red_256MB,811,4094.6000428,prim_red_cinm2_ca400
red_256MB,842,5449.444880399999,prim_red_cinm2_ca400
red_256MB,873,4146.5888625,prim_red_cinm2_ca400
red_256MB,904,4071.2661009000003,prim_red_cinm2_ca400
red_256MB,935,3994.0234843000003,prim_red_cinm2_ca400
red_256MB,966,5231.6018061,prim_red_cinm2_ca400
red_256MB,997,4008.7435633,prim_red_cinm2_ca400
red_256MB,1028,3652.5814579000003,prim_red_cinm2_ca400
red_256MB,1059,5076.1053875,prim_red_cinm2_ca400
red_256MB,1090,3681.4306401,prim_red_cinm2_ca400
red_256MB,1121,3716.2355323,prim_red_cinm2_ca400
red_256MB,1152,3632.8618588000004,prim_red_cinm2_ca400
red_256MB,1183,5216.1461687,prim_red_cinm2_ca400
red_256MB,1214,3844.4528268000004,prim_red_cinm2_ca400
red_256MB,1245,3734.1642599,prim_red_cinm2_ca400
red_256MB,1276,3744.4284208000004,prim_red_cinm2_ca400
red_256MB,1307,3821.8872269000003,prim_red_cinm2_ca400
red_256MB,1338,4009.2495876,prim_red_cinm2_ca400
red_256MB,1369,3847.7141959,prim_red_cinm2_ca400
red_256MB,1400,3648.6860368000002,prim_red_cinm2_ca400
red_256MB,1431,3673.9000837,prim_red_cinm2_ca400
red_256MB,1462,3728.0095257,prim_red_cinm2_ca400
red_256MB,1493,3774.3393936999996,prim_red_cinm2_ca400
red_256MB,1524,3609.2781909,prim_red_cinm2_ca400
red_256MB,1555,3583.4791054,prim_red_cinm2_ca400
red_256MB,1586,3676.051294,prim_red_cinm2_ca400
red_256MB,1617,3643.9904933000003,prim_red_cinm2_ca400
red_256MB,1648,3560.9361623,prim_red_cinm2_ca400
red_256MB,1679,5085.3085476999995,prim_red_cinm2_ca400
red_256MB,1710,3721.602129,prim_red_cinm2_ca400
red_256MB,1741,3690.8330825,prim_red_cinm2_ca400
red_256MB,1772,3758.8509807,prim_red_cinm2_ca400
red_256MB,1803,4915.6045235,prim_red_cinm2_ca400
red_256MB,1834,3763.5160058,prim_red_cinm2_ca400
red_256MB,1865,3571.4821195,prim_red_cinm2_ca400
red_256MB,1896,5036.8842882,prim_red_cinm2_ca400
red_256MB,1927,3848.5903649,prim_red_cinm2_ca400
red_256MB,1958,3800.8554286999997,prim_red_cinm2_ca400
red_256MB,1989,3662.3599701,prim_red_cinm2_ca400
red_256MB,2020,3744.4652896999996,prim_red_cinm2_ca400
red_256MB,2051,3639.4458974,prim_red_cinm2_ca400
red_256MB,2082,3820.2492786,prim_red_cinm2_ca400
red_256MB,2113,3743.299978,prim_red_cinm2_ca400
red_256MB,2144,3720.1755495,prim_red_cinm2_ca400
red_256MB,2175,3775.5855205,prim_red_cinm2_ca400
red_256MB,2206,3886.5107751,prim_red_cinm2_ca400
red_256MB,2237,3725.5738032,prim_red_cinm2_ca400
red_256MB,2268,5119.5166772,prim_red_cinm2_ca400
red_256MB,2299,5220.1143045,prim_red_cinm2_ca400
red_256MB,2330,3640.8391675,prim_red_cinm2_ca400
red_256MB,2361,3748.7978846,prim_red_cinm2_ca400
red_256MB,2392,4791.107190899999,prim_red_cinm2_ca400
red_256MB,2423,5054.091042399999,prim_red_cinm2_ca400
red_256MB,2454,3849.1986969,prim_red_cinm2_ca400
red_256MB,2485,3704.3085057,prim_red_cinm2_ca400
red_256MB,2516,3789.6043923,prim_red_cinm2_ca400
red_256MB,2547,3873.6781157,prim_red_cinm2_ca400
red_256MB,2578,5062.972057800001,prim_red_cinm2_ca400
red_256MB,2609,4023.0586983000003,prim_red_cinm2_ca400
red_256MB,2640,4018.592865,prim_red_cinm2_ca400
red_256MB,2671,3730.1300144,prim_red_cinm2_ca400
red_256MB,2702,3959.5671694000002,prim_red_cinm2_ca400
red_256MB,2733,5095.7138034,prim_red_cinm2_ca400
red_256MB,2764,3956.2179960999997,prim_red_cinm2_ca400
red_256MB,2795,4148.837582300001,prim_red_cinm2_ca400
red_256MB,2826,4103.6495152,prim_red_cinm2_ca400
red_256MB,2857,3863.9453423,prim_red_cinm2_ca400
red_256MB,2888,3903.0114985,prim_red_cinm2_ca400
red_256MB,2919,3966.0199434,prim_red_cinm2_ca400
red_256MB,2950,4991.9386331999995,prim_red_cinm2_ca400
red_256MB,2981,3588.1906335999997,prim_red_cinm2_ca400
red_256MB,3012,3694.3228398,prim_red_cinm2_ca400
red_256MB,3043,5331.2017129,prim_red_cinm2_ca400
red_256MB,3074,4008.5553699,prim_red_cinm2_ca400
red_256MB,3105,5448.811031,prim_red_cinm2_ca400
red_256MB,3136,4326.4311478,prim_red_cinm2_ca400
red_256MB,3167,5273.4546198,prim_red_cinm2_ca400
red_256MB,3198,5316.7988191,prim_red_cinm2_ca400
red_256MB,3229,3900.5962918,prim_red_cinm2_ca400
red_256MB,3260,3858.8458696999996,prim_red_cinm2_ca400
red_256MB,3291,5398.669504,prim_red_cinm2_ca400
red_256MB,3322,3992.6360533,prim_red_cinm2_ca400
red_256MB,3353,5394.832509100001,prim_red_cinm2_ca400
red_256MB,3384,5273.9121005,prim_red_cinm2_ca400
red_256MB,3415,4016.5765572,prim_red_cinm2_ca400
red_256MB,3446,3951.4567334000003,prim_red_cinm2_ca400
red_256MB,3477,3963.5555547,prim_red_cinm2_ca400
red_256MB,3508,4137.1763545,prim_red_cinm2_ca400
red_256MB,3539,3898.1878131,prim_red_cinm2_ca400
red_256MB,3570,4006.3929862,prim_red_cinm2_ca400
red_256MB,3601,4064.8069895999997,prim_red_cinm2_ca400
red_256MB,3632,4166.414785800001,prim_red_cinm2_ca400
red_256MB,3663,5091.7214759,prim_red_cinm2_ca400
red_256MB,3694,3784.6249571999997,prim_red_cinm2_ca400
red_256MB,3725,4100.2236222,prim_red_cinm2_ca400
red_256MB,3756,3985.2833235,prim_red_cinm2_ca400
red_256MB,3787,5265.9929419,prim_red_cinm2_ca400
red_256MB,3818,4049.5270831999997,prim_red_cinm2_ca400
red_256MB,3849,5389.919408600001,prim_red_cinm2_ca400
red_256MB,3880,3999.2690702,prim_red_cinm2_ca400
red_256MB,3911,3841.3198496,prim_red_cinm2_ca400
red_256MB,3942,5363.3365217,prim_red_cinm2_ca400
red_256MB,3973,3826.2350622,prim_red_cinm2_ca400
red_256MB,4004,5345.3255138,prim_red_cinm2_ca400
red_4MB,67,2.8693086,prim_red_cinm2_ca400
red_4MB,98,3.5511009,prim_red_cinm2_ca400
red_4MB,129,3.1440416,prim_red_cinm2_ca400
red_4MB,160,3.7568113999999997,prim_red_cinm2_ca400
red_4MB,191,3.2101902,prim_red_cinm2_ca400
red_4MB,222,3.2237106,prim_red_cinm2_ca400
red_4MB,253,3.6865774,prim_red_cinm2_ca400
red_4MB,284,2.87404,prim_red_cinm2_ca400
red_4MB,315,3.0281367,prim_red_cinm2_ca400
red_4MB,346,3.2440945,prim_red_cinm2_ca400
red_4MB,377,3.4405192,prim_red_cinm2_ca400
red_4MB,408,3.6548651000000003,prim_red_cinm2_ca400
red_4MB,439,2.8141602999999997,prim_red_cinm2_ca400
red_4MB,470,3.8525112999999997,prim_red_cinm2_ca400
red_4MB,501,2.8588406,prim_red_cinm2_ca400
red_4MB,532,2.865221,prim_red_cinm2_ca400
red_4MB,563,3.5947439,prim_red_cinm2_ca400
red_4MB,594,3.5036674,prim_red_cinm2_ca400
red_4MB,625,3.7336923,prim_red_cinm2_ca400
red_4MB,656,3.7612299,prim_red_cinm2_ca400
red_4MB,687,3.7487554,prim_red_cinm2_ca400
red_4MB,718,4.4550148,prim_red_cinm2_ca400
red_4MB,749,2.8550326,prim_red_cinm2_ca400
red_4MB,780,3.4926415,prim_red_cinm2_ca400
red_4MB,811,3.6163581000000002,prim_red_cinm2_ca400
red_4MB,842,2.9743584,prim_red_cinm2_ca400
red_4MB,873,3.5746045,prim_red_cinm2_ca400
red_4MB,904,2.8232532999999997,prim_red_cinm2_ca400
red_4MB,935,3.1152406,prim_red_cinm2_ca400
red_4MB,966,3.178855,prim_red_cinm2_ca400
red_4MB,997,3.1363339,prim_red_cinm2_ca400
red_4MB,1028,3.2691034,prim_red_cinm2_ca400
red_4MB,1059,3.6743527,prim_red_cinm2_ca400
red_4MB,1090,3.8529589,prim_red_cinm2_ca400
red_4MB,1121,3.883104,prim_red_cinm2_ca400
red_4MB,1152,3.3767418,prim_red_cinm2_ca400
red_4MB,1183,3.2019827000000003,prim_red_cinm2_ca400
red_4MB,1214,3.7862494,prim_red_cinm2_ca400
red_4MB,1245,3.4302367,prim_red_cinm2_ca400
red_4MB,1276,2.9184688,prim_red_cinm2_ca400
red_4MB,1307,3.2258506000000002,prim_red_cinm2_ca400
red_4MB,1338,3.5391556,prim_red_cinm2_ca400
red_4MB,1369,3.74683,prim_red_cinm2_ca400
red_4MB,1400,3.6068342,prim_red_cinm2_ca400
red_4MB,1431,4.4645022999999995,prim_red_cinm2_ca400
red_4MB,1462,3.5345596,prim_red_cinm2_ca400
red_4MB,1493,3.7513395,prim_red_cinm2_ca400
red_4MB,1524,3.7314629,prim_red_cinm2_ca400
red_4MB,1555,2.9812363,prim_red_cinm2_ca400
red_4MB,1586,2.802063,prim_red_cinm2_ca400
red_4MB,1617,2.8438091,prim_red_cinm2_ca400
red_4MB,1648,3.5398021,prim_red_cinm2_ca400
red_4MB,1679,3.484354,prim_red_cinm2_ca400
red_4MB,1710,3.9230204,prim_red_cinm2_ca400
red_4MB,1741,3.5112257999999996,prim_red_cinm2_ca400
red_4MB,1772,3.5136574,prim_red_cinm2_ca400
red_4MB,1803,2.817767,prim_red_cinm2_ca400
red_4MB,1834,3.4850802,prim_red_cinm2_ca400
red_4MB,1865,3.2192311,prim_red_cinm2_ca400
red_4MB,1896,3.6695302,prim_red_cinm2_ca400
red_4MB,1927,3.6832452,prim_red_cinm2_ca400
red_4MB,1958,3.0525546,prim_red_cinm2_ca400
red_4MB,1989,3.3602746,prim_red_cinm2_ca400
red_4MB,2020,3.6895848,prim_red_cinm2_ca400
red_4MB,2051,3.5449991,prim_red_cinm2_ca400
red_4MB,2082,2.8763494,prim_red_cinm2_ca400
red_4MB,2113,3.066868,prim_red_cinm2_ca400
red_4MB,2144,2.851156,prim_red_cinm2_ca400
red_4MB,2175,3.6278756000000003,prim_red_cinm2_ca400
red_4MB,2206,3.790523,prim_red_cinm2_ca400
red_4MB,2237,3.3972195,prim_red_cinm2_ca400
red_4MB,2268,3.5401567000000003,prim_red_cinm2_ca400
red_4MB,2299,3.4923723,prim_red_cinm2_ca400
red_4MB,2330,3.4651182,prim_red_cinm2_ca400
red_4MB,2361,3.2738492999999997,prim_red_cinm2_ca400
red_4MB,2392,3.4904204,prim_red_cinm2_ca400
red_4MB,2423,2.8097812999999996,prim_red_cinm2_ca400
red_4MB,2454,3.6796744,prim_red_cinm2_ca400
red_4MB,2485,3.540647,prim_red_cinm2_ca400
red_4MB,2516,3.1124722,prim_red_cinm2_ca400
red_4MB,2547,3.3299103,prim_red_cinm2_ca400
red_4MB,2578,4.2407777,prim_red_cinm2_ca400
red_4MB,2609,3.434984,prim_red_cinm2_ca400
red_4MB,2640,3.7672081,prim_red_cinm2_ca400
red_4MB,2702,2.7755318,prim_red_cinm2_ca400
red_4MB,2733,3.6922075,prim_red_cinm2_ca400
red_4MB,2764,2.8188443,prim_red_cinm2_ca400
red_4MB,2795,3.7581607999999997,prim_red_cinm2_ca400
red_4MB,2826,3.6324291,prim_red_cinm2_ca400
red_4MB,2857,3.7746806,prim_red_cinm2_ca400
red_4MB,2888,3.6321597999999997,prim_red_cinm2_ca400
red_4MB,2919,3.1177718999999997,prim_red_cinm2_ca400
red_4MB,2950,3.8525821000000002,prim_red_cinm2_ca400
red_4MB,2981,3.9208515,prim_red_cinm2_ca400
red_4MB,3012,2.822222,prim_red_cinm2_ca400
red_4MB,3043,3.3538178999999997,prim_red_cinm2_ca400
red_4MB,3074,2.9792022,prim_red_cinm2_ca400
red_4MB,3105,3.7350465,prim_red_cinm2_ca400
red_4MB,3136,3.6842049,prim_red_cinm2_ca400
red_4MB,3167,3.1342779,prim_red_cinm2_ca400
red_4MB,3198,2.8335608,prim_red_cinm2_ca400
red_4MB,3229,2.8004086,prim_red_cinm2_ca400
red_4MB,3260,3.8831982000000003,prim_red_cinm2_ca400
red_4MB,3291,2.8420016,prim_red_cinm2_ca400
red_4MB,3322,3.301291,prim_red_cinm2_ca400
red_4MB,3353,2.9620767000000003,prim_red_cinm2_ca400
red_4MB,3384,3.8899605,prim_red_cinm2_ca400
red_4MB,3415,3.0174156,prim_red_cinm2_ca400
red_4MB,3446,2.9651197999999996,prim_red_cinm2_ca400
red_4MB,3477,3.4356597,prim_red_cinm2_ca400
red_4MB,3508,3.6791853,prim_red_cinm2_ca400
red_4MB,3539,3.6314463,prim_red_cinm2_ca400
red_4MB,3570,3.0395854,prim_red_cinm2_ca400
red_4MB,3601,3.6873476000000003,prim_red_cinm2_ca400
red_4MB,3632,3.3910605,prim_red_cinm2_ca400
red_4MB,3663,3.3610264,prim_red_cinm2_ca400
red_4MB,3694,2.8188668999999997,prim_red_cinm2_ca400
red_4MB,3725,3.8968065,prim_red_cinm2_ca400
red_4MB,3756,3.167379,prim_red_cinm2_ca400
red_4MB,3787,2.9152576,prim_red_cinm2_ca400
red_4MB,3818,2.7520183,prim_red_cinm2_ca400
red_4MB,3849,3.3428556,prim_red_cinm2_ca400
red_4MB,3880,3.8102849,prim_red_cinm2_ca400
red_4MB,3911,2.8843431,prim_red_cinm2_ca400
red_4MB,3942,2.901414,prim_red_cinm2_ca400
red_4MB,3973,3.2861781,prim_red_cinm2_ca400
red_4MB,4004,3.7032545,prim_red_cinm2_ca400
red_512MB,98,343.89439539999995,prim_red_cinm2_ca400
red_512MB,284,422.2474993,prim_red_cinm2_ca400
red_512MB,377,324.1768131,prim_red_cinm2_ca400
red_512MB,470,420.8249991,prim_red_cinm2_ca400
red_512MB,501,380.7058353,prim_red_cinm2_ca400
red_512MB,749,385.3062218,prim_red_cinm2_ca400
red_512MB,842,320.17872789999996,prim_red_cinm2_ca400
red_512MB,966,339.8734532,prim_red_cinm2_ca400
red_512MB,1028,343.229317,prim_red_cinm2_ca400
red_512MB,1059,426.2528455,prim_red_cinm2_ca400
red_512MB,1090,315.542802,prim_red_cinm2_ca400
red_512MB,1183,422.530298,prim_red_cinm2_ca400
red_512MB,1214,334.82555160000004,prim_red_cinm2_ca400
red_512MB,1276,295.1906326,prim_red_cinm2_ca400
red_512MB,1307,408.3012697,prim_red_cinm2_ca400
red_512MB,1338,421.0577997,prim_red_cinm2_ca400
red_512MB,1369,423.6433639,prim_red_cinm2_ca400
red_512MB,1493,328.4506249,prim_red_cinm2_ca400
red_512MB,1524,359.21335830000004,prim_red_cinm2_ca400
red_512MB,1586,342.4487177,prim_red_cinm2_ca400
red_512MB,1648,331.59281780000003,prim_red_cinm2_ca400
red_512MB,1741,346.8828381,prim_red_cinm2_ca400
red_512MB,1803,306.3893968,prim_red_cinm2_ca400
red_512MB,1834,418.5977648,prim_red_cinm2_ca400
red_512MB,1865,331.78169030000004,prim_red_cinm2_ca400
red_512MB,1927,310.591287,prim_red_cinm2_ca400
red_512MB,2020,332.3701327,prim_red_cinm2_ca400
red_512MB,2051,326.8994864,prim_red_cinm2_ca400
red_512MB,2082,333.0148955,prim_red_cinm2_ca400
red_512MB,2144,310.2881362,prim_red_cinm2_ca400
red_512MB,2206,417.2117798,prim_red_cinm2_ca400
red_512MB,2237,335.7888827,prim_red_cinm2_ca400
red_512MB,2330,328.49595819999996,prim_red_cinm2_ca400
red_512MB,2454,312.1673882,prim_red_cinm2_ca400
red_512MB,2485,305.3398856,prim_red_cinm2_ca400
red_512MB,2547,414.6086692,prim_red_cinm2_ca400
red_512MB,2578,327.93926730000004,prim_red_cinm2_ca400
red_512MB,2640,449.0902732,prim_red_cinm2_ca400
red_512MB,2671,451.81800910000004,prim_red_cinm2_ca400
red_512MB,2702,423.3291757,prim_red_cinm2_ca400
red_512MB,2764,447.6309085,prim_red_cinm2_ca400
red_512MB,2919,418.87467019999997,prim_red_cinm2_ca400
red_512MB,2950,325.69449260000005,prim_red_cinm2_ca400
red_512MB,2981,308.5378365,prim_red_cinm2_ca400
red_512MB,3043,344.1410785,prim_red_cinm2_ca400
red_512MB,3074,343.84292189999996,prim_red_cinm2_ca400
red_512MB,3229,340.0741268,prim_red_cinm2_ca400
red_512MB,3291,422.7565005,prim_red_cinm2_ca400
red_512MB,3322,420.54990310000005,prim_red_cinm2_ca400
red_512MB,3353,332.760137,prim_red_cinm2_ca400
red_512MB,3446,418.41958669999997,prim_red_cinm2_ca400
red_512MB,3477,356.6617705,prim_red_cinm2_ca400
red_512MB,3508,376.73281660000004,prim_red_cinm2_ca400
red_512MB,3539,361.20276,prim_red_cinm2_ca400
red_512MB,3570,326.5510176,prim_red_cinm2_ca400
red_512MB,3601,334.26730860000004,prim_red_cinm2_ca400
red_512MB,3632,332.1628266,prim_red_cinm2_ca400
red_512MB,3694,325.8412835,prim_red_cinm2_ca400
red_512MB,3725,419.7031414,prim_red_cinm2_ca400
red_512MB,3756,328.4683658,prim_red_cinm2_ca400
red_512MB,3787,334.07185510000005,prim_red_cinm2_ca400
red_512MB,3880,335.02545680000003,prim_red_cinm2_ca400
red_64MB,67,56.889906,prim_red_cinm2_ca400
red_64MB,98,60.160799299999994,prim_red_cinm2_ca400
red_64MB,129,56.3945805,prim_red_cinm2_ca400
red_64MB,160,58.425719799999996,prim_red_cinm2_ca400
red_64MB,191,55.9014425,prim_red_cinm2_ca400
red_64MB,222,57.0354465,prim_red_cinm2_ca400
red_64MB,253,64.2803191,prim_red_cinm2_ca400
red_64MB,284,58.041957,prim_red_cinm2_ca400
red_64MB,346,56.1897709,prim_red_cinm2_ca400
red_64MB,377,56.80049,prim_red_cinm2_ca400
red_64MB,408,56.8181344,prim_red_cinm2_ca400
red_64MB,501,59.560139,prim_red_cinm2_ca400
red_64MB,532,57.5669972,prim_red_cinm2_ca400
red_64MB,563,56.073100600000004,prim_red_cinm2_ca400
red_64MB,625,62.4620259,prim_red_cinm2_ca400
red_64MB,718,61.2424466,prim_red_cinm2_ca400
red_64MB,749,58.680077600000004,prim_red_cinm2_ca400
red_64MB,811,56.8485435,prim_red_cinm2_ca400
red_64MB,842,40.672916,prim_red_cinm2_ca400
red_64MB,904,57.537143,prim_red_cinm2_ca400
red_64MB,935,60.0154152,prim_red_cinm2_ca400
red_64MB,966,55.817483100000004,prim_red_cinm2_ca400
red_64MB,997,59.774133,prim_red_cinm2_ca400
red_64MB,1028,56.7539676,prim_red_cinm2_ca400
red_64MB,1090,56.8084778,prim_red_cinm2_ca400
red_64MB,1152,64.8490825,prim_red_cinm2_ca400
red_64MB,1183,57.2811735,prim_red_cinm2_ca400
red_64MB,1214,57.447401,prim_red_cinm2_ca400
red_64MB,1276,57.5429598,prim_red_cinm2_ca400
red_64MB,1307,58.7291239,prim_red_cinm2_ca400
red_64MB,1338,64.1235959,prim_red_cinm2_ca400
red_64MB,1369,57.2695989,prim_red_cinm2_ca400
red_64MB,1400,57.6878156,prim_red_cinm2_ca400
red_64MB,1431,64.0713346,prim_red_cinm2_ca400
red_64MB,1462,56.5776623,prim_red_cinm2_ca400
red_64MB,1524,42.6154737,prim_red_cinm2_ca400
red_64MB,1555,56.4371135,prim_red_cinm2_ca400
red_64MB,1586,56.5749105,prim_red_cinm2_ca400
red_64MB,1617,63.4504759,prim_red_cinm2_ca400
red_64MB,1648,58.769794600000004,prim_red_cinm2_ca400
red_64MB,1679,57.8977427,prim_red_cinm2_ca400
red_64MB,1772,63.983695,prim_red_cinm2_ca400
red_64MB,1803,57.968632799999995,prim_red_cinm2_ca400
red_64MB,1834,56.6759597,prim_red_cinm2_ca400
red_64MB,1865,59.1846897,prim_red_cinm2_ca400
red_64MB,1896,59.2566625,prim_red_cinm2_ca400
red_64MB,1927,56.6198081,prim_red_cinm2_ca400
red_64MB,1958,57.9661748,prim_red_cinm2_ca400
red_64MB,1989,55.462706299999994,prim_red_cinm2_ca400
red_64MB,2082,58.5269735,prim_red_cinm2_ca400
red_64MB,2113,63.788545899999995,prim_red_cinm2_ca400
red_64MB,2144,43.4253772,prim_red_cinm2_ca400
red_64MB,2175,58.800175,prim_red_cinm2_ca400
red_64MB,2237,64.2615666,prim_red_cinm2_ca400
red_64MB,2361,57.7418931,prim_red_cinm2_ca400
red_64MB,2392,58.81148829999999,prim_red_cinm2_ca400
red_64MB,2423,61.7326414,prim_red_cinm2_ca400
red_64MB,2454,55.0581965,prim_red_cinm2_ca400
red_64MB,2516,57.792623899999995,prim_red_cinm2_ca400
red_64MB,2547,56.6959264,prim_red_cinm2_ca400
red_64MB,2578,63.8939915,prim_red_cinm2_ca400
red_64MB,2609,58.0602763,prim_red_cinm2_ca400
red_64MB,2640,56.7776114,prim_red_cinm2_ca400
red_64MB,2671,56.8286458,prim_red_cinm2_ca400
red_64MB,2702,44.999576700000006,prim_red_cinm2_ca400
red_64MB,2764,45.3648135,prim_red_cinm2_ca400
red_64MB,2795,47.655818100000005,prim_red_cinm2_ca400
red_64MB,2857,59.483508,prim_red_cinm2_ca400
red_64MB,2888,58.088883100000004,prim_red_cinm2_ca400
red_64MB,2919,45.6021024,prim_red_cinm2_ca400
red_64MB,2981,56.3682473,prim_red_cinm2_ca400
red_64MB,3012,57.628043,prim_red_cinm2_ca400
red_64MB,3043,64.7987993,prim_red_cinm2_ca400
red_64MB,3074,63.744375600000005,prim_red_cinm2_ca400
red_64MB,3105,56.0066248,prim_red_cinm2_ca400
red_64MB,3136,58.1030712,prim_red_cinm2_ca400
red_64MB,3167,58.4730226,prim_red_cinm2_ca400
red_64MB,3198,60.1157746,prim_red_cinm2_ca400
red_64MB,3229,60.0389153,prim_red_cinm2_ca400
red_64MB,3291,56.1428598,prim_red_cinm2_ca400
red_64MB,3322,46.3339119,prim_red_cinm2_ca400
red_64MB,3353,57.2902053,prim_red_cinm2_ca400
red_64MB,3384,59.861639700000005,prim_red_cinm2_ca400
red_64MB,3415,64.6007547,prim_red_cinm2_ca400
red_64MB,3446,45.7321113,prim_red_cinm2_ca400
red_64MB,3539,57.880856200000004,prim_red_cinm2_ca400
red_64MB,3632,59.8875446,prim_red_cinm2_ca400
red_64MB,3663,57.2049144,prim_red_cinm2_ca400
red_64MB,3694,61.2503968,prim_red_cinm2_ca400
red_64MB,3725,57.0076118,prim_red_cinm2_ca400
red_64MB,3756,42.8527955,prim_red_cinm2_ca400
red_64MB,3818,56.948888100000005,prim_red_cinm2_ca400
red_64MB,3911,58.3076363,prim_red_cinm2_ca400
red_64MB,3942,57.329747299999994,prim_red_cinm2_ca400
red_64MB,3973,56.2846491,prim_red_cinm2_ca400
red_64MB,4004,57.662561,prim_red_cinm2_ca400
red_256MB,67,300.91877689999995,prim_red_cinm2_fast
red_256MB,98,305.1035205,prim_red_cinm2_fast
red_256MB,129,282.1376513,prim_red_cinm2_fast
red_256MB,160,285.265341,prim_red_cinm2_fast
red_256MB,191,305.1792865,prim_red_cinm2_fast
red_256MB,222,278.874602,prim_red_cinm2_fast
red_256MB,253,278.7583694,prim_red_cinm2_fast
red_256MB,284,351.4713403,prim_red_cinm2_fast
red_256MB,315,279.79464310000003,prim_red_cinm2_fast
red_256MB,346,275.7258053,prim_red_cinm2_fast
red_256MB,377,299.81617439999997,prim_red_cinm2_fast
red_256MB,408,308.2603764,prim_red_cinm2_fast
red_256MB,439,304.3104454,prim_red_cinm2_fast
red_256MB,470,303.6489195,prim_red_cinm2_fast
red_256MB,501,305.98539919999996,prim_red_cinm2_fast
red_256MB,532,300.10969889999996,prim_red_cinm2_fast
red_256MB,563,304.8504979,prim_red_cinm2_fast
red_256MB,594,304.27878680000003,prim_red_cinm2_fast
red_256MB,625,303.8752108,prim_red_cinm2_fast
red_256MB,656,305.4191877,prim_red_cinm2_fast
red_256MB,687,301.161017,prim_red_cinm2_fast
red_256MB,718,307.0201606,prim_red_cinm2_fast
red_256MB,749,304.2675713,prim_red_cinm2_fast
red_256MB,780,303.5618204,prim_red_cinm2_fast
red_256MB,811,304.6936873,prim_red_cinm2_fast
red_256MB,842,305.0373235,prim_red_cinm2_fast
red_256MB,873,307.8319158,prim_red_cinm2_fast
red_256MB,904,304.8145796,prim_red_cinm2_fast
red_256MB,935,302.80023339999997,prim_red_cinm2_fast
red_256MB,966,300.8044855,prim_red_cinm2_fast
red_256MB,997,298.9598646,prim_red_cinm2_fast
red_256MB,1028,351.68095869999996,prim_red_cinm2_fast
red_256MB,1059,282.27612830000004,prim_red_cinm2_fast
red_256MB,1090,351.6262858,prim_red_cinm2_fast
red_256MB,1121,277.3701921,prim_red_cinm2_fast
red_256MB,1152,279.4298239,prim_red_cinm2_fast
red_256MB,1183,281.9868146,prim_red_cinm2_fast
red_256MB,1214,282.7198371,prim_red_cinm2_fast
red_256MB,1245,275.9671702,prim_red_cinm2_fast
red_256MB,1276,275.162164,prim_red_cinm2_fast
red_256MB,1307,279.3372378,prim_red_cinm2_fast
red_256MB,1338,279.4980045,prim_red_cinm2_fast
red_256MB,1369,285.26664939999995,prim_red_cinm2_fast
red_256MB,1400,278.0698815,prim_red_cinm2_fast
red_256MB,1431,278.1375265,prim_red_cinm2_fast
red_256MB,1462,282.80197830000003,prim_red_cinm2_fast
red_256MB,1493,284.59396710000004,prim_red_cinm2_fast
red_256MB,1524,284.2601093,prim_red_cinm2_fast
red_256MB,1555,271.62987319999996,prim_red_cinm2_fast
red_256MB,1586,307.3998538,prim_red_cinm2_fast
red_256MB,1617,283.28134389999997,prim_red_cinm2_fast
red_256MB,1648,286.1362175,prim_red_cinm2_fast
red_256MB,1679,298.9652787,prim_red_cinm2_fast
red_256MB,1710,300.8334845,prim_red_cinm2_fast
red_256MB,1741,284.6735352,prim_red_cinm2_fast
red_256MB,1772,278.17118539999996,prim_red_cinm2_fast
red_256MB,1803,283.7345385,prim_red_cinm2_fast
red_256MB,1834,287.9598838,prim_red_cinm2_fast
red_256MB,1865,283.9541642,prim_red_cinm2_fast
red_256MB,1896,300.22273160000003,prim_red_cinm2_fast
red_256MB,1927,276.7662641,prim_red_cinm2_fast
red_256MB,1958,281.6834443,prim_red_cinm2_fast
red_256MB,1989,286.1929987,prim_red_cinm2_fast
red_256MB,2020,306.0469359,prim_red_cinm2_fast
red_256MB,2051,284.0000556,prim_red_cinm2_fast
red_256MB,2082,351.6248932,prim_red_cinm2_fast
red_256MB,2113,415.42335030000004,prim_red_cinm2_fast
red_256MB,2144,274.6622595,prim_red_cinm2_fast
red_256MB,2175,283.9165299,prim_red_cinm2_fast
red_256MB,2206,296.2133236,prim_red_cinm2_fast
red_256MB,2237,282.9716878,prim_red_cinm2_fast
red_256MB,2268,281.5489223,prim_red_cinm2_fast
red_256MB,2299,282.6653678,prim_red_cinm2_fast
red_256MB,2330,281.3194359,prim_red_cinm2_fast
red_256MB,2361,302.9611616,prim_red_cinm2_fast
red_256MB,2392,304.1789506,prim_red_cinm2_fast
red_256MB,2423,298.70008260000003,prim_red_cinm2_fast
red_256MB,2454,302.8138566,prim_red_cinm2_fast
red_256MB,2485,285.1483302,prim_red_cinm2_fast
red_256MB,2516,285.7605375,prim_red_cinm2_fast
red_256MB,2547,280.4633343,prim_red_cinm2_fast
red_256MB,2578,276.4219943,prim_red_cinm2_fast
red_256MB,2609,283.50816130000004,prim_red_cinm2_fast
red_256MB,2640,278.7483095,prim_red_cinm2_fast
red_256MB,2671,284.7787734,prim_red_cinm2_fast
red_256MB,2702,277.562294,prim_red_cinm2_fast
red_256MB,2733,277.4249641,prim_red_cinm2_fast
red_256MB,2764,279.055435,prim_red_cinm2_fast
red_256MB,2795,280.6757197,prim_red_cinm2_fast
red_256MB,2826,281.7610591,prim_red_cinm2_fast
red_256MB,2857,284.3366739,prim_red_cinm2_fast
red_256MB,2888,351.37652260000004,prim_red_cinm2_fast
red_256MB,2919,304.9444983,prim_red_cinm2_fast
red_256MB,2950,274.3334382,prim_red_cinm2_fast
red_256MB,2981,276.0779145,prim_red_cinm2_fast
red_256MB,3012,281.0839372,prim_red_cinm2_fast
red_256MB,3043,275.347696,prim_red_cinm2_fast
red_256MB,3074,277.4131745,prim_red_cinm2_fast
red_256MB,3105,270.55663830000003,prim_red_cinm2_fast
red_256MB,3136,352.1584113,prim_red_cinm2_fast
red_256MB,3167,298.6695556,prim_red_cinm2_fast
red_256MB,3198,279.57359,prim_red_cinm2_fast
red_256MB,3229,277.9133815,prim_red_cinm2_fast
red_256MB,3260,285.12890860000005,prim_red_cinm2_fast
red_256MB,3291,283.8707419,prim_red_cinm2_fast
red_256MB,3322,281.7896073,prim_red_cinm2_fast
red_256MB,3353,273.2932195,prim_red_cinm2_fast
red_256MB,3384,353.2217684,prim_red_cinm2_fast
red_256MB,3415,300.97414310000005,prim_red_cinm2_fast
red_256MB,3446,276.5713795,prim_red_cinm2_fast
red_256MB,3477,273.8652081,prim_red_cinm2_fast
red_256MB,3508,287.0834671,prim_red_cinm2_fast
red_256MB,3539,301.48231530000004,prim_red_cinm2_fast
red_256MB,3570,279.279915,prim_red_cinm2_fast
red_256MB,3601,283.693969,prim_red_cinm2_fast
red_256MB,3632,286.4346225,prim_red_cinm2_fast
red_256MB,3663,273.9377516,prim_red_cinm2_fast
red_256MB,3694,283.3333355,prim_red_cinm2_fast
red_256MB,3725,303.295358,prim_red_cinm2_fast
red_256MB,3756,300.7015274,prim_red_cinm2_fast
red_256MB,3787,299.35247089999996,prim_red_cinm2_fast
red_256MB,3818,305.87300669999996,prim_red_cinm2_fast
red_256MB,3849,304.3795975,prim_red_cinm2_fast
red_256MB,3880,302.1828688,prim_red_cinm2_fast
red_256MB,3911,303.1473984,prim_red_cinm2_fast
red_256MB,3942,303.7703225,prim_red_cinm2_fast
red_256MB,3973,303.0894825,prim_red_cinm2_fast
red_256MB,4004,303.5521807,prim_red_cinm2_fast
red_4MB,67,3.4875451,prim_red_cinm2_fast
red_4MB,98,3.296847,prim_red_cinm2_fast
red_4MB,129,3.5424086,prim_red_cinm2_fast
red_4MB,160,3.6182222000000004,prim_red_cinm2_fast
red_4MB,191,3.6758327000000004,prim_red_cinm2_fast
red_4MB,222,3.533345,prim_red_cinm2_fast
red_4MB,253,3.6426567000000003,prim_red_cinm2_fast
red_4MB,284,3.8893074,prim_red_cinm2_fast
red_4MB,315,3.3355237,prim_red_cinm2_fast
red_4MB,346,3.5181166,prim_red_cinm2_fast
red_4MB,377,3.2315612000000002,prim_red_cinm2_fast
red_4MB,408,3.8422682000000004,prim_red_cinm2_fast
red_4MB,439,3.3160583,prim_red_cinm2_fast
red_4MB,470,3.2766868,prim_red_cinm2_fast
red_4MB,501,3.4554734,prim_red_cinm2_fast
red_4MB,532,3.3568582,prim_red_cinm2_fast
red_4MB,563,3.1830669,prim_red_cinm2_fast
red_4MB,594,3.2086405,prim_red_cinm2_fast
red_4MB,625,3.3846402999999996,prim_red_cinm2_fast
red_4MB,656,3.2658996,prim_red_cinm2_fast
red_4MB,687,3.6890175,prim_red_cinm2_fast
red_4MB,718,3.5232682000000004,prim_red_cinm2_fast
red_4MB,749,3.171501,prim_red_cinm2_fast
red_4MB,780,3.045341,prim_red_cinm2_fast
red_4MB,811,3.5711928,prim_red_cinm2_fast
red_4MB,842,3.4071944,prim_red_cinm2_fast
red_4MB,873,3.2659117,prim_red_cinm2_fast
red_4MB,904,3.6356532,prim_red_cinm2_fast
red_4MB,935,3.1208237999999997,prim_red_cinm2_fast
red_4MB,966,3.2823467,prim_red_cinm2_fast
red_4MB,997,3.3416425,prim_red_cinm2_fast
red_4MB,1028,3.5365689,prim_red_cinm2_fast
red_4MB,1059,3.7658054,prim_red_cinm2_fast
red_4MB,1090,3.4983445,prim_red_cinm2_fast
red_4MB,1121,3.6758552,prim_red_cinm2_fast
red_4MB,1152,3.5878857,prim_red_cinm2_fast
red_4MB,1183,3.3038947000000003,prim_red_cinm2_fast
red_4MB,1214,3.6881994,prim_red_cinm2_fast
red_4MB,1245,3.3534973999999997,prim_red_cinm2_fast
red_4MB,1276,3.3494589,prim_red_cinm2_fast
red_4MB,1307,3.47789,prim_red_cinm2_fast
red_4MB,1338,3.353519,prim_red_cinm2_fast
red_4MB,1369,3.4230615,prim_red_cinm2_fast
red_4MB,1400,3.9661733,prim_red_cinm2_fast
red_4MB,1431,3.4080738999999998,prim_red_cinm2_fast
red_4MB,1462,3.1274847,prim_red_cinm2_fast
red_4MB,1493,3.3326974,prim_red_cinm2_fast
red_4MB,1524,3.7811185,prim_red_cinm2_fast
red_4MB,1555,3.4387198999999997,prim_red_cinm2_fast
red_4MB,1586,3.8635602000000002,prim_red_cinm2_fast
red_4MB,1617,3.7015256,prim_red_cinm2_fast
red_4MB,1648,3.4721137,prim_red_cinm2_fast
red_4MB,1679,3.4812256,prim_red_cinm2_fast
red_4MB,1710,3.3958977999999997,prim_red_cinm2_fast
red_4MB,1741,3.9385803999999998,prim_red_cinm2_fast
red_4MB,1772,3.5545063,prim_red_cinm2_fast
red_4MB,1803,3.742316,prim_red_cinm2_fast
red_4MB,1834,3.8138402,prim_red_cinm2_fast
red_4MB,1865,3.8347273,prim_red_cinm2_fast
red_4MB,1896,3.5745442,prim_red_cinm2_fast
red_4MB,1927,3.3474135,prim_red_cinm2_fast
red_4MB,1958,3.1779994,prim_red_cinm2_fast
red_4MB,1989,3.8974936000000002,prim_red_cinm2_fast
red_4MB,2020,3.5928888999999997,prim_red_cinm2_fast
red_4MB,2051,3.2924073,prim_red_cinm2_fast
red_4MB,2082,3.9697846,prim_red_cinm2_fast
red_4MB,2113,3.3061506,prim_red_cinm2_fast
red_4MB,2144,4.0295288,prim_red_cinm2_fast
red_4MB,2175,3.2484641,prim_red_cinm2_fast
red_4MB,2206,3.3403037999999996,prim_red_cinm2_fast
red_4MB,2237,3.3380227999999996,prim_red_cinm2_fast
red_4MB,2268,3.5304931,prim_red_cinm2_fast
red_4MB,2299,3.5975365,prim_red_cinm2_fast
red_4MB,2330,3.3504153999999997,prim_red_cinm2_fast
red_4MB,2361,3.312879,prim_red_cinm2_fast
red_4MB,2392,4.2756449000000005,prim_red_cinm2_fast
red_4MB,2423,3.2048761,prim_red_cinm2_fast
red_4MB,2454,3.8912922,prim_red_cinm2_fast
red_4MB,2485,3.8386137999999996,prim_red_cinm2_fast
red_4MB,2516,3.4074923999999998,prim_red_cinm2_fast
red_4MB,2547,3.0942727999999997,prim_red_cinm2_fast
red_4MB,2578,4.4454134000000005,prim_red_cinm2_fast
red_4MB,2609,3.6468772,prim_red_cinm2_fast
red_4MB,2640,3.5219557999999997,prim_red_cinm2_fast
red_4MB,2671,3.4226454,prim_red_cinm2_fast
red_4MB,2702,3.1076962999999997,prim_red_cinm2_fast
red_4MB,2733,3.3274321000000002,prim_red_cinm2_fast
red_4MB,2764,3.2168158,prim_red_cinm2_fast
red_4MB,2795,3.2142461,prim_red_cinm2_fast
red_4MB,2826,4.2877014,prim_red_cinm2_fast
red_4MB,2857,3.2840843,prim_red_cinm2_fast
red_4MB,2888,3.7017525,prim_red_cinm2_fast
red_4MB,2919,3.5694067,prim_red_cinm2_fast
red_4MB,2950,3.4895149,prim_red_cinm2_fast
red_4MB,2981,3.1899676,prim_red_cinm2_fast
red_4MB,3012,3.4783402000000003,prim_red_cinm2_fast
red_4MB,3043,3.4746602,prim_red_cinm2_fast
red_4MB,3074,3.1932486,prim_red_cinm2_fast
red_4MB,3105,3.6464887999999998,prim_red_cinm2_fast
red_4MB,3136,3.1848257,prim_red_cinm2_fast
red_4MB,3167,3.6706209,prim_red_cinm2_fast
red_4MB,3198,3.178247,prim_red_cinm2_fast
red_4MB,3229,3.4010963999999997,prim_red_cinm2_fast
red_4MB,3260,3.5492316,prim_red_cinm2_fast
red_4MB,3291,3.2294652999999998,prim_red_cinm2_fast
red_4MB,3322,3.4822606,prim_red_cinm2_fast
red_4MB,3353,3.932433,prim_red_cinm2_fast
red_4MB,3384,3.9897425,prim_red_cinm2_fast
red_4MB,3415,3.2882005,prim_red_cinm2_fast
red_4MB,3446,3.7913683,prim_red_cinm2_fast
red_4MB,3477,3.412647,prim_red_cinm2_fast
red_4MB,3508,3.9516417,prim_red_cinm2_fast
red_4MB,3539,3.3035804,prim_red_cinm2_fast
red_4MB,3570,3.4314736,prim_red_cinm2_fast
red_4MB,3601,3.6364064,prim_red_cinm2_fast
red_4MB,3632,3.2839941,prim_red_cinm2_fast
red_4MB,3663,3.6850642000000002,prim_red_cinm2_fast
red_4MB,3694,3.1544367999999996,prim_red_cinm2_fast
red_4MB,3725,3.2747415,prim_red_cinm2_fast
red_4MB,3756,3.7422946,prim_red_cinm2_fast
red_4MB,3787,3.4591814,prim_red_cinm2_fast
red_4MB,3818,3.2505644,prim_red_cinm2_fast
red_4MB,3849,3.8116649,prim_red_cinm2_fast
red_4MB,3880,3.5909763,prim_red_cinm2_fast
red_4MB,3911,3.3409582,prim_red_cinm2_fast
red_4MB,3942,3.3467113,prim_red_cinm2_fast
red_4MB,3973,3.2878838,prim_red_cinm2_fast
red_4MB,4004,3.4503877999999997,prim_red_cinm2_fast
red_512MB,98,423.9979003,prim_red_cinm2_fast
red_512MB,160,437.3999127,prim_red_cinm2_fast
red_512MB,191,425.51500830000003,prim_red_cinm2_fast
red_512MB,501,542.4843007999999,prim_red_cinm2_fast
red_512MB,563,446.68075660000005,prim_red_cinm2_fast
red_512MB,656,451.3028901,prim_red_cinm2_fast
red_512MB,687,446.81442239999996,prim_red_cinm2_fast
red_512MB,780,523.3295135,prim_red_cinm2_fast
red_512MB,811,454.16449719999997,prim_red_cinm2_fast
red_512MB,904,446.7787655,prim_red_cinm2_fast
red_512MB,1152,480.1122342,prim_red_cinm2_fast
red_512MB,1245,424.1883524,prim_red_cinm2_fast
red_512MB,1276,476.29246539999997,prim_red_cinm2_fast
red_512MB,1369,425.2784809,prim_red_cinm2_fast
red_512MB,1617,485.4589993,prim_red_cinm2_fast
red_512MB,1772,453.2514355,prim_red_cinm2_fast
red_512MB,1834,424.452602,prim_red_cinm2_fast
red_512MB,2082,446.574569,prim_red_cinm2_fast
red_512MB,2237,448.0455985,prim_red_cinm2_fast
red_512MB,2361,444.9585435,prim_red_cinm2_fast
red_512MB,2392,445.0125309,prim_red_cinm2_fast
red_512MB,2423,444.7438621,prim_red_cinm2_fast
red_512MB,2454,444.9765377,prim_red_cinm2_fast
red_512MB,2547,459.8807895,prim_red_cinm2_fast
red_512MB,2640,423.9538103,prim_red_cinm2_fast
red_512MB,2671,428.73423610000003,prim_red_cinm2_fast
red_512MB,2733,501.7029599,prim_red_cinm2_fast
red_512MB,2795,501.923072,prim_red_cinm2_fast
red_512MB,2857,494.8316671,prim_red_cinm2_fast
red_512MB,2919,490.67015510000004,prim_red_cinm2_fast
red_512MB,2981,452.14535939999996,prim_red_cinm2_fast
red_512MB,3260,557.358306,prim_red_cinm2_fast
red_512MB,3291,539.957416,prim_red_cinm2_fast
red_512MB,3446,515.3861709,prim_red_cinm2_fast
red_512MB,3539,457.2889194,prim_red_cinm2_fast
red_512MB,3601,430.7976169,prim_red_cinm2_fast
red_512MB,3725,423.7933194,prim_red_cinm2_fast
red_512MB,3942,445.0937619,prim_red_cinm2_fast
red_512MB,3973,441.8061526,prim_red_cinm2_fast
red_64MB,191,44.715753799999995,prim_red_cinm2_fast
red_64MB,222,67.8681283,prim_red_cinm2_fast
red_64MB,284,60.7925889,prim_red_cinm2_fast
red_64MB,408,60.0155524,prim_red_cinm2_fast
red_64MB,501,67.362881,prim_red_cinm2_fast
red_64MB,563,63.2120209,prim_red_cinm2_fast
red_64MB,594,59.7224198,prim_red_cinm2_fast
red_64MB,625,78.7678132,prim_red_cinm2_fast
red_64MB,656,58.665465,prim_red_cinm2_fast
red_64MB,749,58.6661834,prim_red_cinm2_fast
red_64MB,966,59.5471879,prim_red_cinm2_fast
red_64MB,997,56.9802708,prim_red_cinm2_fast
red_64MB,1028,69.6505339,prim_red_cinm2_fast
red_64MB,1090,63.5147116,prim_red_cinm2_fast
red_64MB,1121,63.7442408,prim_red_cinm2_fast
red_64MB,1152,59.8402095,prim_red_cinm2_fast
red_64MB,1214,63.555766299999995,prim_red_cinm2_fast
red_64MB,1276,64.0232846,prim_red_cinm2_fast
red_64MB,1307,63.342977299999994,prim_red_cinm2_fast
red_64MB,1338,71.620954,prim_red_cinm2_fast
red_64MB,1369,62.49524,prim_red_cinm2_fast
red_64MB,1400,61.3708781,prim_red_cinm2_fast
red_64MB,1493,62.6954865,prim_red_cinm2_fast
red_64MB,1524,61.5633984,prim_red_cinm2_fast
red_64MB,1555,57.1578621,prim_red_cinm2_fast
red_64MB,1617,67.16760640000001,prim_red_cinm2_fast
red_64MB,1772,60.256480700000004,prim_red_cinm2_fast
red_64MB,1927,58.593448,prim_red_cinm2_fast
red_64MB,1958,59.0777405,prim_red_cinm2_fast
red_64MB,2113,58.6038733,prim_red_cinm2_fast
red_64MB,2175,60.093602600000004,prim_red_cinm2_fast
red_64MB,2237,57.406046200000006,prim_red_cinm2_fast
red_64MB,2392,60.641243,prim_red_cinm2_fast
red_64MB,2423,54.715513200000004,prim_red_cinm2_fast
red_64MB,2454,63.579792,prim_red_cinm2_fast
red_64MB,2516,58.1797833,prim_red_cinm2_fast
red_64MB,2609,59.6250078,prim_red_cinm2_fast
red_64MB,2764,67.3557227,prim_red_cinm2_fast
red_64MB,2795,59.5440491,prim_red_cinm2_fast
red_64MB,2857,62.6801821,prim_red_cinm2_fast
red_64MB,2888,58.7030179,prim_red_cinm2_fast
red_64MB,2981,61.693048600000004,prim_red_cinm2_fast
red_64MB,3012,58.9575739,prim_red_cinm2_fast
red_64MB,3074,60.5465683,prim_red_cinm2_fast
red_64MB,3105,59.2813605,prim_red_cinm2_fast
red_64MB,3136,64.038847,prim_red_cinm2_fast
red_64MB,3198,58.444695700000004,prim_red_cinm2_fast
red_64MB,3229,57.933691,prim_red_cinm2_fast
red_64MB,3322,68.6953278,prim_red_cinm2_fast
red_64MB,3384,59.3939674,prim_red_cinm2_fast
red_64MB,3415,59.5005152,prim_red_cinm2_fast
red_64MB,3570,57.6484631,prim_red_cinm2_fast
red_64MB,3632,58.8970528,prim_red_cinm2_fast
red_64MB,3663,64.5570051,prim_red_cinm2_fast
red_64MB,3694,59.028451,prim_red_cinm2_fast
red_64MB,3942,57.9148392,prim_red_cinm2_fast
red_64MB,4004,64.9496575,prim_red_cinm2_fast
red_256MB,67,272.8892805,prim_red_cinm2_hybrid200
red_256MB,98,280.33570360000004,prim_red_cinm2_hybrid200
red_256MB,129,282.6910661,prim_red_cinm2_hybrid200
red_256MB,160,279.736307,prim_red_cinm2_hybrid200
red_256MB,191,302.4675153,prim_red_cinm2_hybrid200
red_256MB,222,280.8046209,prim_red_cinm2_hybrid200
red_256MB,253,303.5062932,prim_red_cinm2_hybrid200
red_256MB,284,279.1274069,prim_red_cinm2_hybrid200
red_256MB,315,279.6525342,prim_red_cinm2_hybrid200
red_256MB,346,304.3386619,prim_red_cinm2_hybrid200
red_256MB,377,296.40812769999997,prim_red_cinm2_hybrid200
red_256MB,408,283.82560689999997,prim_red_cinm2_hybrid200
red_256MB,439,285.9513006,prim_red_cinm2_hybrid200
red_256MB,470,272.0720763,prim_red_cinm2_hybrid200
red_256MB,501,279.7443778,prim_red_cinm2_hybrid200
red_256MB,532,284.7111181,prim_red_cinm2_hybrid200
red_256MB,563,271.8835341,prim_red_cinm2_hybrid200
red_256MB,594,282.51872960000003,prim_red_cinm2_hybrid200
red_256MB,625,277.08662730000003,prim_red_cinm2_hybrid200
red_256MB,656,274.3769934,prim_red_cinm2_hybrid200
red_256MB,687,274.3921615,prim_red_cinm2_hybrid200
red_256MB,718,277.2932688,prim_red_cinm2_hybrid200
red_256MB,749,303.54599360000003,prim_red_cinm2_hybrid200
red_256MB,780,282.10767560000005,prim_red_cinm2_hybrid200
red_256MB,811,278.58532660000003,prim_red_cinm2_hybrid200
red_256MB,842,271.50843360000005,prim_red_cinm2_hybrid200
red_256MB,873,280.9719985,prim_red_cinm2_hybrid200
red_256MB,904,278.9812819,prim_red_cinm2_hybrid200
red_256MB,935,276.374532,prim_red_cinm2_hybrid200
red_256MB,966,303.102357,prim_red_cinm2_hybrid200
red_256MB,997,305.4814241,prim_red_cinm2_hybrid200
red_256MB,1028,302.63993819999996,prim_red_cinm2_hybrid200
red_256MB,1059,284.3997782,prim_red_cinm2_hybrid200
red_256MB,1090,337.55441210000004,prim_red_cinm2_hybrid200
red_256MB,1121,277.1472668,prim_red_cinm2_hybrid200
red_256MB,1152,272.27966580000003,prim_red_cinm2_hybrid200
red_256MB,1183,278.9648656,prim_red_cinm2_hybrid200
red_256MB,1214,280.64549539999996,prim_red_cinm2_hybrid200
red_256MB,1245,284.2336719,prim_red_cinm2_hybrid200
red_256MB,1276,278.46504630000004,prim_red_cinm2_hybrid200
red_256MB,1307,281.5053313,prim_red_cinm2_hybrid200
red_256MB,1338,282.4574387,prim_red_cinm2_hybrid200
red_256MB,1369,296.0034612,prim_red_cinm2_hybrid200
red_256MB,1400,274.14002910000005,prim_red_cinm2_hybrid200
red_256MB,1431,275.4620652,prim_red_cinm2_hybrid200
red_256MB,1462,282.51322960000005,prim_red_cinm2_hybrid200
red_256MB,1493,281.4147016,prim_red_cinm2_hybrid200
red_256MB,1524,282.1892833,prim_red_cinm2_hybrid200
red_256MB,1555,282.175619,prim_red_cinm2_hybrid200
red_256MB,1586,305.4670179,prim_red_cinm2_hybrid200
red_256MB,1617,276.83878089999996,prim_red_cinm2_hybrid200
red_256MB,1648,274.04019769999996,prim_red_cinm2_hybrid200
red_256MB,1679,277.48285610000005,prim_red_cinm2_hybrid200
red_256MB,1710,283.8715631,prim_red_cinm2_hybrid200
red_256MB,1741,280.57762060000005,prim_red_cinm2_hybrid200
red_256MB,1772,274.0849203,prim_red_cinm2_hybrid200
red_256MB,1803,282.04798089999997,prim_red_cinm2_hybrid200
red_256MB,1834,275.8944277,prim_red_cinm2_hybrid200
red_256MB,1865,273.6557425,prim_red_cinm2_hybrid200
red_256MB,1896,272.78108130000004,prim_red_cinm2_hybrid200
red_256MB,1927,282.7753958,prim_red_cinm2_hybrid200
red_256MB,1958,278.07683360000004,prim_red_cinm2_hybrid200
red_256MB,1989,277.01712230000004,prim_red_cinm2_hybrid200
red_256MB,2020,292.35724339999996,prim_red_cinm2_hybrid200
red_256MB,2051,300.529644,prim_red_cinm2_hybrid200
red_256MB,2082,352.5776187,prim_red_cinm2_hybrid200
red_256MB,2113,276.1732889,prim_red_cinm2_hybrid200
red_256MB,2144,277.6830936,prim_red_cinm2_hybrid200
red_256MB,2175,282.25168110000004,prim_red_cinm2_hybrid200
red_256MB,2206,286.34303489999996,prim_red_cinm2_hybrid200
red_256MB,2237,276.9705265,prim_red_cinm2_hybrid200
red_256MB,2268,303.18014519999997,prim_red_cinm2_hybrid200
red_256MB,2299,279.7685238,prim_red_cinm2_hybrid200
red_256MB,2330,349.8475791,prim_red_cinm2_hybrid200
red_256MB,2361,305.15907289999996,prim_red_cinm2_hybrid200
red_256MB,2392,274.06372269999997,prim_red_cinm2_hybrid200
red_256MB,2423,307.5141441,prim_red_cinm2_hybrid200
red_256MB,2454,273.4516636,prim_red_cinm2_hybrid200
red_256MB,2485,282.7153298,prim_red_cinm2_hybrid200
red_256MB,2516,282.9965326,prim_red_cinm2_hybrid200
red_256MB,2547,275.7635312,prim_red_cinm2_hybrid200
red_256MB,2578,276.3384998,prim_red_cinm2_hybrid200
red_256MB,2609,279.707036,prim_red_cinm2_hybrid200
red_256MB,2640,282.2399554,prim_red_cinm2_hybrid200
red_256MB,2671,274.7737568,prim_red_cinm2_hybrid200
red_256MB,2702,293.5051309,prim_red_cinm2_hybrid200
red_256MB,2733,274.7493174,prim_red_cinm2_hybrid200
red_256MB,2764,278.9118715,prim_red_cinm2_hybrid200
red_256MB,2795,278.88403919999996,prim_red_cinm2_hybrid200
red_256MB,2826,284.3842252,prim_red_cinm2_hybrid200
red_256MB,2857,272.97782639999997,prim_red_cinm2_hybrid200
red_256MB,2888,282.1822141,prim_red_cinm2_hybrid200
red_256MB,2919,282.8608603,prim_red_cinm2_hybrid200
red_256MB,2950,270.5536171,prim_red_cinm2_hybrid200
red_256MB,2981,295.4842139,prim_red_cinm2_hybrid200
red_256MB,3012,277.3505296,prim_red_cinm2_hybrid200
red_256MB,3043,278.047759,prim_red_cinm2_hybrid200
red_256MB,3074,271.0365021,prim_red_cinm2_hybrid200
red_256MB,3105,282.97110860000004,prim_red_cinm2_hybrid200
red_256MB,3136,349.2250255,prim_red_cinm2_hybrid200
red_256MB,3167,303.73735739999995,prim_red_cinm2_hybrid200
red_256MB,3198,283.097482,prim_red_cinm2_hybrid200
red_256MB,3229,274.869433,prim_red_cinm2_hybrid200
red_256MB,3260,282.8029073,prim_red_cinm2_hybrid200
red_256MB,3291,283.27364939999995,prim_red_cinm2_hybrid200
red_256MB,3322,274.2864323,prim_red_cinm2_hybrid200
red_256MB,3353,273.40918930000004,prim_red_cinm2_hybrid200
red_256MB,3384,284.754768,prim_red_cinm2_hybrid200
red_256MB,3415,284.71086760000003,prim_red_cinm2_hybrid200
red_256MB,3446,276.1623038,prim_red_cinm2_hybrid200
red_256MB,3477,280.709531,prim_red_cinm2_hybrid200
red_256MB,3508,304.5529413,prim_red_cinm2_hybrid200
red_256MB,3539,279.3876737,prim_red_cinm2_hybrid200
red_256MB,3570,279.9629859,prim_red_cinm2_hybrid200
red_256MB,3601,277.3131934,prim_red_cinm2_hybrid200
red_256MB,3632,283.0142805,prim_red_cinm2_hybrid200
red_256MB,3663,283.6693313,prim_red_cinm2_hybrid200
red_256MB,3694,279.6091243,prim_red_cinm2_hybrid200
red_256MB,3725,294.3277607,prim_red_cinm2_hybrid200
red_256MB,3756,286.228455,prim_red_cinm2_hybrid200
red_256MB,3787,298.8137213,prim_red_cinm2_hybrid200
red_256MB,3818,278.2904945,prim_red_cinm2_hybrid200
red_256MB,3849,282.8400968,prim_red_cinm2_hybrid200
red_256MB,3880,299.4714116,prim_red_cinm2_hybrid200
red_256MB,3911,285.8256714,prim_red_cinm2_hybrid200
red_256MB,3942,281.8371554,prim_red_cinm2_hybrid200
red_256MB,3973,297.2968524,prim_red_cinm2_hybrid200
red_256MB,4004,302.49357610000004,prim_red_cinm2_hybrid200
red_4MB,67,4.1465156,prim_red_cinm2_hybrid200
red_4MB,98,3.4102199,prim_red_cinm2_hybrid200
red_4MB,129,4.1350631,prim_red_cinm2_hybrid200
red_4MB,160,3.1169783,prim_red_cinm2_hybrid200
red_4MB,191,3.9687175,prim_red_cinm2_hybrid200
red_4MB,222,3.3040372000000002,prim_red_cinm2_hybrid200
red_4MB,253,3.1134344,prim_red_cinm2_hybrid200
red_4MB,284,3.4164696,prim_red_cinm2_hybrid200
red_4MB,315,4.1319157,prim_red_cinm2_hybrid200
red_4MB,346,3.922085,prim_red_cinm2_hybrid200
red_4MB,377,5.6236253,prim_red_cinm2_hybrid200
red_4MB,408,5.6416498,prim_red_cinm2_hybrid200
red_4MB,439,3.0587601,prim_red_cinm2_hybrid200
red_4MB,470,3.1339857999999996,prim_red_cinm2_hybrid200
red_4MB,501,4.0128142,prim_red_cinm2_hybrid200
red_4MB,532,3.5374506,prim_red_cinm2_hybrid200
red_4MB,563,4.1680784,prim_red_cinm2_hybrid200
red_4MB,594,3.240012,prim_red_cinm2_hybrid200
red_4MB,625,4.032546,prim_red_cinm2_hybrid200
red_4MB,656,3.5828208999999998,prim_red_cinm2_hybrid200
red_4MB,687,3.5903632,prim_red_cinm2_hybrid200
red_4MB,718,3.2903854,prim_red_cinm2_hybrid200
red_4MB,749,3.9240571,prim_red_cinm2_hybrid200
red_4MB,780,3.3079913999999997,prim_red_cinm2_hybrid200
red_4MB,811,5.2125432,prim_red_cinm2_hybrid200
red_4MB,842,4.0064581,prim_red_cinm2_hybrid200
red_4MB,873,3.426038,prim_red_cinm2_hybrid200
red_4MB,904,3.3990007999999996,prim_red_cinm2_hybrid200
red_4MB,935,3.4524662999999998,prim_red_cinm2_hybrid200
red_4MB,966,5.3342478,prim_red_cinm2_hybrid200
red_4MB,997,3.9868734,prim_red_cinm2_hybrid200
red_4MB,1028,5.4107852,prim_red_cinm2_hybrid200
red_4MB,1059,3.2772563999999997,prim_red_cinm2_hybrid200
red_4MB,1090,3.6524571,prim_red_cinm2_hybrid200
red_4MB,1121,3.5741023,prim_red_cinm2_hybrid200
red_4MB,1152,3.2055169,prim_red_cinm2_hybrid200
red_4MB,1183,5.4880284,prim_red_cinm2_hybrid200
red_4MB,1214,4.058603,prim_red_cinm2_hybrid200
red_4MB,1245,5.363134400000001,prim_red_cinm2_hybrid200
red_4MB,1276,5.2826811,prim_red_cinm2_hybrid200
red_4MB,1307,3.2454948,prim_red_cinm2_hybrid200
red_4MB,1338,5.2402856,prim_red_cinm2_hybrid200
red_4MB,1369,5.095301,prim_red_cinm2_hybrid200
red_4MB,1400,3.332112,prim_red_cinm2_hybrid200
red_4MB,1431,4.0852892999999995,prim_red_cinm2_hybrid200
red_4MB,1462,4.0890914,prim_red_cinm2_hybrid200
red_4MB,1493,5.0985152000000005,prim_red_cinm2_hybrid200
red_4MB,1524,5.1112874,prim_red_cinm2_hybrid200
red_4MB,1555,5.3298670999999995,prim_red_cinm2_hybrid200
red_4MB,1586,2.9494611,prim_red_cinm2_hybrid200
red_4MB,1617,2.9638001000000003,prim_red_cinm2_hybrid200
red_4MB,1648,3.2081797,prim_red_cinm2_hybrid200
red_4MB,1679,5.1619195,prim_red_cinm2_hybrid200
red_4MB,1710,5.6039573,prim_red_cinm2_hybrid200
red_4MB,1741,5.3453502,prim_red_cinm2_hybrid200
red_4MB,1772,3.2915343,prim_red_cinm2_hybrid200
red_4MB,1803,5.331597299999999,prim_red_cinm2_hybrid200
red_4MB,1834,5.1115293,prim_red_cinm2_hybrid200
red_4MB,1865,4.0878467,prim_red_cinm2_hybrid200
red_4MB,1896,3.7255704,prim_red_cinm2_hybrid200
red_4MB,1927,3.2497349,prim_red_cinm2_hybrid200
red_4MB,1958,3.5361572000000003,prim_red_cinm2_hybrid200
red_4MB,1989,3.4387018,prim_red_cinm2_hybrid200
red_4MB,2020,5.0863321,prim_red_cinm2_hybrid200
red_4MB,2051,5.6548544000000005,prim_red_cinm2_hybrid200
red_4MB,2082,3.1095297000000004,prim_red_cinm2_hybrid200
red_4MB,2113,3.2006955,prim_red_cinm2_hybrid200
red_4MB,2144,3.9065466,prim_red_cinm2_hybrid200
red_4MB,2175,5.388044900000001,prim_red_cinm2_hybrid200
red_4MB,2206,3.8970189,prim_red_cinm2_hybrid200
red_4MB,2237,5.325169,prim_red_cinm2_hybrid200
red_4MB,2268,5.0972902,prim_red_cinm2_hybrid200
red_4MB,2299,3.4503502999999998,prim_red_cinm2_hybrid200
red_4MB,2330,3.4558638999999998,prim_red_cinm2_hybrid200
red_4MB,2361,3.41401,prim_red_cinm2_hybrid200
red_4MB,2392,3.2738837999999997,prim_red_cinm2_hybrid200
red_4MB,2423,4.1469525,prim_red_cinm2_hybrid200
red_4MB,2454,3.3475802000000003,prim_red_cinm2_hybrid200
red_4MB,2485,3.2406542000000003,prim_red_cinm2_hybrid200
red_4MB,2516,3.3487302999999997,prim_red_cinm2_hybrid200
red_4MB,2547,3.3926922999999998,prim_red_cinm2_hybrid200
red_4MB,2578,3.5372247000000003,prim_red_cinm2_hybrid200
red_4MB,2609,3.9967568,prim_red_cinm2_hybrid200
red_4MB,2640,3.3635612999999998,prim_red_cinm2_hybrid200
red_4MB,2671,5.6203004000000005,prim_red_cinm2_hybrid200
red_4MB,2702,3.2319724,prim_red_cinm2_hybrid200
red_4MB,2733,3.0256684,prim_red_cinm2_hybrid200
red_4MB,2764,3.2433744,prim_red_cinm2_hybrid200
red_4MB,2795,3.475879,prim_red_cinm2_hybrid200
red_4MB,2826,2.9180257000000003,prim_red_cinm2_hybrid200
red_4MB,2857,5.2446321,prim_red_cinm2_hybrid200
red_4MB,2888,5.1757361,prim_red_cinm2_hybrid200
red_4MB,2919,5.3216385,prim_red_cinm2_hybrid200
red_4MB,2950,3.6366282,prim_red_cinm2_hybrid200
red_4MB,2981,4.1839428,prim_red_cinm2_hybrid200
red_4MB,3012,5.2421825,prim_red_cinm2_hybrid200
red_4MB,3043,5.3825237,prim_red_cinm2_hybrid200
red_4MB,3074,3.6252093,prim_red_cinm2_hybrid200
red_4MB,3105,3.4793106000000003,prim_red_cinm2_hybrid200
red_4MB,3136,3.175992,prim_red_cinm2_hybrid200
red_4MB,3167,3.2936306,prim_red_cinm2_hybrid200
red_4MB,3198,3.5268326,prim_red_cinm2_hybrid200
red_4MB,3229,5.2465655,prim_red_cinm2_hybrid200
red_4MB,3260,3.201993,prim_red_cinm2_hybrid200
red_4MB,3291,4.0543661,prim_red_cinm2_hybrid200
red_4MB,3322,5.0947113,prim_red_cinm2_hybrid200
red_4MB,3353,5.2983859,prim_red_cinm2_hybrid200
red_4MB,3384,5.2449427,prim_red_cinm2_hybrid200
red_4MB,3415,3.2293431,prim_red_cinm2_hybrid200
red_4MB,3446,4.246434799999999,prim_red_cinm2_hybrid200
red_4MB,3477,4.201047900000001,prim_red_cinm2_hybrid200
red_4MB,3508,3.9690399,prim_red_cinm2_hybrid200
red_4MB,3539,5.9013706,prim_red_cinm2_hybrid200
red_4MB,3570,5.2969893,prim_red_cinm2_hybrid200
red_4MB,3601,4.4024133,prim_red_cinm2_hybrid200
red_4MB,3632,5.396428,prim_red_cinm2_hybrid200
red_4MB,3663,4.144509,prim_red_cinm2_hybrid200
red_4MB,3694,3.7761028999999997,prim_red_cinm2_hybrid200
red_4MB,3725,5.6923199,prim_red_cinm2_hybrid200
red_4MB,3756,5.2287871,prim_red_cinm2_hybrid200
red_4MB,3787,5.480685599999999,prim_red_cinm2_hybrid200
red_4MB,3818,5.3156338,prim_red_cinm2_hybrid200
red_4MB,3849,5.368506200000001,prim_red_cinm2_hybrid200
red_4MB,3880,3.079583,prim_red_cinm2_hybrid200
red_4MB,3911,5.1274709000000005,prim_red_cinm2_hybrid200
red_4MB,3942,5.3643839,prim_red_cinm2_hybrid200
red_4MB,3973,3.7207234,prim_red_cinm2_hybrid200
red_4MB,4004,5.317113099999999,prim_red_cinm2_hybrid200
red_512MB,98,504.17195680000003,prim_red_cinm2_hybrid200
red_512MB,160,435.2092913,prim_red_cinm2_hybrid200
red_512MB,222,446.97612189999995,prim_red_cinm2_hybrid200
red_512MB,253,423.871066,prim_red_cinm2_hybrid200
red_512MB,346,426.7957343,prim_red_cinm2_hybrid200
red_512MB,377,425.5512834,prim_red_cinm2_hybrid200
red_512MB,501,436.44275389999996,prim_red_cinm2_hybrid200
red_512MB,563,445.7297846,prim_red_cinm2_hybrid200
red_512MB,656,424.0493801,prim_red_cinm2_hybrid200
red_512MB,687,444.2711812,prim_red_cinm2_hybrid200
red_512MB,811,491.36130860000003,prim_red_cinm2_hybrid200
red_512MB,842,451.562964,prim_red_cinm2_hybrid200
red_512MB,873,424.6561754,prim_red_cinm2_hybrid200
red_512MB,904,446.9413068,prim_red_cinm2_hybrid200
red_512MB,935,435.598866,prim_red_cinm2_hybrid200
red_512MB,966,430.5485475,prim_red_cinm2_hybrid200
red_512MB,997,459.0427259,prim_red_cinm2_hybrid200
red_512MB,1028,425.432755,prim_red_cinm2_hybrid200
red_512MB,1214,442.4731045,prim_red_cinm2_hybrid200
red_512MB,1276,443.6123525,prim_red_cinm2_hybrid200
red_512MB,1431,429.99004,prim_red_cinm2_hybrid200
red_512MB,1493,441.7058939,prim_red_cinm2_hybrid200
red_512MB,1617,474.01361210000005,prim_red_cinm2_hybrid200
red_512MB,1710,446.2941434,prim_red_cinm2_hybrid200
red_512MB,1772,449.2533692,prim_red_cinm2_hybrid200
red_512MB,1834,425.9620473,prim_red_cinm2_hybrid200
red_512MB,1865,446.2786123,prim_red_cinm2_hybrid200
red_512MB,1896,443.5449804,prim_red_cinm2_hybrid200
red_512MB,2082,444.257565,prim_red_cinm2_hybrid200
red_512MB,2144,422.4545129,prim_red_cinm2_hybrid200
red_512MB,2299,446.0947382,prim_red_cinm2_hybrid200
red_512MB,2392,444.70743689999995,prim_red_cinm2_hybrid200
red_512MB,2423,445.58480660000004,prim_red_cinm2_hybrid200
red_512MB,2454,442.987755,prim_red_cinm2_hybrid200
red_512MB,2671,426.2464213,prim_red_cinm2_hybrid200
red_512MB,2702,433.7237475,prim_red_cinm2_hybrid200
red_512MB,2981,454.0683106,prim_red_cinm2_hybrid200
red_512MB,3043,424.60062589999995,prim_red_cinm2_hybrid200
red_512MB,3105,443.13784219999997,prim_red_cinm2_hybrid200
red_512MB,3198,425.8696849,prim_red_cinm2_hybrid200
red_512MB,3291,490.2263583,prim_red_cinm2_hybrid200
red_512MB,3384,488.9043079,prim_red_cinm2_hybrid200
red_512MB,3539,452.39811280000004,prim_red_cinm2_hybrid200
red_512MB,3601,428.2306387,prim_red_cinm2_hybrid200
red_512MB,3632,447.3049676,prim_red_cinm2_hybrid200
red_512MB,3663,487.6025929,prim_red_cinm2_hybrid200
red_512MB,3725,445.0088024,prim_red_cinm2_hybrid200
red_512MB,3756,499.8808557,prim_red_cinm2_hybrid200
red_512MB,3818,444.4207255,prim_red_cinm2_hybrid200
red_512MB,3849,450.3073375,prim_red_cinm2_hybrid200
red_512MB,3973,450.2996698,prim_red_cinm2_hybrid200
red_64MB,67,67.5921984,prim_red_cinm2_hybrid200
red_64MB,98,58.815508,prim_red_cinm2_hybrid200
red_64MB,129,67.8922727,prim_red_cinm2_hybrid200
red_64MB,160,58.5953005,prim_red_cinm2_hybrid200
red_64MB,191,79.77994220000001,prim_red_cinm2_hybrid200
red_64MB,222,58.1356505,prim_red_cinm2_hybrid200
red_64MB,253,64.065175,prim_red_cinm2_hybrid200
red_64MB,284,58.1921714,prim_red_cinm2_hybrid200
red_64MB,315,60.101053799999995,prim_red_cinm2_hybrid200
red_64MB,346,67.73594820000001,prim_red_cinm2_hybrid200
red_64MB,408,59.9063014,prim_red_cinm2_hybrid200
red_64MB,470,60.0739374,prim_red_cinm2_hybrid200
red_64MB,501,67.60941290000001,prim_red_cinm2_hybrid200
red_64MB,532,58.8389155,prim_red_cinm2_hybrid200
red_64MB,563,65.5955953,prim_red_cinm2_hybrid200
red_64MB,625,66.0498638,prim_red_cinm2_hybrid200
red_64MB,718,58.841619200000004,prim_red_cinm2_hybrid200
red_64MB,749,60.3487255,prim_red_cinm2_hybrid200
red_64MB,780,59.2952793,prim_red_cinm2_hybrid200
red_64MB,811,64.2938134,prim_red_cinm2_hybrid200
red_64MB,842,60.8126425,prim_red_cinm2_hybrid200
red_64MB,873,63.0208873,prim_red_cinm2_hybrid200
red_64MB,904,59.0233323,prim_red_cinm2_hybrid200
red_64MB,935,58.088879299999995,prim_red_cinm2_hybrid200
red_64MB,966,68.2449425,prim_red_cinm2_hybrid200
red_64MB,997,56.7359954,prim_red_cinm2_hybrid200
red_64MB,1028,58.802339200000006,prim_red_cinm2_hybrid200
red_64MB,1059,66.9600285,prim_red_cinm2_hybrid200
red_64MB,1121,59.132443200000004,prim_red_cinm2_hybrid200
red_64MB,1152,65.4830325,prim_red_cinm2_hybrid200
red_64MB,1183,59.608966,prim_red_cinm2_hybrid200
red_64MB,1214,58.809482100000004,prim_red_cinm2_hybrid200
red_64MB,1245,59.123395,prim_red_cinm2_hybrid200
red_64MB,1276,58.0367577,prim_red_cinm2_hybrid200
red_64MB,1307,58.486753,prim_red_cinm2_hybrid200
red_64MB,1338,69.4671162,prim_red_cinm2_hybrid200
red_64MB,1369,67.95012609999999,prim_red_cinm2_hybrid200
red_64MB,1400,58.8873488,prim_red_cinm2_hybrid200
red_64MB,1431,68.3657521,prim_red_cinm2_hybrid200
red_64MB,1462,58.6366559,prim_red_cinm2_hybrid200
red_64MB,1493,58.8846334,prim_red_cinm2_hybrid200
red_64MB,1524,59.637213,prim_red_cinm2_hybrid200
red_64MB,1555,68.7764559,prim_red_cinm2_hybrid200
red_64MB,1586,59.4687545,prim_red_cinm2_hybrid200
red_64MB,1617,60.7973274,prim_red_cinm2_hybrid200
red_64MB,1648,60.5585327,prim_red_cinm2_hybrid200
red_64MB,1710,59.651098399999995,prim_red_cinm2_hybrid200
red_64MB,1741,59.7513321,prim_red_cinm2_hybrid200
red_64MB,1772,59.62631,prim_red_cinm2_hybrid200
red_64MB,1803,57.6127348,prim_red_cinm2_hybrid200
red_64MB,1834,67.5835924,prim_red_cinm2_hybrid200
red_64MB,1865,56.077717799999995,prim_red_cinm2_hybrid200
red_64MB,1896,56.596264600000005,prim_red_cinm2_hybrid200
red_64MB,1927,62.488257299999994,prim_red_cinm2_hybrid200
red_64MB,1958,57.9329695,prim_red_cinm2_hybrid200
red_64MB,2020,63.0036254,prim_red_cinm2_hybrid200
red_64MB,2051,62.985785299999996,prim_red_cinm2_hybrid200
red_64MB,2082,62.167741,prim_red_cinm2_hybrid200
red_64MB,2113,63.709881,prim_red_cinm2_hybrid200
red_64MB,2144,62.683454600000005,prim_red_cinm2_hybrid200
red_64MB,2175,67.5427895,prim_red_cinm2_hybrid200
red_64MB,2237,67.92690470000001,prim_red_cinm2_hybrid200
red_64MB,2299,59.638527,prim_red_cinm2_hybrid200
red_64MB,2392,62.5846768,prim_red_cinm2_hybrid200
red_64MB,2423,65.4669231,prim_red_cinm2_hybrid200
red_64MB,2454,60.327861799999994,prim_red_cinm2_hybrid200
red_64MB,2485,62.6326819,prim_red_cinm2_hybrid200
red_64MB,2516,58.764649399999996,prim_red_cinm2_hybrid200
red_64MB,2578,59.9578391,prim_red_cinm2_hybrid200
red_64MB,2609,59.4072483,prim_red_cinm2_hybrid200
red_64MB,2671,58.7856396,prim_red_cinm2_hybrid200
red_64MB,2702,63.4040072,prim_red_cinm2_hybrid200
red_64MB,2764,58.3416693,prim_red_cinm2_hybrid200
red_64MB,2795,63.5218906,prim_red_cinm2_hybrid200
red_64MB,2857,56.961642600000005,prim_red_cinm2_hybrid200
red_64MB,2888,58.601232,prim_red_cinm2_hybrid200
red_64MB,2919,68.88771390000001,prim_red_cinm2_hybrid200
red_64MB,2981,58.281308200000005,prim_red_cinm2_hybrid200
red_64MB,3012,57.763353200000005,prim_red_cinm2_hybrid200
red_64MB,3074,60.180536,prim_red_cinm2_hybrid200
red_64MB,3136,63.7830478,prim_red_cinm2_hybrid200
red_64MB,3198,68.421068,prim_red_cinm2_hybrid200
red_64MB,3229,79.85515090000001,prim_red_cinm2_hybrid200
red_64MB,3291,60.037609200000006,prim_red_cinm2_hybrid200
red_64MB,3322,63.055310399999996,prim_red_cinm2_hybrid200
red_64MB,3353,65.3027605,prim_red_cinm2_hybrid200
red_64MB,3384,61.2194245,prim_red_cinm2_hybrid200
red_64MB,3415,56.911768200000004,prim_red_cinm2_hybrid200
red_64MB,3570,59.9029717,prim_red_cinm2_hybrid200
red_64MB,3632,61.5155097,prim_red_cinm2_hybrid200
red_64MB,3663,59.215155200000005,prim_red_cinm2_hybrid200
red_64MB,3694,60.2933247,prim_red_cinm2_hybrid200
red_64MB,3756,58.0896582,prim_red_cinm2_hybrid200
red_64MB,3787,62.6889281,prim_red_cinm2_hybrid200
red_64MB,3818,58.939111700000005,prim_red_cinm2_hybrid200
red_64MB,3880,67.71427759999999,prim_red_cinm2_hybrid200
red_64MB,3942,59.184599799999994,prim_red_cinm2_hybrid200
red_64MB,3973,59.3257722,prim_red_cinm2_hybrid200
red_256MB,67,282.9593582,prim_red_cinm2_hybrid400
red_256MB,98,280.74581889999996,prim_red_cinm2_hybrid400
red_256MB,129,284.989438,prim_red_cinm2_hybrid400
red_256MB,160,301.0271563,prim_red_cinm2_hybrid400
red_256MB,191,294.563781,prim_red_cinm2_hybrid400
red_256MB,222,305.2086334,prim_red_cinm2_hybrid400
red_256MB,253,301.3009404,prim_red_cinm2_hybrid400
red_256MB,284,296.66425189999995,prim_red_cinm2_hybrid400
red_256MB,315,303.84369410000005,prim_red_cinm2_hybrid400
red_256MB,346,324.9540492,prim_red_cinm2_hybrid400
red_256MB,377,325.316889,prim_red_cinm2_hybrid400
red_256MB,408,277.2033702,prim_red_cinm2_hybrid400
red_256MB,439,282.3092151,prim_red_cinm2_hybrid400
red_256MB,470,283.18760560000004,prim_red_cinm2_hybrid400
red_256MB,501,276.01919430000004,prim_red_cinm2_hybrid400
red_256MB,532,285.78977160000005,prim_red_cinm2_hybrid400
red_256MB,563,283.31804619999997,prim_red_cinm2_hybrid400
red_256MB,594,279.0515967,prim_red_cinm2_hybrid400
red_256MB,625,278.3087624,prim_red_cinm2_hybrid400
red_256MB,656,273.6185693,prim_red_cinm2_hybrid400
red_256MB,687,271.9133542,prim_red_cinm2_hybrid400
red_256MB,718,280.4664083,prim_red_cinm2_hybrid400
red_256MB,749,322.9739312,prim_red_cinm2_hybrid400
red_256MB,780,275.83700660000005,prim_red_cinm2_hybrid400
red_256MB,811,286.83315910000005,prim_red_cinm2_hybrid400
red_256MB,842,281.1906487,prim_red_cinm2_hybrid400
red_256MB,873,275.4815289,prim_red_cinm2_hybrid400
red_256MB,904,273.25773860000004,prim_red_cinm2_hybrid400
red_256MB,935,279.08821689999996,prim_red_cinm2_hybrid400
red_256MB,966,323.7032006,prim_red_cinm2_hybrid400
red_256MB,997,322.03871219999996,prim_red_cinm2_hybrid400
red_256MB,1028,303.8527962,prim_red_cinm2_hybrid400
red_256MB,1059,274.70403810000005,prim_red_cinm2_hybrid400
red_256MB,1090,336.74019780000003,prim_red_cinm2_hybrid400
red_256MB,1121,281.72991,prim_red_cinm2_hybrid400
red_256MB,1152,283.178827,prim_red_cinm2_hybrid400
red_256MB,1183,283.78031119999997,prim_red_cinm2_hybrid400
red_256MB,1214,276.1830241,prim_red_cinm2_hybrid400
red_256MB,1245,283.7493022,prim_red_cinm2_hybrid400
red_256MB,1276,276.5807465,prim_red_cinm2_hybrid400
red_256MB,1307,280.9357134,prim_red_cinm2_hybrid400
red_256MB,1338,284.4233891,prim_red_cinm2_hybrid400
red_256MB,1369,299.21378569999996,prim_red_cinm2_hybrid400
red_256MB,1400,275.45676710000004,prim_red_cinm2_hybrid400
red_256MB,1431,293.34331139999995,prim_red_cinm2_hybrid400
red_256MB,1462,305.49836589999995,prim_red_cinm2_hybrid400
red_256MB,1493,303.2187443,prim_red_cinm2_hybrid400
red_256MB,1524,307.80483960000004,prim_red_cinm2_hybrid400
red_256MB,1555,300.6332448,prim_red_cinm2_hybrid400
red_256MB,1586,303.7204405,prim_red_cinm2_hybrid400
red_256MB,1617,305.672809,prim_red_cinm2_hybrid400
red_256MB,1648,302.9420895,prim_red_cinm2_hybrid400
red_256MB,1679,299.921611,prim_red_cinm2_hybrid400
red_256MB,1710,302.371075,prim_red_cinm2_hybrid400
red_256MB,1741,301.5874691,prim_red_cinm2_hybrid400
red_256MB,1772,304.13617589999996,prim_red_cinm2_hybrid400
red_256MB,1803,303.4548433,prim_red_cinm2_hybrid400
red_256MB,1834,306.0008131,prim_red_cinm2_hybrid400
red_256MB,1865,275.42494739999995,prim_red_cinm2_hybrid400
red_256MB,1896,270.3672998,prim_red_cinm2_hybrid400
red_256MB,1927,305.8584684,prim_red_cinm2_hybrid400
red_256MB,1958,304.814536,prim_red_cinm2_hybrid400
red_256MB,1989,305.2136588,prim_red_cinm2_hybrid400
red_256MB,2020,305.7878925,prim_red_cinm2_hybrid400
red_256MB,2051,302.3279078,prim_red_cinm2_hybrid400
red_256MB,2082,350.2958803,prim_red_cinm2_hybrid400
red_256MB,2113,305.6736032,prim_red_cinm2_hybrid400
red_256MB,2144,305.01984319999997,prim_red_cinm2_hybrid400
red_256MB,2175,304.1954078,prim_red_cinm2_hybrid400
red_256MB,2206,306.91175480000004,prim_red_cinm2_hybrid400
red_256MB,2237,302.7721393,prim_red_cinm2_hybrid400
red_256MB,2268,303.0504677,prim_red_cinm2_hybrid400
red_256MB,2299,304.90128660000005,prim_red_cinm2_hybrid400
red_256MB,2330,350.16452119999997,prim_red_cinm2_hybrid400
red_256MB,2361,301.467124,prim_red_cinm2_hybrid400
red_256MB,2392,275.0074975,prim_red_cinm2_hybrid400
red_256MB,2423,304.8453501,prim_red_cinm2_hybrid400
red_256MB,2454,303.6105437,prim_red_cinm2_hybrid400
red_256MB,2485,300.91398680000003,prim_red_cinm2_hybrid400
red_256MB,2516,302.5427793,prim_red_cinm2_hybrid400
red_256MB,2547,304.1545332,prim_red_cinm2_hybrid400
red_256MB,2578,301.87374989999995,prim_red_cinm2_hybrid400
red_256MB,2609,303.7504077,prim_red_cinm2_hybrid400
red_256MB,2640,301.5907426,prim_red_cinm2_hybrid400
red_256MB,2671,300.9816813,prim_red_cinm2_hybrid400
red_256MB,2702,305.39515689999996,prim_red_cinm2_hybrid400
red_256MB,2733,304.5193473,prim_red_cinm2_hybrid400
red_256MB,2764,301.2804726,prim_red_cinm2_hybrid400
red_256MB,2795,306.0000799,prim_red_cinm2_hybrid400
red_256MB,2826,299.6847685,prim_red_cinm2_hybrid400
red_256MB,2857,302.79361719999997,prim_red_cinm2_hybrid400
red_256MB,2888,302.77835880000003,prim_red_cinm2_hybrid400
red_256MB,2919,303.9464139,prim_red_cinm2_hybrid400
red_256MB,2950,279.2682141,prim_red_cinm2_hybrid400
red_256MB,2981,305.9533038,prim_red_cinm2_hybrid400
red_256MB,3012,302.1843793,prim_red_cinm2_hybrid400
red_256MB,3043,300.25340889999995,prim_red_cinm2_hybrid400
red_256MB,3074,303.249103,prim_red_cinm2_hybrid400
red_256MB,3105,304.0659681,prim_red_cinm2_hybrid400
red_256MB,3136,352.26061980000003,prim_red_cinm2_hybrid400
red_256MB,3167,320.5182568,prim_red_cinm2_hybrid400
red_256MB,3198,305.55150510000004,prim_red_cinm2_hybrid400
red_256MB,3229,299.20392039999996,prim_red_cinm2_hybrid400
red_256MB,3260,307.02018369999996,prim_red_cinm2_hybrid400
red_256MB,3291,304.0630337,prim_red_cinm2_hybrid400
red_256MB,3322,305.4885457,prim_red_cinm2_hybrid400
red_256MB,3353,283.035421,prim_red_cinm2_hybrid400
red_256MB,3384,282.6497535,prim_red_cinm2_hybrid400
red_256MB,3415,276.9411093,prim_red_cinm2_hybrid400
red_256MB,3446,283.9527209,prim_red_cinm2_hybrid400
red_256MB,3477,284.42641660000004,prim_red_cinm2_hybrid400
red_256MB,3508,323.64782210000004,prim_red_cinm2_hybrid400
red_256MB,3539,283.3022917,prim_red_cinm2_hybrid400
red_256MB,3570,277.9429483,prim_red_cinm2_hybrid400
red_256MB,3601,274.7991267,prim_red_cinm2_hybrid400
red_256MB,3632,280.2323689,prim_red_cinm2_hybrid400
red_256MB,3663,279.76119289999997,prim_red_cinm2_hybrid400
red_256MB,3694,282.14282160000005,prim_red_cinm2_hybrid400
red_256MB,3725,320.7637797,prim_red_cinm2_hybrid400
red_256MB,3756,275.6475395,prim_red_cinm2_hybrid400
red_256MB,3787,323.6162122,prim_red_cinm2_hybrid400
red_256MB,3818,276.6307145,prim_red_cinm2_hybrid400
red_256MB,3849,281.46255130000003,prim_red_cinm2_hybrid400
red_256MB,3880,323.8963815,prim_red_cinm2_hybrid400
red_256MB,3911,280.4072447,prim_red_cinm2_hybrid400
red_256MB,3942,280.2060526,prim_red_cinm2_hybrid400
red_256MB,3973,319.7595629,prim_red_cinm2_hybrid400
red_256MB,4004,321.4213191,prim_red_cinm2_hybrid400
red_4MB,67,3.4218477999999997,prim_red_cinm2_hybrid400
red_4MB,98,3.848437,prim_red_cinm2_hybrid400
red_4MB,129,3.963395,prim_red_cinm2_hybrid400
red_4MB,160,3.0480372,prim_red_cinm2_hybrid400
red_4MB,191,4.1907151,prim_red_cinm2_hybrid400
red_4MB,222,3.3812534,prim_red_cinm2_hybrid400
red_4MB,253,3.3621583,prim_red_cinm2_hybrid400
red_4MB,284,3.2678562,prim_red_cinm2_hybrid400
red_4MB,315,3.943263,prim_red_cinm2_hybrid400
red_4MB,346,5.4803365,prim_red_cinm2_hybrid400
red_4MB,377,3.9169315,prim_red_cinm2_hybrid400
red_4MB,408,4.1231245,prim_red_cinm2_hybrid400
red_4MB,439,3.6381676,prim_red_cinm2_hybrid400
red_4MB,470,4.3677245,prim_red_cinm2_hybrid400
red_4MB,501,3.6394882,prim_red_cinm2_hybrid400
red_4MB,532,3.9444121,prim_red_cinm2_hybrid400
red_4MB,563,3.528708,prim_red_cinm2_hybrid400
red_4MB,594,3.8337808,prim_red_cinm2_hybrid400
red_4MB,625,3.8938337,prim_red_cinm2_hybrid400
red_4MB,656,3.6806115,prim_red_cinm2_hybrid400
red_4MB,687,3.6610026,prim_red_cinm2_hybrid400
red_4MB,718,3.5629599,prim_red_cinm2_hybrid400
red_4MB,749,3.7954953,prim_red_cinm2_hybrid400
red_4MB,780,3.6916146000000003,prim_red_cinm2_hybrid400
red_4MB,811,3.9704642999999997,prim_red_cinm2_hybrid400
red_4MB,842,7.8742112,prim_red_cinm2_hybrid400
red_4MB,873,3.8301407999999997,prim_red_cinm2_hybrid400
red_4MB,904,3.8992341,prim_red_cinm2_hybrid400
red_4MB,935,3.4337452,prim_red_cinm2_hybrid400
red_4MB,966,3.4052857000000003,prim_red_cinm2_hybrid400
red_4MB,997,3.6281101000000002,prim_red_cinm2_hybrid400
red_4MB,1028,3.5280725,prim_red_cinm2_hybrid400
red_4MB,1059,3.4581925,prim_red_cinm2_hybrid400
red_4MB,1090,3.4291104,prim_red_cinm2_hybrid400
red_4MB,1121,3.2503143999999997,prim_red_cinm2_hybrid400
red_4MB,1152,3.4377721,prim_red_cinm2_hybrid400
red_4MB,1183,3.3584221000000003,prim_red_cinm2_hybrid400
red_4MB,1214,3.7225745,prim_red_cinm2_hybrid400
red_4MB,1245,3.1614141,prim_red_cinm2_hybrid400
red_4MB,1276,4.2312485,prim_red_cinm2_hybrid400
red_4MB,1307,3.4617006,prim_red_cinm2_hybrid400
red_4MB,1338,3.5692413,prim_red_cinm2_hybrid400
red_4MB,1369,3.2448034,prim_red_cinm2_hybrid400
red_4MB,1400,3.0466363,prim_red_cinm2_hybrid400
red_4MB,1431,3.2274807,prim_red_cinm2_hybrid400
red_4MB,1462,3.2889246,prim_red_cinm2_hybrid400
red_4MB,1493,3.829697,prim_red_cinm2_hybrid400
red_4MB,1524,3.7082002000000003,prim_red_cinm2_hybrid400
red_4MB,1555,3.4493769,prim_red_cinm2_hybrid400
red_4MB,1586,3.2099772,prim_red_cinm2_hybrid400
red_4MB,1617,3.0832764,prim_red_cinm2_hybrid400
red_4MB,1648,3.2209024,prim_red_cinm2_hybrid400
red_4MB,1679,3.4045061000000003,prim_red_cinm2_hybrid400
red_4MB,1710,3.5420065,prim_red_cinm2_hybrid400
red_4MB,1741,3.5737753,prim_red_cinm2_hybrid400
red_4MB,1772,3.4002033,prim_red_cinm2_hybrid400
red_4MB,1803,3.2740682000000003,prim_red_cinm2_hybrid400
red_4MB,1834,3.5028356,prim_red_cinm2_hybrid400
red_4MB,1865,3.4049609,prim_red_cinm2_hybrid400
red_4MB,1896,3.2805347,prim_red_cinm2_hybrid400
red_4MB,1927,3.4343356000000003,prim_red_cinm2_hybrid400
red_4MB,1958,3.5850935,prim_red_cinm2_hybrid400
red_4MB,1989,3.7415973,prim_red_cinm2_hybrid400
red_4MB,2020,7.3402002,prim_red_cinm2_hybrid400
red_4MB,2051,4.2267883,prim_red_cinm2_hybrid400
red_4MB,2082,3.9245052,prim_red_cinm2_hybrid400
red_4MB,2113,3.6343191,prim_red_cinm2_hybrid400
red_4MB,2144,3.5993966,prim_red_cinm2_hybrid400
red_4MB,2175,3.2572429,prim_red_cinm2_hybrid400
red_4MB,2206,3.5414411,prim_red_cinm2_hybrid400
red_4MB,2237,3.9605711,prim_red_cinm2_hybrid400
red_4MB,2268,3.2384097,prim_red_cinm2_hybrid400
red_4MB,2299,3.7544752000000003,prim_red_cinm2_hybrid400
red_4MB,2330,4.0983729,prim_red_cinm2_hybrid400
red_4MB,2361,3.9788761,prim_red_cinm2_hybrid400
red_4MB,2392,3.5500466,prim_red_cinm2_hybrid400
red_4MB,2423,3.093617,prim_red_cinm2_hybrid400
red_4MB,2454,3.4995838,prim_red_cinm2_hybrid400
red_4MB,2485,3.0525437,prim_red_cinm2_hybrid400
red_4MB,2516,3.3916822,prim_red_cinm2_hybrid400
red_4MB,2547,3.8304135,prim_red_cinm2_hybrid400
red_4MB,2578,3.7841601000000002,prim_red_cinm2_hybrid400
red_4MB,2609,3.8719006,prim_red_cinm2_hybrid400
red_4MB,2640,4.0922139,prim_red_cinm2_hybrid400
red_4MB,2671,3.8305562,prim_red_cinm2_hybrid400
red_4MB,2702,3.8212597,prim_red_cinm2_hybrid400
red_4MB,2733,4.423863,prim_red_cinm2_hybrid400
red_4MB,2764,3.8255021,prim_red_cinm2_hybrid400
red_4MB,2795,7.8184027,prim_red_cinm2_hybrid400
red_4MB,2826,3.5181449,prim_red_cinm2_hybrid400
red_4MB,2857,3.9619314,prim_red_cinm2_hybrid400
red_4MB,2888,3.9024139,prim_red_cinm2_hybrid400
red_4MB,2919,4.1013841,prim_red_cinm2_hybrid400
red_4MB,2950,4.0638274,prim_red_cinm2_hybrid400
red_4MB,2981,3.7456339,prim_red_cinm2_hybrid400
red_4MB,3012,3.7400143,prim_red_cinm2_hybrid400
red_4MB,3043,3.8102451,prim_red_cinm2_hybrid400
red_4MB,3074,3.7003506,prim_red_cinm2_hybrid400
red_4MB,3105,3.660858,prim_red_cinm2_hybrid400
red_4MB,3136,3.4353952999999997,prim_red_cinm2_hybrid400
red_4MB,3167,3.473483,prim_red_cinm2_hybrid400
red_4MB,3198,3.4772822000000003,prim_red_cinm2_hybrid400
red_4MB,3229,3.7840631,prim_red_cinm2_hybrid400
red_4MB,3260,3.8533861000000003,prim_red_cinm2_hybrid400
red_4MB,3291,4.2127457999999995,prim_red_cinm2_hybrid400
red_4MB,3322,3.2837528,prim_red_cinm2_hybrid400
red_4MB,3353,4.018553799999999,prim_red_cinm2_hybrid400
red_4MB,3384,3.8993987000000003,prim_red_cinm2_hybrid400
red_4MB,3415,3.5770853,prim_red_cinm2_hybrid400
red_4MB,3446,3.4406079,prim_red_cinm2_hybrid400
red_4MB,3477,3.3257057999999997,prim_red_cinm2_hybrid400
red_4MB,3508,7.594305599999999,prim_red_cinm2_hybrid400
red_4MB,3539,3.6309886000000002,prim_red_cinm2_hybrid400
red_4MB,3570,3.3216525,prim_red_cinm2_hybrid400
red_4MB,3601,3.7734397000000004,prim_red_cinm2_hybrid400
red_4MB,3632,3.7920582,prim_red_cinm2_hybrid400
red_4MB,3663,4.2601483,prim_red_cinm2_hybrid400
red_4MB,3694,3.616634,prim_red_cinm2_hybrid400
red_4MB,3725,3.5268202000000004,prim_red_cinm2_hybrid400
red_4MB,3756,3.6536595,prim_red_cinm2_hybrid400
red_4MB,3787,3.5598913999999997,prim_red_cinm2_hybrid400
red_4MB,3818,3.3822477,prim_red_cinm2_hybrid400
red_4MB,3849,4.0475661,prim_red_cinm2_hybrid400
red_4MB,3880,3.5189337000000003,prim_red_cinm2_hybrid400
red_4MB,3911,3.9813691,prim_red_cinm2_hybrid400
red_4MB,3942,3.2288512999999996,prim_red_cinm2_hybrid400
red_4MB,3973,3.6376017000000003,prim_red_cinm2_hybrid400
red_4MB,4004,4.2342321,prim_red_cinm2_hybrid400
red_512MB,98,451.8208563,prim_red_cinm2_hybrid400
red_512MB,129,452.59923189999995,prim_red_cinm2_hybrid400
red_512MB,191,425.5101648,prim_red_cinm2_hybrid400
red_512MB,253,427.55930839999996,prim_red_cinm2_hybrid400
red_512MB,315,447.8945384,prim_red_cinm2_hybrid400
red_512MB,346,450.3823838,prim_red_cinm2_hybrid400
red_512MB,377,430.86526680000003,prim_red_cinm2_hybrid400
red_512MB,439,447.3161503,prim_red_cinm2_hybrid400
red_512MB,470,551.372357,prim_red_cinm2_hybrid400
red_512MB,501,517.7083222,prim_red_cinm2_hybrid400
red_512MB,563,447.0021767,prim_red_cinm2_hybrid400
red_512MB,687,446.6465874,prim_red_cinm2_hybrid400
red_512MB,718,450.3402137,prim_red_cinm2_hybrid400
red_512MB,811,453.6106327,prim_red_cinm2_hybrid400
red_512MB,842,444.8174735,prim_red_cinm2_hybrid400
red_512MB,935,441.9817238,prim_red_cinm2_hybrid400
red_512MB,966,444.3957042,prim_red_cinm2_hybrid400
red_512MB,1121,441.82514160000005,prim_red_cinm2_hybrid400
red_512MB,1152,447.09220139999996,prim_red_cinm2_hybrid400
red_512MB,1214,445.808197,prim_red_cinm2_hybrid400
red_512MB,1245,444.2722421,prim_red_cinm2_hybrid400
red_512MB,1276,427.8526885,prim_red_cinm2_hybrid400
red_512MB,1307,447.83320139999995,prim_red_cinm2_hybrid400
red_512MB,1369,437.164954,prim_red_cinm2_hybrid400
red_512MB,1431,426.5554596,prim_red_cinm2_hybrid400
red_512MB,1493,444.212622,prim_red_cinm2_hybrid400
red_512MB,1555,444.26506639999997,prim_red_cinm2_hybrid400
red_512MB,1617,447.1007755,prim_red_cinm2_hybrid400
red_512MB,1772,446.5415745,prim_red_cinm2_hybrid400
red_512MB,1865,442.13581189999996,prim_red_cinm2_hybrid400
red_512MB,1896,460.7869463,prim_red_cinm2_hybrid400
red_512MB,2051,423.0944036,prim_red_cinm2_hybrid400
red_512MB,2082,450.0285078,prim_red_cinm2_hybrid400
red_512MB,2113,448.1167538,prim_red_cinm2_hybrid400
red_512MB,2175,433.254802,prim_red_cinm2_hybrid400
red_512MB,2206,448.79392160000003,prim_red_cinm2_hybrid400
red_512MB,2268,452.1707223,prim_red_cinm2_hybrid400
red_512MB,2330,451.462729,prim_red_cinm2_hybrid400
red_512MB,2361,446.31924310000005,prim_red_cinm2_hybrid400
red_512MB,2392,443.36313889999997,prim_red_cinm2_hybrid400
red_512MB,2423,446.21346619999997,prim_red_cinm2_hybrid400
red_512MB,2454,445.640118,prim_red_cinm2_hybrid400
red_512MB,2547,446.3290708,prim_red_cinm2_hybrid400
red_512MB,2609,445.45126860000005,prim_red_cinm2_hybrid400
red_512MB,2671,552.0781662,prim_red_cinm2_hybrid400
red_512MB,2733,487.64131580000003,prim_red_cinm2_hybrid400
red_512MB,2764,447.31561519999997,prim_red_cinm2_hybrid400
red_512MB,2826,517.5173204,prim_red_cinm2_hybrid400
red_512MB,2857,520.1858683,prim_red_cinm2_hybrid400
red_512MB,2981,446.7542656,prim_red_cinm2_hybrid400
red_512MB,3043,453.2432634,prim_red_cinm2_hybrid400
red_512MB,3105,445.55031,prim_red_cinm2_hybrid400
red_512MB,3167,445.2018762,prim_red_cinm2_hybrid400
red_512MB,3291,494.164922,prim_red_cinm2_hybrid400
red_512MB,3353,448.7977544,prim_red_cinm2_hybrid400
red_512MB,3415,553.4402993,prim_red_cinm2_hybrid400
red_512MB,3508,450.8796448,prim_red_cinm2_hybrid400
red_512MB,3539,464.66180760000003,prim_red_cinm2_hybrid400
red_512MB,3601,472.7234155,prim_red_cinm2_hybrid400
red_512MB,3725,444.79778389999996,prim_red_cinm2_hybrid400
red_512MB,3756,515.621648,prim_red_cinm2_hybrid400
red_512MB,3880,462.986196,prim_red_cinm2_hybrid400
red_512MB,3973,444.3186839,prim_red_cinm2_hybrid400
red_64MB,67,67.9245794,prim_red_cinm2_hybrid400
red_64MB,98,62.7027762,prim_red_cinm2_hybrid400
red_64MB,129,64.2224061,prim_red_cinm2_hybrid400
red_64MB,191,67.72650370000001,prim_red_cinm2_hybrid400
red_64MB,222,74.24690079999999,prim_red_cinm2_hybrid400
red_64MB,253,64.055016,prim_red_cinm2_hybrid400
red_64MB,284,69.7054692,prim_red_cinm2_hybrid400
red_64MB,377,59.7341816,prim_red_cinm2_hybrid400
red_64MB,408,63.118128899999995,prim_red_cinm2_hybrid400
red_64MB,470,62.2674223,prim_red_cinm2_hybrid400
red_64MB,501,67.81220809999999,prim_red_cinm2_hybrid400
red_64MB,532,62.1065417,prim_red_cinm2_hybrid400
red_64MB,563,63.4868332,prim_red_cinm2_hybrid400
red_64MB,594,64.0202847,prim_red_cinm2_hybrid400
red_64MB,625,60.3018361,prim_red_cinm2_hybrid400
red_64MB,656,60.9039779,prim_red_cinm2_hybrid400
red_64MB,749,60.479815200000004,prim_red_cinm2_hybrid400
red_64MB,780,59.811896299999994,prim_red_cinm2_hybrid400
red_64MB,811,63.234649700000006,prim_red_cinm2_hybrid400
red_64MB,842,63.5336452,prim_red_cinm2_hybrid400
red_64MB,935,67.7431331,prim_red_cinm2_hybrid400
red_64MB,966,59.639626899999996,prim_red_cinm2_hybrid400
red_64MB,997,68.4163314,prim_red_cinm2_hybrid400
red_64MB,1028,59.4186829,prim_red_cinm2_hybrid400
red_64MB,1059,60.197822,prim_red_cinm2_hybrid400
red_64MB,1121,63.8625239,prim_red_cinm2_hybrid400
red_64MB,1183,60.565965799999994,prim_red_cinm2_hybrid400
red_64MB,1214,60.484333799999995,prim_red_cinm2_hybrid400
red_64MB,1245,66.6847579,prim_red_cinm2_hybrid400
red_64MB,1307,67.8111685,prim_red_cinm2_hybrid400
red_64MB,1338,67.75018940000001,prim_red_cinm2_hybrid400
red_64MB,1369,64.2147676,prim_red_cinm2_hybrid400
red_64MB,1493,61.4680679,prim_red_cinm2_hybrid400
red_64MB,1524,55.5667605,prim_red_cinm2_hybrid400
red_64MB,1555,59.154070299999994,prim_red_cinm2_hybrid400
red_64MB,1586,58.1927747,prim_red_cinm2_hybrid400
red_64MB,1617,60.3347785,prim_red_cinm2_hybrid400
red_64MB,1741,60.981790200000006,prim_red_cinm2_hybrid400
red_64MB,1834,69.01257140000001,prim_red_cinm2_hybrid400
red_64MB,1865,57.6630916,prim_red_cinm2_hybrid400
red_64MB,1896,60.4087285,prim_red_cinm2_hybrid400
red_64MB,1927,63.133210299999995,prim_red_cinm2_hybrid400
red_64MB,1958,57.909434700000006,prim_red_cinm2_hybrid400
red_64MB,2020,69.2416092,prim_red_cinm2_hybrid400
red_64MB,2082,68.75595609999999,prim_red_cinm2_hybrid400
red_64MB,2113,63.957243299999995,prim_red_cinm2_hybrid400
red_64MB,2144,63.747507299999995,prim_red_cinm2_hybrid400
red_64MB,2175,65.4677306,prim_red_cinm2_hybrid400
red_64MB,2237,68.5229473,prim_red_cinm2_hybrid400
red_64MB,2268,63.262073799999996,prim_red_cinm2_hybrid400
red_64MB,2299,68.3765224,prim_red_cinm2_hybrid400
red_64MB,2361,60.108175200000005,prim_red_cinm2_hybrid400
red_64MB,2423,58.9233057,prim_red_cinm2_hybrid400
red_64MB,2516,67.81602409999999,prim_red_cinm2_hybrid400
red_64MB,2547,58.523713799999996,prim_red_cinm2_hybrid400
red_64MB,2578,63.158734100000004,prim_red_cinm2_hybrid400
red_64MB,2609,59.5351165,prim_red_cinm2_hybrid400
red_64MB,2640,68.0243992,prim_red_cinm2_hybrid400
red_64MB,2671,68.1011265,prim_red_cinm2_hybrid400
red_64MB,2702,63.4115065,prim_red_cinm2_hybrid400
red_64MB,2795,67.8005135,prim_red_cinm2_hybrid400
red_64MB,2888,69.0405498,prim_red_cinm2_hybrid400
red_64MB,2919,76.57578509999999,prim_red_cinm2_hybrid400
red_64MB,2981,54.4306016,prim_red_cinm2_hybrid400
red_64MB,3043,59.6286056,prim_red_cinm2_hybrid400
red_64MB,3074,59.6274363,prim_red_cinm2_hybrid400
red_64MB,3105,70.245283,prim_red_cinm2_hybrid400
red_64MB,3136,62.6694891,prim_red_cinm2_hybrid400
red_64MB,3198,63.5741574,prim_red_cinm2_hybrid400
red_64MB,3229,79.8331063,prim_red_cinm2_hybrid400
red_64MB,3291,68.3116614,prim_red_cinm2_hybrid400
red_64MB,3322,63.153725200000004,prim_red_cinm2_hybrid400
red_64MB,3353,68.1964205,prim_red_cinm2_hybrid400
red_64MB,3384,63.9206165,prim_red_cinm2_hybrid400
red_64MB,3415,62.439832200000005,prim_red_cinm2_hybrid400
red_64MB,3446,63.1860586,prim_red_cinm2_hybrid400
red_64MB,3570,70.5050636,prim_red_cinm2_hybrid400
red_64MB,3601,79.3258327,prim_red_cinm2_hybrid400
red_64MB,3632,64.4978799,prim_red_cinm2_hybrid400
red_64MB,3694,63.6701387,prim_red_cinm2_hybrid400
red_64MB,3725,63.8003325,prim_red_cinm2_hybrid400
red_64MB,3756,62.9203459,prim_red_cinm2_hybrid400
red_64MB,3787,58.7761571,prim_red_cinm2_hybrid400
red_64MB,3818,68.13327840000001,prim_red_cinm2_hybrid400
red_64MB,3880,67.88413320000001,prim_red_cinm2_hybrid400
red_64MB,3942,68.14862640000001,prim_red_cinm2_hybrid400
red_64MB,3973,60.461276399999996,prim_red_cinm2_hybrid400
red_64MB,4004,59.7970599,prim_red_cinm2_hybrid400
red_256MB,67,3665.2663706999997,prim_red_cinm1
red_256MB,98,3627.720696,prim_red_cinm1
red_256MB,129,3656.5246036,prim_red_cinm1
red_256MB,160,3620.4466356,prim_red_cinm1
red_256MB,191,3692.0360688,prim_red_cinm1
red_256MB,222,3681.8836658,prim_red_cinm1
red_256MB,253,3625.3903061,prim_red_cinm1
red_256MB,284,3658.9956994,prim_red_cinm1
red_256MB,315,3705.1668788,prim_red_cinm1
red_256MB,346,3617.6152489,prim_red_cinm1
red_256MB,377,3654.7259063,prim_red_cinm1
red_256MB,408,3604.9192329,prim_red_cinm1
red_256MB,439,3653.5896971999996,prim_red_cinm1
red_256MB,470,3692.1967469,prim_red_cinm1
red_256MB,501,3686.8732698000003,prim_red_cinm1
red_256MB,532,3630.903221,prim_red_cinm1
red_256MB,563,3689.8560781,prim_red_cinm1
red_256MB,594,3631.4000031,prim_red_cinm1
red_256MB,625,3669.9654759,prim_red_cinm1
red_256MB,656,3665.1799534,prim_red_cinm1
red_256MB,687,3580.5110802,prim_red_cinm1
red_256MB,718,3626.0556009,prim_red_cinm1
red_256MB,749,3666.3329884,prim_red_cinm1
red_256MB,780,3618.421902,prim_red_cinm1
red_256MB,811,3627.9787561999997,prim_red_cinm1
red_256MB,842,3667.6706935,prim_red_cinm1
red_256MB,873,3694.4093461999996,prim_red_cinm1
red_256MB,904,3645.8771291999997,prim_red_cinm1
red_256MB,935,3654.4461603,prim_red_cinm1
red_256MB,966,3642.2536342,prim_red_cinm1
red_256MB,997,3614.0257473,prim_red_cinm1
red_256MB,1028,3900.8264417,prim_red_cinm1
red_256MB,1059,3890.9937758,prim_red_cinm1
red_256MB,1090,3909.8895323,prim_red_cinm1
red_256MB,1121,3864.3926195,prim_red_cinm1
red_256MB,1152,3668.9233631999996,prim_red_cinm1
red_256MB,1183,3698.3416247,prim_red_cinm1
red_256MB,1214,3664.6723529,prim_red_cinm1
red_256MB,1245,3654.3945104,prim_red_cinm1
red_256MB,1276,3685.9645385999997,prim_red_cinm1
red_256MB,1307,3652.6284167,prim_red_cinm1
red_256MB,1338,3648.9422127,prim_red_cinm1
red_256MB,1369,3654.8516713000004,prim_red_cinm1
red_256MB,1400,3643.386225,prim_red_cinm1
red_256MB,1431,3652.0059125,prim_red_cinm1
red_256MB,1462,3664.11426,prim_red_cinm1
red_256MB,1493,3650.7386118000004,prim_red_cinm1
red_256MB,1524,3632.3252205,prim_red_cinm1
red_256MB,1555,3665.3922584,prim_red_cinm1
red_256MB,1586,3678.3409455,prim_red_cinm1
red_256MB,1617,3700.6154885,prim_red_cinm1
red_256MB,1648,3634.8014161,prim_red_cinm1
red_256MB,1679,3690.1319999,prim_red_cinm1
red_256MB,1710,3620.5297323,prim_red_cinm1
red_256MB,1741,3637.3965499,prim_red_cinm1
red_256MB,1772,3648.1776735999997,prim_red_cinm1
red_256MB,1803,3660.7684176,prim_red_cinm1
red_256MB,1834,3626.3055431,prim_red_cinm1
red_256MB,1865,3643.2504716,prim_red_cinm1
red_256MB,1896,3633.1799855,prim_red_cinm1
red_256MB,1927,3647.7321999,prim_red_cinm1
red_256MB,1958,3637.518049,prim_red_cinm1
red_256MB,1989,3643.2002255,prim_red_cinm1
red_256MB,2020,3636.7397239,prim_red_cinm1
red_256MB,2051,3638.6208106999998,prim_red_cinm1
red_256MB,2082,3683.5646082,prim_red_cinm1
red_256MB,2113,3693.6033985999998,prim_red_cinm1
red_256MB,2144,3663.5730832,prim_red_cinm1
red_256MB,2175,3625.0387346999996,prim_red_cinm1
red_256MB,2206,3643.1914679,prim_red_cinm1
red_256MB,2237,3667.3230747,prim_red_cinm1
red_256MB,2268,3642.2929534,prim_red_cinm1
red_256MB,2299,3687.7873996,prim_red_cinm1
red_256MB,2330,3618.2978324,prim_red_cinm1
red_256MB,2361,3650.7433539,prim_red_cinm1
red_256MB,2392,3666.3442429,prim_red_cinm1
red_256MB,2423,3631.9056804,prim_red_cinm1
red_256MB,2454,3611.1684124000003,prim_red_cinm1
red_256MB,2485,3668.7475586,prim_red_cinm1
red_256MB,2516,3631.6457222,prim_red_cinm1
red_256MB,2547,3636.2852166999996,prim_red_cinm1
red_256MB,2578,3657.5223182,prim_red_cinm1
red_256MB,2609,3623.1942389,prim_red_cinm1
red_256MB,2640,3637.4572563,prim_red_cinm1
red_256MB,2671,3602.4248431,prim_red_cinm1
red_256MB,2702,3681.7748226,prim_red_cinm1
red_256MB,2733,3628.4791971,prim_red_cinm1
red_256MB,2764,3647.5383025,prim_red_cinm1
red_256MB,2795,3645.4414528,prim_red_cinm1
red_256MB,2826,3649.6577607,prim_red_cinm1
red_256MB,2857,3687.5463121,prim_red_cinm1
red_256MB,2888,3671.8752222,prim_red_cinm1
red_256MB,2919,3665.4838365,prim_red_cinm1
red_256MB,2950,3592.8680675,prim_red_cinm1
red_256MB,2981,3634.1567274,prim_red_cinm1
red_256MB,3012,3680.6062806,prim_red_cinm1
red_256MB,3043,3656.9312129,prim_red_cinm1
red_256MB,3074,3616.4617316,prim_red_cinm1
red_256MB,3105,3682.5432144,prim_red_cinm1
red_256MB,3136,3672.2702826,prim_red_cinm1
red_256MB,3167,3668.4929489,prim_red_cinm1
red_256MB,3198,3687.2070541,prim_red_cinm1
red_256MB,3229,3651.3153824,prim_red_cinm1
red_256MB,3260,3650.4832388,prim_red_cinm1
red_256MB,3291,3662.1549956999997,prim_red_cinm1
red_256MB,3322,3630.830568,prim_red_cinm1
red_256MB,3353,3642.9546787,prim_red_cinm1
red_256MB,3384,3668.070206,prim_red_cinm1
red_256MB,3415,3603.7357506,prim_red_cinm1
red_256MB,3446,3680.531166,prim_red_cinm1
red_256MB,3477,3665.904762,prim_red_cinm1
red_256MB,3508,3629.7282288,prim_red_cinm1
red_256MB,3539,3657.941106,prim_red_cinm1
red_256MB,3570,3643.4069955,prim_red_cinm1
red_256MB,3601,3646.5518033000003,prim_red_cinm1
red_256MB,3632,3622.4721628,prim_red_cinm1
red_256MB,3663,3607.5252309,prim_red_cinm1
red_256MB,3694,3668.7574694,prim_red_cinm1
red_256MB,3725,3626.675933,prim_red_cinm1
red_256MB,3756,3594.5814826,prim_red_cinm1
red_256MB,3787,3668.1822431,prim_red_cinm1
red_256MB,3818,3658.4690977,prim_red_cinm1
red_256MB,3849,3669.8591908000003,prim_red_cinm1
red_256MB,3880,3624.2082703,prim_red_cinm1
red_256MB,3911,3674.6762479,prim_red_cinm1
red_256MB,3942,3691.4573865,prim_red_cinm1
red_256MB,3973,3678.1351811,prim_red_cinm1
red_256MB,4004,3594.4692199,prim_red_cinm1
red_4MB,67,3.5176949,prim_red_cinm1
red_4MB,98,3.4819782000000004,prim_red_cinm1
red_4MB,129,3.535308,prim_red_cinm1
red_4MB,160,3.2808561000000003,prim_red_cinm1
red_4MB,191,3.4395165,prim_red_cinm1
red_4MB,222,3.718157,prim_red_cinm1
red_4MB,253,3.5473377999999998,prim_red_cinm1
red_4MB,284,3.8568327,prim_red_cinm1
red_4MB,315,3.3966796,prim_red_cinm1
red_4MB,346,3.3277537,prim_red_cinm1
red_4MB,377,3.6357986,prim_red_cinm1
red_4MB,408,3.3636157,prim_red_cinm1
red_4MB,439,3.7827317000000003,prim_red_cinm1
red_4MB,470,3.4029338,prim_red_cinm1
red_4MB,501,3.3727962000000002,prim_red_cinm1
red_4MB,532,3.3887932000000003,prim_red_cinm1
red_4MB,563,3.3263713999999998,prim_red_cinm1
red_4MB,594,3.9107191,prim_red_cinm1
red_4MB,625,3.4674517000000002,prim_red_cinm1
red_4MB,656,3.4367248,prim_red_cinm1
red_4MB,687,3.3818232000000004,prim_red_cinm1
red_4MB,718,3.5085002000000003,prim_red_cinm1
red_4MB,749,3.3880594,prim_red_cinm1
red_4MB,780,3.5024596,prim_red_cinm1
red_4MB,811,3.3792613,prim_red_cinm1
red_4MB,842,3.3205364,prim_red_cinm1
red_4MB,873,3.7349651,prim_red_cinm1
red_4MB,904,3.5664632999999997,prim_red_cinm1
red_4MB,935,3.6534462999999997,prim_red_cinm1
red_4MB,966,3.4823142000000002,prim_red_cinm1
red_4MB,997,3.33966,prim_red_cinm1
red_4MB,1028,3.8905771000000002,prim_red_cinm1
red_4MB,1059,3.6649572000000004,prim_red_cinm1
red_4MB,1090,3.3280108999999998,prim_red_cinm1
red_4MB,1121,3.3663437000000003,prim_red_cinm1
red_4MB,1152,3.6708686,prim_red_cinm1
red_4MB,1183,3.4905871,prim_red_cinm1
red_4MB,1214,3.4442812000000003,prim_red_cinm1
red_4MB,1245,3.3991574,prim_red_cinm1
red_4MB,1276,3.3285649,prim_red_cinm1
red_4MB,1307,3.7449916,prim_red_cinm1
red_4MB,1338,3.4520244,prim_red_cinm1
red_4MB,1369,4.1166466,prim_red_cinm1
red_4MB,1400,3.3755566,prim_red_cinm1
red_4MB,1431,3.6478422999999998,prim_red_cinm1
red_4MB,1462,3.7076987999999997,prim_red_cinm1
red_4MB,1493,3.3071644,prim_red_cinm1
red_4MB,1524,3.3907136,prim_red_cinm1
red_4MB,1555,3.2859125,prim_red_cinm1
red_4MB,1586,3.5153645,prim_red_cinm1
red_4MB,1617,3.3213447,prim_red_cinm1
red_4MB,1648,3.4501622000000003,prim_red_cinm1
red_4MB,1679,3.4309049,prim_red_cinm1
red_4MB,1710,3.8310904,prim_red_cinm1
red_4MB,1741,3.4747268,prim_red_cinm1
red_4MB,1772,3.5827375,prim_red_cinm1
red_4MB,1803,3.4946177,prim_red_cinm1
red_4MB,1834,3.3970976,prim_red_cinm1
red_4MB,1865,3.3475178999999997,prim_red_cinm1
red_4MB,1896,3.5526535,prim_red_cinm1
red_4MB,1927,3.4032757,prim_red_cinm1
red_4MB,1958,3.8930606,prim_red_cinm1
red_4MB,1989,3.5764582000000003,prim_red_cinm1
red_4MB,2020,3.397972,prim_red_cinm1
red_4MB,2051,3.6527967,prim_red_cinm1
red_4MB,2082,3.7063455,prim_red_cinm1
red_4MB,2113,3.7733396,prim_red_cinm1
red_4MB,2144,3.3735432999999997,prim_red_cinm1
red_4MB,2175,3.9803259,prim_red_cinm1
red_4MB,2206,3.3326575,prim_red_cinm1
red_4MB,2237,3.5459885,prim_red_cinm1
red_4MB,2268,3.6938388,prim_red_cinm1
red_4MB,2299,3.3931492000000003,prim_red_cinm1
red_4MB,2330,3.6132526,prim_red_cinm1
red_4MB,2361,3.7319522999999997,prim_red_cinm1
red_4MB,2392,3.5295337,prim_red_cinm1
red_4MB,2423,3.3926309,prim_red_cinm1
red_4MB,2454,3.6985881000000003,prim_red_cinm1
red_4MB,2485,3.5002302000000003,prim_red_cinm1
red_4MB,2516,3.2711562,prim_red_cinm1
red_4MB,2547,3.625332,prim_red_cinm1
red_4MB,2578,3.857105,prim_red_cinm1
red_4MB,2609,3.7806789,prim_red_cinm1
red_4MB,2640,3.5656773999999998,prim_red_cinm1
red_4MB,2671,3.7959953,prim_red_cinm1
red_4MB,2702,3.3783627999999997,prim_red_cinm1
red_4MB,2733,3.3281962999999997,prim_red_cinm1
red_4MB,2764,3.8684177,prim_red_cinm1
red_4MB,2795,3.619756,prim_red_cinm1
red_4MB,2826,3.9937722,prim_red_cinm1
red_4MB,2857,3.4121603,prim_red_cinm1
red_4MB,2888,3.4902554,prim_red_cinm1
red_4MB,2919,3.40179,prim_red_cinm1
red_4MB,2950,4.0137197,prim_red_cinm1
red_4MB,2981,3.4341483,prim_red_cinm1
red_4MB,3012,3.8075368,prim_red_cinm1
red_4MB,3043,3.3850652,prim_red_cinm1
red_4MB,3074,3.3603685,prim_red_cinm1
red_4MB,3105,3.7420371,prim_red_cinm1
red_4MB,3136,3.4063812999999996,prim_red_cinm1
red_4MB,3167,3.3730658,prim_red_cinm1
red_4MB,3198,3.3582525,prim_red_cinm1
red_4MB,3229,3.6477712999999996,prim_red_cinm1
red_4MB,3260,3.8963433,prim_red_cinm1
red_4MB,3291,3.841317,prim_red_cinm1
red_4MB,3322,3.4294127000000003,prim_red_cinm1
red_4MB,3353,3.5502746000000003,prim_red_cinm1
red_4MB,3384,3.9090076000000002,prim_red_cinm1
red_4MB,3415,3.3523865,prim_red_cinm1
red_4MB,3446,3.4981668,prim_red_cinm1
red_4MB,3477,3.2779797999999998,prim_red_cinm1
red_4MB,3508,3.4361982,prim_red_cinm1
red_4MB,3539,3.3210071,prim_red_cinm1
red_4MB,3570,3.3928312000000003,prim_red_cinm1
red_4MB,3601,3.540849,prim_red_cinm1
red_4MB,3632,3.461446,prim_red_cinm1
red_4MB,3663,4.0331757,prim_red_cinm1
red_4MB,3694,4.046592700000001,prim_red_cinm1
red_4MB,3725,3.867609,prim_red_cinm1
red_4MB,3756,3.8142587999999997,prim_red_cinm1
red_4MB,3787,3.5603493,prim_red_cinm1
red_4MB,3818,3.4296284,prim_red_cinm1
red_4MB,3849,3.6122472,prim_red_cinm1
red_4MB,3880,3.7572606,prim_red_cinm1
red_4MB,3911,3.4491065,prim_red_cinm1
red_4MB,3942,3.3578688,prim_red_cinm1
red_4MB,3973,3.3840632000000004,prim_red_cinm1
red_4MB,4004,3.4148402,prim_red_cinm1
red_512MB,67,333.73747310000005,prim_red_cinm1
red_512MB,98,330.90333189999996,prim_red_cinm1
red_512MB,129,331.5366887,prim_red_cinm1
red_512MB,160,330.92751,prim_red_cinm1
red_512MB,191,332.5909515,prim_red_cinm1
red_512MB,222,338.6654552,prim_red_cinm1
red_512MB,253,331.1031892,prim_red_cinm1
red_512MB,284,335.24622339999996,prim_red_cinm1
red_512MB,315,333.4790455,prim_red_cinm1
red_512MB,346,332.26117419999997,prim_red_cinm1
red_512MB,377,332.4699681,prim_red_cinm1
red_512MB,408,332.0906897,prim_red_cinm1
red_512MB,439,330.70368360000003,prim_red_cinm1
red_512MB,470,335.0137868,prim_red_cinm1
red_512MB,501,331.7589375,prim_red_cinm1
red_512MB,532,333.5981836,prim_red_cinm1
red_512MB,563,333.6897437,prim_red_cinm1
red_512MB,594,331.7450229,prim_red_cinm1
red_512MB,625,331.0839622,prim_red_cinm1
red_512MB,656,333.2012479,prim_red_cinm1
red_512MB,687,332.8197493,prim_red_cinm1
red_512MB,718,331.7577607,prim_red_cinm1
red_512MB,749,332.6496357,prim_red_cinm1
red_512MB,780,343.6794493,prim_red_cinm1
red_512MB,811,332.58729919999996,prim_red_cinm1
red_512MB,842,331.32208330000003,prim_red_cinm1
red_512MB,873,333.0689906,prim_red_cinm1
red_512MB,904,330.6487887,prim_red_cinm1
red_512MB,935,332.2261825,prim_red_cinm1
red_512MB,966,332.5001228,prim_red_cinm1
red_512MB,997,333.29618789999995,prim_red_cinm1
red_512MB,1028,331.36472219999996,prim_red_cinm1
red_512MB,1059,331.47793010000004,prim_red_cinm1
red_512MB,1090,331.6747191,prim_red_cinm1
red_512MB,1121,332.494692,prim_red_cinm1
red_512MB,1152,332.3495552,prim_red_cinm1
red_512MB,1183,333.1730404,prim_red_cinm1
red_512MB,1214,333.0389031,prim_red_cinm1
red_512MB,1245,330.8010901,prim_red_cinm1
red_512MB,1276,335.63255019999997,prim_red_cinm1
red_512MB,1307,331.08324830000004,prim_red_cinm1
red_512MB,1338,333.16549560000004,prim_red_cinm1
red_512MB,1369,332.5207676,prim_red_cinm1
red_512MB,1400,331.572614,prim_red_cinm1
red_512MB,1431,332.12978389999995,prim_red_cinm1
red_512MB,1462,331.00072339999997,prim_red_cinm1
red_512MB,1493,332.5009454,prim_red_cinm1
red_512MB,1524,330.2653431,prim_red_cinm1
red_512MB,1555,332.7570184,prim_red_cinm1
red_512MB,1586,331.2579726,prim_red_cinm1
red_512MB,1617,331.887853,prim_red_cinm1
red_512MB,1648,334.994919,prim_red_cinm1
red_512MB,1679,333.998403,prim_red_cinm1
red_512MB,1710,334.0572998,prim_red_cinm1
red_512MB,1741,333.46941,prim_red_cinm1
red_512MB,1772,332.34133010000005,prim_red_cinm1
red_512MB,1803,333.6745279,prim_red_cinm1
red_512MB,1834,334.60707610000003,prim_red_cinm1
red_512MB,1865,332.1806099,prim_red_cinm1
red_512MB,1896,331.7417883,prim_red_cinm1
red_512MB,1927,335.18840739999996,prim_red_cinm1
red_512MB,1958,337.617306,prim_red_cinm1
red_512MB,1989,333.71506289999996,prim_red_cinm1
red_512MB,2020,334.323751,prim_red_cinm1
red_512MB,2051,333.42718010000004,prim_red_cinm1
red_512MB,2082,335.4411926,prim_red_cinm1
red_512MB,2113,332.675312,prim_red_cinm1
red_512MB,2144,334.73952060000005,prim_red_cinm1
red_512MB,2175,336.33693539999996,prim_red_cinm1
red_512MB,2206,334.4236978,prim_red_cinm1
red_512MB,2237,332.8995638,prim_red_cinm1
red_512MB,2268,330.44460310000005,prim_red_cinm1
red_512MB,2299,335.6335337,prim_red_cinm1
red_512MB,2330,333.14427939999996,prim_red_cinm1
red_512MB,2361,333.4803758,prim_red_cinm1
red_512MB,2392,330.6450783,prim_red_cinm1
red_512MB,2423,332.0629982,prim_red_cinm1
red_512MB,2454,332.2470801,prim_red_cinm1
red_512MB,2485,332.7991722,prim_red_cinm1
red_512MB,2516,332.9568194,prim_red_cinm1
red_512MB,2547,334.4307127,prim_red_cinm1
red_512MB,2578,333.0788731,prim_red_cinm1
red_512MB,2609,332.2731579,prim_red_cinm1
red_512MB,2640,332.0069126,prim_red_cinm1
red_512MB,2671,333.6397433,prim_red_cinm1
red_512MB,2702,332.78355619999996,prim_red_cinm1
red_512MB,2733,333.1169364,prim_red_cinm1
red_512MB,2764,331.3311859,prim_red_cinm1
red_512MB,2795,331.80107319999996,prim_red_cinm1
red_512MB,2826,330.4437755,prim_red_cinm1
red_512MB,2857,329.9518958,prim_red_cinm1
red_512MB,2888,333.577598,prim_red_cinm1
red_512MB,2919,333.8915842,prim_red_cinm1
red_512MB,2950,331.8885049,prim_red_cinm1
red_512MB,2981,331.8108575,prim_red_cinm1
red_512MB,3012,335.42104739999996,prim_red_cinm1
red_512MB,3043,333.45810819999997,prim_red_cinm1
red_512MB,3074,331.2412178,prim_red_cinm1
red_512MB,3105,332.7142805,prim_red_cinm1
red_512MB,3136,333.8819912,prim_red_cinm1
red_512MB,3167,338.14990919999997,prim_red_cinm1
red_512MB,3198,330.3816472,prim_red_cinm1
red_512MB,3229,334.7422065,prim_red_cinm1
red_512MB,3260,331.64729339999997,prim_red_cinm1
red_512MB,3291,332.8106529,prim_red_cinm1
red_512MB,3322,335.7161999,prim_red_cinm1
red_512MB,3353,332.60636189999997,prim_red_cinm1
red_512MB,3384,330.9334215,prim_red_cinm1
red_512MB,3415,332.1743333,prim_red_cinm1
red_512MB,3446,334.6825563,prim_red_cinm1
red_512MB,3477,333.1531073,prim_red_cinm1
red_512MB,3508,333.6679128,prim_red_cinm1
red_512MB,3539,331.67747210000005,prim_red_cinm1
red_512MB,3570,333.6247273,prim_red_cinm1
red_512MB,3601,334.3298094,prim_red_cinm1
red_512MB,3632,339.2129204,prim_red_cinm1
red_512MB,3663,330.4880071,prim_red_cinm1
red_512MB,3694,333.4491406,prim_red_cinm1
red_512MB,3725,333.04794530000004,prim_red_cinm1
red_512MB,3756,331.46333319999997,prim_red_cinm1
red_512MB,3787,333.99334039999997,prim_red_cinm1
red_512MB,3818,334.4903263,prim_red_cinm1
red_512MB,3849,331.8265355,prim_red_cinm1
red_512MB,3880,334.2231881,prim_red_cinm1
red_512MB,3911,334.5544797,prim_red_cinm1
red_512MB,3942,331.26353889999996,prim_red_cinm1
red_512MB,3973,333.19879330000003,prim_red_cinm1
red_512MB,4004,333.266843,prim_red_cinm1
red_64MB,67,63.4917118,prim_red_cinm1
red_64MB,98,63.8888716,prim_red_cinm1
red_64MB,129,59.5335101,prim_red_cinm1
red_64MB,160,60.1372449,prim_red_cinm1
red_64MB,191,60.4787492,prim_red_cinm1
red_64MB,222,60.604145,prim_red_cinm1
red_64MB,253,60.881437299999995,prim_red_cinm1
red_64MB,284,61.5815828,prim_red_cinm1
red_64MB,315,58.7970994,prim_red_cinm1
red_64MB,346,63.5442199,prim_red_cinm1
red_64MB,377,63.5370334,prim_red_cinm1
red_64MB,408,64.211368,prim_red_cinm1
red_64MB,439,63.4592259,prim_red_cinm1
red_64MB,470,63.565366299999994,prim_red_cinm1
red_64MB,501,63.7627604,prim_red_cinm1
red_64MB,532,63.7528182,prim_red_cinm1
red_64MB,563,63.9012494,prim_red_cinm1
red_64MB,594,64.366928,prim_red_cinm1
red_64MB,625,63.965926100000004,prim_red_cinm1
red_64MB,656,63.839867299999995,prim_red_cinm1
red_64MB,687,63.268101,prim_red_cinm1
red_64MB,718,63.4061145,prim_red_cinm1
red_64MB,749,63.4648464,prim_red_cinm1
red_64MB,780,63.7163505,prim_red_cinm1
red_64MB,811,63.6264848,prim_red_cinm1
red_64MB,842,63.3076778,prim_red_cinm1
red_64MB,873,63.564829200000005,prim_red_cinm1
red_64MB,904,63.336641799999995,prim_red_cinm1
red_64MB,935,62.957083600000004,prim_red_cinm1
red_64MB,966,63.21301,prim_red_cinm1
red_64MB,997,63.468124700000004,prim_red_cinm1
red_64MB,1028,61.5878522,prim_red_cinm1
red_64MB,1059,63.3543716,prim_red_cinm1
red_64MB,1090,59.3679674,prim_red_cinm1
red_64MB,1121,56.2482629,prim_red_cinm1
red_64MB,1152,61.052654200000006,prim_red_cinm1
red_64MB,1183,59.149578299999995,prim_red_cinm1
red_64MB,1214,57.7201976,prim_red_cinm1
red_64MB,1245,60.1780548,prim_red_cinm1
red_64MB,1276,61.3795863,prim_red_cinm1
red_64MB,1307,62.743642200000004,prim_red_cinm1
red_64MB,1338,60.4456004,prim_red_cinm1
red_64MB,1369,61.8679481,prim_red_cinm1
red_64MB,1400,60.2392131,prim_red_cinm1
red_64MB,1431,59.863511700000004,prim_red_cinm1
red_64MB,1462,62.101130700000006,prim_red_cinm1
red_64MB,1493,61.764835399999996,prim_red_cinm1
red_64MB,1524,61.275468,prim_red_cinm1
red_64MB,1555,64.2464152,prim_red_cinm1
red_64MB,1586,62.018616200000004,prim_red_cinm1
red_64MB,1617,61.1580655,prim_red_cinm1
red_64MB,1648,60.4062866,prim_red_cinm1
red_64MB,1679,60.8608598,prim_red_cinm1
red_64MB,1710,60.541227,prim_red_cinm1
red_64MB,1741,61.4998435,prim_red_cinm1
red_64MB,1772,62.4247565,prim_red_cinm1
red_64MB,1803,60.3818646,prim_red_cinm1
red_64MB,1834,60.399413700000004,prim_red_cinm1
red_64MB,1865,60.5492926,prim_red_cinm1
red_64MB,1896,60.9231476,prim_red_cinm1
red_64MB,1927,61.116577,prim_red_cinm1
red_64MB,1958,59.2623845,prim_red_cinm1
red_64MB,1989,59.1213332,prim_red_cinm1
red_64MB,2020,60.7388565,prim_red_cinm1
red_64MB,2051,62.327481799999994,prim_red_cinm1
red_64MB,2082,61.159622299999995,prim_red_cinm1
red_64MB,2113,63.094696,prim_red_cinm1
red_64MB,2144,60.1129236,prim_red_cinm1
red_64MB,2175,60.975392,prim_red_cinm1
red_64MB,2206,45.3044865,prim_red_cinm1
red_64MB,2237,59.4557992,prim_red_cinm1
red_64MB,2268,60.3355841,prim_red_cinm1
red_64MB,2299,60.2976825,prim_red_cinm1
red_64MB,2330,59.35858,prim_red_cinm1
red_64MB,2361,61.286088799999995,prim_red_cinm1
red_64MB,2392,59.854050799999996,prim_red_cinm1
red_64MB,2423,62.3992638,prim_red_cinm1
red_64MB,2454,61.2836142,prim_red_cinm1
red_64MB,2485,60.8520896,prim_red_cinm1
red_64MB,2516,61.1817218,prim_red_cinm1
red_64MB,2547,61.7926037,prim_red_cinm1
red_64MB,2578,62.129594700000006,prim_red_cinm1
red_64MB,2609,60.475333299999996,prim_red_cinm1
red_64MB,2640,61.321431600000004,prim_red_cinm1
red_64MB,2671,62.137825299999996,prim_red_cinm1
red_64MB,2702,59.6931665,prim_red_cinm1
red_64MB,2733,62.4466897,prim_red_cinm1
red_64MB,2764,59.7639074,prim_red_cinm1
red_64MB,2795,59.142989,prim_red_cinm1
red_64MB,2826,59.5704414,prim_red_cinm1
red_64MB,2857,59.9512475,prim_red_cinm1
red_64MB,2888,61.5942363,prim_red_cinm1
red_64MB,2919,62.4715084,prim_red_cinm1
red_64MB,2950,59.980856100000004,prim_red_cinm1
red_64MB,2981,60.796102600000005,prim_red_cinm1
red_64MB,3012,60.0068361,prim_red_cinm1
red_64MB,3043,60.8762255,prim_red_cinm1
red_64MB,3074,61.960344299999996,prim_red_cinm1
red_64MB,3105,61.4106412,prim_red_cinm1
red_64MB,3136,63.1790348,prim_red_cinm1
red_64MB,3167,62.774439799999996,prim_red_cinm1
red_64MB,3198,61.253048899999996,prim_red_cinm1
red_64MB,3229,60.132650299999995,prim_red_cinm1
red_64MB,3260,61.9650379,prim_red_cinm1
red_64MB,3291,61.1024654,prim_red_cinm1
red_64MB,3322,63.6916767,prim_red_cinm1
red_64MB,3353,60.7948695,prim_red_cinm1
red_64MB,3384,63.1104334,prim_red_cinm1
red_64MB,3415,61.6686093,prim_red_cinm1
red_64MB,3446,63.677671,prim_red_cinm1
red_64MB,3477,63.2385751,prim_red_cinm1
red_64MB,3508,63.2672705,prim_red_cinm1
red_64MB,3539,63.4745693,prim_red_cinm1
red_64MB,3570,63.3159128,prim_red_cinm1
red_64MB,3601,63.8949036,prim_red_cinm1
red_64MB,3632,63.720568,prim_red_cinm1
red_64MB,3663,63.8412764,prim_red_cinm1
red_64MB,3694,63.491113,prim_red_cinm1
red_64MB,3725,63.4005966,prim_red_cinm1
red_64MB,3756,64.02284639999999,prim_red_cinm1
red_64MB,3787,63.8273734,prim_red_cinm1
red_64MB,3818,63.3622062,prim_red_cinm1
red_64MB,3849,63.3714761,prim_red_cinm1
red_64MB,3880,63.464719,prim_red_cinm1
red_64MB,3911,64.3809272,prim_red_cinm1
red_64MB,3942,63.8934827,prim_red_cinm1
red_64MB,3973,64.3839426,prim_red_cinm1
red_64MB,4004,63.601772700000005,prim_red_cinm1
