/home/clement.fournier/Work/cinm-mlir/experiments/bo_meta.py:144: DeprecationWarning: Please use `space.add(hyperparameters)`
  cs.add_hyperparameters([
[INFO][abstract_initial_design.py:91] Reducing the number of initial configurations from 30 to 16 (max_ratio == 0.25).
[DEBUG][selector_events.py:54] Using selector: EpollSelector
[INFO][abstract_initial_design.py:143] Using 16 initial design configurations and 0 additional configurations.
[bo_meta] Starting meta-optimization
  input:               /home/clement.fournier/Work/cinm-mlir/experiments/gemv.mlir
  scale:               log10
  simulator:           cycleaccurate
  max_evals / trial:   100
  n_validation:        30
  validation_interval: 5
  n_seeds / trial:     2
  trial_timeout:       200.0s
  smac_trials:         64
  smac_workers:        40

[DEBUG][smbo.py:156] Calling ask...
[DEBUG][intensifier.py:166] Queue is empty:
[DEBUG][intensifier.py:171] --- No incumbent to intensify.
[DEBUG][config_selector.py:151] Search for the next configuration...
[DEBUG][intensifier.py:239] --- Added a new config 479706 to the queue.
[DEBUG][intensifier.py:251] Start finding a new challenger in the queue:
[DEBUG][intensifier.py:280] Get next trials for config 479706 and budget 1 from keys None
[DEBUG][abstract_intensifier.py:305] Added a new random seed 1791095845 to the intensifier.
[DEBUG][abstract_intensifier.py:305] Added a new random seed 2135392491 to the intensifier.
[DEBUG][abstract_intensifier.py:305] Added a new random seed 946286476 to the intensifier.
[DEBUG][intensifier.py:282] --- Yielding 1 trials to evaluate config 479706...
[DEBUG][smbo.py:171] ...and received a new trial.
[DEBUG][smbo.py:327] Remaining wallclock time: inf, Remaining cpu time: inf, Remaining trials: 63
[INFO][smbo.py:334] Finished 0 trials.
[DEBUG][smbo.py:156] Calling ask...
[DEBUG][intensifier.py:287] --- Finished yielding for config 479706.
[DEBUG][intensifier.py:291] --- Removed config 479706 with N=1 from queue.
[DEBUG][intensifier.py:298] --- Doubled trials of config 479706 to N=2 and added it to the queue again.
[DEBUG][intensifier.py:168] All configs in the queue are running:
[DEBUG][intensifier.py:171] --- No incumbent to intensify.
[DEBUG][intensifier.py:239] --- Added a new config 3e370b to the queue.
[DEBUG][intensifier.py:251] Start finding a new challenger in the queue:
[DEBUG][intensifier.py:257] --- Config 479706 is still running. Skipping this config in the queue...
[DEBUG][intensifier.py:280] Get next trials for config 3e370b and budget 1 from keys None
[DEBUG][intensifier.py:282] --- Yielding 1 trials to evaluate config 3e370b...
[DEBUG][smbo.py:171] ...and received a new trial.
[DEBUG][smbo.py:327] Remaining wallclock time: inf, Remaining cpu time: inf, Remaining trials: 62
[INFO][smbo.py:334] Finished 0 trials.
[DEBUG][smbo.py:156] Calling ask...
[DEBUG][intensifier.py:287] --- Finished yielding for config 3e370b.
[DEBUG][intensifier.py:291] --- Removed config 3e370b with N=1 from queue.
[DEBUG][intensifier.py:298] --- Doubled trials of config 3e370b to N=2 and added it to the queue again.
[DEBUG][intensifier.py:168] All configs in the queue are running:
[DEBUG][intensifier.py:171] --- No incumbent to intensify.
[DEBUG][intensifier.py:239] --- Added a new config 4fbe6a to the queue.
[DEBUG][intensifier.py:251] Start finding a new challenger in the queue:
[DEBUG][intensifier.py:257] --- Config 479706 is still running. Skipping this config in the queue...
[DEBUG][intensifier.py:257] --- Config 3e370b is still running. Skipping this config in the queue...
[DEBUG][intensifier.py:280] Get next trials for config 4fbe6a and budget 1 from keys None
[DEBUG][intensifier.py:282] --- Yielding 1 trials to evaluate config 4fbe6a...
[DEBUG][smbo.py:171] ...and received a new trial.
[DEBUG][smbo.py:327] Remaining wallclock time: inf, Remaining cpu time: inf, Remaining trials: 61
[INFO][smbo.py:334] Finished 0 trials.
[DEBUG][smbo.py:156] Calling ask...
[DEBUG][intensifier.py:287] --- Finished yielding for config 4fbe6a.
[DEBUG][intensifier.py:291] --- Removed config 4fbe6a with N=1 from queue.
[DEBUG][intensifier.py:298] --- Doubled trials of config 4fbe6a to N=2 and added it to the queue again.
[DEBUG][intensifier.py:168] All configs in the queue are running:
[DEBUG][intensifier.py:171] --- No incumbent to intensify.
[DEBUG][intensifier.py:239] --- Added a new config 2cde66 to the queue.
[DEBUG][intensifier.py:251] Start finding a new challenger in the queue:
[DEBUG][intensifier.py:257] --- Config 479706 is still running. Skipping this config in the queue...
[DEBUG][intensifier.py:257] --- Config 3e370b is still running. Skipping this config in the queue...
[DEBUG][intensifier.py:257] --- Config 4fbe6a is still running. Skipping this config in the queue...
[DEBUG][intensifier.py:280] Get next trials for config 2cde66 and budget 1 from keys None
[DEBUG][intensifier.py:282] --- Yielding 1 trials to evaluate config 2cde66...
[DEBUG][smbo.py:171] ...and received a new trial.
[DEBUG][smbo.py:327] Remaining wallclock time: inf, Remaining cpu time: inf, Remaining trials: 60
[INFO][smbo.py:334] Finished 0 trials.
[DEBUG][smbo.py:156] Calling ask...
[DEBUG][intensifier.py:287] --- Finished yielding for config 2cde66.
[DEBUG][intensifier.py:291] --- Removed config 2cde66 with N=1 from queue.
[DEBUG][intensifier.py:298] --- Doubled trials of config 2cde66 to N=2 and added it to the queue again.
[DEBUG][intensifier.py:168] All configs in the queue are running:
[DEBUG][intensifier.py:171] --- No incumbent to intensify.
[DEBUG][intensifier.py:239] --- Added a new config b5e6e2 to the queue.
[DEBUG][intensifier.py:251] Start finding a new challenger in the queue:
[DEBUG][intensifier.py:257] --- Config 479706 is still running. Skipping this config in the queue...
[DEBUG][intensifier.py:257] --- Config 3e370b is still running. Skipping this config in the queue...
[DEBUG][intensifier.py:257] --- Config 4fbe6a is still running. Skipping this config in the queue...
[DEBUG][intensifier.py:257] --- Config 2cde66 is still running. Skipping this config in the queue...
[DEBUG][intensifier.py:280] Get next trials for config b5e6e2 and budget 1 from keys None
[DEBUG][intensifier.py:282] --- Yielding 1 trials to evaluate config b5e6e2...
[DEBUG][smbo.py:171] ...and received a new trial.
[DEBUG][smbo.py:327] Remaining wallclock time: inf, Remaining cpu time: inf, Remaining trials: 59
[INFO][smbo.py:334] Finished 0 trials.
[DEBUG][smbo.py:156] Calling ask...
[DEBUG][intensifier.py:287] --- Finished yielding for config b5e6e2.
[DEBUG][intensifier.py:291] --- Removed config b5e6e2 with N=1 from queue.
[DEBUG][intensifier.py:298] --- Doubled trials of config b5e6e2 to N=2 and added it to the queue again.
[DEBUG][intensifier.py:168] All configs in the queue are running:
[DEBUG][intensifier.py:171] --- No incumbent to intensify.
[DEBUG][intensifier.py:239] --- Added a new config ef4273 to the queue.
[DEBUG][intensifier.py:251] Start finding a new challenger in the queue:
[DEBUG][intensifier.py:257] --- Config 479706 is still running. Skipping this config in the queue...
[DEBUG][intensifier.py:257] --- Config 3e370b is still running. Skipping this config in the queue...
[DEBUG][intensifier.py:257] --- Config 4fbe6a is still running. Skipping this config in the queue...
[DEBUG][intensifier.py:257] --- Config 2cde66 is still running. Skipping this config in the queue...
[DEBUG][intensifier.py:257] --- Config b5e6e2 is still running. Skipping this config in the queue...
[DEBUG][intensifier.py:280] Get next trials for config ef4273 and budget 1 from keys None
[DEBUG][intensifier.py:282] --- Yielding 1 trials to evaluate config ef4273...
[DEBUG][smbo.py:171] ...and received a new trial.
[DEBUG][smbo.py:327] Remaining wallclock time: inf, Remaining cpu time: inf, Remaining trials: 58
[INFO][smbo.py:334] Finished 0 trials.
[DEBUG][smbo.py:156] Calling ask...
[DEBUG][intensifier.py:287] --- Finished yielding for config ef4273.
[DEBUG][intensifier.py:291] --- Removed config ef4273 with N=1 from queue.
[DEBUG][intensifier.py:298] --- Doubled trials of config ef4273 to N=2 and added it to the queue again.
[DEBUG][intensifier.py:168] All configs in the queue are running:
[DEBUG][intensifier.py:171] --- No incumbent to intensify.
[DEBUG][intensifier.py:239] --- Added a new config acf346 to the queue.
[DEBUG][intensifier.py:251] Start finding a new challenger in the queue:
[DEBUG][intensifier.py:257] --- Config 479706 is still running. Skipping this config in the queue...
[DEBUG][intensifier.py:257] --- Config 3e370b is still running. Skipping this config in the queue...
[DEBUG][intensifier.py:257] --- Config 4fbe6a is still running. Skipping this config in the queue...
[DEBUG][intensifier.py:257] --- Config 2cde66 is still running. Skipping this config in the queue...
[DEBUG][intensifier.py:257] --- Config b5e6e2 is still running. Skipping this config in the queue...
[DEBUG][intensifier.py:257] --- Config ef4273 is still running. Skipping this config in the queue...
[DEBUG][intensifier.py:280] Get next trials for config acf346 and budget 1 from keys None
[DEBUG][intensifier.py:282] --- Yielding 1 trials to evaluate config acf346...
[DEBUG][smbo.py:171] ...and received a new trial.
[DEBUG][smbo.py:327] Remaining wallclock time: inf, Remaining cpu time: inf, Remaining trials: 57
[INFO][smbo.py:334] Finished 0 trials.
[DEBUG][smbo.py:156] Calling ask...
[DEBUG][intensifier.py:287] --- Finished yielding for config acf346.
[DEBUG][intensifier.py:291] --- Removed config acf346 with N=1 from queue.
[DEBUG][intensifier.py:298] --- Doubled trials of config acf346 to N=2 and added it to the queue again.
[DEBUG][intensifier.py:168] All configs in the queue are running:
[DEBUG][intensifier.py:171] --- No incumbent to intensify.
[DEBUG][intensifier.py:239] --- Added a new config f0e119 to the queue.
[DEBUG][intensifier.py:251] Start finding a new challenger in the queue:
[DEBUG][intensifier.py:257] --- Config 479706 is still running. Skipping this config in the queue...
[DEBUG][intensifier.py:257] --- Config 3e370b is still running. Skipping this config in the queue...
[DEBUG][intensifier.py:257] --- Config 4fbe6a is still running. Skipping this config in the queue...
[DEBUG][intensifier.py:257] --- Config 2cde66 is still running. Skipping this config in the queue...
[DEBUG][intensifier.py:257] --- Config b5e6e2 is still running. Skipping this config in the queue...
[DEBUG][intensifier.py:257] --- Config ef4273 is still running. Skipping this config in the queue...
[DEBUG][intensifier.py:257] --- Config acf346 is still running. Skipping this config in the queue...
[DEBUG][intensifier.py:280] Get next trials for config f0e119 and budget 1 from keys None
[DEBUG][intensifier.py:282] --- Yielding 1 trials to evaluate config f0e119...
[DEBUG][smbo.py:171] ...and received a new trial.
[DEBUG][smbo.py:327] Remaining wallclock time: inf, Remaining cpu time: inf, Remaining trials: 56
[INFO][smbo.py:334] Finished 0 trials.
[DEBUG][smbo.py:156] Calling ask...
[DEBUG][intensifier.py:287] --- Finished yielding for config f0e119.
[DEBUG][intensifier.py:291] --- Removed config f0e119 with N=1 from queue.
[DEBUG][intensifier.py:298] --- Doubled trials of config f0e119 to N=2 and added it to the queue again.
[DEBUG][intensifier.py:168] All configs in the queue are running:
[DEBUG][intensifier.py:171] --- No incumbent to intensify.
[DEBUG][intensifier.py:239] --- Added a new config cef2c7 to the queue.
[DEBUG][intensifier.py:251] Start finding a new challenger in the queue:
[DEBUG][intensifier.py:257] --- Config 479706 is still running. Skipping this config in the queue...
[DEBUG][intensifier.py:257] --- Config 3e370b is still running. Skipping this config in the queue...
[DEBUG][intensifier.py:257] --- Config 4fbe6a is still running. Skipping this config in the queue...
[DEBUG][intensifier.py:257] --- Config 2cde66 is still running. Skipping this config in the queue...
[DEBUG][intensifier.py:257] --- Config b5e6e2 is still running. Skipping this config in the queue...
[DEBUG][intensifier.py:257] --- Config ef4273 is still running. Skipping this config in the queue...
[DEBUG][intensifier.py:257] --- Config acf346 is still running. Skipping this config in the queue...
[DEBUG][intensifier.py:257] --- Config f0e119 is still running. Skipping this config in the queue...
[DEBUG][intensifier.py:280] Get next trials for config cef2c7 and budget 1 from keys None
[DEBUG][intensifier.py:282] --- Yielding 1 trials to evaluate config cef2c7...
[DEBUG][smbo.py:171] ...and received a new trial.
[DEBUG][smbo.py:327] Remaining wallclock time: inf, Remaining cpu time: inf, Remaining trials: 55
[INFO][smbo.py:334] Finished 0 trials.
[DEBUG][smbo.py:156] Calling ask...
[DEBUG][intensifier.py:287] --- Finished yielding for config cef2c7.
[DEBUG][intensifier.py:291] --- Removed config cef2c7 with N=1 from queue.
[DEBUG][intensifier.py:298] --- Doubled trials of config cef2c7 to N=2 and added it to the queue again.
[DEBUG][intensifier.py:168] All configs in the queue are running:
[DEBUG][intensifier.py:171] --- No incumbent to intensify.
[DEBUG][intensifier.py:239] --- Added a new config 711eb2 to the queue.
[DEBUG][intensifier.py:251] Start finding a new challenger in the queue:
[DEBUG][intensifier.py:257] --- Config 479706 is still running. Skipping this config in the queue...
[DEBUG][intensifier.py:257] --- Config 3e370b is still running. Skipping this config in the queue...
[DEBUG][intensifier.py:257] --- Config 4fbe6a is still running. Skipping this config in the queue...
[DEBUG][intensifier.py:257] --- Config 2cde66 is still running. Skipping this config in the queue...
[DEBUG][intensifier.py:257] --- Config b5e6e2 is still running. Skipping this config in the queue...
[DEBUG][intensifier.py:257] --- Config ef4273 is still running. Skipping this config in the queue...
[DEBUG][intensifier.py:257] --- Config acf346 is still running. Skipping this config in the queue...
[DEBUG][intensifier.py:257] --- Config f0e119 is still running. Skipping this config in the queue...
[DEBUG][intensifier.py:257] --- Config cef2c7 is still running. Skipping this config in the queue...
[DEBUG][intensifier.py:280] Get next trials for config 711eb2 and budget 1 from keys None
[DEBUG][intensifier.py:282] --- Yielding 1 trials to evaluate config 711eb2...
[DEBUG][smbo.py:171] ...and received a new trial.
[DEBUG][smbo.py:327] Remaining wallclock time: inf, Remaining cpu time: inf, Remaining trials: 54
[INFO][smbo.py:334] Finished 0 trials.
[DEBUG][smbo.py:156] Calling ask...
[DEBUG][intensifier.py:287] --- Finished yielding for config 711eb2.
[DEBUG][intensifier.py:291] --- Removed config 711eb2 with N=1 from queue.
[DEBUG][intensifier.py:298] --- Doubled trials of config 711eb2 to N=2 and added it to the queue again.
[DEBUG][intensifier.py:168] All configs in the queue are running:
[DEBUG][intensifier.py:171] --- No incumbent to intensify.
[DEBUG][intensifier.py:239] --- Added a new config 048aa7 to the queue.
[DEBUG][intensifier.py:251] Start finding a new challenger in the queue:
[DEBUG][intensifier.py:257] --- Config 479706 is still running. Skipping this config in the queue...
[DEBUG][intensifier.py:257] --- Config 3e370b is still running. Skipping this config in the queue...
[DEBUG][intensifier.py:257] --- Config 4fbe6a is still running. Skipping this config in the queue...
[DEBUG][intensifier.py:257] --- Config 2cde66 is still running. Skipping this config in the queue...
[DEBUG][intensifier.py:257] --- Config b5e6e2 is still running. Skipping this config in the queue...
[DEBUG][intensifier.py:257] --- Config ef4273 is still running. Skipping this config in the queue...
[DEBUG][intensifier.py:257] --- Config acf346 is still running. Skipping this config in the queue...
[DEBUG][intensifier.py:257] --- Config f0e119 is still running. Skipping this config in the queue...
[DEBUG][intensifier.py:257] --- Config cef2c7 is still running. Skipping this config in the queue...
[DEBUG][intensifier.py:257] --- Config 711eb2 is still running. Skipping this config in the queue...
[DEBUG][intensifier.py:280] Get next trials for config 048aa7 and budget 1 from keys None
[DEBUG][intensifier.py:282] --- Yielding 1 trials to evaluate config 048aa7...
[DEBUG][smbo.py:171] ...and received a new trial.
[DEBUG][smbo.py:327] Remaining wallclock time: inf, Remaining cpu time: inf, Remaining trials: 53
[INFO][smbo.py:334] Finished 0 trials.
[DEBUG][smbo.py:156] Calling ask...
[DEBUG][intensifier.py:287] --- Finished yielding for config 048aa7.
[DEBUG][intensifier.py:291] --- Removed config 048aa7 with N=1 from queue.
[DEBUG][intensifier.py:298] --- Doubled trials of config 048aa7 to N=2 and added it to the queue again.
[DEBUG][intensifier.py:168] All configs in the queue are running:
[DEBUG][intensifier.py:171] --- No incumbent to intensify.
[DEBUG][intensifier.py:239] --- Added a new config 0a36d5 to the queue.
[DEBUG][intensifier.py:251] Start finding a new challenger in the queue:
[DEBUG][intensifier.py:257] --- Config 479706 is still running. Skipping this config in the queue...
[DEBUG][intensifier.py:257] --- Config 3e370b is still running. Skipping this config in the queue...
[DEBUG][intensifier.py:257] --- Config 4fbe6a is still running. Skipping this config in the queue...
[DEBUG][intensifier.py:257] --- Config 2cde66 is still running. Skipping this config in the queue...
[DEBUG][intensifier.py:257] --- Config b5e6e2 is still running. Skipping this config in the queue...
[DEBUG][intensifier.py:257] --- Config ef4273 is still running. Skipping this config in the queue...
[DEBUG][intensifier.py:257] --- Config acf346 is still running. Skipping this config in the queue...
[DEBUG][intensifier.py:257] --- Config f0e119 is still running. Skipping this config in the queue...
[DEBUG][intensifier.py:257] --- Config cef2c7 is still running. Skipping this config in the queue...
[DEBUG][intensifier.py:257] --- Config 711eb2 is still running. Skipping this config in the queue...
[DEBUG][intensifier.py:257] --- Config 048aa7 is still running. Skipping this config in the queue...
[DEBUG][intensifier.py:280] Get next trials for config 0a36d5 and budget 1 from keys None
[DEBUG][intensifier.py:282] --- Yielding 1 trials to evaluate config 0a36d5...
[DEBUG][smbo.py:171] ...and received a new trial.
[DEBUG][smbo.py:327] Remaining wallclock time: inf, Remaining cpu time: inf, Remaining trials: 52
[INFO][smbo.py:334] Finished 0 trials.
[DEBUG][smbo.py:156] Calling ask...
[DEBUG][intensifier.py:287] --- Finished yielding for config 0a36d5.
[DEBUG][intensifier.py:291] --- Removed config 0a36d5 with N=1 from queue.
[DEBUG][intensifier.py:298] --- Doubled trials of config 0a36d5 to N=2 and added it to the queue again.
[DEBUG][intensifier.py:168] All configs in the queue are running:
[DEBUG][intensifier.py:171] --- No incumbent to intensify.
[DEBUG][intensifier.py:239] --- Added a new config 59c342 to the queue.
[DEBUG][intensifier.py:251] Start finding a new challenger in the queue:
[DEBUG][intensifier.py:257] --- Config 479706 is still running. Skipping this config in the queue...
[DEBUG][intensifier.py:257] --- Config 3e370b is still running. Skipping this config in the queue...
[DEBUG][intensifier.py:257] --- Config 4fbe6a is still running. Skipping this config in the queue...
[DEBUG][intensifier.py:257] --- Config 2cde66 is still running. Skipping this config in the queue...
[DEBUG][intensifier.py:257] --- Config b5e6e2 is still running. Skipping this config in the queue...
[DEBUG][intensifier.py:257] --- Config ef4273 is still running. Skipping this config in the queue...
[DEBUG][intensifier.py:257] --- Config acf346 is still running. Skipping this config in the queue...
[DEBUG][intensifier.py:257] --- Config f0e119 is still running. Skipping this config in the queue...
[DEBUG][intensifier.py:257] --- Config cef2c7 is still running. Skipping this config in the queue...
[DEBUG][intensifier.py:257] --- Config 711eb2 is still running. Skipping this config in the queue...
[DEBUG][intensifier.py:257] --- Config 048aa7 is still running. Skipping this config in the queue...
[DEBUG][intensifier.py:257] --- Config 0a36d5 is still running. Skipping this config in the queue...
[DEBUG][intensifier.py:280] Get next trials for config 59c342 and budget 1 from keys None
[DEBUG][intensifier.py:282] --- Yielding 1 trials to evaluate config 59c342...
[DEBUG][smbo.py:171] ...and received a new trial.
[DEBUG][smbo.py:327] Remaining wallclock time: inf, Remaining cpu time: inf, Remaining trials: 51
[INFO][smbo.py:334] Finished 0 trials.
[DEBUG][smbo.py:156] Calling ask...
[DEBUG][intensifier.py:287] --- Finished yielding for config 59c342.
[DEBUG][intensifier.py:291] --- Removed config 59c342 with N=1 from queue.
[DEBUG][intensifier.py:298] --- Doubled trials of config 59c342 to N=2 and added it to the queue again.
[DEBUG][intensifier.py:168] All configs in the queue are running:
[DEBUG][intensifier.py:171] --- No incumbent to intensify.
[DEBUG][intensifier.py:239] --- Added a new config de26d5 to the queue.
[DEBUG][intensifier.py:251] Start finding a new challenger in the queue:
[DEBUG][intensifier.py:257] --- Config 479706 is still running. Skipping this config in the queue...
[DEBUG][intensifier.py:257] --- Config 3e370b is still running. Skipping this config in the queue...
[DEBUG][intensifier.py:257] --- Config 4fbe6a is still running. Skipping this config in the queue...
[DEBUG][intensifier.py:257] --- Config 2cde66 is still running. Skipping this config in the queue...
[DEBUG][intensifier.py:257] --- Config b5e6e2 is still running. Skipping this config in the queue...
[DEBUG][intensifier.py:257] --- Config ef4273 is still running. Skipping this config in the queue...
[DEBUG][intensifier.py:257] --- Config acf346 is still running. Skipping this config in the queue...
[DEBUG][intensifier.py:257] --- Config f0e119 is still running. Skipping this config in the queue...
[DEBUG][intensifier.py:257] --- Config cef2c7 is still running. Skipping this config in the queue...
[DEBUG][intensifier.py:257] --- Config 711eb2 is still running. Skipping this config in the queue...
[DEBUG][intensifier.py:257] --- Config 048aa7 is still running. Skipping this config in the queue...
[DEBUG][intensifier.py:257] --- Config 0a36d5 is still running. Skipping this config in the queue...
[DEBUG][intensifier.py:257] --- Config 59c342 is still running. Skipping this config in the queue...
[DEBUG][intensifier.py:280] Get next trials for config de26d5 and budget 1 from keys None
[DEBUG][intensifier.py:282] --- Yielding 1 trials to evaluate config de26d5...
[DEBUG][smbo.py:171] ...and received a new trial.
[DEBUG][smbo.py:327] Remaining wallclock time: inf, Remaining cpu time: inf, Remaining trials: 50
[INFO][smbo.py:334] Finished 0 trials.
[DEBUG][smbo.py:156] Calling ask...
[DEBUG][intensifier.py:287] --- Finished yielding for config de26d5.
[DEBUG][intensifier.py:291] --- Removed config de26d5 with N=1 from queue.
[DEBUG][intensifier.py:298] --- Doubled trials of config de26d5 to N=2 and added it to the queue again.
[DEBUG][intensifier.py:168] All configs in the queue are running:
[DEBUG][intensifier.py:171] --- No incumbent to intensify.
[DEBUG][intensifier.py:239] --- Added a new config 3668af to the queue.
[DEBUG][intensifier.py:251] Start finding a new challenger in the queue:
[DEBUG][intensifier.py:257] --- Config 479706 is still running. Skipping this config in the queue...
[DEBUG][intensifier.py:257] --- Config 3e370b is still running. Skipping this config in the queue...
[DEBUG][intensifier.py:257] --- Config 4fbe6a is still running. Skipping this config in the queue...
[DEBUG][intensifier.py:257] --- Config 2cde66 is still running. Skipping this config in the queue...
[DEBUG][intensifier.py:257] --- Config b5e6e2 is still running. Skipping this config in the queue...
[DEBUG][intensifier.py:257] --- Config ef4273 is still running. Skipping this config in the queue...
[DEBUG][intensifier.py:257] --- Config acf346 is still running. Skipping this config in the queue...
[DEBUG][intensifier.py:257] --- Config f0e119 is still running. Skipping this config in the queue...
[DEBUG][intensifier.py:257] --- Config cef2c7 is still running. Skipping this config in the queue...
[DEBUG][intensifier.py:257] --- Config 711eb2 is still running. Skipping this config in the queue...
[DEBUG][intensifier.py:257] --- Config 048aa7 is still running. Skipping this config in the queue...
[DEBUG][intensifier.py:257] --- Config 0a36d5 is still running. Skipping this config in the queue...
[DEBUG][intensifier.py:257] --- Config 59c342 is still running. Skipping this config in the queue...
[DEBUG][intensifier.py:257] --- Config de26d5 is still running. Skipping this config in the queue...
[DEBUG][intensifier.py:280] Get next trials for config 3668af and budget 1 from keys None
[DEBUG][intensifier.py:282] --- Yielding 1 trials to evaluate config 3668af...
[DEBUG][smbo.py:171] ...and received a new trial.
[DEBUG][smbo.py:327] Remaining wallclock time: inf, Remaining cpu time: inf, Remaining trials: 49
[INFO][smbo.py:334] Finished 0 trials.
[DEBUG][smbo.py:156] Calling ask...
[DEBUG][intensifier.py:287] --- Finished yielding for config 3668af.
[DEBUG][intensifier.py:291] --- Removed config 3668af with N=1 from queue.
[DEBUG][intensifier.py:298] --- Doubled trials of config 3668af to N=2 and added it to the queue again.
[DEBUG][intensifier.py:168] All configs in the queue are running:
[DEBUG][intensifier.py:171] --- No incumbent to intensify.
[DEBUG][intensifier.py:239] --- Added a new config 46cfcc to the queue.
[DEBUG][intensifier.py:251] Start finding a new challenger in the queue:
[DEBUG][intensifier.py:257] --- Config 479706 is still running. Skipping this config in the queue...
[DEBUG][intensifier.py:257] --- Config 3e370b is still running. Skipping this config in the queue...
[DEBUG][intensifier.py:257] --- Config 4fbe6a is still running. Skipping this config in the queue...
[DEBUG][intensifier.py:257] --- Config 2cde66 is still running. Skipping this config in the queue...
[DEBUG][intensifier.py:257] --- Config b5e6e2 is still running. Skipping this config in the queue...
[DEBUG][intensifier.py:257] --- Config ef4273 is still running. Skipping this config in the queue...
[DEBUG][intensifier.py:257] --- Config acf346 is still running. Skipping this config in the queue...
[DEBUG][intensifier.py:257] --- Config f0e119 is still running. Skipping this config in the queue...
[DEBUG][intensifier.py:257] --- Config cef2c7 is still running. Skipping this config in the queue...
[DEBUG][intensifier.py:257] --- Config 711eb2 is still running. Skipping this config in the queue...
[DEBUG][intensifier.py:257] --- Config 048aa7 is still running. Skipping this config in the queue...
[DEBUG][intensifier.py:257] --- Config 0a36d5 is still running. Skipping this config in the queue...
[DEBUG][intensifier.py:257] --- Config 59c342 is still running. Skipping this config in the queue...
[DEBUG][intensifier.py:257] --- Config de26d5 is still running. Skipping this config in the queue...
[DEBUG][intensifier.py:257] --- Config 3668af is still running. Skipping this config in the queue...
[DEBUG][intensifier.py:280] Get next trials for config 46cfcc and budget 1 from keys None
[DEBUG][intensifier.py:282] --- Yielding 1 trials to evaluate config 46cfcc...
[DEBUG][smbo.py:171] ...and received a new trial.
[DEBUG][smbo.py:327] Remaining wallclock time: inf, Remaining cpu time: inf, Remaining trials: 48
[INFO][smbo.py:334] Finished 0 trials.
[DEBUG][smbo.py:156] Calling ask...
[DEBUG][intensifier.py:287] --- Finished yielding for config 46cfcc.
[DEBUG][intensifier.py:291] --- Removed config 46cfcc with N=1 from queue.
[DEBUG][intensifier.py:298] --- Doubled trials of config 46cfcc to N=2 and added it to the queue again.
[DEBUG][intensifier.py:168] All configs in the queue are running:
[DEBUG][intensifier.py:171] --- No incumbent to intensify.
[DEBUG][abstract_encoder.py:262] Transforming RunHistory into X, y format...
[DEBUG][config_selector.py:180] No data available to train the model. Sample a random configuration.
[DEBUG][intensifier.py:239] --- Added a new config a5c390 to the queue.
[DEBUG][intensifier.py:251] Start finding a new challenger in the queue:
[DEBUG][intensifier.py:257] --- Config 479706 is still running. Skipping this config in the queue...
[DEBUG][intensifier.py:257] --- Config 3e370b is still running. Skipping this config in the queue...
[DEBUG][intensifier.py:257] --- Config 4fbe6a is still running. Skipping this config in the queue...
[DEBUG][intensifier.py:257] --- Config 2cde66 is still running. Skipping this config in the queue...
[DEBUG][intensifier.py:257] --- Config b5e6e2 is still running. Skipping this config in the queue...
[DEBUG][intensifier.py:257] --- Config ef4273 is still running. Skipping this config in the queue...
[DEBUG][intensifier.py:257] --- Config acf346 is still running. Skipping this config in the queue...
[DEBUG][intensifier.py:257] --- Config f0e119 is still running. Skipping this config in the queue...
[DEBUG][intensifier.py:257] --- Config cef2c7 is still running. Skipping this config in the queue...
[DEBUG][intensifier.py:257] --- Config 711eb2 is still running. Skipping this config in the queue...
[DEBUG][intensifier.py:257] --- Config 048aa7 is still running. Skipping this config in the queue...
[DEBUG][intensifier.py:257] --- Config 0a36d5 is still running. Skipping this config in the queue...
[DEBUG][intensifier.py:257] --- Config 59c342 is still running. Skipping this config in the queue...
[DEBUG][intensifier.py:257] --- Config de26d5 is still running. Skipping this config in the queue...
[DEBUG][intensifier.py:257] --- Config 3668af is still running. Skipping this config in the queue...
[DEBUG][intensifier.py:257] --- Config 46cfcc is still running. Skipping this config in the queue...
[DEBUG][intensifier.py:280] Get next trials for config a5c390 and budget 1 from keys None
[DEBUG][intensifier.py:282] --- Yielding 1 trials to evaluate config a5c390...
[DEBUG][smbo.py:171] ...and received a new trial.
[DEBUG][smbo.py:327] Remaining wallclock time: inf, Remaining cpu time: inf, Remaining trials: 47
[INFO][smbo.py:334] Finished 0 trials.
[DEBUG][smbo.py:156] Calling ask...
[DEBUG][intensifier.py:287] --- Finished yielding for config a5c390.
[DEBUG][intensifier.py:291] --- Removed config a5c390 with N=1 from queue.
[DEBUG][intensifier.py:298] --- Doubled trials of config a5c390 to N=2 and added it to the queue again.
[DEBUG][intensifier.py:168] All configs in the queue are running:
[DEBUG][intensifier.py:171] --- No incumbent to intensify.
[DEBUG][abstract_encoder.py:262] Transforming RunHistory into X, y format...
[DEBUG][config_selector.py:180] No data available to train the model. Sample a random configuration.
[DEBUG][intensifier.py:239] --- Added a new config f1de1d to the queue.
[DEBUG][intensifier.py:251] Start finding a new challenger in the queue:
[DEBUG][intensifier.py:257] --- Config 479706 is still running. Skipping this config in the queue...
[DEBUG][intensifier.py:257] --- Config 3e370b is still running. Skipping this config in the queue...
[DEBUG][intensifier.py:257] --- Config 4fbe6a is still running. Skipping this config in the queue...
[DEBUG][intensifier.py:257] --- Config 2cde66 is still running. Skipping this config in the queue...
[DEBUG][intensifier.py:257] --- Config b5e6e2 is still running. Skipping this config in the queue...
[DEBUG][intensifier.py:257] --- Config ef4273 is still running. Skipping this config in the queue...
[DEBUG][intensifier.py:257] --- Config acf346 is still running. Skipping this config in the queue...
[DEBUG][intensifier.py:257] --- Config f0e119 is still running. Skipping this config in the queue...
[DEBUG][intensifier.py:257] --- Config cef2c7 is still running. Skipping this config in the queue...
[DEBUG][intensifier.py:257] --- Config 711eb2 is still running. Skipping this config in the queue...
[DEBUG][intensifier.py:257] --- Config 048aa7 is still running. Skipping this config in the queue...
[DEBUG][intensifier.py:257] --- Config 0a36d5 is still running. Skipping this config in the queue...
[DEBUG][intensifier.py:257] --- Config 59c342 is still running. Skipping this config in the queue...
[DEBUG][intensifier.py:257] --- Config de26d5 is still running. Skipping this config in the queue...
[DEBUG][intensifier.py:257] --- Config 3668af is still running. Skipping this config in the queue...
[DEBUG][intensifier.py:257] --- Config 46cfcc is still running. Skipping this config in the queue...
[DEBUG][intensifier.py:257] --- Config a5c390 is still running. Skipping this config in the queue...
[DEBUG][intensifier.py:280] Get next trials for config f1de1d and budget 1 from keys None
[DEBUG][intensifier.py:282] --- Yielding 1 trials to evaluate config f1de1d...
[DEBUG][smbo.py:171] ...and received a new trial.
[DEBUG][smbo.py:327] Remaining wallclock time: inf, Remaining cpu time: inf, Remaining trials: 46
[INFO][smbo.py:334] Finished 0 trials.
[DEBUG][smbo.py:156] Calling ask...
[DEBUG][intensifier.py:287] --- Finished yielding for config f1de1d.
[DEBUG][intensifier.py:291] --- Removed config f1de1d with N=1 from queue.
[DEBUG][intensifier.py:298] --- Doubled trials of config f1de1d to N=2 and added it to the queue again.
[DEBUG][intensifier.py:168] All configs in the queue are running:
[DEBUG][intensifier.py:171] --- No incumbent to intensify.
[DEBUG][abstract_encoder.py:262] Transforming RunHistory into X, y format...
[DEBUG][config_selector.py:180] No data available to train the model. Sample a random configuration.
[DEBUG][intensifier.py:239] --- Added a new config a2fcca to the queue.
[DEBUG][intensifier.py:251] Start finding a new challenger in the queue:
[DEBUG][intensifier.py:257] --- Config 479706 is still running. Skipping this config in the queue...
[DEBUG][intensifier.py:257] --- Config 3e370b is still running. Skipping this config in the queue...
[DEBUG][intensifier.py:257] --- Config 4fbe6a is still running. Skipping this config in the queue...
[DEBUG][intensifier.py:257] --- Config 2cde66 is still running. Skipping this config in the queue...
[DEBUG][intensifier.py:257] --- Config b5e6e2 is still running. Skipping this config in the queue...
[DEBUG][intensifier.py:257] --- Config ef4273 is still running. Skipping this config in the queue...
[DEBUG][intensifier.py:257] --- Config acf346 is still running. Skipping this config in the queue...
[DEBUG][intensifier.py:257] --- Config f0e119 is still running. Skipping this config in the queue...
[DEBUG][intensifier.py:257] --- Config cef2c7 is still running. Skipping this config in the queue...
[DEBUG][intensifier.py:257] --- Config 711eb2 is still running. Skipping this config in the queue...
[DEBUG][intensifier.py:257] --- Config 048aa7 is still running. Skipping this config in the queue...
[DEBUG][intensifier.py:257] --- Config 0a36d5 is still running. Skipping this config in the queue...
[DEBUG][intensifier.py:257] --- Config 59c342 is still running. Skipping this config in the queue...
[DEBUG][intensifier.py:257] --- Config de26d5 is still running. Skipping this config in the queue...
[DEBUG][intensifier.py:257] --- Config 3668af is still running. Skipping this config in the queue...
[DEBUG][intensifier.py:257] --- Config 46cfcc is still running. Skipping this config in the queue...
[DEBUG][intensifier.py:257] --- Config a5c390 is still running. Skipping this config in the queue...
[DEBUG][intensifier.py:257] --- Config f1de1d is still running. Skipping this config in the queue...
[DEBUG][intensifier.py:280] Get next trials for config a2fcca and budget 1 from keys None
[DEBUG][intensifier.py:282] --- Yielding 1 trials to evaluate config a2fcca...
[DEBUG][smbo.py:171] ...and received a new trial.
[DEBUG][smbo.py:327] Remaining wallclock time: inf, Remaining cpu time: inf, Remaining trials: 45
[INFO][smbo.py:334] Finished 0 trials.
[DEBUG][smbo.py:156] Calling ask...
[DEBUG][intensifier.py:287] --- Finished yielding for config a2fcca.
[DEBUG][intensifier.py:291] --- Removed config a2fcca with N=1 from queue.
[DEBUG][intensifier.py:298] --- Doubled trials of config a2fcca to N=2 and added it to the queue again.
[DEBUG][intensifier.py:168] All configs in the queue are running:
[DEBUG][intensifier.py:171] --- No incumbent to intensify.
[DEBUG][abstract_encoder.py:262] Transforming RunHistory into X, y format...
[DEBUG][config_selector.py:180] No data available to train the model. Sample a random configuration.
[DEBUG][intensifier.py:239] --- Added a new config d6611c to the queue.
[DEBUG][intensifier.py:251] Start finding a new challenger in the queue:
[DEBUG][intensifier.py:257] --- Config 479706 is still running. Skipping this config in the queue...
[DEBUG][intensifier.py:257] --- Config 3e370b is still running. Skipping this config in the queue...
[DEBUG][intensifier.py:257] --- Config 4fbe6a is still running. Skipping this config in the queue...
[DEBUG][intensifier.py:257] --- Config 2cde66 is still running. Skipping this config in the queue...
[DEBUG][intensifier.py:257] --- Config b5e6e2 is still running. Skipping this config in the queue...
[DEBUG][intensifier.py:257] --- Config ef4273 is still running. Skipping this config in the queue...
[DEBUG][intensifier.py:257] --- Config acf346 is still running. Skipping this config in the queue...
[DEBUG][intensifier.py:257] --- Config f0e119 is still running. Skipping this config in the queue...
[DEBUG][intensifier.py:257] --- Config cef2c7 is still running. Skipping this config in the queue...
[DEBUG][intensifier.py:257] --- Config 711eb2 is still running. Skipping this config in the queue...
[DEBUG][intensifier.py:257] --- Config 048aa7 is still running. Skipping this config in the queue...
[DEBUG][intensifier.py:257] --- Config 0a36d5 is still running. Skipping this config in the queue...
[DEBUG][intensifier.py:257] --- Config 59c342 is still running. Skipping this config in the queue...
[DEBUG][intensifier.py:257] --- Config de26d5 is still running. Skipping this config in the queue...
[DEBUG][intensifier.py:257] --- Config 3668af is still running. Skipping this config in the queue...
[DEBUG][intensifier.py:257] --- Config 46cfcc is still running. Skipping this config in the queue...
[DEBUG][intensifier.py:257] --- Config a5c390 is still running. Skipping this config in the queue...
[DEBUG][intensifier.py:257] --- Config f1de1d is still running. Skipping this config in the queue...
[DEBUG][intensifier.py:257] --- Config a2fcca is still running. Skipping this config in the queue...
[DEBUG][intensifier.py:280] Get next trials for config d6611c and budget 1 from keys None
[DEBUG][intensifier.py:282] --- Yielding 1 trials to evaluate config d6611c...
[DEBUG][smbo.py:171] ...and received a new trial.
[DEBUG][smbo.py:327] Remaining wallclock time: inf, Remaining cpu time: inf, Remaining trials: 44
[INFO][smbo.py:334] Finished 0 trials.
[DEBUG][smbo.py:156] Calling ask...
[DEBUG][intensifier.py:287] --- Finished yielding for config d6611c.
[DEBUG][intensifier.py:291] --- Removed config d6611c with N=1 from queue.
[DEBUG][intensifier.py:298] --- Doubled trials of config d6611c to N=2 and added it to the queue again.
[DEBUG][intensifier.py:168] All configs in the queue are running:
[DEBUG][intensifier.py:171] --- No incumbent to intensify.
[DEBUG][abstract_encoder.py:262] Transforming RunHistory into X, y format...
[DEBUG][config_selector.py:180] No data available to train the model. Sample a random configuration.
[DEBUG][intensifier.py:239] --- Added a new config 29ec3d to the queue.
[DEBUG][intensifier.py:251] Start finding a new challenger in the queue:
[DEBUG][intensifier.py:257] --- Config 479706 is still running. Skipping this config in the queue...
[DEBUG][intensifier.py:257] --- Config 3e370b is still running. Skipping this config in the queue...
[DEBUG][intensifier.py:257] --- Config 4fbe6a is still running. Skipping this config in the queue...
[DEBUG][intensifier.py:257] --- Config 2cde66 is still running. Skipping this config in the queue...
[DEBUG][intensifier.py:257] --- Config b5e6e2 is still running. Skipping this config in the queue...
[DEBUG][intensifier.py:257] --- Config ef4273 is still running. Skipping this config in the queue...
[DEBUG][intensifier.py:257] --- Config acf346 is still running. Skipping this config in the queue...
[DEBUG][intensifier.py:257] --- Config f0e119 is still running. Skipping this config in the queue...
[DEBUG][intensifier.py:257] --- Config cef2c7 is still running. Skipping this config in the queue...
[DEBUG][intensifier.py:257] --- Config 711eb2 is still running. Skipping this config in the queue...
[DEBUG][intensifier.py:257] --- Config 048aa7 is still running. Skipping this config in the queue...
[DEBUG][intensifier.py:257] --- Config 0a36d5 is still running. Skipping this config in the queue...
[DEBUG][intensifier.py:257] --- Config 59c342 is still running. Skipping this config in the queue...
[DEBUG][intensifier.py:257] --- Config de26d5 is still running. Skipping this config in the queue...
[DEBUG][intensifier.py:257] --- Config 3668af is still running. Skipping this config in the queue...
[DEBUG][intensifier.py:257] --- Config 46cfcc is still running. Skipping this config in the queue...
[DEBUG][intensifier.py:257] --- Config a5c390 is still running. Skipping this config in the queue...
[DEBUG][intensifier.py:257] --- Config f1de1d is still running. Skipping this config in the queue...
[DEBUG][intensifier.py:257] --- Config a2fcca is still running. Skipping this config in the queue...
[DEBUG][intensifier.py:257] --- Config d6611c is still running. Skipping this config in the queue...
[DEBUG][intensifier.py:280] Get next trials for config 29ec3d and budget 1 from keys None
[DEBUG][intensifier.py:282] --- Yielding 1 trials to evaluate config 29ec3d...
[DEBUG][smbo.py:171] ...and received a new trial.
[DEBUG][smbo.py:327] Remaining wallclock time: inf, Remaining cpu time: inf, Remaining trials: 43
[INFO][smbo.py:334] Finished 0 trials.
[DEBUG][smbo.py:156] Calling ask...
[DEBUG][intensifier.py:287] --- Finished yielding for config 29ec3d.
[DEBUG][intensifier.py:291] --- Removed config 29ec3d with N=1 from queue.
[DEBUG][intensifier.py:298] --- Doubled trials of config 29ec3d to N=2 and added it to the queue again.
[DEBUG][intensifier.py:168] All configs in the queue are running:
[DEBUG][intensifier.py:171] --- No incumbent to intensify.
[DEBUG][abstract_encoder.py:262] Transforming RunHistory into X, y format...
[DEBUG][config_selector.py:180] No data available to train the model. Sample a random configuration.
[DEBUG][intensifier.py:239] --- Added a new config a46225 to the queue.
[DEBUG][intensifier.py:251] Start finding a new challenger in the queue:
[DEBUG][intensifier.py:257] --- Config 479706 is still running. Skipping this config in the queue...
[DEBUG][intensifier.py:257] --- Config 3e370b is still running. Skipping this config in the queue...
[DEBUG][intensifier.py:257] --- Config 4fbe6a is still running. Skipping this config in the queue...
[DEBUG][intensifier.py:257] --- Config 2cde66 is still running. Skipping this config in the queue...
[DEBUG][intensifier.py:257] --- Config b5e6e2 is still running. Skipping this config in the queue...
[DEBUG][intensifier.py:257] --- Config ef4273 is still running. Skipping this config in the queue...
[DEBUG][intensifier.py:257] --- Config acf346 is still running. Skipping this config in the queue...
[DEBUG][intensifier.py:257] --- Config f0e119 is still running. Skipping this config in the queue...
[DEBUG][intensifier.py:257] --- Config cef2c7 is still running. Skipping this config in the queue...
[DEBUG][intensifier.py:257] --- Config 711eb2 is still running. Skipping this config in the queue...
[DEBUG][intensifier.py:257] --- Config 048aa7 is still running. Skipping this config in the queue...
[DEBUG][intensifier.py:257] --- Config 0a36d5 is still running. Skipping this config in the queue...
[DEBUG][intensifier.py:257] --- Config 59c342 is still running. Skipping this config in the queue...
[DEBUG][intensifier.py:257] --- Config de26d5 is still running. Skipping this config in the queue...
[DEBUG][intensifier.py:257] --- Config 3668af is still running. Skipping this config in the queue...
[DEBUG][intensifier.py:257] --- Config 46cfcc is still running. Skipping this config in the queue...
[DEBUG][intensifier.py:257] --- Config a5c390 is still running. Skipping this config in the queue...
[DEBUG][intensifier.py:257] --- Config f1de1d is still running. Skipping this config in the queue...
[DEBUG][intensifier.py:257] --- Config a2fcca is still running. Skipping this config in the queue...
[DEBUG][intensifier.py:257] --- Config d6611c is still running. Skipping this config in the queue...
[DEBUG][intensifier.py:257] --- Config 29ec3d is still running. Skipping this config in the queue...
[DEBUG][intensifier.py:280] Get next trials for config a46225 and budget 1 from keys None
[DEBUG][intensifier.py:282] --- Yielding 1 trials to evaluate config a46225...
[DEBUG][smbo.py:171] ...and received a new trial.
[DEBUG][smbo.py:327] Remaining wallclock time: inf, Remaining cpu time: inf, Remaining trials: 42
[INFO][smbo.py:334] Finished 0 trials.
[DEBUG][smbo.py:156] Calling ask...
[DEBUG][intensifier.py:287] --- Finished yielding for config a46225.
[DEBUG][intensifier.py:291] --- Removed config a46225 with N=1 from queue.
[DEBUG][intensifier.py:298] --- Doubled trials of config a46225 to N=2 and added it to the queue again.
[DEBUG][intensifier.py:168] All configs in the queue are running:
[DEBUG][intensifier.py:171] --- No incumbent to intensify.
[DEBUG][abstract_encoder.py:262] Transforming RunHistory into X, y format...
[DEBUG][config_selector.py:180] No data available to train the model. Sample a random configuration.
[DEBUG][intensifier.py:239] --- Added a new config cfa074 to the queue.
[DEBUG][intensifier.py:251] Start finding a new challenger in the queue:
[DEBUG][intensifier.py:257] --- Config 479706 is still running. Skipping this config in the queue...
[DEBUG][intensifier.py:257] --- Config 3e370b is still running. Skipping this config in the queue...
[DEBUG][intensifier.py:257] --- Config 4fbe6a is still running. Skipping this config in the queue...
[DEBUG][intensifier.py:257] --- Config 2cde66 is still running. Skipping this config in the queue...
[DEBUG][intensifier.py:257] --- Config b5e6e2 is still running. Skipping this config in the queue...
[DEBUG][intensifier.py:257] --- Config ef4273 is still running. Skipping this config in the queue...
[DEBUG][intensifier.py:257] --- Config acf346 is still running. Skipping this config in the queue...
[DEBUG][intensifier.py:257] --- Config f0e119 is still running. Skipping this config in the queue...
[DEBUG][intensifier.py:257] --- Config cef2c7 is still running. Skipping this config in the queue...
[DEBUG][intensifier.py:257] --- Config 711eb2 is still running. Skipping this config in the queue...
[DEBUG][intensifier.py:257] --- Config 048aa7 is still running. Skipping this config in the queue...
[DEBUG][intensifier.py:257] --- Config 0a36d5 is still running. Skipping this config in the queue...
[DEBUG][intensifier.py:257] --- Config 59c342 is still running. Skipping this config in the queue...
[DEBUG][intensifier.py:257] --- Config de26d5 is still running. Skipping this config in the queue...
[DEBUG][intensifier.py:257] --- Config 3668af is still running. Skipping this config in the queue...
[DEBUG][intensifier.py:257] --- Config 46cfcc is still running. Skipping this config in the queue...
[DEBUG][intensifier.py:257] --- Config a5c390 is still running. Skipping this config in the queue...
[DEBUG][intensifier.py:257] --- Config f1de1d is still running. Skipping this config in the queue...
[DEBUG][intensifier.py:257] --- Config a2fcca is still running. Skipping this config in the queue...
[DEBUG][intensifier.py:257] --- Config d6611c is still running. Skipping this config in the queue...
[DEBUG][intensifier.py:257] --- Config 29ec3d is still running. Skipping this config in the queue...
[DEBUG][intensifier.py:257] --- Config a46225 is still running. Skipping this config in the queue...
[DEBUG][intensifier.py:280] Get next trials for config cfa074 and budget 1 from keys None
[DEBUG][intensifier.py:282] --- Yielding 1 trials to evaluate config cfa074...
[DEBUG][smbo.py:171] ...and received a new trial.
[DEBUG][smbo.py:327] Remaining wallclock time: inf, Remaining cpu time: inf, Remaining trials: 41
[INFO][smbo.py:334] Finished 0 trials.
[DEBUG][smbo.py:156] Calling ask...
[DEBUG][intensifier.py:287] --- Finished yielding for config cfa074.
[DEBUG][intensifier.py:291] --- Removed config cfa074 with N=1 from queue.
[DEBUG][intensifier.py:298] --- Doubled trials of config cfa074 to N=2 and added it to the queue again.
[DEBUG][intensifier.py:168] All configs in the queue are running:
[DEBUG][intensifier.py:171] --- No incumbent to intensify.
[DEBUG][abstract_encoder.py:262] Transforming RunHistory into X, y format...
[DEBUG][config_selector.py:180] No data available to train the model. Sample a random configuration.
[DEBUG][intensifier.py:239] --- Added a new config 592e03 to the queue.
[DEBUG][intensifier.py:251] Start finding a new challenger in the queue:
[DEBUG][intensifier.py:257] --- Config 479706 is still running. Skipping this config in the queue...
[DEBUG][intensifier.py:257] --- Config 3e370b is still running. Skipping this config in the queue...
[DEBUG][intensifier.py:257] --- Config 4fbe6a is still running. Skipping this config in the queue...
[DEBUG][intensifier.py:257] --- Config 2cde66 is still running. Skipping this config in the queue...
[DEBUG][intensifier.py:257] --- Config b5e6e2 is still running. Skipping this config in the queue...
[DEBUG][intensifier.py:257] --- Config ef4273 is still running. Skipping this config in the queue...
[DEBUG][intensifier.py:257] --- Config acf346 is still running. Skipping this config in the queue...
[DEBUG][intensifier.py:257] --- Config f0e119 is still running. Skipping this config in the queue...
[DEBUG][intensifier.py:257] --- Config cef2c7 is still running. Skipping this config in the queue...
[DEBUG][intensifier.py:257] --- Config 711eb2 is still running. Skipping this config in the queue...
[DEBUG][intensifier.py:257] --- Config 048aa7 is still running. Skipping this config in the queue...
[DEBUG][intensifier.py:257] --- Config 0a36d5 is still running. Skipping this config in the queue...
[DEBUG][intensifier.py:257] --- Config 59c342 is still running. Skipping this config in the queue...
[DEBUG][intensifier.py:257] --- Config de26d5 is still running. Skipping this config in the queue...
[DEBUG][intensifier.py:257] --- Config 3668af is still running. Skipping this config in the queue...
[DEBUG][intensifier.py:257] --- Config 46cfcc is still running. Skipping this config in the queue...
[DEBUG][intensifier.py:257] --- Config a5c390 is still running. Skipping this config in the queue...
[DEBUG][intensifier.py:257] --- Config f1de1d is still running. Skipping this config in the queue...
[DEBUG][intensifier.py:257] --- Config a2fcca is still running. Skipping this config in the queue...
[DEBUG][intensifier.py:257] --- Config d6611c is still running. Skipping this config in the queue...
[DEBUG][intensifier.py:257] --- Config 29ec3d is still running. Skipping this config in the queue...
[DEBUG][intensifier.py:257] --- Config a46225 is still running. Skipping this config in the queue...
[DEBUG][intensifier.py:257] --- Config cfa074 is still running. Skipping this config in the queue...
[DEBUG][intensifier.py:280] Get next trials for config 592e03 and budget 1 from keys None
[DEBUG][intensifier.py:282] --- Yielding 1 trials to evaluate config 592e03...
[DEBUG][smbo.py:171] ...and received a new trial.
[DEBUG][smbo.py:327] Remaining wallclock time: inf, Remaining cpu time: inf, Remaining trials: 40
[INFO][smbo.py:334] Finished 0 trials.
[DEBUG][smbo.py:156] Calling ask...
[DEBUG][intensifier.py:287] --- Finished yielding for config 592e03.
[DEBUG][intensifier.py:291] --- Removed config 592e03 with N=1 from queue.
[DEBUG][intensifier.py:298] --- Doubled trials of config 592e03 to N=2 and added it to the queue again.
[DEBUG][intensifier.py:168] All configs in the queue are running:
[DEBUG][intensifier.py:171] --- No incumbent to intensify.
[DEBUG][abstract_encoder.py:262] Transforming RunHistory into X, y format...
[DEBUG][config_selector.py:180] No data available to train the model. Sample a random configuration.
[DEBUG][intensifier.py:239] --- Added a new config b226f7 to the queue.
[DEBUG][intensifier.py:251] Start finding a new challenger in the queue:
[DEBUG][intensifier.py:257] --- Config 479706 is still running. Skipping this config in the queue...
[DEBUG][intensifier.py:257] --- Config 3e370b is still running. Skipping this config in the queue...
[DEBUG][intensifier.py:257] --- Config 4fbe6a is still running. Skipping this config in the queue...
[DEBUG][intensifier.py:257] --- Config 2cde66 is still running. Skipping this config in the queue...
[DEBUG][intensifier.py:257] --- Config b5e6e2 is still running. Skipping this config in the queue...
[DEBUG][intensifier.py:257] --- Config ef4273 is still running. Skipping this config in the queue...
[DEBUG][intensifier.py:257] --- Config acf346 is still running. Skipping this config in the queue...
[DEBUG][intensifier.py:257] --- Config f0e119 is still running. Skipping this config in the queue...
[DEBUG][intensifier.py:257] --- Config cef2c7 is still running. Skipping this config in the queue...
[DEBUG][intensifier.py:257] --- Config 711eb2 is still running. Skipping this config in the queue...
[DEBUG][intensifier.py:257] --- Config 048aa7 is still running. Skipping this config in the queue...
[DEBUG][intensifier.py:257] --- Config 0a36d5 is still running. Skipping this config in the queue...
[DEBUG][intensifier.py:257] --- Config 59c342 is still running. Skipping this config in the queue...
[DEBUG][intensifier.py:257] --- Config de26d5 is still running. Skipping this config in the queue...
[DEBUG][intensifier.py:257] --- Config 3668af is still running. Skipping this config in the queue...
[DEBUG][intensifier.py:257] --- Config 46cfcc is still running. Skipping this config in the queue...
[DEBUG][intensifier.py:257] --- Config a5c390 is still running. Skipping this config in the queue...
[DEBUG][intensifier.py:257] --- Config f1de1d is still running. Skipping this config in the queue...
[DEBUG][intensifier.py:257] --- Config a2fcca is still running. Skipping this config in the queue...
[DEBUG][intensifier.py:257] --- Config d6611c is still running. Skipping this config in the queue...
[DEBUG][intensifier.py:257] --- Config 29ec3d is still running. Skipping this config in the queue...
[DEBUG][intensifier.py:257] --- Config a46225 is still running. Skipping this config in the queue...
[DEBUG][intensifier.py:257] --- Config cfa074 is still running. Skipping this config in the queue...
[DEBUG][intensifier.py:257] --- Config 592e03 is still running. Skipping this config in the queue...
[DEBUG][intensifier.py:280] Get next trials for config b226f7 and budget 1 from keys None
[DEBUG][intensifier.py:282] --- Yielding 1 trials to evaluate config b226f7...
[DEBUG][smbo.py:171] ...and received a new trial.
[DEBUG][smbo.py:327] Remaining wallclock time: inf, Remaining cpu time: inf, Remaining trials: 39
[INFO][smbo.py:334] Finished 0 trials.
[DEBUG][smbo.py:156] Calling ask...
[DEBUG][intensifier.py:287] --- Finished yielding for config b226f7.
[DEBUG][intensifier.py:291] --- Removed config b226f7 with N=1 from queue.
[DEBUG][intensifier.py:298] --- Doubled trials of config b226f7 to N=2 and added it to the queue again.
[DEBUG][intensifier.py:168] All configs in the queue are running:
[DEBUG][intensifier.py:171] --- No incumbent to intensify.
[DEBUG][abstract_encoder.py:262] Transforming RunHistory into X, y format...
[DEBUG][config_selector.py:180] No data available to train the model. Sample a random configuration.
[DEBUG][intensifier.py:239] --- Added a new config 4a47d8 to the queue.
[DEBUG][intensifier.py:251] Start finding a new challenger in the queue:
[DEBUG][intensifier.py:257] --- Config 479706 is still running. Skipping this config in the queue...
[DEBUG][intensifier.py:257] --- Config 3e370b is still running. Skipping this config in the queue...
[DEBUG][intensifier.py:257] --- Config 4fbe6a is still running. Skipping this config in the queue...
[DEBUG][intensifier.py:257] --- Config 2cde66 is still running. Skipping this config in the queue...
[DEBUG][intensifier.py:257] --- Config b5e6e2 is still running. Skipping this config in the queue...
[DEBUG][intensifier.py:257] --- Config ef4273 is still running. Skipping this config in the queue...
[DEBUG][intensifier.py:257] --- Config acf346 is still running. Skipping this config in the queue...
[DEBUG][intensifier.py:257] --- Config f0e119 is still running. Skipping this config in the queue...
[DEBUG][intensifier.py:257] --- Config cef2c7 is still running. Skipping this config in the queue...
[DEBUG][intensifier.py:257] --- Config 711eb2 is still running. Skipping this config in the queue...
[DEBUG][intensifier.py:257] --- Config 048aa7 is still running. Skipping this config in the queue...
[DEBUG][intensifier.py:257] --- Config 0a36d5 is still running. Skipping this config in the queue...
[DEBUG][intensifier.py:257] --- Config 59c342 is still running. Skipping this config in the queue...
[DEBUG][intensifier.py:257] --- Config de26d5 is still running. Skipping this config in the queue...
[DEBUG][intensifier.py:257] --- Config 3668af is still running. Skipping this config in the queue...
[DEBUG][intensifier.py:257] --- Config 46cfcc is still running. Skipping this config in the queue...
[DEBUG][intensifier.py:257] --- Config a5c390 is still running. Skipping this config in the queue...
[DEBUG][intensifier.py:257] --- Config f1de1d is still running. Skipping this config in the queue...
[DEBUG][intensifier.py:257] --- Config a2fcca is still running. Skipping this config in the queue...
[DEBUG][intensifier.py:257] --- Config d6611c is still running. Skipping this config in the queue...
[DEBUG][intensifier.py:257] --- Config 29ec3d is still running. Skipping this config in the queue...
[DEBUG][intensifier.py:257] --- Config a46225 is still running. Skipping this config in the queue...
[DEBUG][intensifier.py:257] --- Config cfa074 is still running. Skipping this config in the queue...
[DEBUG][intensifier.py:257] --- Config 592e03 is still running. Skipping this config in the queue...
[DEBUG][intensifier.py:257] --- Config b226f7 is still running. Skipping this config in the queue...
[DEBUG][intensifier.py:280] Get next trials for config 4a47d8 and budget 1 from keys None
[DEBUG][intensifier.py:282] --- Yielding 1 trials to evaluate config 4a47d8...
[DEBUG][smbo.py:171] ...and received a new trial.
[DEBUG][smbo.py:327] Remaining wallclock time: inf, Remaining cpu time: inf, Remaining trials: 38
[INFO][smbo.py:334] Finished 0 trials.
[DEBUG][smbo.py:156] Calling ask...
[DEBUG][intensifier.py:287] --- Finished yielding for config 4a47d8.
[DEBUG][intensifier.py:291] --- Removed config 4a47d8 with N=1 from queue.
[DEBUG][intensifier.py:298] --- Doubled trials of config 4a47d8 to N=2 and added it to the queue again.
[DEBUG][intensifier.py:168] All configs in the queue are running:
[DEBUG][intensifier.py:171] --- No incumbent to intensify.
[DEBUG][abstract_encoder.py:262] Transforming RunHistory into X, y format...
[DEBUG][config_selector.py:180] No data available to train the model. Sample a random configuration.
[DEBUG][intensifier.py:239] --- Added a new config 2d9f0a to the queue.
[DEBUG][intensifier.py:251] Start finding a new challenger in the queue:
[DEBUG][intensifier.py:257] --- Config 479706 is still running. Skipping this config in the queue...
[DEBUG][intensifier.py:257] --- Config 3e370b is still running. Skipping this config in the queue...
[DEBUG][intensifier.py:257] --- Config 4fbe6a is still running. Skipping this config in the queue...
[DEBUG][intensifier.py:257] --- Config 2cde66 is still running. Skipping this config in the queue...
[DEBUG][intensifier.py:257] --- Config b5e6e2 is still running. Skipping this config in the queue...
[DEBUG][intensifier.py:257] --- Config ef4273 is still running. Skipping this config in the queue...
[DEBUG][intensifier.py:257] --- Config acf346 is still running. Skipping this config in the queue...
[DEBUG][intensifier.py:257] --- Config f0e119 is still running. Skipping this config in the queue...
[DEBUG][intensifier.py:257] --- Config cef2c7 is still running. Skipping this config in the queue...
[DEBUG][intensifier.py:257] --- Config 711eb2 is still running. Skipping this config in the queue...
[DEBUG][intensifier.py:257] --- Config 048aa7 is still running. Skipping this config in the queue...
[DEBUG][intensifier.py:257] --- Config 0a36d5 is still running. Skipping this config in the queue...
[DEBUG][intensifier.py:257] --- Config 59c342 is still running. Skipping this config in the queue...
[DEBUG][intensifier.py:257] --- Config de26d5 is still running. Skipping this config in the queue...
[DEBUG][intensifier.py:257] --- Config 3668af is still running. Skipping this config in the queue...
[DEBUG][intensifier.py:257] --- Config 46cfcc is still running. Skipping this config in the queue...
[DEBUG][intensifier.py:257] --- Config a5c390 is still running. Skipping this config in the queue...
[DEBUG][intensifier.py:257] --- Config f1de1d is still running. Skipping this config in the queue...
[DEBUG][intensifier.py:257] --- Config a2fcca is still running. Skipping this config in the queue...
[DEBUG][intensifier.py:257] --- Config d6611c is still running. Skipping this config in the queue...
[DEBUG][intensifier.py:257] --- Config 29ec3d is still running. Skipping this config in the queue...
[DEBUG][intensifier.py:257] --- Config a46225 is still running. Skipping this config in the queue...
[DEBUG][intensifier.py:257] --- Config cfa074 is still running. Skipping this config in the queue...
[DEBUG][intensifier.py:257] --- Config 592e03 is still running. Skipping this config in the queue...
[DEBUG][intensifier.py:257] --- Config b226f7 is still running. Skipping this config in the queue...
[DEBUG][intensifier.py:257] --- Config 4a47d8 is still running. Skipping this config in the queue...
[DEBUG][intensifier.py:280] Get next trials for config 2d9f0a and budget 1 from keys None
[DEBUG][intensifier.py:282] --- Yielding 1 trials to evaluate config 2d9f0a...
[DEBUG][smbo.py:171] ...and received a new trial.
[DEBUG][smbo.py:327] Remaining wallclock time: inf, Remaining cpu time: inf, Remaining trials: 37
[INFO][smbo.py:334] Finished 0 trials.
[DEBUG][smbo.py:156] Calling ask...
[DEBUG][intensifier.py:287] --- Finished yielding for config 2d9f0a.
[DEBUG][intensifier.py:291] --- Removed config 2d9f0a with N=1 from queue.
[DEBUG][intensifier.py:298] --- Doubled trials of config 2d9f0a to N=2 and added it to the queue again.
[DEBUG][intensifier.py:168] All configs in the queue are running:
[DEBUG][intensifier.py:171] --- No incumbent to intensify.
[DEBUG][abstract_encoder.py:262] Transforming RunHistory into X, y format...
[DEBUG][config_selector.py:180] No data available to train the model. Sample a random configuration.
[DEBUG][intensifier.py:239] --- Added a new config b7bc12 to the queue.
[DEBUG][intensifier.py:251] Start finding a new challenger in the queue:
[DEBUG][intensifier.py:257] --- Config 479706 is still running. Skipping this config in the queue...
[DEBUG][intensifier.py:257] --- Config 3e370b is still running. Skipping this config in the queue...
[DEBUG][intensifier.py:257] --- Config 4fbe6a is still running. Skipping this config in the queue...
[DEBUG][intensifier.py:257] --- Config 2cde66 is still running. Skipping this config in the queue...
[DEBUG][intensifier.py:257] --- Config b5e6e2 is still running. Skipping this config in the queue...
[DEBUG][intensifier.py:257] --- Config ef4273 is still running. Skipping this config in the queue...
[DEBUG][intensifier.py:257] --- Config acf346 is still running. Skipping this config in the queue...
[DEBUG][intensifier.py:257] --- Config f0e119 is still running. Skipping this config in the queue...
[DEBUG][intensifier.py:257] --- Config cef2c7 is still running. Skipping this config in the queue...
[DEBUG][intensifier.py:257] --- Config 711eb2 is still running. Skipping this config in the queue...
[DEBUG][intensifier.py:257] --- Config 048aa7 is still running. Skipping this config in the queue...
[DEBUG][intensifier.py:257] --- Config 0a36d5 is still running. Skipping this config in the queue...
[DEBUG][intensifier.py:257] --- Config 59c342 is still running. Skipping this config in the queue...
[DEBUG][intensifier.py:257] --- Config de26d5 is still running. Skipping this config in the queue...
[DEBUG][intensifier.py:257] --- Config 3668af is still running. Skipping this config in the queue...
[DEBUG][intensifier.py:257] --- Config 46cfcc is still running. Skipping this config in the queue...
[DEBUG][intensifier.py:257] --- Config a5c390 is still running. Skipping this config in the queue...
[DEBUG][intensifier.py:257] --- Config f1de1d is still running. Skipping this config in the queue...
[DEBUG][intensifier.py:257] --- Config a2fcca is still running. Skipping this config in the queue...
[DEBUG][intensifier.py:257] --- Config d6611c is still running. Skipping this config in the queue...
[DEBUG][intensifier.py:257] --- Config 29ec3d is still running. Skipping this config in the queue...
[DEBUG][intensifier.py:257] --- Config a46225 is still running. Skipping this config in the queue...
[DEBUG][intensifier.py:257] --- Config cfa074 is still running. Skipping this config in the queue...
[DEBUG][intensifier.py:257] --- Config 592e03 is still running. Skipping this config in the queue...
[DEBUG][intensifier.py:257] --- Config b226f7 is still running. Skipping this config in the queue...
[DEBUG][intensifier.py:257] --- Config 4a47d8 is still running. Skipping this config in the queue...
[DEBUG][intensifier.py:257] --- Config 2d9f0a is still running. Skipping this config in the queue...
[DEBUG][intensifier.py:280] Get next trials for config b7bc12 and budget 1 from keys None
[DEBUG][intensifier.py:282] --- Yielding 1 trials to evaluate config b7bc12...
[DEBUG][smbo.py:171] ...and received a new trial.
[DEBUG][smbo.py:327] Remaining wallclock time: inf, Remaining cpu time: inf, Remaining trials: 36
[INFO][smbo.py:334] Finished 0 trials.
[DEBUG][smbo.py:156] Calling ask...
[DEBUG][intensifier.py:287] --- Finished yielding for config b7bc12.
[DEBUG][intensifier.py:291] --- Removed config b7bc12 with N=1 from queue.
[DEBUG][intensifier.py:298] --- Doubled trials of config b7bc12 to N=2 and added it to the queue again.
[DEBUG][intensifier.py:168] All configs in the queue are running:
[DEBUG][intensifier.py:171] --- No incumbent to intensify.
[DEBUG][abstract_encoder.py:262] Transforming RunHistory into X, y format...
[DEBUG][config_selector.py:180] No data available to train the model. Sample a random configuration.
[DEBUG][intensifier.py:239] --- Added a new config 29cbe0 to the queue.
[DEBUG][intensifier.py:251] Start finding a new challenger in the queue:
[DEBUG][intensifier.py:257] --- Config 479706 is still running. Skipping this config in the queue...
[DEBUG][intensifier.py:257] --- Config 3e370b is still running. Skipping this config in the queue...
[DEBUG][intensifier.py:257] --- Config 4fbe6a is still running. Skipping this config in the queue...
[DEBUG][intensifier.py:257] --- Config 2cde66 is still running. Skipping this config in the queue...
[DEBUG][intensifier.py:257] --- Config b5e6e2 is still running. Skipping this config in the queue...
[DEBUG][intensifier.py:257] --- Config ef4273 is still running. Skipping this config in the queue...
[DEBUG][intensifier.py:257] --- Config acf346 is still running. Skipping this config in the queue...
[DEBUG][intensifier.py:257] --- Config f0e119 is still running. Skipping this config in the queue...
[DEBUG][intensifier.py:257] --- Config cef2c7 is still running. Skipping this config in the queue...
[DEBUG][intensifier.py:257] --- Config 711eb2 is still running. Skipping this config in the queue...
[DEBUG][intensifier.py:257] --- Config 048aa7 is still running. Skipping this config in the queue...
[DEBUG][intensifier.py:257] --- Config 0a36d5 is still running. Skipping this config in the queue...
[DEBUG][intensifier.py:257] --- Config 59c342 is still running. Skipping this config in the queue...
[DEBUG][intensifier.py:257] --- Config de26d5 is still running. Skipping this config in the queue...
[DEBUG][intensifier.py:257] --- Config 3668af is still running. Skipping this config in the queue...
[DEBUG][intensifier.py:257] --- Config 46cfcc is still running. Skipping this config in the queue...
[DEBUG][intensifier.py:257] --- Config a5c390 is still running. Skipping this config in the queue...
[DEBUG][intensifier.py:257] --- Config f1de1d is still running. Skipping this config in the queue...
[DEBUG][intensifier.py:257] --- Config a2fcca is still running. Skipping this config in the queue...
[DEBUG][intensifier.py:257] --- Config d6611c is still running. Skipping this config in the queue...
[DEBUG][intensifier.py:257] --- Config 29ec3d is still running. Skipping this config in the queue...
[DEBUG][intensifier.py:257] --- Config a46225 is still running. Skipping this config in the queue...
[DEBUG][intensifier.py:257] --- Config cfa074 is still running. Skipping this config in the queue...
[DEBUG][intensifier.py:257] --- Config 592e03 is still running. Skipping this config in the queue...
[DEBUG][intensifier.py:257] --- Config b226f7 is still running. Skipping this config in the queue...
[DEBUG][intensifier.py:257] --- Config 4a47d8 is still running. Skipping this config in the queue...
[DEBUG][intensifier.py:257] --- Config 2d9f0a is still running. Skipping this config in the queue...
[DEBUG][intensifier.py:257] --- Config b7bc12 is still running. Skipping this config in the queue...
[DEBUG][intensifier.py:280] Get next trials for config 29cbe0 and budget 1 from keys None
[DEBUG][intensifier.py:282] --- Yielding 1 trials to evaluate config 29cbe0...
[DEBUG][smbo.py:171] ...and received a new trial.
[DEBUG][smbo.py:327] Remaining wallclock time: inf, Remaining cpu time: inf, Remaining trials: 35
[INFO][smbo.py:334] Finished 0 trials.
[DEBUG][smbo.py:156] Calling ask...
[DEBUG][intensifier.py:287] --- Finished yielding for config 29cbe0.
[DEBUG][intensifier.py:291] --- Removed config 29cbe0 with N=1 from queue.
[DEBUG][intensifier.py:298] --- Doubled trials of config 29cbe0 to N=2 and added it to the queue again.
[DEBUG][intensifier.py:168] All configs in the queue are running:
[DEBUG][intensifier.py:171] --- No incumbent to intensify.
[DEBUG][abstract_encoder.py:262] Transforming RunHistory into X, y format...
[DEBUG][config_selector.py:180] No data available to train the model. Sample a random configuration.
[DEBUG][intensifier.py:239] --- Added a new config f6e472 to the queue.
[DEBUG][intensifier.py:251] Start finding a new challenger in the queue:
[DEBUG][intensifier.py:257] --- Config 479706 is still running. Skipping this config in the queue...
[DEBUG][intensifier.py:257] --- Config 3e370b is still running. Skipping this config in the queue...
[DEBUG][intensifier.py:257] --- Config 4fbe6a is still running. Skipping this config in the queue...
[DEBUG][intensifier.py:257] --- Config 2cde66 is still running. Skipping this config in the queue...
[DEBUG][intensifier.py:257] --- Config b5e6e2 is still running. Skipping this config in the queue...
[DEBUG][intensifier.py:257] --- Config ef4273 is still running. Skipping this config in the queue...
[DEBUG][intensifier.py:257] --- Config acf346 is still running. Skipping this config in the queue...
[DEBUG][intensifier.py:257] --- Config f0e119 is still running. Skipping this config in the queue...
[DEBUG][intensifier.py:257] --- Config cef2c7 is still running. Skipping this config in the queue...
[DEBUG][intensifier.py:257] --- Config 711eb2 is still running. Skipping this config in the queue...
[DEBUG][intensifier.py:257] --- Config 048aa7 is still running. Skipping this config in the queue...
[DEBUG][intensifier.py:257] --- Config 0a36d5 is still running. Skipping this config in the queue...
[DEBUG][intensifier.py:257] --- Config 59c342 is still running. Skipping this config in the queue...
[DEBUG][intensifier.py:257] --- Config de26d5 is still running. Skipping this config in the queue...
[DEBUG][intensifier.py:257] --- Config 3668af is still running. Skipping this config in the queue...
[DEBUG][intensifier.py:257] --- Config 46cfcc is still running. Skipping this config in the queue...
[DEBUG][intensifier.py:257] --- Config a5c390 is still running. Skipping this config in the queue...
[DEBUG][intensifier.py:257] --- Config f1de1d is still running. Skipping this config in the queue...
[DEBUG][intensifier.py:257] --- Config a2fcca is still running. Skipping this config in the queue...
[DEBUG][intensifier.py:257] --- Config d6611c is still running. Skipping this config in the queue...
[DEBUG][intensifier.py:257] --- Config 29ec3d is still running. Skipping this config in the queue...
[DEBUG][intensifier.py:257] --- Config a46225 is still running. Skipping this config in the queue...
[DEBUG][intensifier.py:257] --- Config cfa074 is still running. Skipping this config in the queue...
[DEBUG][intensifier.py:257] --- Config 592e03 is still running. Skipping this config in the queue...
[DEBUG][intensifier.py:257] --- Config b226f7 is still running. Skipping this config in the queue...
[DEBUG][intensifier.py:257] --- Config 4a47d8 is still running. Skipping this config in the queue...
[DEBUG][intensifier.py:257] --- Config 2d9f0a is still running. Skipping this config in the queue...
[DEBUG][intensifier.py:257] --- Config b7bc12 is still running. Skipping this config in the queue...
[DEBUG][intensifier.py:257] --- Config 29cbe0 is still running. Skipping this config in the queue...
[DEBUG][intensifier.py:280] Get next trials for config f6e472 and budget 1 from keys None
[DEBUG][intensifier.py:282] --- Yielding 1 trials to evaluate config f6e472...
[DEBUG][smbo.py:171] ...and received a new trial.
[DEBUG][smbo.py:327] Remaining wallclock time: inf, Remaining cpu time: inf, Remaining trials: 34
[INFO][smbo.py:334] Finished 0 trials.
[DEBUG][smbo.py:156] Calling ask...
[DEBUG][intensifier.py:287] --- Finished yielding for config f6e472.
[DEBUG][intensifier.py:291] --- Removed config f6e472 with N=1 from queue.
[DEBUG][intensifier.py:298] --- Doubled trials of config f6e472 to N=2 and added it to the queue again.
[DEBUG][intensifier.py:168] All configs in the queue are running:
[DEBUG][intensifier.py:171] --- No incumbent to intensify.
[DEBUG][abstract_encoder.py:262] Transforming RunHistory into X, y format...
[DEBUG][config_selector.py:180] No data available to train the model. Sample a random configuration.
[DEBUG][intensifier.py:239] --- Added a new config 2e9f42 to the queue.
[DEBUG][intensifier.py:251] Start finding a new challenger in the queue:
[DEBUG][intensifier.py:257] --- Config 479706 is still running. Skipping this config in the queue...
[DEBUG][intensifier.py:257] --- Config 3e370b is still running. Skipping this config in the queue...
[DEBUG][intensifier.py:257] --- Config 4fbe6a is still running. Skipping this config in the queue...
[DEBUG][intensifier.py:257] --- Config 2cde66 is still running. Skipping this config in the queue...
[DEBUG][intensifier.py:257] --- Config b5e6e2 is still running. Skipping this config in the queue...
[DEBUG][intensifier.py:257] --- Config ef4273 is still running. Skipping this config in the queue...
[DEBUG][intensifier.py:257] --- Config acf346 is still running. Skipping this config in the queue...
[DEBUG][intensifier.py:257] --- Config f0e119 is still running. Skipping this config in the queue...
[DEBUG][intensifier.py:257] --- Config cef2c7 is still running. Skipping this config in the queue...
[DEBUG][intensifier.py:257] --- Config 711eb2 is still running. Skipping this config in the queue...
[DEBUG][intensifier.py:257] --- Config 048aa7 is still running. Skipping this config in the queue...
[DEBUG][intensifier.py:257] --- Config 0a36d5 is still running. Skipping this config in the queue...
[DEBUG][intensifier.py:257] --- Config 59c342 is still running. Skipping this config in the queue...
[DEBUG][intensifier.py:257] --- Config de26d5 is still running. Skipping this config in the queue...
[DEBUG][intensifier.py:257] --- Config 3668af is still running. Skipping this config in the queue...
[DEBUG][intensifier.py:257] --- Config 46cfcc is still running. Skipping this config in the queue...
[DEBUG][intensifier.py:257] --- Config a5c390 is still running. Skipping this config in the queue...
[DEBUG][intensifier.py:257] --- Config f1de1d is still running. Skipping this config in the queue...
[DEBUG][intensifier.py:257] --- Config a2fcca is still running. Skipping this config in the queue...
[DEBUG][intensifier.py:257] --- Config d6611c is still running. Skipping this config in the queue...
[DEBUG][intensifier.py:257] --- Config 29ec3d is still running. Skipping this config in the queue...
[DEBUG][intensifier.py:257] --- Config a46225 is still running. Skipping this config in the queue...
[DEBUG][intensifier.py:257] --- Config cfa074 is still running. Skipping this config in the queue...
[DEBUG][intensifier.py:257] --- Config 592e03 is still running. Skipping this config in the queue...
[DEBUG][intensifier.py:257] --- Config b226f7 is still running. Skipping this config in the queue...
[DEBUG][intensifier.py:257] --- Config 4a47d8 is still running. Skipping this config in the queue...
[DEBUG][intensifier.py:257] --- Config 2d9f0a is still running. Skipping this config in the queue...
[DEBUG][intensifier.py:257] --- Config b7bc12 is still running. Skipping this config in the queue...
[DEBUG][intensifier.py:257] --- Config 29cbe0 is still running. Skipping this config in the queue...
[DEBUG][intensifier.py:257] --- Config f6e472 is still running. Skipping this config in the queue...
[DEBUG][intensifier.py:280] Get next trials for config 2e9f42 and budget 1 from keys None
[DEBUG][intensifier.py:282] --- Yielding 1 trials to evaluate config 2e9f42...
[DEBUG][smbo.py:171] ...and received a new trial.
[DEBUG][smbo.py:327] Remaining wallclock time: inf, Remaining cpu time: inf, Remaining trials: 33
[INFO][smbo.py:334] Finished 0 trials.
[DEBUG][smbo.py:156] Calling ask...
[DEBUG][intensifier.py:287] --- Finished yielding for config 2e9f42.
[DEBUG][intensifier.py:291] --- Removed config 2e9f42 with N=1 from queue.
[DEBUG][intensifier.py:298] --- Doubled trials of config 2e9f42 to N=2 and added it to the queue again.
[DEBUG][intensifier.py:168] All configs in the queue are running:
[DEBUG][intensifier.py:171] --- No incumbent to intensify.
[DEBUG][abstract_encoder.py:262] Transforming RunHistory into X, y format...
[DEBUG][config_selector.py:180] No data available to train the model. Sample a random configuration.
[DEBUG][intensifier.py:239] --- Added a new config 9be210 to the queue.
[DEBUG][intensifier.py:251] Start finding a new challenger in the queue:
[DEBUG][intensifier.py:257] --- Config 479706 is still running. Skipping this config in the queue...
[DEBUG][intensifier.py:257] --- Config 3e370b is still running. Skipping this config in the queue...
[DEBUG][intensifier.py:257] --- Config 4fbe6a is still running. Skipping this config in the queue...
[DEBUG][intensifier.py:257] --- Config 2cde66 is still running. Skipping this config in the queue...
[DEBUG][intensifier.py:257] --- Config b5e6e2 is still running. Skipping this config in the queue...
[DEBUG][intensifier.py:257] --- Config ef4273 is still running. Skipping this config in the queue...
[DEBUG][intensifier.py:257] --- Config acf346 is still running. Skipping this config in the queue...
[DEBUG][intensifier.py:257] --- Config f0e119 is still running. Skipping this config in the queue...
[DEBUG][intensifier.py:257] --- Config cef2c7 is still running. Skipping this config in the queue...
[DEBUG][intensifier.py:257] --- Config 711eb2 is still running. Skipping this config in the queue...
[DEBUG][intensifier.py:257] --- Config 048aa7 is still running. Skipping this config in the queue...
[DEBUG][intensifier.py:257] --- Config 0a36d5 is still running. Skipping this config in the queue...
[DEBUG][intensifier.py:257] --- Config 59c342 is still running. Skipping this config in the queue...
[DEBUG][intensifier.py:257] --- Config de26d5 is still running. Skipping this config in the queue...
[DEBUG][intensifier.py:257] --- Config 3668af is still running. Skipping this config in the queue...
[DEBUG][intensifier.py:257] --- Config 46cfcc is still running. Skipping this config in the queue...
[DEBUG][intensifier.py:257] --- Config a5c390 is still running. Skipping this config in the queue...
[DEBUG][intensifier.py:257] --- Config f1de1d is still running. Skipping this config in the queue...
[DEBUG][intensifier.py:257] --- Config a2fcca is still running. Skipping this config in the queue...
[DEBUG][intensifier.py:257] --- Config d6611c is still running. Skipping this config in the queue...
[DEBUG][intensifier.py:257] --- Config 29ec3d is still running. Skipping this config in the queue...
[DEBUG][intensifier.py:257] --- Config a46225 is still running. Skipping this config in the queue...
[DEBUG][intensifier.py:257] --- Config cfa074 is still running. Skipping this config in the queue...
[DEBUG][intensifier.py:257] --- Config 592e03 is still running. Skipping this config in the queue...
[DEBUG][intensifier.py:257] --- Config b226f7 is still running. Skipping this config in the queue...
[DEBUG][intensifier.py:257] --- Config 4a47d8 is still running. Skipping this config in the queue...
[DEBUG][intensifier.py:257] --- Config 2d9f0a is still running. Skipping this config in the queue...
[DEBUG][intensifier.py:257] --- Config b7bc12 is still running. Skipping this config in the queue...
[DEBUG][intensifier.py:257] --- Config 29cbe0 is still running. Skipping this config in the queue...
[DEBUG][intensifier.py:257] --- Config f6e472 is still running. Skipping this config in the queue...
[DEBUG][intensifier.py:257] --- Config 2e9f42 is still running. Skipping this config in the queue...
[DEBUG][intensifier.py:280] Get next trials for config 9be210 and budget 1 from keys None
[DEBUG][intensifier.py:282] --- Yielding 1 trials to evaluate config 9be210...
[DEBUG][smbo.py:171] ...and received a new trial.
[DEBUG][smbo.py:327] Remaining wallclock time: inf, Remaining cpu time: inf, Remaining trials: 32
[INFO][smbo.py:334] Finished 0 trials.
[DEBUG][smbo.py:156] Calling ask...
[DEBUG][intensifier.py:287] --- Finished yielding for config 9be210.
[DEBUG][intensifier.py:291] --- Removed config 9be210 with N=1 from queue.
[DEBUG][intensifier.py:298] --- Doubled trials of config 9be210 to N=2 and added it to the queue again.
[DEBUG][intensifier.py:168] All configs in the queue are running:
[DEBUG][intensifier.py:171] --- No incumbent to intensify.
[DEBUG][abstract_encoder.py:262] Transforming RunHistory into X, y format...
[DEBUG][config_selector.py:180] No data available to train the model. Sample a random configuration.
[DEBUG][intensifier.py:239] --- Added a new config 7f0f3e to the queue.
[DEBUG][intensifier.py:251] Start finding a new challenger in the queue:
[DEBUG][intensifier.py:257] --- Config 479706 is still running. Skipping this config in the queue...
[DEBUG][intensifier.py:257] --- Config 3e370b is still running. Skipping this config in the queue...
[DEBUG][intensifier.py:257] --- Config 4fbe6a is still running. Skipping this config in the queue...
[DEBUG][intensifier.py:257] --- Config 2cde66 is still running. Skipping this config in the queue...
[DEBUG][intensifier.py:257] --- Config b5e6e2 is still running. Skipping this config in the queue...
[DEBUG][intensifier.py:257] --- Config ef4273 is still running. Skipping this config in the queue...
[DEBUG][intensifier.py:257] --- Config acf346 is still running. Skipping this config in the queue...
[DEBUG][intensifier.py:257] --- Config f0e119 is still running. Skipping this config in the queue...
[DEBUG][intensifier.py:257] --- Config cef2c7 is still running. Skipping this config in the queue...
[DEBUG][intensifier.py:257] --- Config 711eb2 is still running. Skipping this config in the queue...
[DEBUG][intensifier.py:257] --- Config 048aa7 is still running. Skipping this config in the queue...
[DEBUG][intensifier.py:257] --- Config 0a36d5 is still running. Skipping this config in the queue...
[DEBUG][intensifier.py:257] --- Config 59c342 is still running. Skipping this config in the queue...
[DEBUG][intensifier.py:257] --- Config de26d5 is still running. Skipping this config in the queue...
[DEBUG][intensifier.py:257] --- Config 3668af is still running. Skipping this config in the queue...
[DEBUG][intensifier.py:257] --- Config 46cfcc is still running. Skipping this config in the queue...
[DEBUG][intensifier.py:257] --- Config a5c390 is still running. Skipping this config in the queue...
[DEBUG][intensifier.py:257] --- Config f1de1d is still running. Skipping this config in the queue...
[DEBUG][intensifier.py:257] --- Config a2fcca is still running. Skipping this config in the queue...
[DEBUG][intensifier.py:257] --- Config d6611c is still running. Skipping this config in the queue...
[DEBUG][intensifier.py:257] --- Config 29ec3d is still running. Skipping this config in the queue...
[DEBUG][intensifier.py:257] --- Config a46225 is still running. Skipping this config in the queue...
[DEBUG][intensifier.py:257] --- Config cfa074 is still running. Skipping this config in the queue...
[DEBUG][intensifier.py:257] --- Config 592e03 is still running. Skipping this config in the queue...
[DEBUG][intensifier.py:257] --- Config b226f7 is still running. Skipping this config in the queue...
[DEBUG][intensifier.py:257] --- Config 4a47d8 is still running. Skipping this config in the queue...
[DEBUG][intensifier.py:257] --- Config 2d9f0a is still running. Skipping this config in the queue...
[DEBUG][intensifier.py:257] --- Config b7bc12 is still running. Skipping this config in the queue...
[DEBUG][intensifier.py:257] --- Config 29cbe0 is still running. Skipping this config in the queue...
[DEBUG][intensifier.py:257] --- Config f6e472 is still running. Skipping this config in the queue...
[DEBUG][intensifier.py:257] --- Config 2e9f42 is still running. Skipping this config in the queue...
[DEBUG][intensifier.py:257] --- Config 9be210 is still running. Skipping this config in the queue...
[DEBUG][intensifier.py:280] Get next trials for config 7f0f3e and budget 1 from keys None
[DEBUG][intensifier.py:282] --- Yielding 1 trials to evaluate config 7f0f3e...
[DEBUG][smbo.py:171] ...and received a new trial.
[DEBUG][smbo.py:327] Remaining wallclock time: inf, Remaining cpu time: inf, Remaining trials: 31
[INFO][smbo.py:334] Finished 0 trials.
[DEBUG][smbo.py:156] Calling ask...
[DEBUG][intensifier.py:287] --- Finished yielding for config 7f0f3e.
[DEBUG][intensifier.py:291] --- Removed config 7f0f3e with N=1 from queue.
[DEBUG][intensifier.py:298] --- Doubled trials of config 7f0f3e to N=2 and added it to the queue again.
[DEBUG][intensifier.py:168] All configs in the queue are running:
[DEBUG][intensifier.py:171] --- No incumbent to intensify.
[DEBUG][abstract_encoder.py:262] Transforming RunHistory into X, y format...
[DEBUG][config_selector.py:180] No data available to train the model. Sample a random configuration.
[DEBUG][intensifier.py:239] --- Added a new config ae88dd to the queue.
[DEBUG][intensifier.py:251] Start finding a new challenger in the queue:
[DEBUG][intensifier.py:257] --- Config 479706 is still running. Skipping this config in the queue...
[DEBUG][intensifier.py:257] --- Config 3e370b is still running. Skipping this config in the queue...
[DEBUG][intensifier.py:257] --- Config 4fbe6a is still running. Skipping this config in the queue...
[DEBUG][intensifier.py:257] --- Config 2cde66 is still running. Skipping this config in the queue...
[DEBUG][intensifier.py:257] --- Config b5e6e2 is still running. Skipping this config in the queue...
[DEBUG][intensifier.py:257] --- Config ef4273 is still running. Skipping this config in the queue...
[DEBUG][intensifier.py:257] --- Config acf346 is still running. Skipping this config in the queue...
[DEBUG][intensifier.py:257] --- Config f0e119 is still running. Skipping this config in the queue...
[DEBUG][intensifier.py:257] --- Config cef2c7 is still running. Skipping this config in the queue...
[DEBUG][intensifier.py:257] --- Config 711eb2 is still running. Skipping this config in the queue...
[DEBUG][intensifier.py:257] --- Config 048aa7 is still running. Skipping this config in the queue...
[DEBUG][intensifier.py:257] --- Config 0a36d5 is still running. Skipping this config in the queue...
[DEBUG][intensifier.py:257] --- Config 59c342 is still running. Skipping this config in the queue...
[DEBUG][intensifier.py:257] --- Config de26d5 is still running. Skipping this config in the queue...
[DEBUG][intensifier.py:257] --- Config 3668af is still running. Skipping this config in the queue...
[DEBUG][intensifier.py:257] --- Config 46cfcc is still running. Skipping this config in the queue...
[DEBUG][intensifier.py:257] --- Config a5c390 is still running. Skipping this config in the queue...
[DEBUG][intensifier.py:257] --- Config f1de1d is still running. Skipping this config in the queue...
[DEBUG][intensifier.py:257] --- Config a2fcca is still running. Skipping this config in the queue...
[DEBUG][intensifier.py:257] --- Config d6611c is still running. Skipping this config in the queue...
[DEBUG][intensifier.py:257] --- Config 29ec3d is still running. Skipping this config in the queue...
[DEBUG][intensifier.py:257] --- Config a46225 is still running. Skipping this config in the queue...
[DEBUG][intensifier.py:257] --- Config cfa074 is still running. Skipping this config in the queue...
[DEBUG][intensifier.py:257] --- Config 592e03 is still running. Skipping this config in the queue...
[DEBUG][intensifier.py:257] --- Config b226f7 is still running. Skipping this config in the queue...
[DEBUG][intensifier.py:257] --- Config 4a47d8 is still running. Skipping this config in the queue...
[DEBUG][intensifier.py:257] --- Config 2d9f0a is still running. Skipping this config in the queue...
[DEBUG][intensifier.py:257] --- Config b7bc12 is still running. Skipping this config in the queue...
[DEBUG][intensifier.py:257] --- Config 29cbe0 is still running. Skipping this config in the queue...
[DEBUG][intensifier.py:257] --- Config f6e472 is still running. Skipping this config in the queue...
[DEBUG][intensifier.py:257] --- Config 2e9f42 is still running. Skipping this config in the queue...
[DEBUG][intensifier.py:257] --- Config 9be210 is still running. Skipping this config in the queue...
[DEBUG][intensifier.py:257] --- Config 7f0f3e is still running. Skipping this config in the queue...
[DEBUG][intensifier.py:280] Get next trials for config ae88dd and budget 1 from keys None
[DEBUG][intensifier.py:282] --- Yielding 1 trials to evaluate config ae88dd...
[DEBUG][smbo.py:171] ...and received a new trial.
[DEBUG][smbo.py:327] Remaining wallclock time: inf, Remaining cpu time: inf, Remaining trials: 30
[INFO][smbo.py:334] Finished 0 trials.
[DEBUG][smbo.py:156] Calling ask...
[DEBUG][intensifier.py:287] --- Finished yielding for config ae88dd.
[DEBUG][intensifier.py:291] --- Removed config ae88dd with N=1 from queue.
[DEBUG][intensifier.py:298] --- Doubled trials of config ae88dd to N=2 and added it to the queue again.
[DEBUG][intensifier.py:168] All configs in the queue are running:
[DEBUG][intensifier.py:171] --- No incumbent to intensify.
[DEBUG][abstract_encoder.py:262] Transforming RunHistory into X, y format...
[DEBUG][config_selector.py:180] No data available to train the model. Sample a random configuration.
[DEBUG][intensifier.py:239] --- Added a new config c21897 to the queue.
[DEBUG][intensifier.py:251] Start finding a new challenger in the queue:
[DEBUG][intensifier.py:257] --- Config 479706 is still running. Skipping this config in the queue...
[DEBUG][intensifier.py:257] --- Config 3e370b is still running. Skipping this config in the queue...
[DEBUG][intensifier.py:257] --- Config 4fbe6a is still running. Skipping this config in the queue...
[DEBUG][intensifier.py:257] --- Config 2cde66 is still running. Skipping this config in the queue...
[DEBUG][intensifier.py:257] --- Config b5e6e2 is still running. Skipping this config in the queue...
[DEBUG][intensifier.py:257] --- Config ef4273 is still running. Skipping this config in the queue...
[DEBUG][intensifier.py:257] --- Config acf346 is still running. Skipping this config in the queue...
[DEBUG][intensifier.py:257] --- Config f0e119 is still running. Skipping this config in the queue...
[DEBUG][intensifier.py:257] --- Config cef2c7 is still running. Skipping this config in the queue...
[DEBUG][intensifier.py:257] --- Config 711eb2 is still running. Skipping this config in the queue...
[DEBUG][intensifier.py:257] --- Config 048aa7 is still running. Skipping this config in the queue...
[DEBUG][intensifier.py:257] --- Config 0a36d5 is still running. Skipping this config in the queue...
[DEBUG][intensifier.py:257] --- Config 59c342 is still running. Skipping this config in the queue...
[DEBUG][intensifier.py:257] --- Config de26d5 is still running. Skipping this config in the queue...
[DEBUG][intensifier.py:257] --- Config 3668af is still running. Skipping this config in the queue...
[DEBUG][intensifier.py:257] --- Config 46cfcc is still running. Skipping this config in the queue...
[DEBUG][intensifier.py:257] --- Config a5c390 is still running. Skipping this config in the queue...
[DEBUG][intensifier.py:257] --- Config f1de1d is still running. Skipping this config in the queue...
[DEBUG][intensifier.py:257] --- Config a2fcca is still running. Skipping this config in the queue...
[DEBUG][intensifier.py:257] --- Config d6611c is still running. Skipping this config in the queue...
[DEBUG][intensifier.py:257] --- Config 29ec3d is still running. Skipping this config in the queue...
[DEBUG][intensifier.py:257] --- Config a46225 is still running. Skipping this config in the queue...
[DEBUG][intensifier.py:257] --- Config cfa074 is still running. Skipping this config in the queue...
[DEBUG][intensifier.py:257] --- Config 592e03 is still running. Skipping this config in the queue...
[DEBUG][intensifier.py:257] --- Config b226f7 is still running. Skipping this config in the queue...
[DEBUG][intensifier.py:257] --- Config 4a47d8 is still running. Skipping this config in the queue...
[DEBUG][intensifier.py:257] --- Config 2d9f0a is still running. Skipping this config in the queue...
[DEBUG][intensifier.py:257] --- Config b7bc12 is still running. Skipping this config in the queue...
[DEBUG][intensifier.py:257] --- Config 29cbe0 is still running. Skipping this config in the queue...
[DEBUG][intensifier.py:257] --- Config f6e472 is still running. Skipping this config in the queue...
[DEBUG][intensifier.py:257] --- Config 2e9f42 is still running. Skipping this config in the queue...
[DEBUG][intensifier.py:257] --- Config 9be210 is still running. Skipping this config in the queue...
[DEBUG][intensifier.py:257] --- Config 7f0f3e is still running. Skipping this config in the queue...
[DEBUG][intensifier.py:257] --- Config ae88dd is still running. Skipping this config in the queue...
[DEBUG][intensifier.py:280] Get next trials for config c21897 and budget 1 from keys None
[DEBUG][intensifier.py:282] --- Yielding 1 trials to evaluate config c21897...
[DEBUG][smbo.py:171] ...and received a new trial.
[DEBUG][smbo.py:327] Remaining wallclock time: inf, Remaining cpu time: inf, Remaining trials: 29
[INFO][smbo.py:334] Finished 0 trials.
[DEBUG][smbo.py:156] Calling ask...
[DEBUG][intensifier.py:287] --- Finished yielding for config c21897.
[DEBUG][intensifier.py:291] --- Removed config c21897 with N=1 from queue.
[DEBUG][intensifier.py:298] --- Doubled trials of config c21897 to N=2 and added it to the queue again.
[DEBUG][intensifier.py:168] All configs in the queue are running:
[DEBUG][intensifier.py:171] --- No incumbent to intensify.
[DEBUG][abstract_encoder.py:262] Transforming RunHistory into X, y format...
[DEBUG][config_selector.py:180] No data available to train the model. Sample a random configuration.
[DEBUG][intensifier.py:239] --- Added a new config 0dc5fd to the queue.
[DEBUG][intensifier.py:251] Start finding a new challenger in the queue:
[DEBUG][intensifier.py:257] --- Config 479706 is still running. Skipping this config in the queue...
[DEBUG][intensifier.py:257] --- Config 3e370b is still running. Skipping this config in the queue...
[DEBUG][intensifier.py:257] --- Config 4fbe6a is still running. Skipping this config in the queue...
[DEBUG][intensifier.py:257] --- Config 2cde66 is still running. Skipping this config in the queue...
[DEBUG][intensifier.py:257] --- Config b5e6e2 is still running. Skipping this config in the queue...
[DEBUG][intensifier.py:257] --- Config ef4273 is still running. Skipping this config in the queue...
[DEBUG][intensifier.py:257] --- Config acf346 is still running. Skipping this config in the queue...
[DEBUG][intensifier.py:257] --- Config f0e119 is still running. Skipping this config in the queue...
[DEBUG][intensifier.py:257] --- Config cef2c7 is still running. Skipping this config in the queue...
[DEBUG][intensifier.py:257] --- Config 711eb2 is still running. Skipping this config in the queue...
[DEBUG][intensifier.py:257] --- Config 048aa7 is still running. Skipping this config in the queue...
[DEBUG][intensifier.py:257] --- Config 0a36d5 is still running. Skipping this config in the queue...
[DEBUG][intensifier.py:257] --- Config 59c342 is still running. Skipping this config in the queue...
[DEBUG][intensifier.py:257] --- Config de26d5 is still running. Skipping this config in the queue...
[DEBUG][intensifier.py:257] --- Config 3668af is still running. Skipping this config in the queue...
[DEBUG][intensifier.py:257] --- Config 46cfcc is still running. Skipping this config in the queue...
[DEBUG][intensifier.py:257] --- Config a5c390 is still running. Skipping this config in the queue...
[DEBUG][intensifier.py:257] --- Config f1de1d is still running. Skipping this config in the queue...
[DEBUG][intensifier.py:257] --- Config a2fcca is still running. Skipping this config in the queue...
[DEBUG][intensifier.py:257] --- Config d6611c is still running. Skipping this config in the queue...
[DEBUG][intensifier.py:257] --- Config 29ec3d is still running. Skipping this config in the queue...
[DEBUG][intensifier.py:257] --- Config a46225 is still running. Skipping this config in the queue...
[DEBUG][intensifier.py:257] --- Config cfa074 is still running. Skipping this config in the queue...
[DEBUG][intensifier.py:257] --- Config 592e03 is still running. Skipping this config in the queue...
[DEBUG][intensifier.py:257] --- Config b226f7 is still running. Skipping this config in the queue...
[DEBUG][intensifier.py:257] --- Config 4a47d8 is still running. Skipping this config in the queue...
[DEBUG][intensifier.py:257] --- Config 2d9f0a is still running. Skipping this config in the queue...
[DEBUG][intensifier.py:257] --- Config b7bc12 is still running. Skipping this config in the queue...
[DEBUG][intensifier.py:257] --- Config 29cbe0 is still running. Skipping this config in the queue...
[DEBUG][intensifier.py:257] --- Config f6e472 is still running. Skipping this config in the queue...
[DEBUG][intensifier.py:257] --- Config 2e9f42 is still running. Skipping this config in the queue...
[DEBUG][intensifier.py:257] --- Config 9be210 is still running. Skipping this config in the queue...
[DEBUG][intensifier.py:257] --- Config 7f0f3e is still running. Skipping this config in the queue...
[DEBUG][intensifier.py:257] --- Config ae88dd is still running. Skipping this config in the queue...
[DEBUG][intensifier.py:257] --- Config c21897 is still running. Skipping this config in the queue...
[DEBUG][intensifier.py:280] Get next trials for config 0dc5fd and budget 1 from keys None
[DEBUG][intensifier.py:282] --- Yielding 1 trials to evaluate config 0dc5fd...
[DEBUG][smbo.py:171] ...and received a new trial.
[DEBUG][smbo.py:327] Remaining wallclock time: inf, Remaining cpu time: inf, Remaining trials: 28
[INFO][smbo.py:334] Finished 0 trials.
[DEBUG][smbo.py:156] Calling ask...
[DEBUG][intensifier.py:287] --- Finished yielding for config 0dc5fd.
[DEBUG][intensifier.py:291] --- Removed config 0dc5fd with N=1 from queue.
[DEBUG][intensifier.py:298] --- Doubled trials of config 0dc5fd to N=2 and added it to the queue again.
[DEBUG][intensifier.py:168] All configs in the queue are running:
[DEBUG][intensifier.py:171] --- No incumbent to intensify.
[DEBUG][abstract_encoder.py:262] Transforming RunHistory into X, y format...
[DEBUG][config_selector.py:180] No data available to train the model. Sample a random configuration.
[DEBUG][intensifier.py:239] --- Added a new config 08e1ec to the queue.
[DEBUG][intensifier.py:251] Start finding a new challenger in the queue:
[DEBUG][intensifier.py:257] --- Config 479706 is still running. Skipping this config in the queue...
[DEBUG][intensifier.py:257] --- Config 3e370b is still running. Skipping this config in the queue...
[DEBUG][intensifier.py:257] --- Config 4fbe6a is still running. Skipping this config in the queue...
[DEBUG][intensifier.py:257] --- Config 2cde66 is still running. Skipping this config in the queue...
[DEBUG][intensifier.py:257] --- Config b5e6e2 is still running. Skipping this config in the queue...
[DEBUG][intensifier.py:257] --- Config ef4273 is still running. Skipping this config in the queue...
[DEBUG][intensifier.py:257] --- Config acf346 is still running. Skipping this config in the queue...
[DEBUG][intensifier.py:257] --- Config f0e119 is still running. Skipping this config in the queue...
[DEBUG][intensifier.py:257] --- Config cef2c7 is still running. Skipping this config in the queue...
[DEBUG][intensifier.py:257] --- Config 711eb2 is still running. Skipping this config in the queue...
[DEBUG][intensifier.py:257] --- Config 048aa7 is still running. Skipping this config in the queue...
[DEBUG][intensifier.py:257] --- Config 0a36d5 is still running. Skipping this config in the queue...
[DEBUG][intensifier.py:257] --- Config 59c342 is still running. Skipping this config in the queue...
[DEBUG][intensifier.py:257] --- Config de26d5 is still running. Skipping this config in the queue...
[DEBUG][intensifier.py:257] --- Config 3668af is still running. Skipping this config in the queue...
[DEBUG][intensifier.py:257] --- Config 46cfcc is still running. Skipping this config in the queue...
[DEBUG][intensifier.py:257] --- Config a5c390 is still running. Skipping this config in the queue...
[DEBUG][intensifier.py:257] --- Config f1de1d is still running. Skipping this config in the queue...
[DEBUG][intensifier.py:257] --- Config a2fcca is still running. Skipping this config in the queue...
[DEBUG][intensifier.py:257] --- Config d6611c is still running. Skipping this config in the queue...
[DEBUG][intensifier.py:257] --- Config 29ec3d is still running. Skipping this config in the queue...
[DEBUG][intensifier.py:257] --- Config a46225 is still running. Skipping this config in the queue...
[DEBUG][intensifier.py:257] --- Config cfa074 is still running. Skipping this config in the queue...
[DEBUG][intensifier.py:257] --- Config 592e03 is still running. Skipping this config in the queue...
[DEBUG][intensifier.py:257] --- Config b226f7 is still running. Skipping this config in the queue...
[DEBUG][intensifier.py:257] --- Config 4a47d8 is still running. Skipping this config in the queue...
[DEBUG][intensifier.py:257] --- Config 2d9f0a is still running. Skipping this config in the queue...
[DEBUG][intensifier.py:257] --- Config b7bc12 is still running. Skipping this config in the queue...
[DEBUG][intensifier.py:257] --- Config 29cbe0 is still running. Skipping this config in the queue...
[DEBUG][intensifier.py:257] --- Config f6e472 is still running. Skipping this config in the queue...
[DEBUG][intensifier.py:257] --- Config 2e9f42 is still running. Skipping this config in the queue...
[DEBUG][intensifier.py:257] --- Config 9be210 is still running. Skipping this config in the queue...
[DEBUG][intensifier.py:257] --- Config 7f0f3e is still running. Skipping this config in the queue...
[DEBUG][intensifier.py:257] --- Config ae88dd is still running. Skipping this config in the queue...
[DEBUG][intensifier.py:257] --- Config c21897 is still running. Skipping this config in the queue...
[DEBUG][intensifier.py:257] --- Config 0dc5fd is still running. Skipping this config in the queue...
[DEBUG][intensifier.py:280] Get next trials for config 08e1ec and budget 1 from keys None
[DEBUG][intensifier.py:282] --- Yielding 1 trials to evaluate config 08e1ec...
[DEBUG][smbo.py:171] ...and received a new trial.
[DEBUG][smbo.py:327] Remaining wallclock time: inf, Remaining cpu time: inf, Remaining trials: 27
[INFO][smbo.py:334] Finished 0 trials.
[DEBUG][smbo.py:156] Calling ask...
[DEBUG][intensifier.py:287] --- Finished yielding for config 08e1ec.
[DEBUG][intensifier.py:291] --- Removed config 08e1ec with N=1 from queue.
[DEBUG][intensifier.py:298] --- Doubled trials of config 08e1ec to N=2 and added it to the queue again.
[DEBUG][intensifier.py:168] All configs in the queue are running:
[DEBUG][intensifier.py:171] --- No incumbent to intensify.
[DEBUG][abstract_encoder.py:262] Transforming RunHistory into X, y format...
[DEBUG][config_selector.py:180] No data available to train the model. Sample a random configuration.
[DEBUG][intensifier.py:239] --- Added a new config 2225ae to the queue.
[DEBUG][intensifier.py:251] Start finding a new challenger in the queue:
[DEBUG][intensifier.py:257] --- Config 479706 is still running. Skipping this config in the queue...
[DEBUG][intensifier.py:257] --- Config 3e370b is still running. Skipping this config in the queue...
[DEBUG][intensifier.py:257] --- Config 4fbe6a is still running. Skipping this config in the queue...
[DEBUG][intensifier.py:257] --- Config 2cde66 is still running. Skipping this config in the queue...
[DEBUG][intensifier.py:257] --- Config b5e6e2 is still running. Skipping this config in the queue...
[DEBUG][intensifier.py:257] --- Config ef4273 is still running. Skipping this config in the queue...
[DEBUG][intensifier.py:257] --- Config acf346 is still running. Skipping this config in the queue...
[DEBUG][intensifier.py:257] --- Config f0e119 is still running. Skipping this config in the queue...
[DEBUG][intensifier.py:257] --- Config cef2c7 is still running. Skipping this config in the queue...
[DEBUG][intensifier.py:257] --- Config 711eb2 is still running. Skipping this config in the queue...
[DEBUG][intensifier.py:257] --- Config 048aa7 is still running. Skipping this config in the queue...
[DEBUG][intensifier.py:257] --- Config 0a36d5 is still running. Skipping this config in the queue...
[DEBUG][intensifier.py:257] --- Config 59c342 is still running. Skipping this config in the queue...
[DEBUG][intensifier.py:257] --- Config de26d5 is still running. Skipping this config in the queue...
[DEBUG][intensifier.py:257] --- Config 3668af is still running. Skipping this config in the queue...
[DEBUG][intensifier.py:257] --- Config 46cfcc is still running. Skipping this config in the queue...
[DEBUG][intensifier.py:257] --- Config a5c390 is still running. Skipping this config in the queue...
[DEBUG][intensifier.py:257] --- Config f1de1d is still running. Skipping this config in the queue...
[DEBUG][intensifier.py:257] --- Config a2fcca is still running. Skipping this config in the queue...
[DEBUG][intensifier.py:257] --- Config d6611c is still running. Skipping this config in the queue...
[DEBUG][intensifier.py:257] --- Config 29ec3d is still running. Skipping this config in the queue...
[DEBUG][intensifier.py:257] --- Config a46225 is still running. Skipping this config in the queue...
[DEBUG][intensifier.py:257] --- Config cfa074 is still running. Skipping this config in the queue...
[DEBUG][intensifier.py:257] --- Config 592e03 is still running. Skipping this config in the queue...
[DEBUG][intensifier.py:257] --- Config b226f7 is still running. Skipping this config in the queue...
[DEBUG][intensifier.py:257] --- Config 4a47d8 is still running. Skipping this config in the queue...
[DEBUG][intensifier.py:257] --- Config 2d9f0a is still running. Skipping this config in the queue...
[DEBUG][intensifier.py:257] --- Config b7bc12 is still running. Skipping this config in the queue...
[DEBUG][intensifier.py:257] --- Config 29cbe0 is still running. Skipping this config in the queue...
[DEBUG][intensifier.py:257] --- Config f6e472 is still running. Skipping this config in the queue...
[DEBUG][intensifier.py:257] --- Config 2e9f42 is still running. Skipping this config in the queue...
[DEBUG][intensifier.py:257] --- Config 9be210 is still running. Skipping this config in the queue...
[DEBUG][intensifier.py:257] --- Config 7f0f3e is still running. Skipping this config in the queue...
[DEBUG][intensifier.py:257] --- Config ae88dd is still running. Skipping this config in the queue...
[DEBUG][intensifier.py:257] --- Config c21897 is still running. Skipping this config in the queue...
[DEBUG][intensifier.py:257] --- Config 0dc5fd is still running. Skipping this config in the queue...
[DEBUG][intensifier.py:257] --- Config 08e1ec is still running. Skipping this config in the queue...
[DEBUG][intensifier.py:280] Get next trials for config 2225ae and budget 1 from keys None
[DEBUG][intensifier.py:282] --- Yielding 1 trials to evaluate config 2225ae...
[DEBUG][smbo.py:171] ...and received a new trial.
[DEBUG][smbo.py:327] Remaining wallclock time: inf, Remaining cpu time: inf, Remaining trials: 26
[INFO][smbo.py:334] Finished 0 trials.
[DEBUG][smbo.py:156] Calling ask...
[DEBUG][intensifier.py:287] --- Finished yielding for config 2225ae.
[DEBUG][intensifier.py:291] --- Removed config 2225ae with N=1 from queue.
[DEBUG][intensifier.py:298] --- Doubled trials of config 2225ae to N=2 and added it to the queue again.
[DEBUG][intensifier.py:168] All configs in the queue are running:
[DEBUG][intensifier.py:171] --- No incumbent to intensify.
[DEBUG][abstract_encoder.py:262] Transforming RunHistory into X, y format...
[DEBUG][config_selector.py:180] No data available to train the model. Sample a random configuration.
[DEBUG][intensifier.py:239] --- Added a new config b2fd94 to the queue.
[DEBUG][intensifier.py:251] Start finding a new challenger in the queue:
[DEBUG][intensifier.py:257] --- Config 479706 is still running. Skipping this config in the queue...
[DEBUG][intensifier.py:257] --- Config 3e370b is still running. Skipping this config in the queue...
[DEBUG][intensifier.py:257] --- Config 4fbe6a is still running. Skipping this config in the queue...
[DEBUG][intensifier.py:257] --- Config 2cde66 is still running. Skipping this config in the queue...
[DEBUG][intensifier.py:257] --- Config b5e6e2 is still running. Skipping this config in the queue...
[DEBUG][intensifier.py:257] --- Config ef4273 is still running. Skipping this config in the queue...
[DEBUG][intensifier.py:257] --- Config acf346 is still running. Skipping this config in the queue...
[DEBUG][intensifier.py:257] --- Config f0e119 is still running. Skipping this config in the queue...
[DEBUG][intensifier.py:257] --- Config cef2c7 is still running. Skipping this config in the queue...
[DEBUG][intensifier.py:257] --- Config 711eb2 is still running. Skipping this config in the queue...
[DEBUG][intensifier.py:257] --- Config 048aa7 is still running. Skipping this config in the queue...
[DEBUG][intensifier.py:257] --- Config 0a36d5 is still running. Skipping this config in the queue...
[DEBUG][intensifier.py:257] --- Config 59c342 is still running. Skipping this config in the queue...
[DEBUG][intensifier.py:257] --- Config de26d5 is still running. Skipping this config in the queue...
[DEBUG][intensifier.py:257] --- Config 3668af is still running. Skipping this config in the queue...
[DEBUG][intensifier.py:257] --- Config 46cfcc is still running. Skipping this config in the queue...
[DEBUG][intensifier.py:257] --- Config a5c390 is still running. Skipping this config in the queue...
[DEBUG][intensifier.py:257] --- Config f1de1d is still running. Skipping this config in the queue...
[DEBUG][intensifier.py:257] --- Config a2fcca is still running. Skipping this config in the queue...
[DEBUG][intensifier.py:257] --- Config d6611c is still running. Skipping this config in the queue...
[DEBUG][intensifier.py:257] --- Config 29ec3d is still running. Skipping this config in the queue...
[DEBUG][intensifier.py:257] --- Config a46225 is still running. Skipping this config in the queue...
[DEBUG][intensifier.py:257] --- Config cfa074 is still running. Skipping this config in the queue...
[DEBUG][intensifier.py:257] --- Config 592e03 is still running. Skipping this config in the queue...
[DEBUG][intensifier.py:257] --- Config b226f7 is still running. Skipping this config in the queue...
[DEBUG][intensifier.py:257] --- Config 4a47d8 is still running. Skipping this config in the queue...
[DEBUG][intensifier.py:257] --- Config 2d9f0a is still running. Skipping this config in the queue...
[DEBUG][intensifier.py:257] --- Config b7bc12 is still running. Skipping this config in the queue...
[DEBUG][intensifier.py:257] --- Config 29cbe0 is still running. Skipping this config in the queue...
[DEBUG][intensifier.py:257] --- Config f6e472 is still running. Skipping this config in the queue...
[DEBUG][intensifier.py:257] --- Config 2e9f42 is still running. Skipping this config in the queue...
[DEBUG][intensifier.py:257] --- Config 9be210 is still running. Skipping this config in the queue...
[DEBUG][intensifier.py:257] --- Config 7f0f3e is still running. Skipping this config in the queue...
[DEBUG][intensifier.py:257] --- Config ae88dd is still running. Skipping this config in the queue...
[DEBUG][intensifier.py:257] --- Config c21897 is still running. Skipping this config in the queue...
[DEBUG][intensifier.py:257] --- Config 0dc5fd is still running. Skipping this config in the queue...
[DEBUG][intensifier.py:257] --- Config 08e1ec is still running. Skipping this config in the queue...
[DEBUG][intensifier.py:257] --- Config 2225ae is still running. Skipping this config in the queue...
[DEBUG][intensifier.py:280] Get next trials for config b2fd94 and budget 1 from keys None
[DEBUG][intensifier.py:282] --- Yielding 1 trials to evaluate config b2fd94...
[DEBUG][smbo.py:171] ...and received a new trial.
[DEBUG][smbo.py:327] Remaining wallclock time: inf, Remaining cpu time: inf, Remaining trials: 25
[INFO][smbo.py:334] Finished 0 trials.
[DEBUG][smbo.py:156] Calling ask...
[DEBUG][intensifier.py:287] --- Finished yielding for config b2fd94.
[DEBUG][intensifier.py:291] --- Removed config b2fd94 with N=1 from queue.
[DEBUG][intensifier.py:298] --- Doubled trials of config b2fd94 to N=2 and added it to the queue again.
[DEBUG][intensifier.py:168] All configs in the queue are running:
[DEBUG][intensifier.py:171] --- No incumbent to intensify.
[DEBUG][abstract_encoder.py:262] Transforming RunHistory into X, y format...
[DEBUG][config_selector.py:180] No data available to train the model. Sample a random configuration.
[DEBUG][intensifier.py:239] --- Added a new config f1bc13 to the queue.
[DEBUG][intensifier.py:251] Start finding a new challenger in the queue:
[DEBUG][intensifier.py:257] --- Config 479706 is still running. Skipping this config in the queue...
[DEBUG][intensifier.py:257] --- Config 3e370b is still running. Skipping this config in the queue...
[DEBUG][intensifier.py:257] --- Config 4fbe6a is still running. Skipping this config in the queue...
[DEBUG][intensifier.py:257] --- Config 2cde66 is still running. Skipping this config in the queue...
[DEBUG][intensifier.py:257] --- Config b5e6e2 is still running. Skipping this config in the queue...
[DEBUG][intensifier.py:257] --- Config ef4273 is still running. Skipping this config in the queue...
[DEBUG][intensifier.py:257] --- Config acf346 is still running. Skipping this config in the queue...
[DEBUG][intensifier.py:257] --- Config f0e119 is still running. Skipping this config in the queue...
[DEBUG][intensifier.py:257] --- Config cef2c7 is still running. Skipping this config in the queue...
[DEBUG][intensifier.py:257] --- Config 711eb2 is still running. Skipping this config in the queue...
[DEBUG][intensifier.py:257] --- Config 048aa7 is still running. Skipping this config in the queue...
[DEBUG][intensifier.py:257] --- Config 0a36d5 is still running. Skipping this config in the queue...
[DEBUG][intensifier.py:257] --- Config 59c342 is still running. Skipping this config in the queue...
[DEBUG][intensifier.py:257] --- Config de26d5 is still running. Skipping this config in the queue...
[DEBUG][intensifier.py:257] --- Config 3668af is still running. Skipping this config in the queue...
[DEBUG][intensifier.py:257] --- Config 46cfcc is still running. Skipping this config in the queue...
[DEBUG][intensifier.py:257] --- Config a5c390 is still running. Skipping this config in the queue...
[DEBUG][intensifier.py:257] --- Config f1de1d is still running. Skipping this config in the queue...
[DEBUG][intensifier.py:257] --- Config a2fcca is still running. Skipping this config in the queue...
[DEBUG][intensifier.py:257] --- Config d6611c is still running. Skipping this config in the queue...
[DEBUG][intensifier.py:257] --- Config 29ec3d is still running. Skipping this config in the queue...
[DEBUG][intensifier.py:257] --- Config a46225 is still running. Skipping this config in the queue...
[DEBUG][intensifier.py:257] --- Config cfa074 is still running. Skipping this config in the queue...
[DEBUG][intensifier.py:257] --- Config 592e03 is still running. Skipping this config in the queue...
[DEBUG][intensifier.py:257] --- Config b226f7 is still running. Skipping this config in the queue...
[DEBUG][intensifier.py:257] --- Config 4a47d8 is still running. Skipping this config in the queue...
[DEBUG][intensifier.py:257] --- Config 2d9f0a is still running. Skipping this config in the queue...
[DEBUG][intensifier.py:257] --- Config b7bc12 is still running. Skipping this config in the queue...
[DEBUG][intensifier.py:257] --- Config 29cbe0 is still running. Skipping this config in the queue...
[DEBUG][intensifier.py:257] --- Config f6e472 is still running. Skipping this config in the queue...
[DEBUG][intensifier.py:257] --- Config 2e9f42 is still running. Skipping this config in the queue...
[DEBUG][intensifier.py:257] --- Config 9be210 is still running. Skipping this config in the queue...
[DEBUG][intensifier.py:257] --- Config 7f0f3e is still running. Skipping this config in the queue...
[DEBUG][intensifier.py:257] --- Config ae88dd is still running. Skipping this config in the queue...
[DEBUG][intensifier.py:257] --- Config c21897 is still running. Skipping this config in the queue...
[DEBUG][intensifier.py:257] --- Config 0dc5fd is still running. Skipping this config in the queue...
[DEBUG][intensifier.py:257] --- Config 08e1ec is still running. Skipping this config in the queue...
[DEBUG][intensifier.py:257] --- Config 2225ae is still running. Skipping this config in the queue...
[DEBUG][intensifier.py:257] --- Config b2fd94 is still running. Skipping this config in the queue...
[DEBUG][intensifier.py:280] Get next trials for config f1bc13 and budget 1 from keys None
[DEBUG][intensifier.py:282] --- Yielding 1 trials to evaluate config f1bc13...
[DEBUG][smbo.py:171] ...and received a new trial.
[DEBUG][smbo.py:327] Remaining wallclock time: inf, Remaining cpu time: inf, Remaining trials: 24
[INFO][smbo.py:334] Finished 0 trials.
[DEBUG][smbo.py:156] Calling ask...
[DEBUG][intensifier.py:287] --- Finished yielding for config f1bc13.
[DEBUG][intensifier.py:291] --- Removed config f1bc13 with N=1 from queue.
[DEBUG][intensifier.py:298] --- Doubled trials of config f1bc13 to N=2 and added it to the queue again.
[DEBUG][intensifier.py:168] All configs in the queue are running:
[DEBUG][intensifier.py:171] --- No incumbent to intensify.
[DEBUG][abstract_encoder.py:262] Transforming RunHistory into X, y format...
[DEBUG][config_selector.py:180] No data available to train the model. Sample a random configuration.
[DEBUG][intensifier.py:239] --- Added a new config 4c0099 to the queue.
[DEBUG][intensifier.py:251] Start finding a new challenger in the queue:
[DEBUG][intensifier.py:257] --- Config 479706 is still running. Skipping this config in the queue...
[DEBUG][intensifier.py:257] --- Config 3e370b is still running. Skipping this config in the queue...
[DEBUG][intensifier.py:257] --- Config 4fbe6a is still running. Skipping this config in the queue...
[DEBUG][intensifier.py:257] --- Config 2cde66 is still running. Skipping this config in the queue...
[DEBUG][intensifier.py:257] --- Config b5e6e2 is still running. Skipping this config in the queue...
[DEBUG][intensifier.py:257] --- Config ef4273 is still running. Skipping this config in the queue...
[DEBUG][intensifier.py:257] --- Config acf346 is still running. Skipping this config in the queue...
[DEBUG][intensifier.py:257] --- Config f0e119 is still running. Skipping this config in the queue...
[DEBUG][intensifier.py:257] --- Config cef2c7 is still running. Skipping this config in the queue...
[DEBUG][intensifier.py:257] --- Config 711eb2 is still running. Skipping this config in the queue...
[DEBUG][intensifier.py:257] --- Config 048aa7 is still running. Skipping this config in the queue...
[DEBUG][intensifier.py:257] --- Config 0a36d5 is still running. Skipping this config in the queue...
[DEBUG][intensifier.py:257] --- Config 59c342 is still running. Skipping this config in the queue...
[DEBUG][intensifier.py:257] --- Config de26d5 is still running. Skipping this config in the queue...
[DEBUG][intensifier.py:257] --- Config 3668af is still running. Skipping this config in the queue...
[DEBUG][intensifier.py:257] --- Config 46cfcc is still running. Skipping this config in the queue...
[DEBUG][intensifier.py:257] --- Config a5c390 is still running. Skipping this config in the queue...
[DEBUG][intensifier.py:257] --- Config f1de1d is still running. Skipping this config in the queue...
[DEBUG][intensifier.py:257] --- Config a2fcca is still running. Skipping this config in the queue...
[DEBUG][intensifier.py:257] --- Config d6611c is still running. Skipping this config in the queue...
[DEBUG][intensifier.py:257] --- Config 29ec3d is still running. Skipping this config in the queue...
[DEBUG][intensifier.py:257] --- Config a46225 is still running. Skipping this config in the queue...
[DEBUG][intensifier.py:257] --- Config cfa074 is still running. Skipping this config in the queue...
[DEBUG][intensifier.py:257] --- Config 592e03 is still running. Skipping this config in the queue...
[DEBUG][intensifier.py:257] --- Config b226f7 is still running. Skipping this config in the queue...
[DEBUG][intensifier.py:257] --- Config 4a47d8 is still running. Skipping this config in the queue...
[DEBUG][intensifier.py:257] --- Config 2d9f0a is still running. Skipping this config in the queue...
[DEBUG][intensifier.py:257] --- Config b7bc12 is still running. Skipping this config in the queue...
[DEBUG][intensifier.py:257] --- Config 29cbe0 is still running. Skipping this config in the queue...
[DEBUG][intensifier.py:257] --- Config f6e472 is still running. Skipping this config in the queue...
[DEBUG][intensifier.py:257] --- Config 2e9f42 is still running. Skipping this config in the queue...
[DEBUG][intensifier.py:257] --- Config 9be210 is still running. Skipping this config in the queue...
[DEBUG][intensifier.py:257] --- Config 7f0f3e is still running. Skipping this config in the queue...
[DEBUG][intensifier.py:257] --- Config ae88dd is still running. Skipping this config in the queue...
[DEBUG][intensifier.py:257] --- Config c21897 is still running. Skipping this config in the queue...
[DEBUG][intensifier.py:257] --- Config 0dc5fd is still running. Skipping this config in the queue...
[DEBUG][intensifier.py:257] --- Config 08e1ec is still running. Skipping this config in the queue...
[DEBUG][intensifier.py:257] --- Config 2225ae is still running. Skipping this config in the queue...
[DEBUG][intensifier.py:257] --- Config b2fd94 is still running. Skipping this config in the queue...
[DEBUG][intensifier.py:257] --- Config f1bc13 is still running. Skipping this config in the queue...
[DEBUG][intensifier.py:280] Get next trials for config 4c0099 and budget 1 from keys None
[DEBUG][intensifier.py:282] --- Yielding 1 trials to evaluate config 4c0099...
[DEBUG][smbo.py:171] ...and received a new trial.
[DEBUG][dask_runner.py:129] No worker available. Waiting for one to be available...
[DEBUG][runhistory.py:1060] Update cost for config 2cde66.
[DEBUG][smbo.py:226] Tell method was called with cost [0.6623965677040728, 1.2660642585962807, 23.351227293955162] (SUCCESS).
[INFO][abstract_intensifier.py:523] Added config 2cde66 as new incumbent because there are no incumbents yet.
[DEBUG][abstract_intensifier.py:747] Updated trajectory.
[DEBUG][smbo.py:327] Remaining wallclock time: inf, Remaining cpu time: inf, Remaining trials: 23
[DEBUG][smbo.py:156] Calling ask...
[DEBUG][intensifier.py:287] --- Finished yielding for config 4c0099.
[DEBUG][intensifier.py:291] --- Removed config 4c0099 with N=1 from queue.
[DEBUG][intensifier.py:298] --- Doubled trials of config 4c0099 to N=2 and added it to the queue again.
[DEBUG][intensifier.py:251] Start finding a new challenger in the queue:
[DEBUG][intensifier.py:257] --- Config 479706 is still running. Skipping this config in the queue...
[DEBUG][intensifier.py:257] --- Config 3e370b is still running. Skipping this config in the queue...
[DEBUG][intensifier.py:257] --- Config 4fbe6a is still running. Skipping this config in the queue...
[DEBUG][intensifier.py:268] --- Config 2cde66 was removed from the queue because it is an incumbent.
[DEBUG][intensifier.py:257] --- Config b5e6e2 is still running. Skipping this config in the queue...
[DEBUG][intensifier.py:257] --- Config ef4273 is still running. Skipping this config in the queue...
[DEBUG][intensifier.py:257] --- Config acf346 is still running. Skipping this config in the queue...
[DEBUG][intensifier.py:257] --- Config f0e119 is still running. Skipping this config in the queue...
[DEBUG][intensifier.py:257] --- Config cef2c7 is still running. Skipping this config in the queue...
[DEBUG][intensifier.py:257] --- Config 711eb2 is still running. Skipping this config in the queue...
[DEBUG][intensifier.py:257] --- Config 048aa7 is still running. Skipping this config in the queue...
[DEBUG][intensifier.py:257] --- Config 0a36d5 is still running. Skipping this config in the queue...
[DEBUG][intensifier.py:257] --- Config 59c342 is still running. Skipping this config in the queue...
[DEBUG][intensifier.py:257] --- Config de26d5 is still running. Skipping this config in the queue...
[DEBUG][intensifier.py:257] --- Config 3668af is still running. Skipping this config in the queue...
[DEBUG][intensifier.py:257] --- Config 46cfcc is still running. Skipping this config in the queue...
[DEBUG][intensifier.py:257] --- Config a5c390 is still running. Skipping this config in the queue...
[DEBUG][intensifier.py:257] --- Config f1de1d is still running. Skipping this config in the queue...
[DEBUG][intensifier.py:257] --- Config a2fcca is still running. Skipping this config in the queue...
[DEBUG][intensifier.py:257] --- Config d6611c is still running. Skipping this config in the queue...
[DEBUG][intensifier.py:257] --- Config 29ec3d is still running. Skipping this config in the queue...
[DEBUG][intensifier.py:257] --- Config a46225 is still running. Skipping this config in the queue...
[DEBUG][intensifier.py:257] --- Config cfa074 is still running. Skipping this config in the queue...
[DEBUG][intensifier.py:257] --- Config 592e03 is still running. Skipping this config in the queue...
[DEBUG][intensifier.py:257] --- Config b226f7 is still running. Skipping this config in the queue...
[DEBUG][intensifier.py:257] --- Config 4a47d8 is still running. Skipping this config in the queue...
[DEBUG][intensifier.py:257] --- Config 2d9f0a is still running. Skipping this config in the queue...
[DEBUG][intensifier.py:257] --- Config b7bc12 is still running. Skipping this config in the queue...
[DEBUG][intensifier.py:257] --- Config 29cbe0 is still running. Skipping this config in the queue...
[DEBUG][intensifier.py:257] --- Config f6e472 is still running. Skipping this config in the queue...
[DEBUG][intensifier.py:257] --- Config 2e9f42 is still running. Skipping this config in the queue...
[DEBUG][intensifier.py:257] --- Config 9be210 is still running. Skipping this config in the queue...
[DEBUG][intensifier.py:257] --- Config 7f0f3e is still running. Skipping this config in the queue...
[DEBUG][intensifier.py:257] --- Config ae88dd is still running. Skipping this config in the queue...
[DEBUG][intensifier.py:257] --- Config c21897 is still running. Skipping this config in the queue...
[DEBUG][intensifier.py:257] --- Config 0dc5fd is still running. Skipping this config in the queue...
[DEBUG][intensifier.py:257] --- Config 08e1ec is still running. Skipping this config in the queue...
[DEBUG][intensifier.py:257] --- Config 2225ae is still running. Skipping this config in the queue...
[DEBUG][intensifier.py:257] --- Config b2fd94 is still running. Skipping this config in the queue...
[DEBUG][intensifier.py:257] --- Config f1bc13 is still running. Skipping this config in the queue...
[DEBUG][intensifier.py:257] --- Config 4c0099 is still running. Skipping this config in the queue...
[DEBUG][intensifier.py:168] All configs in the queue are running:
[DEBUG][intensifier.py:207] --- Incumbent 2cde66 was already evaluated on all incumbent instances and incumbent instance differences so far. Looking for new instances...
[DEBUG][intensifier.py:212] --- Randomly found 2 new trials.
[DEBUG][intensifier.py:216] --- Yielding trial 2 of 3 from incumbent 2cde66...
[DEBUG][smbo.py:171] ...and received a new trial.
[DEBUG][dask_runner.py:129] No worker available. Waiting for one to be available...
[DEBUG][runhistory.py:1060] Update cost for config 0a36d5.
[DEBUG][smbo.py:226] Tell method was called with cost [0.7053891753682187, 0.6106155440026693, 27.093365280190483] (SUCCESS).
[DEBUG][abstract_intensifier.py:546] Validate whether we have overlap in the keys evaluated for the challenger config [InstanceSeedBudgetKey(instance=None, seed=1791095845, budget=None)] and the incumbent config [InstanceSeedBudgetKey(instance=None, seed=1791095845, budget=None)]. If the challenger is dominated, reject id.
[DEBUG][abstract_intensifier.py:555] Check on the currently evaluated instances whether the challenger is dominated by the incumbent
[INFO][abstract_intensifier.py:638] Config 0a36d5 is a new incumbent. Total number of incumbents: 2.
[DEBUG][abstract_intensifier.py:747] Updated trajectory.
[DEBUG][smbo.py:327] Remaining wallclock time: inf, Remaining cpu time: inf, Remaining trials: 22
[DEBUG][smbo.py:156] Calling ask...
[DEBUG][intensifier.py:221] --- Finished yielding for config 2cde66.
[DEBUG][abstract_encoder.py:262] Transforming RunHistory into X, y format...
[DEBUG][abstract_encoder.py:282] Converted 2 observations.
[DEBUG][local_search.py:583] Local searches took [1, 1, 1, 1, 1, 1, 1, 1, 1, 1, 1, 1, 1, 1, 1, 1, 1, 2, 1, 1] steps and looked at [220, 220, 220, 220, 220, 220, 220, 220, 220, 220, 220, 220, 220, 220, 220, 220, 220, 222, 220, 220] configurations. Computing the acquisition function in vectorized for took 0.026589 seconds on average.
[DEBUG][local_and_random_search.py:191] First 5 acquisition function values of selected configurations: 
0.03375262744539641 (Acquisition Function Maximizer: Local Search), 0.03375262744539641 (Acquisition Function Maximizer: Local Search), 0.03375262744539641 (Acquisition Function Maximizer: Local Search), 0.03375262744539641 (Acquisition Function Maximizer: Local Search), 0.03375262744539641 (Acquisition Function Maximizer: Local Search)
[DEBUG][intensifier.py:239] --- Added a new config 693047 to the queue.
[DEBUG][intensifier.py:251] Start finding a new challenger in the queue:
[DEBUG][intensifier.py:257] --- Config 479706 is still running. Skipping this config in the queue...
[DEBUG][intensifier.py:257] --- Config 3e370b is still running. Skipping this config in the queue...
[DEBUG][intensifier.py:257] --- Config 4fbe6a is still running. Skipping this config in the queue...
[DEBUG][intensifier.py:257] --- Config b5e6e2 is still running. Skipping this config in the queue...
[DEBUG][intensifier.py:257] --- Config ef4273 is still running. Skipping this config in the queue...
[DEBUG][intensifier.py:257] --- Config acf346 is still running. Skipping this config in the queue...
[DEBUG][intensifier.py:257] --- Config f0e119 is still running. Skipping this config in the queue...
[DEBUG][intensifier.py:257] --- Config cef2c7 is still running. Skipping this config in the queue...
[DEBUG][intensifier.py:257] --- Config 711eb2 is still running. Skipping this config in the queue...
[DEBUG][intensifier.py:257] --- Config 048aa7 is still running. Skipping this config in the queue...
[DEBUG][intensifier.py:268] --- Config 0a36d5 was removed from the queue because it is an incumbent.
[DEBUG][intensifier.py:257] --- Config 59c342 is still running. Skipping this config in the queue...
[DEBUG][intensifier.py:257] --- Config de26d5 is still running. Skipping this config in the queue...
[DEBUG][intensifier.py:257] --- Config 3668af is still running. Skipping this config in the queue...
[DEBUG][intensifier.py:257] --- Config 46cfcc is still running. Skipping this config in the queue...
[DEBUG][intensifier.py:257] --- Config a5c390 is still running. Skipping this config in the queue...
[DEBUG][intensifier.py:257] --- Config f1de1d is still running. Skipping this config in the queue...
[DEBUG][intensifier.py:257] --- Config a2fcca is still running. Skipping this config in the queue...
[DEBUG][intensifier.py:257] --- Config d6611c is still running. Skipping this config in the queue...
[DEBUG][intensifier.py:257] --- Config 29ec3d is still running. Skipping this config in the queue...
[DEBUG][intensifier.py:257] --- Config a46225 is still running. Skipping this config in the queue...
[DEBUG][intensifier.py:257] --- Config cfa074 is still running. Skipping this config in the queue...
[DEBUG][intensifier.py:257] --- Config 592e03 is still running. Skipping this config in the queue...
[DEBUG][intensifier.py:257] --- Config b226f7 is still running. Skipping this config in the queue...
[DEBUG][intensifier.py:257] --- Config 4a47d8 is still running. Skipping this config in the queue...
[DEBUG][intensifier.py:257] --- Config 2d9f0a is still running. Skipping this config in the queue...
[DEBUG][intensifier.py:257] --- Config b7bc12 is still running. Skipping this config in the queue...
[DEBUG][intensifier.py:257] --- Config 29cbe0 is still running. Skipping this config in the queue...
[DEBUG][intensifier.py:257] --- Config f6e472 is still running. Skipping this config in the queue...
[DEBUG][intensifier.py:257] --- Config 2e9f42 is still running. Skipping this config in the queue...
[DEBUG][intensifier.py:257] --- Config 9be210 is still running. Skipping this config in the queue...
[DEBUG][intensifier.py:257] --- Config 7f0f3e is still running. Skipping this config in the queue...
[DEBUG][intensifier.py:257] --- Config ae88dd is still running. Skipping this config in the queue...
[DEBUG][intensifier.py:257] --- Config c21897 is still running. Skipping this config in the queue...
[DEBUG][intensifier.py:257] --- Config 0dc5fd is still running. Skipping this config in the queue...
[DEBUG][intensifier.py:257] --- Config 08e1ec is still running. Skipping this config in the queue...
[DEBUG][intensifier.py:257] --- Config 2225ae is still running. Skipping this config in the queue...
[DEBUG][intensifier.py:257] --- Config b2fd94 is still running. Skipping this config in the queue...
[DEBUG][intensifier.py:257] --- Config f1bc13 is still running. Skipping this config in the queue...
[DEBUG][intensifier.py:257] --- Config 4c0099 is still running. Skipping this config in the queue...
[DEBUG][intensifier.py:280] Get next trials for config 693047 and budget 1 from keys [InstanceSeedBudgetKey(instance=None, seed=1791095845, budget=None)]
[DEBUG][intensifier.py:282] --- Yielding 1 trials to evaluate config 693047...
[DEBUG][smbo.py:171] ...and received a new trial.
[DEBUG][dask_runner.py:129] No worker available. Waiting for one to be available...
[DEBUG][runhistory.py:1060] Update cost for config cef2c7.
[DEBUG][smbo.py:226] Tell method was called with cost [0.235328027147726, 0.3217557653945911, 27.437453265534714] (SUCCESS).
[DEBUG][abstract_intensifier.py:546] Validate whether we have overlap in the keys evaluated for the challenger config [InstanceSeedBudgetKey(instance=None, seed=1791095845, budget=None)] and the incumbent config [InstanceSeedBudgetKey(instance=None, seed=1791095845, budget=None)]. If the challenger is dominated, reject id.
[DEBUG][abstract_intensifier.py:555] Check on the currently evaluated instances whether the challenger is dominated by the incumbent
[INFO][abstract_intensifier.py:638] Config cef2c7 is a new incumbent. Total number of incumbents: 3.
[DEBUG][abstract_intensifier.py:747] Updated trajectory.
[DEBUG][runhistory.py:1060] Update cost for config 46cfcc.
[DEBUG][smbo.py:226] Tell method was called with cost [2.3703632921247637, 9.925743218958168, 26.863796949386597] (SUCCESS).
[DEBUG][abstract_intensifier.py:546] Validate whether we have overlap in the keys evaluated for the challenger config [InstanceSeedBudgetKey(instance=None, seed=1791095845, budget=None)] and the incumbent config [InstanceSeedBudgetKey(instance=None, seed=1791095845, budget=None)]. If the challenger is dominated, reject id.
[DEBUG][abstract_intensifier.py:555] Check on the currently evaluated instances whether the challenger is dominated by the incumbent
[DEBUG][abstract_intensifier.py:571] Challenger config 46cfcc is dominated by incumbent 2cde66.
[DEBUG][smbo.py:327] Remaining wallclock time: inf, Remaining cpu time: inf, Remaining trials: 21
[DEBUG][smbo.py:156] Calling ask...
[DEBUG][intensifier.py:287] --- Finished yielding for config 693047.
[DEBUG][intensifier.py:291] --- Removed config 693047 with N=1 from queue.
[DEBUG][intensifier.py:298] --- Doubled trials of config 693047 to N=2 and added it to the queue again.
[DEBUG][intensifier.py:251] Start finding a new challenger in the queue:
[DEBUG][intensifier.py:257] --- Config 479706 is still running. Skipping this config in the queue...
[DEBUG][intensifier.py:257] --- Config 3e370b is still running. Skipping this config in the queue...
[DEBUG][intensifier.py:257] --- Config 4fbe6a is still running. Skipping this config in the queue...
[DEBUG][intensifier.py:257] --- Config b5e6e2 is still running. Skipping this config in the queue...
[DEBUG][intensifier.py:257] --- Config ef4273 is still running. Skipping this config in the queue...
[DEBUG][intensifier.py:257] --- Config acf346 is still running. Skipping this config in the queue...
[DEBUG][intensifier.py:257] --- Config f0e119 is still running. Skipping this config in the queue...
[DEBUG][intensifier.py:268] --- Config cef2c7 was removed from the queue because it is an incumbent.
[DEBUG][intensifier.py:257] --- Config 711eb2 is still running. Skipping this config in the queue...
[DEBUG][intensifier.py:257] --- Config 048aa7 is still running. Skipping this config in the queue...
[DEBUG][intensifier.py:257] --- Config 59c342 is still running. Skipping this config in the queue...
[DEBUG][intensifier.py:257] --- Config de26d5 is still running. Skipping this config in the queue...
[DEBUG][intensifier.py:257] --- Config 3668af is still running. Skipping this config in the queue...
[DEBUG][intensifier.py:262] --- Config 46cfcc was removed from the queue because it was rejected.
[DEBUG][intensifier.py:257] --- Config a5c390 is still running. Skipping this config in the queue...
[DEBUG][intensifier.py:257] --- Config f1de1d is still running. Skipping this config in the queue...
[DEBUG][intensifier.py:257] --- Config a2fcca is still running. Skipping this config in the queue...
[DEBUG][intensifier.py:257] --- Config d6611c is still running. Skipping this config in the queue...
[DEBUG][intensifier.py:257] --- Config 29ec3d is still running. Skipping this config in the queue...
[DEBUG][intensifier.py:257] --- Config a46225 is still running. Skipping this config in the queue...
[DEBUG][intensifier.py:257] --- Config cfa074 is still running. Skipping this config in the queue...
[DEBUG][intensifier.py:257] --- Config 592e03 is still running. Skipping this config in the queue...
[DEBUG][intensifier.py:257] --- Config b226f7 is still running. Skipping this config in the queue...
[DEBUG][intensifier.py:257] --- Config 4a47d8 is still running. Skipping this config in the queue...
[DEBUG][intensifier.py:257] --- Config 2d9f0a is still running. Skipping this config in the queue...
[DEBUG][intensifier.py:257] --- Config b7bc12 is still running. Skipping this config in the queue...
[DEBUG][intensifier.py:257] --- Config 29cbe0 is still running. Skipping this config in the queue...
[DEBUG][intensifier.py:257] --- Config f6e472 is still running. Skipping this config in the queue...
[DEBUG][intensifier.py:257] --- Config 2e9f42 is still running. Skipping this config in the queue...
[DEBUG][intensifier.py:257] --- Config 9be210 is still running. Skipping this config in the queue...
[DEBUG][intensifier.py:257] --- Config 7f0f3e is still running. Skipping this config in the queue...
[DEBUG][intensifier.py:257] --- Config ae88dd is still running. Skipping this config in the queue...
[DEBUG][intensifier.py:257] --- Config c21897 is still running. Skipping this config in the queue...
[DEBUG][intensifier.py:257] --- Config 0dc5fd is still running. Skipping this config in the queue...
[DEBUG][intensifier.py:257] --- Config 08e1ec is still running. Skipping this config in the queue...
[DEBUG][intensifier.py:257] --- Config 2225ae is still running. Skipping this config in the queue...
[DEBUG][intensifier.py:257] --- Config b2fd94 is still running. Skipping this config in the queue...
[DEBUG][intensifier.py:257] --- Config f1bc13 is still running. Skipping this config in the queue...
[DEBUG][intensifier.py:257] --- Config 4c0099 is still running. Skipping this config in the queue...
[DEBUG][intensifier.py:257] --- Config 693047 is still running. Skipping this config in the queue...
[DEBUG][intensifier.py:168] All configs in the queue are running:
[DEBUG][intensifier.py:180] --- Skipping intensifying incumbent 2cde66 because it has trials pending.
[DEBUG][intensifier.py:207] --- Incumbent 0a36d5 was already evaluated on all incumbent instances and incumbent instance differences so far. Looking for new instances...
[DEBUG][intensifier.py:212] --- Randomly found 2 new trials.
[DEBUG][intensifier.py:216] --- Yielding trial 2 of 3 from incumbent 0a36d5...
[DEBUG][smbo.py:171] ...and received a new trial.
[DEBUG][smbo.py:327] Remaining wallclock time: inf, Remaining cpu time: inf, Remaining trials: 20
[DEBUG][smbo.py:156] Calling ask...
[DEBUG][intensifier.py:221] --- Finished yielding for config 0a36d5.
[DEBUG][intensifier.py:239] --- Added a new config 37ba72 to the queue.
[DEBUG][intensifier.py:251] Start finding a new challenger in the queue:
[DEBUG][intensifier.py:257] --- Config 479706 is still running. Skipping this config in the queue...
[DEBUG][intensifier.py:257] --- Config 3e370b is still running. Skipping this config in the queue...
[DEBUG][intensifier.py:257] --- Config 4fbe6a is still running. Skipping this config in the queue...
[DEBUG][intensifier.py:257] --- Config b5e6e2 is still running. Skipping this config in the queue...
[DEBUG][intensifier.py:257] --- Config ef4273 is still running. Skipping this config in the queue...
[DEBUG][intensifier.py:257] --- Config acf346 is still running. Skipping this config in the queue...
[DEBUG][intensifier.py:257] --- Config f0e119 is still running. Skipping this config in the queue...
[DEBUG][intensifier.py:257] --- Config 711eb2 is still running. Skipping this config in the queue...
[DEBUG][intensifier.py:257] --- Config 048aa7 is still running. Skipping this config in the queue...
[DEBUG][intensifier.py:257] --- Config 59c342 is still running. Skipping this config in the queue...
[DEBUG][intensifier.py:257] --- Config de26d5 is still running. Skipping this config in the queue...
[DEBUG][intensifier.py:257] --- Config 3668af is still running. Skipping this config in the queue...
[DEBUG][intensifier.py:257] --- Config a5c390 is still running. Skipping this config in the queue...
[DEBUG][intensifier.py:257] --- Config f1de1d is still running. Skipping this config in the queue...
[DEBUG][intensifier.py:257] --- Config a2fcca is still running. Skipping this config in the queue...
[DEBUG][intensifier.py:257] --- Config d6611c is still running. Skipping this config in the queue...
[DEBUG][intensifier.py:257] --- Config 29ec3d is still running. Skipping this config in the queue...
[DEBUG][intensifier.py:257] --- Config a46225 is still running. Skipping this config in the queue...
[DEBUG][intensifier.py:257] --- Config cfa074 is still running. Skipping this config in the queue...
[DEBUG][intensifier.py:257] --- Config 592e03 is still running. Skipping this config in the queue...
[DEBUG][intensifier.py:257] --- Config b226f7 is still running. Skipping this config in the queue...
[DEBUG][intensifier.py:257] --- Config 4a47d8 is still running. Skipping this config in the queue...
[DEBUG][intensifier.py:257] --- Config 2d9f0a is still running. Skipping this config in the queue...
[DEBUG][intensifier.py:257] --- Config b7bc12 is still running. Skipping this config in the queue...
[DEBUG][intensifier.py:257] --- Config 29cbe0 is still running. Skipping this config in the queue...
[DEBUG][intensifier.py:257] --- Config f6e472 is still running. Skipping this config in the queue...
[DEBUG][intensifier.py:257] --- Config 2e9f42 is still running. Skipping this config in the queue...
[DEBUG][intensifier.py:257] --- Config 9be210 is still running. Skipping this config in the queue...
[DEBUG][intensifier.py:257] --- Config 7f0f3e is still running. Skipping this config in the queue...
[DEBUG][intensifier.py:257] --- Config ae88dd is still running. Skipping this config in the queue...
[DEBUG][intensifier.py:257] --- Config c21897 is still running. Skipping this config in the queue...
[DEBUG][intensifier.py:257] --- Config 0dc5fd is still running. Skipping this config in the queue...
[DEBUG][intensifier.py:257] --- Config 08e1ec is still running. Skipping this config in the queue...
[DEBUG][intensifier.py:257] --- Config 2225ae is still running. Skipping this config in the queue...
[DEBUG][intensifier.py:257] --- Config b2fd94 is still running. Skipping this config in the queue...
[DEBUG][intensifier.py:257] --- Config f1bc13 is still running. Skipping this config in the queue...
[DEBUG][intensifier.py:257] --- Config 4c0099 is still running. Skipping this config in the queue...
[DEBUG][intensifier.py:257] --- Config 693047 is still running. Skipping this config in the queue...
[DEBUG][intensifier.py:280] Get next trials for config 37ba72 and budget 1 from keys [InstanceSeedBudgetKey(instance=None, seed=1791095845, budget=None)]
[DEBUG][intensifier.py:282] --- Yielding 1 trials to evaluate config 37ba72...
[DEBUG][smbo.py:171] ...and received a new trial.
[DEBUG][dask_runner.py:129] No worker available. Waiting for one to be available...
[DEBUG][runhistory.py:1060] Update cost for config 29cbe0.
[DEBUG][smbo.py:226] Tell method was called with cost [1.6432280517489954, 1.860873910057684, 29.865618116455153] (SUCCESS).
[DEBUG][abstract_intensifier.py:546] Validate whether we have overlap in the keys evaluated for the challenger config [InstanceSeedBudgetKey(instance=None, seed=1791095845, budget=None)] and the incumbent config [InstanceSeedBudgetKey(instance=None, seed=1791095845, budget=None)]. If the challenger is dominated, reject id.
[DEBUG][abstract_intensifier.py:555] Check on the currently evaluated instances whether the challenger is dominated by the incumbent
[DEBUG][abstract_intensifier.py:571] Challenger config 29cbe0 is dominated by incumbent 2cde66.
[DEBUG][abstract_intensifier.py:571] Challenger config 29cbe0 is dominated by incumbent 0a36d5.
[DEBUG][abstract_intensifier.py:571] Challenger config 29cbe0 is dominated by incumbent cef2c7.
[DEBUG][smbo.py:327] Remaining wallclock time: inf, Remaining cpu time: inf, Remaining trials: 19
[DEBUG][smbo.py:156] Calling ask...
[DEBUG][intensifier.py:287] --- Finished yielding for config 37ba72.
[DEBUG][intensifier.py:291] --- Removed config 37ba72 with N=1 from queue.
[DEBUG][intensifier.py:298] --- Doubled trials of config 37ba72 to N=2 and added it to the queue again.
[DEBUG][intensifier.py:251] Start finding a new challenger in the queue:
[DEBUG][intensifier.py:257] --- Config 479706 is still running. Skipping this config in the queue...
[DEBUG][intensifier.py:257] --- Config 3e370b is still running. Skipping this config in the queue...
[DEBUG][intensifier.py:257] --- Config 4fbe6a is still running. Skipping this config in the queue...
[DEBUG][intensifier.py:257] --- Config b5e6e2 is still running. Skipping this config in the queue...
[DEBUG][intensifier.py:257] --- Config ef4273 is still running. Skipping this config in the queue...
[DEBUG][intensifier.py:257] --- Config acf346 is still running. Skipping this config in the queue...
[DEBUG][intensifier.py:257] --- Config f0e119 is still running. Skipping this config in the queue...
[DEBUG][intensifier.py:257] --- Config 711eb2 is still running. Skipping this config in the queue...
[DEBUG][intensifier.py:257] --- Config 048aa7 is still running. Skipping this config in the queue...
[DEBUG][intensifier.py:257] --- Config 59c342 is still running. Skipping this config in the queue...
[DEBUG][intensifier.py:257] --- Config de26d5 is still running. Skipping this config in the queue...
[DEBUG][intensifier.py:257] --- Config 3668af is still running. Skipping this config in the queue...
[DEBUG][intensifier.py:257] --- Config a5c390 is still running. Skipping this config in the queue...
[DEBUG][intensifier.py:257] --- Config f1de1d is still running. Skipping this config in the queue...
[DEBUG][intensifier.py:257] --- Config a2fcca is still running. Skipping this config in the queue...
[DEBUG][intensifier.py:257] --- Config d6611c is still running. Skipping this config in the queue...
[DEBUG][intensifier.py:257] --- Config 29ec3d is still running. Skipping this config in the queue...
[DEBUG][intensifier.py:257] --- Config a46225 is still running. Skipping this config in the queue...
[DEBUG][intensifier.py:257] --- Config cfa074 is still running. Skipping this config in the queue...
[DEBUG][intensifier.py:257] --- Config 592e03 is still running. Skipping this config in the queue...
[DEBUG][intensifier.py:257] --- Config b226f7 is still running. Skipping this config in the queue...
[DEBUG][intensifier.py:257] --- Config 4a47d8 is still running. Skipping this config in the queue...
[DEBUG][intensifier.py:257] --- Config 2d9f0a is still running. Skipping this config in the queue...
[DEBUG][intensifier.py:257] --- Config b7bc12 is still running. Skipping this config in the queue...
[DEBUG][intensifier.py:262] --- Config 29cbe0 was removed from the queue because it was rejected.
[DEBUG][intensifier.py:257] --- Config f6e472 is still running. Skipping this config in the queue...
[DEBUG][intensifier.py:257] --- Config 2e9f42 is still running. Skipping this config in the queue...
[DEBUG][intensifier.py:257] --- Config 9be210 is still running. Skipping this config in the queue...
[DEBUG][intensifier.py:257] --- Config 7f0f3e is still running. Skipping this config in the queue...
[DEBUG][intensifier.py:257] --- Config ae88dd is still running. Skipping this config in the queue...
[DEBUG][intensifier.py:257] --- Config c21897 is still running. Skipping this config in the queue...
[DEBUG][intensifier.py:257] --- Config 0dc5fd is still running. Skipping this config in the queue...
[DEBUG][intensifier.py:257] --- Config 08e1ec is still running. Skipping this config in the queue...
[DEBUG][intensifier.py:257] --- Config 2225ae is still running. Skipping this config in the queue...
[DEBUG][intensifier.py:257] --- Config b2fd94 is still running. Skipping this config in the queue...
[DEBUG][intensifier.py:257] --- Config f1bc13 is still running. Skipping this config in the queue...
[DEBUG][intensifier.py:257] --- Config 4c0099 is still running. Skipping this config in the queue...
[DEBUG][intensifier.py:257] --- Config 693047 is still running. Skipping this config in the queue...
[DEBUG][intensifier.py:257] --- Config 37ba72 is still running. Skipping this config in the queue...
[DEBUG][intensifier.py:168] All configs in the queue are running:
[DEBUG][intensifier.py:180] --- Skipping intensifying incumbent 2cde66 because it has trials pending.
[DEBUG][intensifier.py:180] --- Skipping intensifying incumbent 0a36d5 because it has trials pending.
[DEBUG][intensifier.py:207] --- Incumbent cef2c7 was already evaluated on all incumbent instances and incumbent instance differences so far. Looking for new instances...
[DEBUG][intensifier.py:212] --- Randomly found 2 new trials.
[DEBUG][intensifier.py:216] --- Yielding trial 2 of 3 from incumbent cef2c7...
[DEBUG][smbo.py:171] ...and received a new trial.
[DEBUG][dask_runner.py:129] No worker available. Waiting for one to be available...
[DEBUG][runhistory.py:1060] Update cost for config acf346.
[DEBUG][smbo.py:226] Tell method was called with cost [0.21555217054111941, 0.01928946621470743, 33.37011764314957] (SUCCESS).
[DEBUG][abstract_intensifier.py:546] Validate whether we have overlap in the keys evaluated for the challenger config [InstanceSeedBudgetKey(instance=None, seed=1791095845, budget=None)] and the incumbent config [InstanceSeedBudgetKey(instance=None, seed=1791095845, budget=None)]. If the challenger is dominated, reject id.
[DEBUG][abstract_intensifier.py:555] Check on the currently evaluated instances whether the challenger is dominated by the incumbent
[INFO][abstract_intensifier.py:638] Config acf346 is a new incumbent. Total number of incumbents: 4.
[DEBUG][abstract_intensifier.py:747] Updated trajectory.
[DEBUG][smbo.py:327] Remaining wallclock time: inf, Remaining cpu time: inf, Remaining trials: 18
[DEBUG][smbo.py:156] Calling ask...
[DEBUG][intensifier.py:221] --- Finished yielding for config cef2c7.
[DEBUG][intensifier.py:239] --- Added a new config df7981 to the queue.
[DEBUG][intensifier.py:251] Start finding a new challenger in the queue:
[DEBUG][intensifier.py:257] --- Config 479706 is still running. Skipping this config in the queue...
[DEBUG][intensifier.py:257] --- Config 3e370b is still running. Skipping this config in the queue...
[DEBUG][intensifier.py:257] --- Config 4fbe6a is still running. Skipping this config in the queue...
[DEBUG][intensifier.py:257] --- Config b5e6e2 is still running. Skipping this config in the queue...
[DEBUG][intensifier.py:257] --- Config ef4273 is still running. Skipping this config in the queue...
[DEBUG][intensifier.py:268] --- Config acf346 was removed from the queue because it is an incumbent.
[DEBUG][intensifier.py:257] --- Config f0e119 is still running. Skipping this config in the queue...
[DEBUG][intensifier.py:257] --- Config 711eb2 is still running. Skipping this config in the queue...
[DEBUG][intensifier.py:257] --- Config 048aa7 is still running. Skipping this config in the queue...
[DEBUG][intensifier.py:257] --- Config 59c342 is still running. Skipping this config in the queue...
[DEBUG][intensifier.py:257] --- Config de26d5 is still running. Skipping this config in the queue...
[DEBUG][intensifier.py:257] --- Config 3668af is still running. Skipping this config in the queue...
[DEBUG][intensifier.py:257] --- Config a5c390 is still running. Skipping this config in the queue...
[DEBUG][intensifier.py:257] --- Config f1de1d is still running. Skipping this config in the queue...
[DEBUG][intensifier.py:257] --- Config a2fcca is still running. Skipping this config in the queue...
[DEBUG][intensifier.py:257] --- Config d6611c is still running. Skipping this config in the queue...
[DEBUG][intensifier.py:257] --- Config 29ec3d is still running. Skipping this config in the queue...
[DEBUG][intensifier.py:257] --- Config a46225 is still running. Skipping this config in the queue...
[DEBUG][intensifier.py:257] --- Config cfa074 is still running. Skipping this config in the queue...
[DEBUG][intensifier.py:257] --- Config 592e03 is still running. Skipping this config in the queue...
[DEBUG][intensifier.py:257] --- Config b226f7 is still running. Skipping this config in the queue...
[DEBUG][intensifier.py:257] --- Config 4a47d8 is still running. Skipping this config in the queue...
[DEBUG][intensifier.py:257] --- Config 2d9f0a is still running. Skipping this config in the queue...
[DEBUG][intensifier.py:257] --- Config b7bc12 is still running. Skipping this config in the queue...
[DEBUG][intensifier.py:257] --- Config f6e472 is still running. Skipping this config in the queue...
[DEBUG][intensifier.py:257] --- Config 2e9f42 is still running. Skipping this config in the queue...
[DEBUG][intensifier.py:257] --- Config 9be210 is still running. Skipping this config in the queue...
[DEBUG][intensifier.py:257] --- Config 7f0f3e is still running. Skipping this config in the queue...
[DEBUG][intensifier.py:257] --- Config ae88dd is still running. Skipping this config in the queue...
[DEBUG][intensifier.py:257] --- Config c21897 is still running. Skipping this config in the queue...
[DEBUG][intensifier.py:257] --- Config 0dc5fd is still running. Skipping this config in the queue...
[DEBUG][intensifier.py:257] --- Config 08e1ec is still running. Skipping this config in the queue...
[DEBUG][intensifier.py:257] --- Config 2225ae is still running. Skipping this config in the queue...
[DEBUG][intensifier.py:257] --- Config b2fd94 is still running. Skipping this config in the queue...
[DEBUG][intensifier.py:257] --- Config f1bc13 is still running. Skipping this config in the queue...
[DEBUG][intensifier.py:257] --- Config 4c0099 is still running. Skipping this config in the queue...
[DEBUG][intensifier.py:257] --- Config 693047 is still running. Skipping this config in the queue...
[DEBUG][intensifier.py:257] --- Config 37ba72 is still running. Skipping this config in the queue...
[DEBUG][intensifier.py:280] Get next trials for config df7981 and budget 1 from keys [InstanceSeedBudgetKey(instance=None, seed=1791095845, budget=None)]
[DEBUG][intensifier.py:282] --- Yielding 1 trials to evaluate config df7981...
[DEBUG][smbo.py:171] ...and received a new trial.
[DEBUG][dask_runner.py:129] No worker available. Waiting for one to be available...
[DEBUG][runhistory.py:1060] Update cost for config f1bc13.
[DEBUG][smbo.py:226] Tell method was called with cost [0.396083151854032, 0.5511725537300349, 29.603525119600818] (SUCCESS).
[DEBUG][abstract_intensifier.py:546] Validate whether we have overlap in the keys evaluated for the challenger config [InstanceSeedBudgetKey(instance=None, seed=1791095845, budget=None)] and the incumbent config [InstanceSeedBudgetKey(instance=None, seed=1791095845, budget=None)]. If the challenger is dominated, reject id.
[DEBUG][abstract_intensifier.py:555] Check on the currently evaluated instances whether the challenger is dominated by the incumbent
[DEBUG][abstract_intensifier.py:571] Challenger config f1bc13 is dominated by incumbent cef2c7.
[DEBUG][smbo.py:327] Remaining wallclock time: inf, Remaining cpu time: inf, Remaining trials: 17
[DEBUG][smbo.py:156] Calling ask...
[DEBUG][intensifier.py:287] --- Finished yielding for config df7981.
[DEBUG][intensifier.py:291] --- Removed config df7981 with N=1 from queue.
[DEBUG][intensifier.py:298] --- Doubled trials of config df7981 to N=2 and added it to the queue again.
[DEBUG][intensifier.py:251] Start finding a new challenger in the queue:
[DEBUG][intensifier.py:257] --- Config 479706 is still running. Skipping this config in the queue...
[DEBUG][intensifier.py:257] --- Config 3e370b is still running. Skipping this config in the queue...
[DEBUG][intensifier.py:257] --- Config 4fbe6a is still running. Skipping this config in the queue...
[DEBUG][intensifier.py:257] --- Config b5e6e2 is still running. Skipping this config in the queue...
[DEBUG][intensifier.py:257] --- Config ef4273 is still running. Skipping this config in the queue...
[DEBUG][intensifier.py:257] --- Config f0e119 is still running. Skipping this config in the queue...
[DEBUG][intensifier.py:257] --- Config 711eb2 is still running. Skipping this config in the queue...
[DEBUG][intensifier.py:257] --- Config 048aa7 is still running. Skipping this config in the queue...
[DEBUG][intensifier.py:257] --- Config 59c342 is still running. Skipping this config in the queue...
[DEBUG][intensifier.py:257] --- Config de26d5 is still running. Skipping this config in the queue...
[DEBUG][intensifier.py:257] --- Config 3668af is still running. Skipping this config in the queue...
[DEBUG][intensifier.py:257] --- Config a5c390 is still running. Skipping this config in the queue...
[DEBUG][intensifier.py:257] --- Config f1de1d is still running. Skipping this config in the queue...
[DEBUG][intensifier.py:257] --- Config a2fcca is still running. Skipping this config in the queue...
[DEBUG][intensifier.py:257] --- Config d6611c is still running. Skipping this config in the queue...
[DEBUG][intensifier.py:257] --- Config 29ec3d is still running. Skipping this config in the queue...
[DEBUG][intensifier.py:257] --- Config a46225 is still running. Skipping this config in the queue...
[DEBUG][intensifier.py:257] --- Config cfa074 is still running. Skipping this config in the queue...
[DEBUG][intensifier.py:257] --- Config 592e03 is still running. Skipping this config in the queue...
[DEBUG][intensifier.py:257] --- Config b226f7 is still running. Skipping this config in the queue...
[DEBUG][intensifier.py:257] --- Config 4a47d8 is still running. Skipping this config in the queue...
[DEBUG][intensifier.py:257] --- Config 2d9f0a is still running. Skipping this config in the queue...
[DEBUG][intensifier.py:257] --- Config b7bc12 is still running. Skipping this config in the queue...
[DEBUG][intensifier.py:257] --- Config f6e472 is still running. Skipping this config in the queue...
[DEBUG][intensifier.py:257] --- Config 2e9f42 is still running. Skipping this config in the queue...
[DEBUG][intensifier.py:257] --- Config 9be210 is still running. Skipping this config in the queue...
[DEBUG][intensifier.py:257] --- Config 7f0f3e is still running. Skipping this config in the queue...
[DEBUG][intensifier.py:257] --- Config ae88dd is still running. Skipping this config in the queue...
[DEBUG][intensifier.py:257] --- Config c21897 is still running. Skipping this config in the queue...
[DEBUG][intensifier.py:257] --- Config 0dc5fd is still running. Skipping this config in the queue...
[DEBUG][intensifier.py:257] --- Config 08e1ec is still running. Skipping this config in the queue...
[DEBUG][intensifier.py:257] --- Config 2225ae is still running. Skipping this config in the queue...
[DEBUG][intensifier.py:257] --- Config b2fd94 is still running. Skipping this config in the queue...
[DEBUG][intensifier.py:262] --- Config f1bc13 was removed from the queue because it was rejected.
[DEBUG][intensifier.py:257] --- Config 4c0099 is still running. Skipping this config in the queue...
[DEBUG][intensifier.py:257] --- Config 693047 is still running. Skipping this config in the queue...
[DEBUG][intensifier.py:257] --- Config 37ba72 is still running. Skipping this config in the queue...
[DEBUG][intensifier.py:257] --- Config df7981 is still running. Skipping this config in the queue...
[DEBUG][intensifier.py:168] All configs in the queue are running:
[DEBUG][intensifier.py:180] --- Skipping intensifying incumbent 2cde66 because it has trials pending.
[DEBUG][intensifier.py:180] --- Skipping intensifying incumbent 0a36d5 because it has trials pending.
[DEBUG][intensifier.py:180] --- Skipping intensifying incumbent cef2c7 because it has trials pending.
[DEBUG][intensifier.py:207] --- Incumbent acf346 was already evaluated on all incumbent instances and incumbent instance differences so far. Looking for new instances...
[DEBUG][intensifier.py:212] --- Randomly found 2 new trials.
[DEBUG][intensifier.py:216] --- Yielding trial 2 of 3 from incumbent acf346...
[DEBUG][smbo.py:171] ...and received a new trial.
[DEBUG][dask_runner.py:129] No worker available. Waiting for one to be available...
[DEBUG][runhistory.py:1060] Update cost for config d6611c.
[DEBUG][smbo.py:226] Tell method was called with cost [2.0371742437774856, 3.9375985792413246, 35.066782804671675] (SUCCESS).
[DEBUG][abstract_intensifier.py:546] Validate whether we have overlap in the keys evaluated for the challenger config [InstanceSeedBudgetKey(instance=None, seed=1791095845, budget=None)] and the incumbent config [InstanceSeedBudgetKey(instance=None, seed=1791095845, budget=None)]. If the challenger is dominated, reject id.
[DEBUG][abstract_intensifier.py:555] Check on the currently evaluated instances whether the challenger is dominated by the incumbent
[DEBUG][abstract_intensifier.py:571] Challenger config d6611c is dominated by incumbent 2cde66.
[DEBUG][abstract_intensifier.py:571] Challenger config d6611c is dominated by incumbent 0a36d5.
[DEBUG][abstract_intensifier.py:571] Challenger config d6611c is dominated by incumbent cef2c7.
[DEBUG][abstract_intensifier.py:571] Challenger config d6611c is dominated by incumbent acf346.
[DEBUG][smbo.py:327] Remaining wallclock time: inf, Remaining cpu time: inf, Remaining trials: 16
[DEBUG][smbo.py:156] Calling ask...
[DEBUG][intensifier.py:221] --- Finished yielding for config acf346.
[DEBUG][intensifier.py:239] --- Added a new config 8be465 to the queue.
[DEBUG][intensifier.py:251] Start finding a new challenger in the queue:
[DEBUG][intensifier.py:257] --- Config 479706 is still running. Skipping this config in the queue...
[DEBUG][intensifier.py:257] --- Config 3e370b is still running. Skipping this config in the queue...
[DEBUG][intensifier.py:257] --- Config 4fbe6a is still running. Skipping this config in the queue...
[DEBUG][intensifier.py:257] --- Config b5e6e2 is still running. Skipping this config in the queue...
[DEBUG][intensifier.py:257] --- Config ef4273 is still running. Skipping this config in the queue...
[DEBUG][intensifier.py:257] --- Config f0e119 is still running. Skipping this config in the queue...
[DEBUG][intensifier.py:257] --- Config 711eb2 is still running. Skipping this config in the queue...
[DEBUG][intensifier.py:257] --- Config 048aa7 is still running. Skipping this config in the queue...
[DEBUG][intensifier.py:257] --- Config 59c342 is still running. Skipping this config in the queue...
[DEBUG][intensifier.py:257] --- Config de26d5 is still running. Skipping this config in the queue...
[DEBUG][intensifier.py:257] --- Config 3668af is still running. Skipping this config in the queue...
[DEBUG][intensifier.py:257] --- Config a5c390 is still running. Skipping this config in the queue...
[DEBUG][intensifier.py:257] --- Config f1de1d is still running. Skipping this config in the queue...
[DEBUG][intensifier.py:257] --- Config a2fcca is still running. Skipping this config in the queue...
[DEBUG][intensifier.py:262] --- Config d6611c was removed from the queue because it was rejected.
[DEBUG][intensifier.py:257] --- Config 29ec3d is still running. Skipping this config in the queue...
[DEBUG][intensifier.py:257] --- Config a46225 is still running. Skipping this config in the queue...
[DEBUG][intensifier.py:257] --- Config cfa074 is still running. Skipping this config in the queue...
[DEBUG][intensifier.py:257] --- Config 592e03 is still running. Skipping this config in the queue...
[DEBUG][intensifier.py:257] --- Config b226f7 is still running. Skipping this config in the queue...
[DEBUG][intensifier.py:257] --- Config 4a47d8 is still running. Skipping this config in the queue...
[DEBUG][intensifier.py:257] --- Config 2d9f0a is still running. Skipping this config in the queue...
[DEBUG][intensifier.py:257] --- Config b7bc12 is still running. Skipping this config in the queue...
[DEBUG][intensifier.py:257] --- Config f6e472 is still running. Skipping this config in the queue...
[DEBUG][intensifier.py:257] --- Config 2e9f42 is still running. Skipping this config in the queue...
[DEBUG][intensifier.py:257] --- Config 9be210 is still running. Skipping this config in the queue...
[DEBUG][intensifier.py:257] --- Config 7f0f3e is still running. Skipping this config in the queue...
[DEBUG][intensifier.py:257] --- Config ae88dd is still running. Skipping this config in the queue...
[DEBUG][intensifier.py:257] --- Config c21897 is still running. Skipping this config in the queue...
[DEBUG][intensifier.py:257] --- Config 0dc5fd is still running. Skipping this config in the queue...
[DEBUG][intensifier.py:257] --- Config 08e1ec is still running. Skipping this config in the queue...
[DEBUG][intensifier.py:257] --- Config 2225ae is still running. Skipping this config in the queue...
[DEBUG][intensifier.py:257] --- Config b2fd94 is still running. Skipping this config in the queue...
[DEBUG][intensifier.py:257] --- Config 4c0099 is still running. Skipping this config in the queue...
[DEBUG][intensifier.py:257] --- Config 693047 is still running. Skipping this config in the queue...
[DEBUG][intensifier.py:257] --- Config 37ba72 is still running. Skipping this config in the queue...
[DEBUG][intensifier.py:257] --- Config df7981 is still running. Skipping this config in the queue...
[DEBUG][intensifier.py:280] Get next trials for config 8be465 and budget 1 from keys [InstanceSeedBudgetKey(instance=None, seed=1791095845, budget=None)]
[DEBUG][intensifier.py:282] --- Yielding 1 trials to evaluate config 8be465...
[DEBUG][smbo.py:171] ...and received a new trial.
[DEBUG][dask_runner.py:129] No worker available. Waiting for one to be available...
[DEBUG][runhistory.py:1060] Update cost for config 0dc5fd.
[DEBUG][smbo.py:226] Tell method was called with cost [0.45282406775397416, 0.4798022232820804, 34.43218678608537] (SUCCESS).
[DEBUG][abstract_intensifier.py:546] Validate whether we have overlap in the keys evaluated for the challenger config [InstanceSeedBudgetKey(instance=None, seed=1791095845, budget=None)] and the incumbent config [InstanceSeedBudgetKey(instance=None, seed=1791095845, budget=None)]. If the challenger is dominated, reject id.
[DEBUG][abstract_intensifier.py:555] Check on the currently evaluated instances whether the challenger is dominated by the incumbent
[DEBUG][abstract_intensifier.py:571] Challenger config 0dc5fd is dominated by incumbent cef2c7.
[DEBUG][abstract_intensifier.py:571] Challenger config 0dc5fd is dominated by incumbent acf346.
[DEBUG][smbo.py:327] Remaining wallclock time: inf, Remaining cpu time: inf, Remaining trials: 15
[DEBUG][smbo.py:156] Calling ask...
[DEBUG][intensifier.py:287] --- Finished yielding for config 8be465.
[DEBUG][intensifier.py:291] --- Removed config 8be465 with N=1 from queue.
[DEBUG][intensifier.py:298] --- Doubled trials of config 8be465 to N=2 and added it to the queue again.
[DEBUG][intensifier.py:251] Start finding a new challenger in the queue:
[DEBUG][intensifier.py:257] --- Config 479706 is still running. Skipping this config in the queue...
[DEBUG][intensifier.py:257] --- Config 3e370b is still running. Skipping this config in the queue...
[DEBUG][intensifier.py:257] --- Config 4fbe6a is still running. Skipping this config in the queue...
[DEBUG][intensifier.py:257] --- Config b5e6e2 is still running. Skipping this config in the queue...
[DEBUG][intensifier.py:257] --- Config ef4273 is still running. Skipping this config in the queue...
[DEBUG][intensifier.py:257] --- Config f0e119 is still running. Skipping this config in the queue...
[DEBUG][intensifier.py:257] --- Config 711eb2 is still running. Skipping this config in the queue...
[DEBUG][intensifier.py:257] --- Config 048aa7 is still running. Skipping this config in the queue...
[DEBUG][intensifier.py:257] --- Config 59c342 is still running. Skipping this config in the queue...
[DEBUG][intensifier.py:257] --- Config de26d5 is still running. Skipping this config in the queue...
[DEBUG][intensifier.py:257] --- Config 3668af is still running. Skipping this config in the queue...
[DEBUG][intensifier.py:257] --- Config a5c390 is still running. Skipping this config in the queue...
[DEBUG][intensifier.py:257] --- Config f1de1d is still running. Skipping this config in the queue...
[DEBUG][intensifier.py:257] --- Config a2fcca is still running. Skipping this config in the queue...
[DEBUG][intensifier.py:257] --- Config 29ec3d is still running. Skipping this config in the queue...
[DEBUG][intensifier.py:257] --- Config a46225 is still running. Skipping this config in the queue...
[DEBUG][intensifier.py:257] --- Config cfa074 is still running. Skipping this config in the queue...
[DEBUG][intensifier.py:257] --- Config 592e03 is still running. Skipping this config in the queue...
[DEBUG][intensifier.py:257] --- Config b226f7 is still running. Skipping this config in the queue...
[DEBUG][intensifier.py:257] --- Config 4a47d8 is still running. Skipping this config in the queue...
[DEBUG][intensifier.py:257] --- Config 2d9f0a is still running. Skipping this config in the queue...
[DEBUG][intensifier.py:257] --- Config b7bc12 is still running. Skipping this config in the queue...
[DEBUG][intensifier.py:257] --- Config f6e472 is still running. Skipping this config in the queue...
[DEBUG][intensifier.py:257] --- Config 2e9f42 is still running. Skipping this config in the queue...
[DEBUG][intensifier.py:257] --- Config 9be210 is still running. Skipping this config in the queue...
[DEBUG][intensifier.py:257] --- Config 7f0f3e is still running. Skipping this config in the queue...
[DEBUG][intensifier.py:257] --- Config ae88dd is still running. Skipping this config in the queue...
[DEBUG][intensifier.py:257] --- Config c21897 is still running. Skipping this config in the queue...
[DEBUG][intensifier.py:262] --- Config 0dc5fd was removed from the queue because it was rejected.
[DEBUG][intensifier.py:257] --- Config 08e1ec is still running. Skipping this config in the queue...
[DEBUG][intensifier.py:257] --- Config 2225ae is still running. Skipping this config in the queue...
[DEBUG][intensifier.py:257] --- Config b2fd94 is still running. Skipping this config in the queue...
[DEBUG][intensifier.py:257] --- Config 4c0099 is still running. Skipping this config in the queue...
[DEBUG][intensifier.py:257] --- Config 693047 is still running. Skipping this config in the queue...
[DEBUG][intensifier.py:257] --- Config 37ba72 is still running. Skipping this config in the queue...
[DEBUG][intensifier.py:257] --- Config df7981 is still running. Skipping this config in the queue...
[DEBUG][intensifier.py:257] --- Config 8be465 is still running. Skipping this config in the queue...
[DEBUG][intensifier.py:168] All configs in the queue are running:
[DEBUG][intensifier.py:180] --- Skipping intensifying incumbent 2cde66 because it has trials pending.
[DEBUG][intensifier.py:180] --- Skipping intensifying incumbent 0a36d5 because it has trials pending.
[DEBUG][intensifier.py:180] --- Skipping intensifying incumbent cef2c7 because it has trials pending.
[DEBUG][intensifier.py:180] --- Skipping intensifying incumbent acf346 because it has trials pending.
[DEBUG][intensifier.py:239] --- Added a new config 54d341 to the queue.
[DEBUG][intensifier.py:251] Start finding a new challenger in the queue:
[DEBUG][intensifier.py:257] --- Config 479706 is still running. Skipping this config in the queue...
[DEBUG][intensifier.py:257] --- Config 3e370b is still running. Skipping this config in the queue...
[DEBUG][intensifier.py:257] --- Config 4fbe6a is still running. Skipping this config in the queue...
[DEBUG][intensifier.py:257] --- Config b5e6e2 is still running. Skipping this config in the queue...
[DEBUG][intensifier.py:257] --- Config ef4273 is still running. Skipping this config in the queue...
[DEBUG][intensifier.py:257] --- Config f0e119 is still running. Skipping this config in the queue...
[DEBUG][intensifier.py:257] --- Config 711eb2 is still running. Skipping this config in the queue...
[DEBUG][intensifier.py:257] --- Config 048aa7 is still running. Skipping this config in the queue...
[DEBUG][intensifier.py:257] --- Config 59c342 is still running. Skipping this config in the queue...
[DEBUG][intensifier.py:257] --- Config de26d5 is still running. Skipping this config in the queue...
[DEBUG][intensifier.py:257] --- Config 3668af is still running. Skipping this config in the queue...
[DEBUG][intensifier.py:257] --- Config a5c390 is still running. Skipping this config in the queue...
[DEBUG][intensifier.py:257] --- Config f1de1d is still running. Skipping this config in the queue...
[DEBUG][intensifier.py:257] --- Config a2fcca is still running. Skipping this config in the queue...
[DEBUG][intensifier.py:257] --- Config 29ec3d is still running. Skipping this config in the queue...
[DEBUG][intensifier.py:257] --- Config a46225 is still running. Skipping this config in the queue...
[DEBUG][intensifier.py:257] --- Config cfa074 is still running. Skipping this config in the queue...
[DEBUG][intensifier.py:257] --- Config 592e03 is still running. Skipping this config in the queue...
[DEBUG][intensifier.py:257] --- Config b226f7 is still running. Skipping this config in the queue...
[DEBUG][intensifier.py:257] --- Config 4a47d8 is still running. Skipping this config in the queue...
[DEBUG][intensifier.py:257] --- Config 2d9f0a is still running. Skipping this config in the queue...
[DEBUG][intensifier.py:257] --- Config b7bc12 is still running. Skipping this config in the queue...
[DEBUG][intensifier.py:257] --- Config f6e472 is still running. Skipping this config in the queue...
[DEBUG][intensifier.py:257] --- Config 2e9f42 is still running. Skipping this config in the queue...
[DEBUG][intensifier.py:257] --- Config 9be210 is still running. Skipping this config in the queue...
[DEBUG][intensifier.py:257] --- Config 7f0f3e is still running. Skipping this config in the queue...
[DEBUG][intensifier.py:257] --- Config ae88dd is still running. Skipping this config in the queue...
[DEBUG][intensifier.py:257] --- Config c21897 is still running. Skipping this config in the queue...
[DEBUG][intensifier.py:257] --- Config 08e1ec is still running. Skipping this config in the queue...
[DEBUG][intensifier.py:257] --- Config 2225ae is still running. Skipping this config in the queue...
[DEBUG][intensifier.py:257] --- Config b2fd94 is still running. Skipping this config in the queue...
[DEBUG][intensifier.py:257] --- Config 4c0099 is still running. Skipping this config in the queue...
[DEBUG][intensifier.py:257] --- Config 693047 is still running. Skipping this config in the queue...
[DEBUG][intensifier.py:257] --- Config 37ba72 is still running. Skipping this config in the queue...
[DEBUG][intensifier.py:257] --- Config df7981 is still running. Skipping this config in the queue...
[DEBUG][intensifier.py:257] --- Config 8be465 is still running. Skipping this config in the queue...
[DEBUG][intensifier.py:280] Get next trials for config 54d341 and budget 1 from keys [InstanceSeedBudgetKey(instance=None, seed=1791095845, budget=None)]
[DEBUG][intensifier.py:282] --- Yielding 1 trials to evaluate config 54d341...
[DEBUG][smbo.py:171] ...and received a new trial.
[DEBUG][dask_runner.py:129] No worker available. Waiting for one to be available...
[DEBUG][runhistory.py:1060] Update cost for config a5c390.
[DEBUG][smbo.py:226] Tell method was called with cost [0.36907163133897425, 0.03776274323239372, 38.0829976957757] (SUCCESS).
[DEBUG][abstract_intensifier.py:546] Validate whether we have overlap in the keys evaluated for the challenger config [InstanceSeedBudgetKey(instance=None, seed=1791095845, budget=None)] and the incumbent config [InstanceSeedBudgetKey(instance=None, seed=1791095845, budget=None)]. If the challenger is dominated, reject id.
[DEBUG][abstract_intensifier.py:555] Check on the currently evaluated instances whether the challenger is dominated by the incumbent
[DEBUG][abstract_intensifier.py:571] Challenger config a5c390 is dominated by incumbent acf346.
[DEBUG][smbo.py:327] Remaining wallclock time: inf, Remaining cpu time: inf, Remaining trials: 14
[DEBUG][smbo.py:156] Calling ask...
[DEBUG][intensifier.py:287] --- Finished yielding for config 54d341.
[DEBUG][intensifier.py:291] --- Removed config 54d341 with N=1 from queue.
[DEBUG][intensifier.py:298] --- Doubled trials of config 54d341 to N=2 and added it to the queue again.
[DEBUG][intensifier.py:251] Start finding a new challenger in the queue:
[DEBUG][intensifier.py:257] --- Config 479706 is still running. Skipping this config in the queue...
[DEBUG][intensifier.py:257] --- Config 3e370b is still running. Skipping this config in the queue...
[DEBUG][intensifier.py:257] --- Config 4fbe6a is still running. Skipping this config in the queue...
[DEBUG][intensifier.py:257] --- Config b5e6e2 is still running. Skipping this config in the queue...
[DEBUG][intensifier.py:257] --- Config ef4273 is still running. Skipping this config in the queue...
[DEBUG][intensifier.py:257] --- Config f0e119 is still running. Skipping this config in the queue...
[DEBUG][intensifier.py:257] --- Config 711eb2 is still running. Skipping this config in the queue...
[DEBUG][intensifier.py:257] --- Config 048aa7 is still running. Skipping this config in the queue...
[DEBUG][intensifier.py:257] --- Config 59c342 is still running. Skipping this config in the queue...
[DEBUG][intensifier.py:257] --- Config de26d5 is still running. Skipping this config in the queue...
[DEBUG][intensifier.py:257] --- Config 3668af is still running. Skipping this config in the queue...
[DEBUG][intensifier.py:262] --- Config a5c390 was removed from the queue because it was rejected.
[DEBUG][intensifier.py:257] --- Config f1de1d is still running. Skipping this config in the queue...
[DEBUG][intensifier.py:257] --- Config a2fcca is still running. Skipping this config in the queue...
[DEBUG][intensifier.py:257] --- Config 29ec3d is still running. Skipping this config in the queue...
[DEBUG][intensifier.py:257] --- Config a46225 is still running. Skipping this config in the queue...
[DEBUG][intensifier.py:257] --- Config cfa074 is still running. Skipping this config in the queue...
[DEBUG][intensifier.py:257] --- Config 592e03 is still running. Skipping this config in the queue...
[DEBUG][intensifier.py:257] --- Config b226f7 is still running. Skipping this config in the queue...
[DEBUG][intensifier.py:257] --- Config 4a47d8 is still running. Skipping this config in the queue...
[DEBUG][intensifier.py:257] --- Config 2d9f0a is still running. Skipping this config in the queue...
[DEBUG][intensifier.py:257] --- Config b7bc12 is still running. Skipping this config in the queue...
[DEBUG][intensifier.py:257] --- Config f6e472 is still running. Skipping this config in the queue...
[DEBUG][intensifier.py:257] --- Config 2e9f42 is still running. Skipping this config in the queue...
[DEBUG][intensifier.py:257] --- Config 9be210 is still running. Skipping this config in the queue...
[DEBUG][intensifier.py:257] --- Config 7f0f3e is still running. Skipping this config in the queue...
[DEBUG][intensifier.py:257] --- Config ae88dd is still running. Skipping this config in the queue...
[DEBUG][intensifier.py:257] --- Config c21897 is still running. Skipping this config in the queue...
[DEBUG][intensifier.py:257] --- Config 08e1ec is still running. Skipping this config in the queue...
[DEBUG][intensifier.py:257] --- Config 2225ae is still running. Skipping this config in the queue...
[DEBUG][intensifier.py:257] --- Config b2fd94 is still running. Skipping this config in the queue...
[DEBUG][intensifier.py:257] --- Config 4c0099 is still running. Skipping this config in the queue...
[DEBUG][intensifier.py:257] --- Config 693047 is still running. Skipping this config in the queue...
[DEBUG][intensifier.py:257] --- Config 37ba72 is still running. Skipping this config in the queue...
[DEBUG][intensifier.py:257] --- Config df7981 is still running. Skipping this config in the queue...
[DEBUG][intensifier.py:257] --- Config 8be465 is still running. Skipping this config in the queue...
[DEBUG][intensifier.py:257] --- Config 54d341 is still running. Skipping this config in the queue...
[DEBUG][intensifier.py:168] All configs in the queue are running:
[DEBUG][intensifier.py:180] --- Skipping intensifying incumbent 2cde66 because it has trials pending.
[DEBUG][intensifier.py:180] --- Skipping intensifying incumbent 0a36d5 because it has trials pending.
[DEBUG][intensifier.py:180] --- Skipping intensifying incumbent cef2c7 because it has trials pending.
[DEBUG][intensifier.py:180] --- Skipping intensifying incumbent acf346 because it has trials pending.
[DEBUG][intensifier.py:239] --- Added a new config 3d1bb5 to the queue.
[DEBUG][intensifier.py:251] Start finding a new challenger in the queue:
[DEBUG][intensifier.py:257] --- Config 479706 is still running. Skipping this config in the queue...
[DEBUG][intensifier.py:257] --- Config 3e370b is still running. Skipping this config in the queue...
[DEBUG][intensifier.py:257] --- Config 4fbe6a is still running. Skipping this config in the queue...
[DEBUG][intensifier.py:257] --- Config b5e6e2 is still running. Skipping this config in the queue...
[DEBUG][intensifier.py:257] --- Config ef4273 is still running. Skipping this config in the queue...
[DEBUG][intensifier.py:257] --- Config f0e119 is still running. Skipping this config in the queue...
[DEBUG][intensifier.py:257] --- Config 711eb2 is still running. Skipping this config in the queue...
[DEBUG][intensifier.py:257] --- Config 048aa7 is still running. Skipping this config in the queue...
[DEBUG][intensifier.py:257] --- Config 59c342 is still running. Skipping this config in the queue...
[DEBUG][intensifier.py:257] --- Config de26d5 is still running. Skipping this config in the queue...
[DEBUG][intensifier.py:257] --- Config 3668af is still running. Skipping this config in the queue...
[DEBUG][intensifier.py:257] --- Config f1de1d is still running. Skipping this config in the queue...
[DEBUG][intensifier.py:257] --- Config a2fcca is still running. Skipping this config in the queue...
[DEBUG][intensifier.py:257] --- Config 29ec3d is still running. Skipping this config in the queue...
[DEBUG][intensifier.py:257] --- Config a46225 is still running. Skipping this config in the queue...
[DEBUG][intensifier.py:257] --- Config cfa074 is still running. Skipping this config in the queue...
[DEBUG][intensifier.py:257] --- Config 592e03 is still running. Skipping this config in the queue...
[DEBUG][intensifier.py:257] --- Config b226f7 is still running. Skipping this config in the queue...
[DEBUG][intensifier.py:257] --- Config 4a47d8 is still running. Skipping this config in the queue...
[DEBUG][intensifier.py:257] --- Config 2d9f0a is still running. Skipping this config in the queue...
[DEBUG][intensifier.py:257] --- Config b7bc12 is still running. Skipping this config in the queue...
[DEBUG][intensifier.py:257] --- Config f6e472 is still running. Skipping this config in the queue...
[DEBUG][intensifier.py:257] --- Config 2e9f42 is still running. Skipping this config in the queue...
[DEBUG][intensifier.py:257] --- Config 9be210 is still running. Skipping this config in the queue...
[DEBUG][intensifier.py:257] --- Config 7f0f3e is still running. Skipping this config in the queue...
[DEBUG][intensifier.py:257] --- Config ae88dd is still running. Skipping this config in the queue...
[DEBUG][intensifier.py:257] --- Config c21897 is still running. Skipping this config in the queue...
[DEBUG][intensifier.py:257] --- Config 08e1ec is still running. Skipping this config in the queue...
[DEBUG][intensifier.py:257] --- Config 2225ae is still running. Skipping this config in the queue...
[DEBUG][intensifier.py:257] --- Config b2fd94 is still running. Skipping this config in the queue...
[DEBUG][intensifier.py:257] --- Config 4c0099 is still running. Skipping this config in the queue...
[DEBUG][intensifier.py:257] --- Config 693047 is still running. Skipping this config in the queue...
[DEBUG][intensifier.py:257] --- Config 37ba72 is still running. Skipping this config in the queue...
[DEBUG][intensifier.py:257] --- Config df7981 is still running. Skipping this config in the queue...
[DEBUG][intensifier.py:257] --- Config 8be465 is still running. Skipping this config in the queue...
[DEBUG][intensifier.py:257] --- Config 54d341 is still running. Skipping this config in the queue...
[DEBUG][intensifier.py:280] Get next trials for config 3d1bb5 and budget 1 from keys [InstanceSeedBudgetKey(instance=None, seed=1791095845, budget=None)]
[DEBUG][intensifier.py:282] --- Yielding 1 trials to evaluate config 3d1bb5...
[DEBUG][smbo.py:171] ...and received a new trial.
[DEBUG][dask_runner.py:129] No worker available. Waiting for one to be available...
[DEBUG][runhistory.py:1060] Update cost for config 29ec3d.
[DEBUG][smbo.py:226] Tell method was called with cost [0.261210870960651, 0.07916968804044, 37.95524077466689] (SUCCESS).
[DEBUG][abstract_intensifier.py:546] Validate whether we have overlap in the keys evaluated for the challenger config [InstanceSeedBudgetKey(instance=None, seed=1791095845, budget=None)] and the incumbent config [InstanceSeedBudgetKey(instance=None, seed=1791095845, budget=None)]. If the challenger is dominated, reject id.
[DEBUG][abstract_intensifier.py:555] Check on the currently evaluated instances whether the challenger is dominated by the incumbent
[DEBUG][abstract_intensifier.py:571] Challenger config 29ec3d is dominated by incumbent acf346.
[DEBUG][smbo.py:327] Remaining wallclock time: inf, Remaining cpu time: inf, Remaining trials: 13
[DEBUG][smbo.py:156] Calling ask...
[DEBUG][intensifier.py:287] --- Finished yielding for config 3d1bb5.
[DEBUG][intensifier.py:291] --- Removed config 3d1bb5 with N=1 from queue.
[DEBUG][intensifier.py:298] --- Doubled trials of config 3d1bb5 to N=2 and added it to the queue again.
[DEBUG][intensifier.py:251] Start finding a new challenger in the queue:
[DEBUG][intensifier.py:257] --- Config 479706 is still running. Skipping this config in the queue...
[DEBUG][intensifier.py:257] --- Config 3e370b is still running. Skipping this config in the queue...
[DEBUG][intensifier.py:257] --- Config 4fbe6a is still running. Skipping this config in the queue...
[DEBUG][intensifier.py:257] --- Config b5e6e2 is still running. Skipping this config in the queue...
[DEBUG][intensifier.py:257] --- Config ef4273 is still running. Skipping this config in the queue...
[DEBUG][intensifier.py:257] --- Config f0e119 is still running. Skipping this config in the queue...
[DEBUG][intensifier.py:257] --- Config 711eb2 is still running. Skipping this config in the queue...
[DEBUG][intensifier.py:257] --- Config 048aa7 is still running. Skipping this config in the queue...
[DEBUG][intensifier.py:257] --- Config 59c342 is still running. Skipping this config in the queue...
[DEBUG][intensifier.py:257] --- Config de26d5 is still running. Skipping this config in the queue...
[DEBUG][intensifier.py:257] --- Config 3668af is still running. Skipping this config in the queue...
[DEBUG][intensifier.py:257] --- Config f1de1d is still running. Skipping this config in the queue...
[DEBUG][intensifier.py:257] --- Config a2fcca is still running. Skipping this config in the queue...
[DEBUG][intensifier.py:262] --- Config 29ec3d was removed from the queue because it was rejected.
[DEBUG][intensifier.py:257] --- Config a46225 is still running. Skipping this config in the queue...
[DEBUG][intensifier.py:257] --- Config cfa074 is still running. Skipping this config in the queue...
[DEBUG][intensifier.py:257] --- Config 592e03 is still running. Skipping this config in the queue...
[DEBUG][intensifier.py:257] --- Config b226f7 is still running. Skipping this config in the queue...
[DEBUG][intensifier.py:257] --- Config 4a47d8 is still running. Skipping this config in the queue...
[DEBUG][intensifier.py:257] --- Config 2d9f0a is still running. Skipping this config in the queue...
[DEBUG][intensifier.py:257] --- Config b7bc12 is still running. Skipping this config in the queue...
[DEBUG][intensifier.py:257] --- Config f6e472 is still running. Skipping this config in the queue...
[DEBUG][intensifier.py:257] --- Config 2e9f42 is still running. Skipping this config in the queue...
[DEBUG][intensifier.py:257] --- Config 9be210 is still running. Skipping this config in the queue...
[DEBUG][intensifier.py:257] --- Config 7f0f3e is still running. Skipping this config in the queue...
[DEBUG][intensifier.py:257] --- Config ae88dd is still running. Skipping this config in the queue...
[DEBUG][intensifier.py:257] --- Config c21897 is still running. Skipping this config in the queue...
[DEBUG][intensifier.py:257] --- Config 08e1ec is still running. Skipping this config in the queue...
[DEBUG][intensifier.py:257] --- Config 2225ae is still running. Skipping this config in the queue...
[DEBUG][intensifier.py:257] --- Config b2fd94 is still running. Skipping this config in the queue...
[DEBUG][intensifier.py:257] --- Config 4c0099 is still running. Skipping this config in the queue...
[DEBUG][intensifier.py:257] --- Config 693047 is still running. Skipping this config in the queue...
[DEBUG][intensifier.py:257] --- Config 37ba72 is still running. Skipping this config in the queue...
[DEBUG][intensifier.py:257] --- Config df7981 is still running. Skipping this config in the queue...
[DEBUG][intensifier.py:257] --- Config 8be465 is still running. Skipping this config in the queue...
[DEBUG][intensifier.py:257] --- Config 54d341 is still running. Skipping this config in the queue...
[DEBUG][intensifier.py:257] --- Config 3d1bb5 is still running. Skipping this config in the queue...
[DEBUG][intensifier.py:168] All configs in the queue are running:
[DEBUG][intensifier.py:180] --- Skipping intensifying incumbent 2cde66 because it has trials pending.
[DEBUG][intensifier.py:180] --- Skipping intensifying incumbent 0a36d5 because it has trials pending.
[DEBUG][intensifier.py:180] --- Skipping intensifying incumbent cef2c7 because it has trials pending.
[DEBUG][intensifier.py:180] --- Skipping intensifying incumbent acf346 because it has trials pending.
[DEBUG][intensifier.py:239] --- Added a new config f6cefd to the queue.
[DEBUG][intensifier.py:251] Start finding a new challenger in the queue:
[DEBUG][intensifier.py:257] --- Config 479706 is still running. Skipping this config in the queue...
[DEBUG][intensifier.py:257] --- Config 3e370b is still running. Skipping this config in the queue...
[DEBUG][intensifier.py:257] --- Config 4fbe6a is still running. Skipping this config in the queue...
[DEBUG][intensifier.py:257] --- Config b5e6e2 is still running. Skipping this config in the queue...
[DEBUG][intensifier.py:257] --- Config ef4273 is still running. Skipping this config in the queue...
[DEBUG][intensifier.py:257] --- Config f0e119 is still running. Skipping this config in the queue...
[DEBUG][intensifier.py:257] --- Config 711eb2 is still running. Skipping this config in the queue...
[DEBUG][intensifier.py:257] --- Config 048aa7 is still running. Skipping this config in the queue...
[DEBUG][intensifier.py:257] --- Config 59c342 is still running. Skipping this config in the queue...
[DEBUG][intensifier.py:257] --- Config de26d5 is still running. Skipping this config in the queue...
[DEBUG][intensifier.py:257] --- Config 3668af is still running. Skipping this config in the queue...
[DEBUG][intensifier.py:257] --- Config f1de1d is still running. Skipping this config in the queue...
[DEBUG][intensifier.py:257] --- Config a2fcca is still running. Skipping this config in the queue...
[DEBUG][intensifier.py:257] --- Config a46225 is still running. Skipping this config in the queue...
[DEBUG][intensifier.py:257] --- Config cfa074 is still running. Skipping this config in the queue...
[DEBUG][intensifier.py:257] --- Config 592e03 is still running. Skipping this config in the queue...
[DEBUG][intensifier.py:257] --- Config b226f7 is still running. Skipping this config in the queue...
[DEBUG][intensifier.py:257] --- Config 4a47d8 is still running. Skipping this config in the queue...
[DEBUG][intensifier.py:257] --- Config 2d9f0a is still running. Skipping this config in the queue...
[DEBUG][intensifier.py:257] --- Config b7bc12 is still running. Skipping this config in the queue...
[DEBUG][intensifier.py:257] --- Config f6e472 is still running. Skipping this config in the queue...
[DEBUG][intensifier.py:257] --- Config 2e9f42 is still running. Skipping this config in the queue...
[DEBUG][intensifier.py:257] --- Config 9be210 is still running. Skipping this config in the queue...
[DEBUG][intensifier.py:257] --- Config 7f0f3e is still running. Skipping this config in the queue...
[DEBUG][intensifier.py:257] --- Config ae88dd is still running. Skipping this config in the queue...
[DEBUG][intensifier.py:257] --- Config c21897 is still running. Skipping this config in the queue...
[DEBUG][intensifier.py:257] --- Config 08e1ec is still running. Skipping this config in the queue...
[DEBUG][intensifier.py:257] --- Config 2225ae is still running. Skipping this config in the queue...
[DEBUG][intensifier.py:257] --- Config b2fd94 is still running. Skipping this config in the queue...
[DEBUG][intensifier.py:257] --- Config 4c0099 is still running. Skipping this config in the queue...
[DEBUG][intensifier.py:257] --- Config 693047 is still running. Skipping this config in the queue...
[DEBUG][intensifier.py:257] --- Config 37ba72 is still running. Skipping this config in the queue...
[DEBUG][intensifier.py:257] --- Config df7981 is still running. Skipping this config in the queue...
[DEBUG][intensifier.py:257] --- Config 8be465 is still running. Skipping this config in the queue...
[DEBUG][intensifier.py:257] --- Config 54d341 is still running. Skipping this config in the queue...
[DEBUG][intensifier.py:257] --- Config 3d1bb5 is still running. Skipping this config in the queue...
[DEBUG][intensifier.py:280] Get next trials for config f6cefd and budget 1 from keys [InstanceSeedBudgetKey(instance=None, seed=1791095845, budget=None)]
[DEBUG][intensifier.py:282] --- Yielding 1 trials to evaluate config f6cefd...
[DEBUG][smbo.py:171] ...and received a new trial.
[DEBUG][dask_runner.py:129] No worker available. Waiting for one to be available...
[DEBUG][runhistory.py:1060] Update cost for config b5e6e2.
[DEBUG][smbo.py:226] Tell method was called with cost [0.58679787623213, 0.5958005405632509, 39.64399781846441] (SUCCESS).
[DEBUG][abstract_intensifier.py:546] Validate whether we have overlap in the keys evaluated for the challenger config [InstanceSeedBudgetKey(instance=None, seed=1791095845, budget=None)] and the incumbent config [InstanceSeedBudgetKey(instance=None, seed=1791095845, budget=None)]. If the challenger is dominated, reject id.
[DEBUG][abstract_intensifier.py:555] Check on the currently evaluated instances whether the challenger is dominated by the incumbent
[DEBUG][abstract_intensifier.py:571] Challenger config b5e6e2 is dominated by incumbent cef2c7.
[DEBUG][abstract_intensifier.py:571] Challenger config b5e6e2 is dominated by incumbent acf346.
[DEBUG][runhistory.py:1060] Update cost for config 7f0f3e.
[DEBUG][smbo.py:226] Tell method was called with cost [0.17569623503977325, 0.053547084429748835, 36.40681433794089] (SUCCESS).
[DEBUG][abstract_intensifier.py:546] Validate whether we have overlap in the keys evaluated for the challenger config [InstanceSeedBudgetKey(instance=None, seed=1791095845, budget=None)] and the incumbent config [InstanceSeedBudgetKey(instance=None, seed=1791095845, budget=None)]. If the challenger is dominated, reject id.
[DEBUG][abstract_intensifier.py:555] Check on the currently evaluated instances whether the challenger is dominated by the incumbent
[INFO][abstract_intensifier.py:638] Config 7f0f3e is a new incumbent. Total number of incumbents: 5.
[DEBUG][abstract_intensifier.py:747] Updated trajectory.
[DEBUG][runhistory.py:1060] Update cost for config de26d5.
[DEBUG][smbo.py:226] Tell method was called with cost [0.346830787294706, 0.0036101305631191507, 39.5970627295319] (SUCCESS).
[DEBUG][abstract_intensifier.py:546] Validate whether we have overlap in the keys evaluated for the challenger config [InstanceSeedBudgetKey(instance=None, seed=1791095845, budget=None)] and the incumbent config [InstanceSeedBudgetKey(instance=None, seed=1791095845, budget=None)]. If the challenger is dominated, reject id.
[DEBUG][abstract_intensifier.py:555] Check on the currently evaluated instances whether the challenger is dominated by the incumbent
[INFO][abstract_intensifier.py:638] Config de26d5 is a new incumbent. Total number of incumbents: 6.
[DEBUG][abstract_intensifier.py:747] Updated trajectory.
[DEBUG][smbo.py:327] Remaining wallclock time: inf, Remaining cpu time: inf, Remaining trials: 12
[DEBUG][smbo.py:156] Calling ask...
[DEBUG][intensifier.py:287] --- Finished yielding for config f6cefd.
[DEBUG][intensifier.py:291] --- Removed config f6cefd with N=1 from queue.
[DEBUG][intensifier.py:298] --- Doubled trials of config f6cefd to N=2 and added it to the queue again.
[DEBUG][intensifier.py:251] Start finding a new challenger in the queue:
[DEBUG][intensifier.py:257] --- Config 479706 is still running. Skipping this config in the queue...
[DEBUG][intensifier.py:257] --- Config 3e370b is still running. Skipping this config in the queue...
[DEBUG][intensifier.py:257] --- Config 4fbe6a is still running. Skipping this config in the queue...
[DEBUG][intensifier.py:262] --- Config b5e6e2 was removed from the queue because it was rejected.
[DEBUG][intensifier.py:257] --- Config ef4273 is still running. Skipping this config in the queue...
[DEBUG][intensifier.py:257] --- Config f0e119 is still running. Skipping this config in the queue...
[DEBUG][intensifier.py:257] --- Config 711eb2 is still running. Skipping this config in the queue...
[DEBUG][intensifier.py:257] --- Config 048aa7 is still running. Skipping this config in the queue...
[DEBUG][intensifier.py:257] --- Config 59c342 is still running. Skipping this config in the queue...
[DEBUG][intensifier.py:268] --- Config de26d5 was removed from the queue because it is an incumbent.
[DEBUG][intensifier.py:257] --- Config 3668af is still running. Skipping this config in the queue...
[DEBUG][intensifier.py:257] --- Config f1de1d is still running. Skipping this config in the queue...
[DEBUG][intensifier.py:257] --- Config a2fcca is still running. Skipping this config in the queue...
[DEBUG][intensifier.py:257] --- Config a46225 is still running. Skipping this config in the queue...
[DEBUG][intensifier.py:257] --- Config cfa074 is still running. Skipping this config in the queue...
[DEBUG][intensifier.py:257] --- Config 592e03 is still running. Skipping this config in the queue...
[DEBUG][intensifier.py:257] --- Config b226f7 is still running. Skipping this config in the queue...
[DEBUG][intensifier.py:257] --- Config 4a47d8 is still running. Skipping this config in the queue...
[DEBUG][intensifier.py:257] --- Config 2d9f0a is still running. Skipping this config in the queue...
[DEBUG][intensifier.py:257] --- Config b7bc12 is still running. Skipping this config in the queue...
[DEBUG][intensifier.py:257] --- Config f6e472 is still running. Skipping this config in the queue...
[DEBUG][intensifier.py:257] --- Config 2e9f42 is still running. Skipping this config in the queue...
[DEBUG][intensifier.py:257] --- Config 9be210 is still running. Skipping this config in the queue...
[DEBUG][intensifier.py:268] --- Config 7f0f3e was removed from the queue because it is an incumbent.
[DEBUG][intensifier.py:257] --- Config ae88dd is still running. Skipping this config in the queue...
[DEBUG][intensifier.py:257] --- Config c21897 is still running. Skipping this config in the queue...
[DEBUG][intensifier.py:257] --- Config 08e1ec is still running. Skipping this config in the queue...
[DEBUG][intensifier.py:257] --- Config 2225ae is still running. Skipping this config in the queue...
[DEBUG][intensifier.py:257] --- Config b2fd94 is still running. Skipping this config in the queue...
[DEBUG][intensifier.py:257] --- Config 4c0099 is still running. Skipping this config in the queue...
[DEBUG][intensifier.py:257] --- Config 693047 is still running. Skipping this config in the queue...
[DEBUG][intensifier.py:257] --- Config 37ba72 is still running. Skipping this config in the queue...
[DEBUG][intensifier.py:257] --- Config df7981 is still running. Skipping this config in the queue...
[DEBUG][intensifier.py:257] --- Config 8be465 is still running. Skipping this config in the queue...
[DEBUG][intensifier.py:257] --- Config 54d341 is still running. Skipping this config in the queue...
[DEBUG][intensifier.py:257] --- Config 3d1bb5 is still running. Skipping this config in the queue...
[DEBUG][intensifier.py:257] --- Config f6cefd is still running. Skipping this config in the queue...
[DEBUG][intensifier.py:168] All configs in the queue are running:
[DEBUG][intensifier.py:180] --- Skipping intensifying incumbent 2cde66 because it has trials pending.
[DEBUG][intensifier.py:180] --- Skipping intensifying incumbent 0a36d5 because it has trials pending.
[DEBUG][intensifier.py:180] --- Skipping intensifying incumbent cef2c7 because it has trials pending.
[DEBUG][intensifier.py:180] --- Skipping intensifying incumbent acf346 because it has trials pending.
[DEBUG][intensifier.py:207] --- Incumbent 7f0f3e was already evaluated on all incumbent instances and incumbent instance differences so far. Looking for new instances...
[DEBUG][intensifier.py:212] --- Randomly found 2 new trials.
[DEBUG][intensifier.py:216] --- Yielding trial 2 of 3 from incumbent 7f0f3e...
[DEBUG][smbo.py:171] ...and received a new trial.
[DEBUG][smbo.py:327] Remaining wallclock time: inf, Remaining cpu time: inf, Remaining trials: 11
[DEBUG][smbo.py:156] Calling ask...
[DEBUG][intensifier.py:221] --- Finished yielding for config 7f0f3e.
[DEBUG][intensifier.py:239] --- Added a new config 26fbe0 to the queue.
[DEBUG][intensifier.py:251] Start finding a new challenger in the queue:
[DEBUG][intensifier.py:257] --- Config 479706 is still running. Skipping this config in the queue...
[DEBUG][intensifier.py:257] --- Config 3e370b is still running. Skipping this config in the queue...
[DEBUG][intensifier.py:257] --- Config 4fbe6a is still running. Skipping this config in the queue...
[DEBUG][intensifier.py:257] --- Config ef4273 is still running. Skipping this config in the queue...
[DEBUG][intensifier.py:257] --- Config f0e119 is still running. Skipping this config in the queue...
[DEBUG][intensifier.py:257] --- Config 711eb2 is still running. Skipping this config in the queue...
[DEBUG][intensifier.py:257] --- Config 048aa7 is still running. Skipping this config in the queue...
[DEBUG][intensifier.py:257] --- Config 59c342 is still running. Skipping this config in the queue...
[DEBUG][intensifier.py:257] --- Config 3668af is still running. Skipping this config in the queue...
[DEBUG][intensifier.py:257] --- Config f1de1d is still running. Skipping this config in the queue...
[DEBUG][intensifier.py:257] --- Config a2fcca is still running. Skipping this config in the queue...
[DEBUG][intensifier.py:257] --- Config a46225 is still running. Skipping this config in the queue...
[DEBUG][intensifier.py:257] --- Config cfa074 is still running. Skipping this config in the queue...
[DEBUG][intensifier.py:257] --- Config 592e03 is still running. Skipping this config in the queue...
[DEBUG][intensifier.py:257] --- Config b226f7 is still running. Skipping this config in the queue...
[DEBUG][intensifier.py:257] --- Config 4a47d8 is still running. Skipping this config in the queue...
[DEBUG][intensifier.py:257] --- Config 2d9f0a is still running. Skipping this config in the queue...
[DEBUG][intensifier.py:257] --- Config b7bc12 is still running. Skipping this config in the queue...
[DEBUG][intensifier.py:257] --- Config f6e472 is still running. Skipping this config in the queue...
[DEBUG][intensifier.py:257] --- Config 2e9f42 is still running. Skipping this config in the queue...
[DEBUG][intensifier.py:257] --- Config 9be210 is still running. Skipping this config in the queue...
[DEBUG][intensifier.py:257] --- Config ae88dd is still running. Skipping this config in the queue...
[DEBUG][intensifier.py:257] --- Config c21897 is still running. Skipping this config in the queue...
[DEBUG][intensifier.py:257] --- Config 08e1ec is still running. Skipping this config in the queue...
[DEBUG][intensifier.py:257] --- Config 2225ae is still running. Skipping this config in the queue...
[DEBUG][intensifier.py:257] --- Config b2fd94 is still running. Skipping this config in the queue...
[DEBUG][intensifier.py:257] --- Config 4c0099 is still running. Skipping this config in the queue...
[DEBUG][intensifier.py:257] --- Config 693047 is still running. Skipping this config in the queue...
[DEBUG][intensifier.py:257] --- Config 37ba72 is still running. Skipping this config in the queue...
[DEBUG][intensifier.py:257] --- Config df7981 is still running. Skipping this config in the queue...
[DEBUG][intensifier.py:257] --- Config 8be465 is still running. Skipping this config in the queue...
[DEBUG][intensifier.py:257] --- Config 54d341 is still running. Skipping this config in the queue...
[DEBUG][intensifier.py:257] --- Config 3d1bb5 is still running. Skipping this config in the queue...
[DEBUG][intensifier.py:257] --- Config f6cefd is still running. Skipping this config in the queue...
[DEBUG][intensifier.py:280] Get next trials for config 26fbe0 and budget 1 from keys [InstanceSeedBudgetKey(instance=None, seed=1791095845, budget=None)]
[DEBUG][intensifier.py:282] --- Yielding 1 trials to evaluate config 26fbe0...
[DEBUG][smbo.py:171] ...and received a new trial.
[DEBUG][smbo.py:327] Remaining wallclock time: inf, Remaining cpu time: inf, Remaining trials: 10
[DEBUG][smbo.py:156] Calling ask...
[DEBUG][intensifier.py:287] --- Finished yielding for config 26fbe0.
[DEBUG][intensifier.py:291] --- Removed config 26fbe0 with N=1 from queue.
[DEBUG][intensifier.py:298] --- Doubled trials of config 26fbe0 to N=2 and added it to the queue again.
[DEBUG][intensifier.py:168] All configs in the queue are running:
[DEBUG][intensifier.py:180] --- Skipping intensifying incumbent 2cde66 because it has trials pending.
[DEBUG][intensifier.py:180] --- Skipping intensifying incumbent 0a36d5 because it has trials pending.
[DEBUG][intensifier.py:180] --- Skipping intensifying incumbent cef2c7 because it has trials pending.
[DEBUG][intensifier.py:180] --- Skipping intensifying incumbent acf346 because it has trials pending.
[DEBUG][intensifier.py:180] --- Skipping intensifying incumbent 7f0f3e because it has trials pending.
[DEBUG][intensifier.py:207] --- Incumbent de26d5 was already evaluated on all incumbent instances and incumbent instance differences so far. Looking for new instances...
[DEBUG][intensifier.py:212] --- Randomly found 2 new trials.
[DEBUG][intensifier.py:216] --- Yielding trial 2 of 3 from incumbent de26d5...
[DEBUG][smbo.py:171] ...and received a new trial.
[DEBUG][dask_runner.py:129] No worker available. Waiting for one to be available...
[DEBUG][runhistory.py:1060] Update cost for config 2d9f0a.
[DEBUG][smbo.py:226] Tell method was called with cost [1.5083266278558534, 0.01022247053314401, 45.535869498038664] (SUCCESS).
[DEBUG][abstract_intensifier.py:546] Validate whether we have overlap in the keys evaluated for the challenger config [InstanceSeedBudgetKey(instance=None, seed=1791095845, budget=None)] and the incumbent config [InstanceSeedBudgetKey(instance=None, seed=1791095845, budget=None)]. If the challenger is dominated, reject id.
[DEBUG][abstract_intensifier.py:555] Check on the currently evaluated instances whether the challenger is dominated by the incumbent
[DEBUG][abstract_intensifier.py:571] Challenger config 2d9f0a is dominated by incumbent de26d5.
[DEBUG][smbo.py:327] Remaining wallclock time: inf, Remaining cpu time: inf, Remaining trials: 9
[DEBUG][smbo.py:156] Calling ask...
[DEBUG][intensifier.py:221] --- Finished yielding for config de26d5.
[DEBUG][config_selector.py:235] Yielded 8 configurations. Start new iteration and retrain surrogate model.
[DEBUG][abstract_encoder.py:262] Transforming RunHistory into X, y format...
[DEBUG][abstract_encoder.py:282] Converted 15 observations.
[DEBUG][local_search.py:583] Local searches took [4, 1, 1, 1, 1, 4, 6, 1, 12, 10, 4, 1, 5, 4, 1, 2, 1, 1, 1, 11] steps and looked at [249, 220, 220, 220, 220, 239, 248, 220, 282, 258, 251, 220, 254, 230, 220, 220, 220, 220, 220, 258] configurations. Computing the acquisition function in vectorized for took 0.024940 seconds on average.
[DEBUG][local_and_random_search.py:191] First 5 acquisition function values of selected configurations: 
[0.01316302] (Acquisition Function Maximizer: Local Search), 0.013163019780219557 (Acquisition Function Maximizer: Local Search), 0.013163019780219557 (Acquisition Function Maximizer: Local Search), 0.013163019780219557 (Acquisition Function Maximizer: Local Search), 0.013163019780219557 (Acquisition Function Maximizer: Local Search)
[DEBUG][intensifier.py:239] --- Added a new config fee0f5 to the queue.
[DEBUG][intensifier.py:251] Start finding a new challenger in the queue:
[DEBUG][intensifier.py:257] --- Config 479706 is still running. Skipping this config in the queue...
[DEBUG][intensifier.py:257] --- Config 3e370b is still running. Skipping this config in the queue...
[DEBUG][intensifier.py:257] --- Config 4fbe6a is still running. Skipping this config in the queue...
[DEBUG][intensifier.py:257] --- Config ef4273 is still running. Skipping this config in the queue...
[DEBUG][intensifier.py:257] --- Config f0e119 is still running. Skipping this config in the queue...
[DEBUG][intensifier.py:257] --- Config 711eb2 is still running. Skipping this config in the queue...
[DEBUG][intensifier.py:257] --- Config 048aa7 is still running. Skipping this config in the queue...
[DEBUG][intensifier.py:257] --- Config 59c342 is still running. Skipping this config in the queue...
[DEBUG][intensifier.py:257] --- Config 3668af is still running. Skipping this config in the queue...
[DEBUG][intensifier.py:257] --- Config f1de1d is still running. Skipping this config in the queue...
[DEBUG][intensifier.py:257] --- Config a2fcca is still running. Skipping this config in the queue...
[DEBUG][intensifier.py:257] --- Config a46225 is still running. Skipping this config in the queue...
[DEBUG][intensifier.py:257] --- Config cfa074 is still running. Skipping this config in the queue...
[DEBUG][intensifier.py:257] --- Config 592e03 is still running. Skipping this config in the queue...
[DEBUG][intensifier.py:257] --- Config b226f7 is still running. Skipping this config in the queue...
[DEBUG][intensifier.py:257] --- Config 4a47d8 is still running. Skipping this config in the queue...
[DEBUG][intensifier.py:262] --- Config 2d9f0a was removed from the queue because it was rejected.
[DEBUG][intensifier.py:257] --- Config b7bc12 is still running. Skipping this config in the queue...
[DEBUG][intensifier.py:257] --- Config f6e472 is still running. Skipping this config in the queue...
[DEBUG][intensifier.py:257] --- Config 2e9f42 is still running. Skipping this config in the queue...
[DEBUG][intensifier.py:257] --- Config 9be210 is still running. Skipping this config in the queue...
[DEBUG][intensifier.py:257] --- Config ae88dd is still running. Skipping this config in the queue...
[DEBUG][intensifier.py:257] --- Config c21897 is still running. Skipping this config in the queue...
[DEBUG][intensifier.py:257] --- Config 08e1ec is still running. Skipping this config in the queue...
[DEBUG][intensifier.py:257] --- Config 2225ae is still running. Skipping this config in the queue...
[DEBUG][intensifier.py:257] --- Config b2fd94 is still running. Skipping this config in the queue...
[DEBUG][intensifier.py:257] --- Config 4c0099 is still running. Skipping this config in the queue...
[DEBUG][intensifier.py:257] --- Config 693047 is still running. Skipping this config in the queue...
[DEBUG][intensifier.py:257] --- Config 37ba72 is still running. Skipping this config in the queue...
[DEBUG][intensifier.py:257] --- Config df7981 is still running. Skipping this config in the queue...
[DEBUG][intensifier.py:257] --- Config 8be465 is still running. Skipping this config in the queue...
[DEBUG][intensifier.py:257] --- Config 54d341 is still running. Skipping this config in the queue...
[DEBUG][intensifier.py:257] --- Config 3d1bb5 is still running. Skipping this config in the queue...
[DEBUG][intensifier.py:257] --- Config f6cefd is still running. Skipping this config in the queue...
[DEBUG][intensifier.py:257] --- Config 26fbe0 is still running. Skipping this config in the queue...
[DEBUG][intensifier.py:280] Get next trials for config fee0f5 and budget 1 from keys [InstanceSeedBudgetKey(instance=None, seed=1791095845, budget=None)]
[DEBUG][intensifier.py:282] --- Yielding 1 trials to evaluate config fee0f5...
[DEBUG][smbo.py:171] ...and received a new trial.
[DEBUG][dask_runner.py:129] No worker available. Waiting for one to be available...
[DEBUG][runhistory.py:1060] Update cost for config 3e370b.
[DEBUG][smbo.py:226] Tell method was called with cost [1.176272468603434, 0.004449829093512995, 48.91249893186614] (SUCCESS).
[DEBUG][abstract_intensifier.py:546] Validate whether we have overlap in the keys evaluated for the challenger config [InstanceSeedBudgetKey(instance=None, seed=1791095845, budget=None)] and the incumbent config [InstanceSeedBudgetKey(instance=None, seed=1791095845, budget=None)]. If the challenger is dominated, reject id.
[DEBUG][abstract_intensifier.py:555] Check on the currently evaluated instances whether the challenger is dominated by the incumbent
[DEBUG][abstract_intensifier.py:571] Challenger config 3e370b is dominated by incumbent de26d5.
[DEBUG][runhistory.py:1060] Update cost for config f1de1d.
[DEBUG][smbo.py:226] Tell method was called with cost [1.1417679920022805, 0.28954026416542533, 46.71771350083873] (SUCCESS).
[DEBUG][abstract_intensifier.py:546] Validate whether we have overlap in the keys evaluated for the challenger config [InstanceSeedBudgetKey(instance=None, seed=1791095845, budget=None)] and the incumbent config [InstanceSeedBudgetKey(instance=None, seed=1791095845, budget=None)]. If the challenger is dominated, reject id.
[DEBUG][abstract_intensifier.py:555] Check on the currently evaluated instances whether the challenger is dominated by the incumbent
[DEBUG][abstract_intensifier.py:571] Challenger config f1de1d is dominated by incumbent acf346.
[DEBUG][abstract_intensifier.py:571] Challenger config f1de1d is dominated by incumbent 7f0f3e.
[DEBUG][abstract_intensifier.py:571] Challenger config f1de1d is dominated by incumbent de26d5.
[DEBUG][smbo.py:327] Remaining wallclock time: inf, Remaining cpu time: inf, Remaining trials: 8
[DEBUG][smbo.py:156] Calling ask...
[DEBUG][intensifier.py:287] --- Finished yielding for config fee0f5.
[DEBUG][intensifier.py:291] --- Removed config fee0f5 with N=1 from queue.
[DEBUG][intensifier.py:298] --- Doubled trials of config fee0f5 to N=2 and added it to the queue again.
[DEBUG][intensifier.py:251] Start finding a new challenger in the queue:
[DEBUG][intensifier.py:257] --- Config 479706 is still running. Skipping this config in the queue...
[DEBUG][intensifier.py:262] --- Config 3e370b was removed from the queue because it was rejected.
[DEBUG][intensifier.py:257] --- Config 4fbe6a is still running. Skipping this config in the queue...
[DEBUG][intensifier.py:257] --- Config ef4273 is still running. Skipping this config in the queue...
[DEBUG][intensifier.py:257] --- Config f0e119 is still running. Skipping this config in the queue...
[DEBUG][intensifier.py:257] --- Config 711eb2 is still running. Skipping this config in the queue...
[DEBUG][intensifier.py:257] --- Config 048aa7 is still running. Skipping this config in the queue...
[DEBUG][intensifier.py:257] --- Config 59c342 is still running. Skipping this config in the queue...
[DEBUG][intensifier.py:257] --- Config 3668af is still running. Skipping this config in the queue...
[DEBUG][intensifier.py:262] --- Config f1de1d was removed from the queue because it was rejected.
[DEBUG][intensifier.py:257] --- Config a2fcca is still running. Skipping this config in the queue...
[DEBUG][intensifier.py:257] --- Config a46225 is still running. Skipping this config in the queue...
[DEBUG][intensifier.py:257] --- Config cfa074 is still running. Skipping this config in the queue...
[DEBUG][intensifier.py:257] --- Config 592e03 is still running. Skipping this config in the queue...
[DEBUG][intensifier.py:257] --- Config b226f7 is still running. Skipping this config in the queue...
[DEBUG][intensifier.py:257] --- Config 4a47d8 is still running. Skipping this config in the queue...
[DEBUG][intensifier.py:257] --- Config b7bc12 is still running. Skipping this config in the queue...
[DEBUG][intensifier.py:257] --- Config f6e472 is still running. Skipping this config in the queue...
[DEBUG][intensifier.py:257] --- Config 2e9f42 is still running. Skipping this config in the queue...
[DEBUG][intensifier.py:257] --- Config 9be210 is still running. Skipping this config in the queue...
[DEBUG][intensifier.py:257] --- Config ae88dd is still running. Skipping this config in the queue...
[DEBUG][intensifier.py:257] --- Config c21897 is still running. Skipping this config in the queue...
[DEBUG][intensifier.py:257] --- Config 08e1ec is still running. Skipping this config in the queue...
[DEBUG][intensifier.py:257] --- Config 2225ae is still running. Skipping this config in the queue...
[DEBUG][intensifier.py:257] --- Config b2fd94 is still running. Skipping this config in the queue...
[DEBUG][intensifier.py:257] --- Config 4c0099 is still running. Skipping this config in the queue...
[DEBUG][intensifier.py:257] --- Config 693047 is still running. Skipping this config in the queue...
[DEBUG][intensifier.py:257] --- Config 37ba72 is still running. Skipping this config in the queue...
[DEBUG][intensifier.py:257] --- Config df7981 is still running. Skipping this config in the queue...
[DEBUG][intensifier.py:257] --- Config 8be465 is still running. Skipping this config in the queue...
[DEBUG][intensifier.py:257] --- Config 54d341 is still running. Skipping this config in the queue...
[DEBUG][intensifier.py:257] --- Config 3d1bb5 is still running. Skipping this config in the queue...
[DEBUG][intensifier.py:257] --- Config f6cefd is still running. Skipping this config in the queue...
[DEBUG][intensifier.py:257] --- Config 26fbe0 is still running. Skipping this config in the queue...
[DEBUG][intensifier.py:257] --- Config fee0f5 is still running. Skipping this config in the queue...
[DEBUG][intensifier.py:168] All configs in the queue are running:
[DEBUG][intensifier.py:180] --- Skipping intensifying incumbent 2cde66 because it has trials pending.
[DEBUG][intensifier.py:180] --- Skipping intensifying incumbent 0a36d5 because it has trials pending.
[DEBUG][intensifier.py:180] --- Skipping intensifying incumbent cef2c7 because it has trials pending.
[DEBUG][intensifier.py:180] --- Skipping intensifying incumbent acf346 because it has trials pending.
[DEBUG][intensifier.py:180] --- Skipping intensifying incumbent 7f0f3e because it has trials pending.
[DEBUG][intensifier.py:180] --- Skipping intensifying incumbent de26d5 because it has trials pending.
[DEBUG][intensifier.py:239] --- Added a new config 005b95 to the queue.
[DEBUG][intensifier.py:251] Start finding a new challenger in the queue:
[DEBUG][intensifier.py:257] --- Config 479706 is still running. Skipping this config in the queue...
[DEBUG][intensifier.py:257] --- Config 4fbe6a is still running. Skipping this config in the queue...
[DEBUG][intensifier.py:257] --- Config ef4273 is still running. Skipping this config in the queue...
[DEBUG][intensifier.py:257] --- Config f0e119 is still running. Skipping this config in the queue...
[DEBUG][intensifier.py:257] --- Config 711eb2 is still running. Skipping this config in the queue...
[DEBUG][intensifier.py:257] --- Config 048aa7 is still running. Skipping this config in the queue...
[DEBUG][intensifier.py:257] --- Config 59c342 is still running. Skipping this config in the queue...
[DEBUG][intensifier.py:257] --- Config 3668af is still running. Skipping this config in the queue...
[DEBUG][intensifier.py:257] --- Config a2fcca is still running. Skipping this config in the queue...
[DEBUG][intensifier.py:257] --- Config a46225 is still running. Skipping this config in the queue...
[DEBUG][intensifier.py:257] --- Config cfa074 is still running. Skipping this config in the queue...
[DEBUG][intensifier.py:257] --- Config 592e03 is still running. Skipping this config in the queue...
[DEBUG][intensifier.py:257] --- Config b226f7 is still running. Skipping this config in the queue...
[DEBUG][intensifier.py:257] --- Config 4a47d8 is still running. Skipping this config in the queue...
[DEBUG][intensifier.py:257] --- Config b7bc12 is still running. Skipping this config in the queue...
[DEBUG][intensifier.py:257] --- Config f6e472 is still running. Skipping this config in the queue...
[DEBUG][intensifier.py:257] --- Config 2e9f42 is still running. Skipping this config in the queue...
[DEBUG][intensifier.py:257] --- Config 9be210 is still running. Skipping this config in the queue...
[DEBUG][intensifier.py:257] --- Config ae88dd is still running. Skipping this config in the queue...
[DEBUG][intensifier.py:257] --- Config c21897 is still running. Skipping this config in the queue...
[DEBUG][intensifier.py:257] --- Config 08e1ec is still running. Skipping this config in the queue...
[DEBUG][intensifier.py:257] --- Config 2225ae is still running. Skipping this config in the queue...
[DEBUG][intensifier.py:257] --- Config b2fd94 is still running. Skipping this config in the queue...
[DEBUG][intensifier.py:257] --- Config 4c0099 is still running. Skipping this config in the queue...
[DEBUG][intensifier.py:257] --- Config 693047 is still running. Skipping this config in the queue...
[DEBUG][intensifier.py:257] --- Config 37ba72 is still running. Skipping this config in the queue...
[DEBUG][intensifier.py:257] --- Config df7981 is still running. Skipping this config in the queue...
[DEBUG][intensifier.py:257] --- Config 8be465 is still running. Skipping this config in the queue...
[DEBUG][intensifier.py:257] --- Config 54d341 is still running. Skipping this config in the queue...
[DEBUG][intensifier.py:257] --- Config 3d1bb5 is still running. Skipping this config in the queue...
[DEBUG][intensifier.py:257] --- Config f6cefd is still running. Skipping this config in the queue...
[DEBUG][intensifier.py:257] --- Config 26fbe0 is still running. Skipping this config in the queue...
[DEBUG][intensifier.py:257] --- Config fee0f5 is still running. Skipping this config in the queue...
[DEBUG][intensifier.py:280] Get next trials for config 005b95 and budget 1 from keys [InstanceSeedBudgetKey(instance=None, seed=1791095845, budget=None)]
[DEBUG][intensifier.py:282] --- Yielding 1 trials to evaluate config 005b95...
[DEBUG][smbo.py:171] ...and received a new trial.
[DEBUG][smbo.py:327] Remaining wallclock time: inf, Remaining cpu time: inf, Remaining trials: 7
[DEBUG][smbo.py:156] Calling ask...
[DEBUG][intensifier.py:287] --- Finished yielding for config 005b95.
[DEBUG][intensifier.py:291] --- Removed config 005b95 with N=1 from queue.
[DEBUG][intensifier.py:298] --- Doubled trials of config 005b95 to N=2 and added it to the queue again.
[DEBUG][intensifier.py:168] All configs in the queue are running:
[DEBUG][intensifier.py:180] --- Skipping intensifying incumbent 2cde66 because it has trials pending.
[DEBUG][intensifier.py:180] --- Skipping intensifying incumbent 0a36d5 because it has trials pending.
[DEBUG][intensifier.py:180] --- Skipping intensifying incumbent cef2c7 because it has trials pending.
[DEBUG][intensifier.py:180] --- Skipping intensifying incumbent acf346 because it has trials pending.
[DEBUG][intensifier.py:180] --- Skipping intensifying incumbent 7f0f3e because it has trials pending.
[DEBUG][intensifier.py:180] --- Skipping intensifying incumbent de26d5 because it has trials pending.
[DEBUG][intensifier.py:239] --- Added a new config 6e910b to the queue.
[DEBUG][intensifier.py:251] Start finding a new challenger in the queue:
[DEBUG][intensifier.py:257] --- Config 479706 is still running. Skipping this config in the queue...
[DEBUG][intensifier.py:257] --- Config 4fbe6a is still running. Skipping this config in the queue...
[DEBUG][intensifier.py:257] --- Config ef4273 is still running. Skipping this config in the queue...
[DEBUG][intensifier.py:257] --- Config f0e119 is still running. Skipping this config in the queue...
[DEBUG][intensifier.py:257] --- Config 711eb2 is still running. Skipping this config in the queue...
[DEBUG][intensifier.py:257] --- Config 048aa7 is still running. Skipping this config in the queue...
[DEBUG][intensifier.py:257] --- Config 59c342 is still running. Skipping this config in the queue...
[DEBUG][intensifier.py:257] --- Config 3668af is still running. Skipping this config in the queue...
[DEBUG][intensifier.py:257] --- Config a2fcca is still running. Skipping this config in the queue...
[DEBUG][intensifier.py:257] --- Config a46225 is still running. Skipping this config in the queue...
[DEBUG][intensifier.py:257] --- Config cfa074 is still running. Skipping this config in the queue...
[DEBUG][intensifier.py:257] --- Config 592e03 is still running. Skipping this config in the queue...
[DEBUG][intensifier.py:257] --- Config b226f7 is still running. Skipping this config in the queue...
[DEBUG][intensifier.py:257] --- Config 4a47d8 is still running. Skipping this config in the queue...
[DEBUG][intensifier.py:257] --- Config b7bc12 is still running. Skipping this config in the queue...
[DEBUG][intensifier.py:257] --- Config f6e472 is still running. Skipping this config in the queue...
[DEBUG][intensifier.py:257] --- Config 2e9f42 is still running. Skipping this config in the queue...
[DEBUG][intensifier.py:257] --- Config 9be210 is still running. Skipping this config in the queue...
[DEBUG][intensifier.py:257] --- Config ae88dd is still running. Skipping this config in the queue...
[DEBUG][intensifier.py:257] --- Config c21897 is still running. Skipping this config in the queue...
[DEBUG][intensifier.py:257] --- Config 08e1ec is still running. Skipping this config in the queue...
[DEBUG][intensifier.py:257] --- Config 2225ae is still running. Skipping this config in the queue...
[DEBUG][intensifier.py:257] --- Config b2fd94 is still running. Skipping this config in the queue...
[DEBUG][intensifier.py:257] --- Config 4c0099 is still running. Skipping this config in the queue...
[DEBUG][intensifier.py:257] --- Config 693047 is still running. Skipping this config in the queue...
[DEBUG][intensifier.py:257] --- Config 37ba72 is still running. Skipping this config in the queue...
[DEBUG][intensifier.py:257] --- Config df7981 is still running. Skipping this config in the queue...
[DEBUG][intensifier.py:257] --- Config 8be465 is still running. Skipping this config in the queue...
[DEBUG][intensifier.py:257] --- Config 54d341 is still running. Skipping this config in the queue...
[DEBUG][intensifier.py:257] --- Config 3d1bb5 is still running. Skipping this config in the queue...
[DEBUG][intensifier.py:257] --- Config f6cefd is still running. Skipping this config in the queue...
[DEBUG][intensifier.py:257] --- Config 26fbe0 is still running. Skipping this config in the queue...
[DEBUG][intensifier.py:257] --- Config fee0f5 is still running. Skipping this config in the queue...
[DEBUG][intensifier.py:257] --- Config 005b95 is still running. Skipping this config in the queue...
[DEBUG][intensifier.py:280] Get next trials for config 6e910b and budget 1 from keys [InstanceSeedBudgetKey(instance=None, seed=1791095845, budget=None)]
[DEBUG][intensifier.py:282] --- Yielding 1 trials to evaluate config 6e910b...
[DEBUG][smbo.py:171] ...and received a new trial.
[DEBUG][dask_runner.py:129] No worker available. Waiting for one to be available...
[DEBUG][runhistory.py:1060] Update cost for config 2cde66.
[DEBUG][smbo.py:226] Tell method was called with cost [0.7376702286643555, 0.827862524440091, 26.834637887543067] (SUCCESS).
[DEBUG][abstract_intensifier.py:546] Validate whether we have overlap in the keys evaluated for the challenger config [InstanceSeedBudgetKey(instance=None, seed=1791095845, budget=None), InstanceSeedBudgetKey(instance=None, seed=2135392491, budget=None)] and the incumbent config [InstanceSeedBudgetKey(instance=None, seed=1791095845, budget=None)]. If the challenger is dominated, reject id.
[DEBUG][abstract_intensifier.py:588] Config is already an incumbent but can not be compared to other incumbents because the others are missing trials.
[DEBUG][smbo.py:327] Remaining wallclock time: inf, Remaining cpu time: inf, Remaining trials: 6
[DEBUG][smbo.py:156] Calling ask...
[DEBUG][intensifier.py:287] --- Finished yielding for config 6e910b.
[DEBUG][intensifier.py:291] --- Removed config 6e910b with N=1 from queue.
[DEBUG][intensifier.py:298] --- Doubled trials of config 6e910b to N=2 and added it to the queue again.
[DEBUG][intensifier.py:168] All configs in the queue are running:
[DEBUG][intensifier.py:180] --- Skipping intensifying incumbent 0a36d5 because it has trials pending.
[DEBUG][intensifier.py:180] --- Skipping intensifying incumbent cef2c7 because it has trials pending.
[DEBUG][intensifier.py:180] --- Skipping intensifying incumbent acf346 because it has trials pending.
[DEBUG][intensifier.py:180] --- Skipping intensifying incumbent 7f0f3e because it has trials pending.
[DEBUG][intensifier.py:180] --- Skipping intensifying incumbent de26d5 because it has trials pending.
[DEBUG][intensifier.py:207] --- Incumbent 2cde66 was already evaluated on all incumbent instances and incumbent instance differences so far. Looking for new instances...
[DEBUG][intensifier.py:212] --- Randomly found 1 new trials.
[DEBUG][intensifier.py:216] --- Yielding trial 3 of 3 from incumbent 2cde66...
[DEBUG][smbo.py:171] ...and received a new trial.
[DEBUG][dask_runner.py:129] No worker available. Waiting for one to be available...
[DEBUG][runhistory.py:1060] Update cost for config 59c342.
[DEBUG][smbo.py:226] Tell method was called with cost [0.4752490734457453, 0.13472597249614698, 55.089754298562184] (SUCCESS).
[DEBUG][abstract_intensifier.py:546] Validate whether we have overlap in the keys evaluated for the challenger config [InstanceSeedBudgetKey(instance=None, seed=1791095845, budget=None)] and the incumbent config [InstanceSeedBudgetKey(instance=None, seed=1791095845, budget=None)]. If the challenger is dominated, reject id.
[DEBUG][abstract_intensifier.py:555] Check on the currently evaluated instances whether the challenger is dominated by the incumbent
[DEBUG][abstract_intensifier.py:571] Challenger config 59c342 is dominated by incumbent acf346.
[DEBUG][abstract_intensifier.py:571] Challenger config 59c342 is dominated by incumbent 7f0f3e.
[DEBUG][abstract_intensifier.py:571] Challenger config 59c342 is dominated by incumbent de26d5.
[DEBUG][smbo.py:327] Remaining wallclock time: inf, Remaining cpu time: inf, Remaining trials: 5
[DEBUG][smbo.py:156] Calling ask...
[DEBUG][intensifier.py:221] --- Finished yielding for config 2cde66.
[DEBUG][intensifier.py:239] --- Added a new config e1647f to the queue.
[DEBUG][intensifier.py:251] Start finding a new challenger in the queue:
[DEBUG][intensifier.py:257] --- Config 479706 is still running. Skipping this config in the queue...
[DEBUG][intensifier.py:257] --- Config 4fbe6a is still running. Skipping this config in the queue...
[DEBUG][intensifier.py:257] --- Config ef4273 is still running. Skipping this config in the queue...
[DEBUG][intensifier.py:257] --- Config f0e119 is still running. Skipping this config in the queue...
[DEBUG][intensifier.py:257] --- Config 711eb2 is still running. Skipping this config in the queue...
[DEBUG][intensifier.py:257] --- Config 048aa7 is still running. Skipping this config in the queue...
[DEBUG][intensifier.py:262] --- Config 59c342 was removed from the queue because it was rejected.
[DEBUG][intensifier.py:257] --- Config 3668af is still running. Skipping this config in the queue...
[DEBUG][intensifier.py:257] --- Config a2fcca is still running. Skipping this config in the queue...
[DEBUG][intensifier.py:257] --- Config a46225 is still running. Skipping this config in the queue...
[DEBUG][intensifier.py:257] --- Config cfa074 is still running. Skipping this config in the queue...
[DEBUG][intensifier.py:257] --- Config 592e03 is still running. Skipping this config in the queue...
[DEBUG][intensifier.py:257] --- Config b226f7 is still running. Skipping this config in the queue...
[DEBUG][intensifier.py:257] --- Config 4a47d8 is still running. Skipping this config in the queue...
[DEBUG][intensifier.py:257] --- Config b7bc12 is still running. Skipping this config in the queue...
[DEBUG][intensifier.py:257] --- Config f6e472 is still running. Skipping this config in the queue...
[DEBUG][intensifier.py:257] --- Config 2e9f42 is still running. Skipping this config in the queue...
[DEBUG][intensifier.py:257] --- Config 9be210 is still running. Skipping this config in the queue...
[DEBUG][intensifier.py:257] --- Config ae88dd is still running. Skipping this config in the queue...
[DEBUG][intensifier.py:257] --- Config c21897 is still running. Skipping this config in the queue...
[DEBUG][intensifier.py:257] --- Config 08e1ec is still running. Skipping this config in the queue...
[DEBUG][intensifier.py:257] --- Config 2225ae is still running. Skipping this config in the queue...
[DEBUG][intensifier.py:257] --- Config b2fd94 is still running. Skipping this config in the queue...
[DEBUG][intensifier.py:257] --- Config 4c0099 is still running. Skipping this config in the queue...
[DEBUG][intensifier.py:257] --- Config 693047 is still running. Skipping this config in the queue...
[DEBUG][intensifier.py:257] --- Config 37ba72 is still running. Skipping this config in the queue...
[DEBUG][intensifier.py:257] --- Config df7981 is still running. Skipping this config in the queue...
[DEBUG][intensifier.py:257] --- Config 8be465 is still running. Skipping this config in the queue...
[DEBUG][intensifier.py:257] --- Config 54d341 is still running. Skipping this config in the queue...
[DEBUG][intensifier.py:257] --- Config 3d1bb5 is still running. Skipping this config in the queue...
[DEBUG][intensifier.py:257] --- Config f6cefd is still running. Skipping this config in the queue...
[DEBUG][intensifier.py:257] --- Config 26fbe0 is still running. Skipping this config in the queue...
[DEBUG][intensifier.py:257] --- Config fee0f5 is still running. Skipping this config in the queue...
[DEBUG][intensifier.py:257] --- Config 005b95 is still running. Skipping this config in the queue...
[DEBUG][intensifier.py:257] --- Config 6e910b is still running. Skipping this config in the queue...
[DEBUG][intensifier.py:280] Get next trials for config e1647f and budget 1 from keys [InstanceSeedBudgetKey(instance=None, seed=1791095845, budget=None)]
[DEBUG][intensifier.py:282] --- Yielding 1 trials to evaluate config e1647f...
[DEBUG][smbo.py:171] ...and received a new trial.
[DEBUG][dask_runner.py:129] No worker available. Waiting for one to be available...
[DEBUG][runhistory.py:1060] Update cost for config f0e119.
[DEBUG][smbo.py:226] Tell method was called with cost [0.4439801056524789, 0.02560145056159407, 55.73928234516643] (SUCCESS).
[DEBUG][abstract_intensifier.py:546] Validate whether we have overlap in the keys evaluated for the challenger config [InstanceSeedBudgetKey(instance=None, seed=1791095845, budget=None)] and the incumbent config [InstanceSeedBudgetKey(instance=None, seed=1791095845, budget=None)]. If the challenger is dominated, reject id.
[DEBUG][abstract_intensifier.py:555] Check on the currently evaluated instances whether the challenger is dominated by the incumbent
[DEBUG][abstract_intensifier.py:571] Challenger config f0e119 is dominated by incumbent acf346.
[DEBUG][abstract_intensifier.py:571] Challenger config f0e119 is dominated by incumbent de26d5.
[DEBUG][smbo.py:327] Remaining wallclock time: inf, Remaining cpu time: inf, Remaining trials: 4
[DEBUG][smbo.py:156] Calling ask...
[DEBUG][intensifier.py:287] --- Finished yielding for config e1647f.
[DEBUG][intensifier.py:291] --- Removed config e1647f with N=1 from queue.
[DEBUG][intensifier.py:298] --- Doubled trials of config e1647f to N=2 and added it to the queue again.
[DEBUG][intensifier.py:251] Start finding a new challenger in the queue:
[DEBUG][intensifier.py:257] --- Config 479706 is still running. Skipping this config in the queue...
[DEBUG][intensifier.py:257] --- Config 4fbe6a is still running. Skipping this config in the queue...
[DEBUG][intensifier.py:257] --- Config ef4273 is still running. Skipping this config in the queue...
[DEBUG][intensifier.py:262] --- Config f0e119 was removed from the queue because it was rejected.
[DEBUG][intensifier.py:257] --- Config 711eb2 is still running. Skipping this config in the queue...
[DEBUG][intensifier.py:257] --- Config 048aa7 is still running. Skipping this config in the queue...
[DEBUG][intensifier.py:257] --- Config 3668af is still running. Skipping this config in the queue...
[DEBUG][intensifier.py:257] --- Config a2fcca is still running. Skipping this config in the queue...
[DEBUG][intensifier.py:257] --- Config a46225 is still running. Skipping this config in the queue...
[DEBUG][intensifier.py:257] --- Config cfa074 is still running. Skipping this config in the queue...
[DEBUG][intensifier.py:257] --- Config 592e03 is still running. Skipping this config in the queue...
[DEBUG][intensifier.py:257] --- Config b226f7 is still running. Skipping this config in the queue...
[DEBUG][intensifier.py:257] --- Config 4a47d8 is still running. Skipping this config in the queue...
[DEBUG][intensifier.py:257] --- Config b7bc12 is still running. Skipping this config in the queue...
[DEBUG][intensifier.py:257] --- Config f6e472 is still running. Skipping this config in the queue...
[DEBUG][intensifier.py:257] --- Config 2e9f42 is still running. Skipping this config in the queue...
[DEBUG][intensifier.py:257] --- Config 9be210 is still running. Skipping this config in the queue...
[DEBUG][intensifier.py:257] --- Config ae88dd is still running. Skipping this config in the queue...
[DEBUG][intensifier.py:257] --- Config c21897 is still running. Skipping this config in the queue...
[DEBUG][intensifier.py:257] --- Config 08e1ec is still running. Skipping this config in the queue...
[DEBUG][intensifier.py:257] --- Config 2225ae is still running. Skipping this config in the queue...
[DEBUG][intensifier.py:257] --- Config b2fd94 is still running. Skipping this config in the queue...
[DEBUG][intensifier.py:257] --- Config 4c0099 is still running. Skipping this config in the queue...
[DEBUG][intensifier.py:257] --- Config 693047 is still running. Skipping this config in the queue...
[DEBUG][intensifier.py:257] --- Config 37ba72 is still running. Skipping this config in the queue...
[DEBUG][intensifier.py:257] --- Config df7981 is still running. Skipping this config in the queue...
[DEBUG][intensifier.py:257] --- Config 8be465 is still running. Skipping this config in the queue...
[DEBUG][intensifier.py:257] --- Config 54d341 is still running. Skipping this config in the queue...
[DEBUG][intensifier.py:257] --- Config 3d1bb5 is still running. Skipping this config in the queue...
[DEBUG][intensifier.py:257] --- Config f6cefd is still running. Skipping this config in the queue...
[DEBUG][intensifier.py:257] --- Config 26fbe0 is still running. Skipping this config in the queue...
[DEBUG][intensifier.py:257] --- Config fee0f5 is still running. Skipping this config in the queue...
[DEBUG][intensifier.py:257] --- Config 005b95 is still running. Skipping this config in the queue...
[DEBUG][intensifier.py:257] --- Config 6e910b is still running. Skipping this config in the queue...
[DEBUG][intensifier.py:257] --- Config e1647f is still running. Skipping this config in the queue...
[DEBUG][intensifier.py:168] All configs in the queue are running:
[DEBUG][intensifier.py:180] --- Skipping intensifying incumbent 0a36d5 because it has trials pending.
[DEBUG][intensifier.py:180] --- Skipping intensifying incumbent cef2c7 because it has trials pending.
[DEBUG][intensifier.py:180] --- Skipping intensifying incumbent acf346 because it has trials pending.
[DEBUG][intensifier.py:180] --- Skipping intensifying incumbent 7f0f3e because it has trials pending.
[DEBUG][intensifier.py:180] --- Skipping intensifying incumbent de26d5 because it has trials pending.
[DEBUG][intensifier.py:180] --- Skipping intensifying incumbent 2cde66 because it has trials pending.
[DEBUG][intensifier.py:239] --- Added a new config 5d2664 to the queue.
[DEBUG][intensifier.py:251] Start finding a new challenger in the queue:
[DEBUG][intensifier.py:257] --- Config 479706 is still running. Skipping this config in the queue...
[DEBUG][intensifier.py:257] --- Config 4fbe6a is still running. Skipping this config in the queue...
[DEBUG][intensifier.py:257] --- Config ef4273 is still running. Skipping this config in the queue...
[DEBUG][intensifier.py:257] --- Config 711eb2 is still running. Skipping this config in the queue...
[DEBUG][intensifier.py:257] --- Config 048aa7 is still running. Skipping this config in the queue...
[DEBUG][intensifier.py:257] --- Config 3668af is still running. Skipping this config in the queue...
[DEBUG][intensifier.py:257] --- Config a2fcca is still running. Skipping this config in the queue...
[DEBUG][intensifier.py:257] --- Config a46225 is still running. Skipping this config in the queue...
[DEBUG][intensifier.py:257] --- Config cfa074 is still running. Skipping this config in the queue...
[DEBUG][intensifier.py:257] --- Config 592e03 is still running. Skipping this config in the queue...
[DEBUG][intensifier.py:257] --- Config b226f7 is still running. Skipping this config in the queue...
[DEBUG][intensifier.py:257] --- Config 4a47d8 is still running. Skipping this config in the queue...
[DEBUG][intensifier.py:257] --- Config b7bc12 is still running. Skipping this config in the queue...
[DEBUG][intensifier.py:257] --- Config f6e472 is still running. Skipping this config in the queue...
[DEBUG][intensifier.py:257] --- Config 2e9f42 is still running. Skipping this config in the queue...
[DEBUG][intensifier.py:257] --- Config 9be210 is still running. Skipping this config in the queue...
[DEBUG][intensifier.py:257] --- Config ae88dd is still running. Skipping this config in the queue...
[DEBUG][intensifier.py:257] --- Config c21897 is still running. Skipping this config in the queue...
[DEBUG][intensifier.py:257] --- Config 08e1ec is still running. Skipping this config in the queue...
[DEBUG][intensifier.py:257] --- Config 2225ae is still running. Skipping this config in the queue...
[DEBUG][intensifier.py:257] --- Config b2fd94 is still running. Skipping this config in the queue...
[DEBUG][intensifier.py:257] --- Config 4c0099 is still running. Skipping this config in the queue...
[DEBUG][intensifier.py:257] --- Config 693047 is still running. Skipping this config in the queue...
[DEBUG][intensifier.py:257] --- Config 37ba72 is still running. Skipping this config in the queue...
[DEBUG][intensifier.py:257] --- Config df7981 is still running. Skipping this config in the queue...
[DEBUG][intensifier.py:257] --- Config 8be465 is still running. Skipping this config in the queue...
[DEBUG][intensifier.py:257] --- Config 54d341 is still running. Skipping this config in the queue...
[DEBUG][intensifier.py:257] --- Config 3d1bb5 is still running. Skipping this config in the queue...
[DEBUG][intensifier.py:257] --- Config f6cefd is still running. Skipping this config in the queue...
[DEBUG][intensifier.py:257] --- Config 26fbe0 is still running. Skipping this config in the queue...
[DEBUG][intensifier.py:257] --- Config fee0f5 is still running. Skipping this config in the queue...
[DEBUG][intensifier.py:257] --- Config 005b95 is still running. Skipping this config in the queue...
[DEBUG][intensifier.py:257] --- Config 6e910b is still running. Skipping this config in the queue...
[DEBUG][intensifier.py:257] --- Config e1647f is still running. Skipping this config in the queue...
[DEBUG][intensifier.py:280] Get next trials for config 5d2664 and budget 1 from keys [InstanceSeedBudgetKey(instance=None, seed=1791095845, budget=None)]
[DEBUG][intensifier.py:282] --- Yielding 1 trials to evaluate config 5d2664...
[DEBUG][smbo.py:171] ...and received a new trial.
[DEBUG][dask_runner.py:129] No worker available. Waiting for one to be available...
[DEBUG][runhistory.py:1060] Update cost for config cef2c7.
[DEBUG][smbo.py:226] Tell method was called with cost [0.14499978186716123, 0.21207218499582442, 22.700270591303706] (SUCCESS).
[DEBUG][abstract_intensifier.py:546] Validate whether we have overlap in the keys evaluated for the challenger config [InstanceSeedBudgetKey(instance=None, seed=1791095845, budget=None), InstanceSeedBudgetKey(instance=None, seed=2135392491, budget=None)] and the incumbent config [InstanceSeedBudgetKey(instance=None, seed=1791095845, budget=None)]. If the challenger is dominated, reject id.
[DEBUG][abstract_intensifier.py:588] Config is already an incumbent but can not be compared to other incumbents because the others are missing trials.
[DEBUG][smbo.py:327] Remaining wallclock time: inf, Remaining cpu time: inf, Remaining trials: 3
[DEBUG][smbo.py:156] Calling ask...
[DEBUG][intensifier.py:287] --- Finished yielding for config 5d2664.
[DEBUG][intensifier.py:291] --- Removed config 5d2664 with N=1 from queue.
[DEBUG][intensifier.py:298] --- Doubled trials of config 5d2664 to N=2 and added it to the queue again.
[DEBUG][intensifier.py:168] All configs in the queue are running:
[DEBUG][intensifier.py:180] --- Skipping intensifying incumbent 0a36d5 because it has trials pending.
[DEBUG][intensifier.py:180] --- Skipping intensifying incumbent acf346 because it has trials pending.
[DEBUG][intensifier.py:180] --- Skipping intensifying incumbent 7f0f3e because it has trials pending.
[DEBUG][intensifier.py:180] --- Skipping intensifying incumbent de26d5 because it has trials pending.
[DEBUG][intensifier.py:180] --- Skipping intensifying incumbent 2cde66 because it has trials pending.
[DEBUG][intensifier.py:207] --- Incumbent cef2c7 was already evaluated on all incumbent instances and incumbent instance differences so far. Looking for new instances...
[DEBUG][intensifier.py:212] --- Randomly found 1 new trials.
[DEBUG][intensifier.py:216] --- Yielding trial 3 of 3 from incumbent cef2c7...
[DEBUG][smbo.py:171] ...and received a new trial.
[DEBUG][dask_runner.py:129] No worker available. Waiting for one to be available...
[DEBUG][runhistory.py:1060] Update cost for config 0a36d5.
[DEBUG][smbo.py:226] Tell method was called with cost [0.5187145790068297, 0.4238054911718505, 28.123655737144873] (SUCCESS).
[DEBUG][abstract_intensifier.py:546] Validate whether we have overlap in the keys evaluated for the challenger config [InstanceSeedBudgetKey(instance=None, seed=1791095845, budget=None), InstanceSeedBudgetKey(instance=None, seed=2135392491, budget=None)] and the incumbent config [InstanceSeedBudgetKey(instance=None, seed=1791095845, budget=None)]. If the challenger is dominated, reject id.
[DEBUG][abstract_intensifier.py:588] Config is already an incumbent but can not be compared to other incumbents because the others are missing trials.
[DEBUG][smbo.py:327] Remaining wallclock time: inf, Remaining cpu time: inf, Remaining trials: 2
[DEBUG][smbo.py:156] Calling ask...
[DEBUG][intensifier.py:221] --- Finished yielding for config cef2c7.
[DEBUG][intensifier.py:239] --- Added a new config 490604 to the queue.
[DEBUG][intensifier.py:251] Start finding a new challenger in the queue:
[DEBUG][intensifier.py:257] --- Config 479706 is still running. Skipping this config in the queue...
[DEBUG][intensifier.py:257] --- Config 4fbe6a is still running. Skipping this config in the queue...
[DEBUG][intensifier.py:257] --- Config ef4273 is still running. Skipping this config in the queue...
[DEBUG][intensifier.py:257] --- Config 711eb2 is still running. Skipping this config in the queue...
[DEBUG][intensifier.py:257] --- Config 048aa7 is still running. Skipping this config in the queue...
[DEBUG][intensifier.py:257] --- Config 3668af is still running. Skipping this config in the queue...
[DEBUG][intensifier.py:257] --- Config a2fcca is still running. Skipping this config in the queue...
[DEBUG][intensifier.py:257] --- Config a46225 is still running. Skipping this config in the queue...
[DEBUG][intensifier.py:257] --- Config cfa074 is still running. Skipping this config in the queue...
[DEBUG][intensifier.py:257] --- Config 592e03 is still running. Skipping this config in the queue...
[DEBUG][intensifier.py:257] --- Config b226f7 is still running. Skipping this config in the queue...
[DEBUG][intensifier.py:257] --- Config 4a47d8 is still running. Skipping this config in the queue...
[DEBUG][intensifier.py:257] --- Config b7bc12 is still running. Skipping this config in the queue...
[DEBUG][intensifier.py:257] --- Config f6e472 is still running. Skipping this config in the queue...
[DEBUG][intensifier.py:257] --- Config 2e9f42 is still running. Skipping this config in the queue...
[DEBUG][intensifier.py:257] --- Config 9be210 is still running. Skipping this config in the queue...
[DEBUG][intensifier.py:257] --- Config ae88dd is still running. Skipping this config in the queue...
[DEBUG][intensifier.py:257] --- Config c21897 is still running. Skipping this config in the queue...
[DEBUG][intensifier.py:257] --- Config 08e1ec is still running. Skipping this config in the queue...
[DEBUG][intensifier.py:257] --- Config 2225ae is still running. Skipping this config in the queue...
[DEBUG][intensifier.py:257] --- Config b2fd94 is still running. Skipping this config in the queue...
[DEBUG][intensifier.py:257] --- Config 4c0099 is still running. Skipping this config in the queue...
[DEBUG][intensifier.py:257] --- Config 693047 is still running. Skipping this config in the queue...
[DEBUG][intensifier.py:257] --- Config 37ba72 is still running. Skipping this config in the queue...
[DEBUG][intensifier.py:257] --- Config df7981 is still running. Skipping this config in the queue...
[DEBUG][intensifier.py:257] --- Config 8be465 is still running. Skipping this config in the queue...
[DEBUG][intensifier.py:257] --- Config 54d341 is still running. Skipping this config in the queue...
[DEBUG][intensifier.py:257] --- Config 3d1bb5 is still running. Skipping this config in the queue...
[DEBUG][intensifier.py:257] --- Config f6cefd is still running. Skipping this config in the queue...
[DEBUG][intensifier.py:257] --- Config 26fbe0 is still running. Skipping this config in the queue...
[DEBUG][intensifier.py:257] --- Config fee0f5 is still running. Skipping this config in the queue...
[DEBUG][intensifier.py:257] --- Config 005b95 is still running. Skipping this config in the queue...
[DEBUG][intensifier.py:257] --- Config 6e910b is still running. Skipping this config in the queue...
[DEBUG][intensifier.py:257] --- Config e1647f is still running. Skipping this config in the queue...
[DEBUG][intensifier.py:257] --- Config 5d2664 is still running. Skipping this config in the queue...
[DEBUG][intensifier.py:280] Get next trials for config 490604 and budget 1 from keys [InstanceSeedBudgetKey(instance=None, seed=1791095845, budget=None)]
[DEBUG][intensifier.py:282] --- Yielding 1 trials to evaluate config 490604...
[DEBUG][smbo.py:171] ...and received a new trial.
[DEBUG][dask_runner.py:129] No worker available. Waiting for one to be available...
[DEBUG][runhistory.py:1060] Update cost for config 37ba72.
[DEBUG][smbo.py:226] Tell method was called with cost [0.27161396131962445, 0.2266221482703974, 28.44616316491738] (SUCCESS).
[DEBUG][abstract_intensifier.py:546] Validate whether we have overlap in the keys evaluated for the challenger config [InstanceSeedBudgetKey(instance=None, seed=1791095845, budget=None)] and the incumbent config [InstanceSeedBudgetKey(instance=None, seed=1791095845, budget=None)]. If the challenger is dominated, reject id.
[DEBUG][abstract_intensifier.py:555] Check on the currently evaluated instances whether the challenger is dominated by the incumbent
[DEBUG][abstract_intensifier.py:647] Removed incumbent 2cde66 because of the updated costs from config 37ba72.
[DEBUG][abstract_intensifier.py:647] Removed incumbent 0a36d5 because of the updated costs from config 37ba72.
[DEBUG][abstract_intensifier.py:747] Updated trajectory.
[DEBUG][smbo.py:327] Remaining wallclock time: inf, Remaining cpu time: inf, Remaining trials: 1
[DEBUG][smbo.py:156] Calling ask...
[DEBUG][intensifier.py:287] --- Finished yielding for config 490604.
[DEBUG][intensifier.py:291] --- Removed config 490604 with N=1 from queue.
[DEBUG][intensifier.py:298] --- Doubled trials of config 490604 to N=2 and added it to the queue again.
[DEBUG][intensifier.py:251] Start finding a new challenger in the queue:
[DEBUG][intensifier.py:257] --- Config 479706 is still running. Skipping this config in the queue...
[DEBUG][intensifier.py:257] --- Config 4fbe6a is still running. Skipping this config in the queue...
[DEBUG][intensifier.py:257] --- Config ef4273 is still running. Skipping this config in the queue...
[DEBUG][intensifier.py:257] --- Config 711eb2 is still running. Skipping this config in the queue...
[DEBUG][intensifier.py:257] --- Config 048aa7 is still running. Skipping this config in the queue...
[DEBUG][intensifier.py:257] --- Config 3668af is still running. Skipping this config in the queue...
[DEBUG][intensifier.py:257] --- Config a2fcca is still running. Skipping this config in the queue...
[DEBUG][intensifier.py:257] --- Config a46225 is still running. Skipping this config in the queue...
[DEBUG][intensifier.py:257] --- Config cfa074 is still running. Skipping this config in the queue...
[DEBUG][intensifier.py:257] --- Config 592e03 is still running. Skipping this config in the queue...
[DEBUG][intensifier.py:257] --- Config b226f7 is still running. Skipping this config in the queue...
[DEBUG][intensifier.py:257] --- Config 4a47d8 is still running. Skipping this config in the queue...
[DEBUG][intensifier.py:257] --- Config b7bc12 is still running. Skipping this config in the queue...
[DEBUG][intensifier.py:257] --- Config f6e472 is still running. Skipping this config in the queue...
[DEBUG][intensifier.py:257] --- Config 2e9f42 is still running. Skipping this config in the queue...
[DEBUG][intensifier.py:257] --- Config 9be210 is still running. Skipping this config in the queue...
[DEBUG][intensifier.py:257] --- Config ae88dd is still running. Skipping this config in the queue...
[DEBUG][intensifier.py:257] --- Config c21897 is still running. Skipping this config in the queue...
[DEBUG][intensifier.py:257] --- Config 08e1ec is still running. Skipping this config in the queue...
[DEBUG][intensifier.py:257] --- Config 2225ae is still running. Skipping this config in the queue...
[DEBUG][intensifier.py:257] --- Config b2fd94 is still running. Skipping this config in the queue...
[DEBUG][intensifier.py:257] --- Config 4c0099 is still running. Skipping this config in the queue...
[DEBUG][intensifier.py:257] --- Config 693047 is still running. Skipping this config in the queue...
[DEBUG][intensifier.py:268] --- Config 37ba72 was removed from the queue because it is an incumbent.
[DEBUG][intensifier.py:257] --- Config df7981 is still running. Skipping this config in the queue...
[DEBUG][intensifier.py:257] --- Config 8be465 is still running. Skipping this config in the queue...
[DEBUG][intensifier.py:257] --- Config 54d341 is still running. Skipping this config in the queue...
[DEBUG][intensifier.py:257] --- Config 3d1bb5 is still running. Skipping this config in the queue...
[DEBUG][intensifier.py:257] --- Config f6cefd is still running. Skipping this config in the queue...
[DEBUG][intensifier.py:257] --- Config 26fbe0 is still running. Skipping this config in the queue...
[DEBUG][intensifier.py:257] --- Config fee0f5 is still running. Skipping this config in the queue...
[DEBUG][intensifier.py:257] --- Config 005b95 is still running. Skipping this config in the queue...
[DEBUG][intensifier.py:257] --- Config 6e910b is still running. Skipping this config in the queue...
[DEBUG][intensifier.py:257] --- Config e1647f is still running. Skipping this config in the queue...
[DEBUG][intensifier.py:257] --- Config 5d2664 is still running. Skipping this config in the queue...
[DEBUG][intensifier.py:257] --- Config 490604 is still running. Skipping this config in the queue...
[DEBUG][intensifier.py:168] All configs in the queue are running:
[DEBUG][intensifier.py:180] --- Skipping intensifying incumbent acf346 because it has trials pending.
[DEBUG][intensifier.py:180] --- Skipping intensifying incumbent 7f0f3e because it has trials pending.
[DEBUG][intensifier.py:180] --- Skipping intensifying incumbent de26d5 because it has trials pending.
[DEBUG][intensifier.py:216] --- Yielding trial 2 of 3 from incumbent 37ba72...
[DEBUG][smbo.py:171] ...and received a new trial.
[DEBUG][dask_runner.py:129] No worker available. Waiting for one to be available...
[DEBUG][runhistory.py:1060] Update cost for config cfa074.
[DEBUG][smbo.py:226] Tell method was called with cost [1.332387530989399, 0.4294209764536009, 62.625504879513755] (SUCCESS).
[DEBUG][abstract_intensifier.py:546] Validate whether we have overlap in the keys evaluated for the challenger config [InstanceSeedBudgetKey(instance=None, seed=1791095845, budget=None)] and the incumbent config [InstanceSeedBudgetKey(instance=None, seed=1791095845, budget=None)]. If the challenger is dominated, reject id.
[DEBUG][abstract_intensifier.py:555] Check on the currently evaluated instances whether the challenger is dominated by the incumbent
[DEBUG][abstract_intensifier.py:571] Challenger config cfa074 is dominated by incumbent cef2c7.
[DEBUG][abstract_intensifier.py:571] Challenger config cfa074 is dominated by incumbent acf346.
[DEBUG][abstract_intensifier.py:571] Challenger config cfa074 is dominated by incumbent 7f0f3e.
[DEBUG][abstract_intensifier.py:571] Challenger config cfa074 is dominated by incumbent de26d5.
[DEBUG][abstract_intensifier.py:571] Challenger config cfa074 is dominated by incumbent 37ba72.
[DEBUG][runhistory.py:1060] Update cost for config 693047.
[DEBUG][smbo.py:226] Tell method was called with cost [0.40456430590950854, 1.2234899906336034, 33.951398382894695] (SUCCESS).
[DEBUG][abstract_intensifier.py:546] Validate whether we have overlap in the keys evaluated for the challenger config [InstanceSeedBudgetKey(instance=None, seed=1791095845, budget=None)] and the incumbent config [InstanceSeedBudgetKey(instance=None, seed=1791095845, budget=None)]. If the challenger is dominated, reject id.
[DEBUG][abstract_intensifier.py:555] Check on the currently evaluated instances whether the challenger is dominated by the incumbent
[DEBUG][abstract_intensifier.py:571] Challenger config 693047 is dominated by incumbent cef2c7.
[DEBUG][abstract_intensifier.py:571] Challenger config 693047 is dominated by incumbent acf346.
[DEBUG][abstract_intensifier.py:571] Challenger config 693047 is dominated by incumbent 37ba72.
[DEBUG][smbo.py:327] Remaining wallclock time: inf, Remaining cpu time: inf, Remaining trials: 0
[INFO][smbo.py:342] Configuration budget is exhausted:
[INFO][smbo.py:343] --- Remaining wallclock time: inf
[INFO][smbo.py:344] --- Remaining cpu time: inf
[INFO][smbo.py:345] --- Remaining trials: 0
[DEBUG][runhistory.py:1060] Update cost for config 4a47d8.
[DEBUG][smbo.py:226] Tell method was called with cost [0.5129024529440337, 0.0537283414402741, 64.66483507095836] (SUCCESS).
[DEBUG][abstract_intensifier.py:546] Validate whether we have overlap in the keys evaluated for the challenger config [InstanceSeedBudgetKey(instance=None, seed=1791095845, budget=None)] and the incumbent config [InstanceSeedBudgetKey(instance=None, seed=1791095845, budget=None)]. If the challenger is dominated, reject id.
[DEBUG][abstract_intensifier.py:555] Check on the currently evaluated instances whether the challenger is dominated by the incumbent
[DEBUG][abstract_intensifier.py:571] Challenger config 4a47d8 is dominated by incumbent acf346.
[DEBUG][abstract_intensifier.py:571] Challenger config 4a47d8 is dominated by incumbent 7f0f3e.
[DEBUG][abstract_intensifier.py:571] Challenger config 4a47d8 is dominated by incumbent de26d5.
[DEBUG][runhistory.py:1060] Update cost for config 4fbe6a.
[DEBUG][smbo.py:226] Tell method was called with cost [0.9029527622448034, 0.012210499399869793, 67.94702011090703] (SUCCESS).
[DEBUG][abstract_intensifier.py:546] Validate whether we have overlap in the keys evaluated for the challenger config [InstanceSeedBudgetKey(instance=None, seed=1791095845, budget=None)] and the incumbent config [InstanceSeedBudgetKey(instance=None, seed=1791095845, budget=None)]. If the challenger is dominated, reject id.
[DEBUG][abstract_intensifier.py:555] Check on the currently evaluated instances whether the challenger is dominated by the incumbent
[DEBUG][abstract_intensifier.py:571] Challenger config 4fbe6a is dominated by incumbent de26d5.
[DEBUG][runhistory.py:1060] Update cost for config b226f7.
[DEBUG][smbo.py:226] Tell method was called with cost [0.8569787639867871, 0.014828819636287887, 67.30040054162964] (SUCCESS).
[DEBUG][abstract_intensifier.py:546] Validate whether we have overlap in the keys evaluated for the challenger config [InstanceSeedBudgetKey(instance=None, seed=1791095845, budget=None)] and the incumbent config [InstanceSeedBudgetKey(instance=None, seed=1791095845, budget=None)]. If the challenger is dominated, reject id.
[DEBUG][abstract_intensifier.py:555] Check on the currently evaluated instances whether the challenger is dominated by the incumbent
[DEBUG][abstract_intensifier.py:571] Challenger config b226f7 is dominated by incumbent de26d5.
[DEBUG][runhistory.py:1060] Update cost for config 8be465.
[DEBUG][smbo.py:226] Tell method was called with cost [0.4184351703528253, 0.7843440658289456, 31.90828820131719] (SUCCESS).
[DEBUG][abstract_intensifier.py:546] Validate whether we have overlap in the keys evaluated for the challenger config [InstanceSeedBudgetKey(instance=None, seed=1791095845, budget=None)] and the incumbent config [InstanceSeedBudgetKey(instance=None, seed=1791095845, budget=None)]. If the challenger is dominated, reject id.
[DEBUG][abstract_intensifier.py:555] Check on the currently evaluated instances whether the challenger is dominated by the incumbent
[DEBUG][abstract_intensifier.py:571] Challenger config 8be465 is dominated by incumbent cef2c7.
[DEBUG][abstract_intensifier.py:571] Challenger config 8be465 is dominated by incumbent 37ba72.
[DEBUG][runhistory.py:1060] Update cost for config 005b95.
[DEBUG][smbo.py:226] Tell method was called with cost [0.22025379066775774, 1.025768898630238, 20.8073406459298] (SUCCESS).
[DEBUG][abstract_intensifier.py:546] Validate whether we have overlap in the keys evaluated for the challenger config [InstanceSeedBudgetKey(instance=None, seed=1791095845, budget=None)] and the incumbent config [InstanceSeedBudgetKey(instance=None, seed=1791095845, budget=None)]. If the challenger is dominated, reject id.
[DEBUG][abstract_intensifier.py:555] Check on the currently evaluated instances whether the challenger is dominated by the incumbent
[INFO][abstract_intensifier.py:638] Config 005b95 is a new incumbent. Total number of incumbents: 6.
[DEBUG][abstract_intensifier.py:747] Updated trajectory.
[DEBUG][runhistory.py:1060] Update cost for config 6e910b.
[DEBUG][smbo.py:226] Tell method was called with cost [0.2921603210090084, 0.6185549526738169, 19.484407610958442] (SUCCESS).
[DEBUG][abstract_intensifier.py:546] Validate whether we have overlap in the keys evaluated for the challenger config [InstanceSeedBudgetKey(instance=None, seed=1791095845, budget=None)] and the incumbent config [InstanceSeedBudgetKey(instance=None, seed=1791095845, budget=None)]. If the challenger is dominated, reject id.
[DEBUG][abstract_intensifier.py:555] Check on the currently evaluated instances whether the challenger is dominated by the incumbent
[INFO][abstract_intensifier.py:638] Config 6e910b is a new incumbent. Total number of incumbents: 7.
[DEBUG][abstract_intensifier.py:747] Updated trajectory.
[DEBUG][runhistory.py:1060] Update cost for config de26d5.
[DEBUG][smbo.py:226] Tell method was called with cost [0.29674211923554106, 0.0038398442347020514, 26.8384253277909] (SUCCESS).
[DEBUG][abstract_intensifier.py:546] Validate whether we have overlap in the keys evaluated for the challenger config [InstanceSeedBudgetKey(instance=None, seed=1791095845, budget=None), InstanceSeedBudgetKey(instance=None, seed=2135392491, budget=None)] and the incumbent config [InstanceSeedBudgetKey(instance=None, seed=1791095845, budget=None)]. If the challenger is dominated, reject id.
[DEBUG][abstract_intensifier.py:588] Config is already an incumbent but can not be compared to other incumbents because the others are missing trials.
[DEBUG][runhistory.py:1060] Update cost for config 7f0f3e.
[DEBUG][smbo.py:226] Tell method was called with cost [0.17003744870511983, 0.041776895317978124, 34.76481373538263] (SUCCESS).
[DEBUG][abstract_intensifier.py:546] Validate whether we have overlap in the keys evaluated for the challenger config [InstanceSeedBudgetKey(instance=None, seed=1791095845, budget=None), InstanceSeedBudgetKey(instance=None, seed=2135392491, budget=None)] and the incumbent config [InstanceSeedBudgetKey(instance=None, seed=1791095845, budget=None)]. If the challenger is dominated, reject id.
[DEBUG][abstract_intensifier.py:588] Config is already an incumbent but can not be compared to other incumbents because the others are missing trials.
[DEBUG][runhistory.py:1060] Update cost for config 4c0099.
[DEBUG][smbo.py:226] Tell method was called with cost [19.5637033676307, 2.1075653905933494, 53.02881872560829] (SUCCESS).
[DEBUG][abstract_intensifier.py:546] Validate whether we have overlap in the keys evaluated for the challenger config [InstanceSeedBudgetKey(instance=None, seed=1791095845, budget=None)] and the incumbent config [InstanceSeedBudgetKey(instance=None, seed=1791095845, budget=None)]. If the challenger is dominated, reject id.
[DEBUG][abstract_intensifier.py:555] Check on the currently evaluated instances whether the challenger is dominated by the incumbent
[DEBUG][abstract_intensifier.py:571] Challenger config 4c0099 is dominated by incumbent cef2c7.
[DEBUG][abstract_intensifier.py:571] Challenger config 4c0099 is dominated by incumbent acf346.
[DEBUG][abstract_intensifier.py:571] Challenger config 4c0099 is dominated by incumbent 7f0f3e.
[DEBUG][abstract_intensifier.py:571] Challenger config 4c0099 is dominated by incumbent de26d5.
[DEBUG][abstract_intensifier.py:571] Challenger config 4c0099 is dominated by incumbent 37ba72.
[DEBUG][abstract_intensifier.py:571] Challenger config 4c0099 is dominated by incumbent 005b95.
[DEBUG][abstract_intensifier.py:571] Challenger config 4c0099 is dominated by incumbent 6e910b.
[DEBUG][runhistory.py:1060] Update cost for config 5d2664.
[DEBUG][smbo.py:226] Tell method was called with cost [0.1978329374411801, 0.41201179664124565, 20.115341439144686] (SUCCESS).
[DEBUG][abstract_intensifier.py:546] Validate whether we have overlap in the keys evaluated for the challenger config [InstanceSeedBudgetKey(instance=None, seed=1791095845, budget=None)] and the incumbent config [InstanceSeedBudgetKey(instance=None, seed=1791095845, budget=None)]. If the challenger is dominated, reject id.
[DEBUG][abstract_intensifier.py:555] Check on the currently evaluated instances whether the challenger is dominated by the incumbent
[INFO][abstract_intensifier.py:630] Added config 5d2664 and rejected config 005b95 as incumbent because it is not better than the incumbents on 1 instances: 
[DEBUG][configspace.py:189] --- depth: 2 -> 2 (unchanged)

--- hidden: 16 -> 16 (unchanged)
[DEBUG][abstract_intensifier.py:747] Updated trajectory.
[DEBUG][runhistory.py:1060] Update cost for config acf346.
[DEBUG][smbo.py:226] Tell method was called with cost [0.1724666954186488, 0.020137080060047535, 41.828553278464824] (SUCCESS).
[DEBUG][abstract_intensifier.py:546] Validate whether we have overlap in the keys evaluated for the challenger config [InstanceSeedBudgetKey(instance=None, seed=1791095845, budget=None), InstanceSeedBudgetKey(instance=None, seed=2135392491, budget=None)] and the incumbent config [InstanceSeedBudgetKey(instance=None, seed=1791095845, budget=None)]. If the challenger is dominated, reject id.
[DEBUG][abstract_intensifier.py:588] Config is already an incumbent but can not be compared to other incumbents because the others are missing trials.
[DEBUG][runhistory.py:1060] Update cost for config cef2c7.
[DEBUG][smbo.py:226] Tell method was called with cost [0.19369119992172776, 0.4155956599686179, 19.556348136393353] (SUCCESS).
[DEBUG][abstract_intensifier.py:546] Validate whether we have overlap in the keys evaluated for the challenger config [InstanceSeedBudgetKey(instance=None, seed=1791095845, budget=None), InstanceSeedBudgetKey(instance=None, seed=2135392491, budget=None), InstanceSeedBudgetKey(instance=None, seed=946286476, budget=None)] and the incumbent config [InstanceSeedBudgetKey(instance=None, seed=1791095845, budget=None)]. If the challenger is dominated, reject id.
[DEBUG][abstract_intensifier.py:588] Config is already an incumbent but can not be compared to other incumbents because the others are missing trials.
[DEBUG][runhistory.py:1060] Update cost for config fee0f5.
[DEBUG][smbo.py:226] Tell method was called with cost [0.17291599189196818, 0.24817892035640166, 29.791939242044464] (SUCCESS).
[DEBUG][abstract_intensifier.py:546] Validate whether we have overlap in the keys evaluated for the challenger config [InstanceSeedBudgetKey(instance=None, seed=1791095845, budget=None)] and the incumbent config [InstanceSeedBudgetKey(instance=None, seed=1791095845, budget=None)]. If the challenger is dominated, reject id.
[DEBUG][abstract_intensifier.py:555] Check on the currently evaluated instances whether the challenger is dominated by the incumbent
[INFO][abstract_intensifier.py:638] Config fee0f5 is a new incumbent. Total number of incumbents: 8.
[DEBUG][abstract_intensifier.py:747] Updated trajectory.
[DEBUG][runhistory.py:1060] Update cost for config df7981.
[DEBUG][smbo.py:226] Tell method was called with cost [0.8832093433757098, 0.36124511854312, 45.89286326873116] (SUCCESS).
[DEBUG][abstract_intensifier.py:546] Validate whether we have overlap in the keys evaluated for the challenger config [InstanceSeedBudgetKey(instance=None, seed=1791095845, budget=None)] and the incumbent config [InstanceSeedBudgetKey(instance=None, seed=1791095845, budget=None)]. If the challenger is dominated, reject id.
[DEBUG][abstract_intensifier.py:555] Check on the currently evaluated instances whether the challenger is dominated by the incumbent
[DEBUG][abstract_intensifier.py:571] Challenger config df7981 is dominated by incumbent cef2c7.
[DEBUG][abstract_intensifier.py:571] Challenger config df7981 is dominated by incumbent acf346.
[DEBUG][abstract_intensifier.py:571] Challenger config df7981 is dominated by incumbent 7f0f3e.
[DEBUG][abstract_intensifier.py:571] Challenger config df7981 is dominated by incumbent de26d5.
[DEBUG][abstract_intensifier.py:571] Challenger config df7981 is dominated by incumbent 37ba72.
[DEBUG][abstract_intensifier.py:571] Challenger config df7981 is dominated by incumbent fee0f5.
[DEBUG][runhistory.py:1060] Update cost for config e1647f.
[DEBUG][smbo.py:226] Tell method was called with cost [0.21652550412785115, 0.42737611736882786, 24.28909348184243] (SUCCESS).
[DEBUG][abstract_intensifier.py:546] Validate whether we have overlap in the keys evaluated for the challenger config [InstanceSeedBudgetKey(instance=None, seed=1791095845, budget=None)] and the incumbent config [InstanceSeedBudgetKey(instance=None, seed=1791095845, budget=None)]. If the challenger is dominated, reject id.
[DEBUG][abstract_intensifier.py:555] Check on the currently evaluated instances whether the challenger is dominated by the incumbent
[DEBUG][abstract_intensifier.py:571] Challenger config e1647f is dominated by incumbent 5d2664.
[DEBUG][runhistory.py:1060] Update cost for config 490604.
[DEBUG][smbo.py:226] Tell method was called with cost [0.19359330305901762, 0.23383873896711058, 19.3104569518473] (SUCCESS).
[DEBUG][abstract_intensifier.py:546] Validate whether we have overlap in the keys evaluated for the challenger config [InstanceSeedBudgetKey(instance=None, seed=1791095845, budget=None)] and the incumbent config [InstanceSeedBudgetKey(instance=None, seed=1791095845, budget=None)]. If the challenger is dominated, reject id.
[DEBUG][abstract_intensifier.py:555] Check on the currently evaluated instances whether the challenger is dominated by the incumbent
[DEBUG][abstract_intensifier.py:647] Removed incumbent 6e910b because of the updated costs from config 490604.
[DEBUG][abstract_intensifier.py:647] Removed incumbent 5d2664 because of the updated costs from config 490604.
[DEBUG][abstract_intensifier.py:747] Updated trajectory.
[DEBUG][runhistory.py:1060] Update cost for config c21897.
[DEBUG][smbo.py:226] Tell method was called with cost [0.8079852640181608, 0.012568549942270005, 77.22235160903074] (SUCCESS).
[DEBUG][abstract_intensifier.py:546] Validate whether we have overlap in the keys evaluated for the challenger config [InstanceSeedBudgetKey(instance=None, seed=1791095845, budget=None)] and the incumbent config [InstanceSeedBudgetKey(instance=None, seed=1791095845, budget=None)]. If the challenger is dominated, reject id.
[DEBUG][abstract_intensifier.py:555] Check on the currently evaluated instances whether the challenger is dominated by the incumbent
[DEBUG][abstract_intensifier.py:571] Challenger config c21897 is dominated by incumbent de26d5.
[DEBUG][runhistory.py:1060] Update cost for config f6e472.
[DEBUG][smbo.py:226] Tell method was called with cost [0.9727023210074899, 0.011655115282283836, 79.04491244046949] (SUCCESS).
[DEBUG][abstract_intensifier.py:546] Validate whether we have overlap in the keys evaluated for the challenger config [InstanceSeedBudgetKey(instance=None, seed=1791095845, budget=None)] and the incumbent config [InstanceSeedBudgetKey(instance=None, seed=1791095845, budget=None)]. If the challenger is dominated, reject id.
[DEBUG][abstract_intensifier.py:555] Check on the currently evaluated instances whether the challenger is dominated by the incumbent
[DEBUG][abstract_intensifier.py:571] Challenger config f6e472 is dominated by incumbent de26d5.
[DEBUG][runhistory.py:1060] Update cost for config a2fcca.
[DEBUG][smbo.py:226] Tell method was called with cost [1.082149198056388, 1.0044605186004163, 80.57690214505419] (SUCCESS).
[DEBUG][abstract_intensifier.py:546] Validate whether we have overlap in the keys evaluated for the challenger config [InstanceSeedBudgetKey(instance=None, seed=1791095845, budget=None)] and the incumbent config [InstanceSeedBudgetKey(instance=None, seed=1791095845, budget=None)]. If the challenger is dominated, reject id.
[DEBUG][abstract_intensifier.py:555] Check on the currently evaluated instances whether the challenger is dominated by the incumbent
[DEBUG][abstract_intensifier.py:571] Challenger config a2fcca is dominated by incumbent cef2c7.
[DEBUG][abstract_intensifier.py:571] Challenger config a2fcca is dominated by incumbent acf346.
[DEBUG][abstract_intensifier.py:571] Challenger config a2fcca is dominated by incumbent 7f0f3e.
[DEBUG][abstract_intensifier.py:571] Challenger config a2fcca is dominated by incumbent de26d5.
[DEBUG][abstract_intensifier.py:571] Challenger config a2fcca is dominated by incumbent 37ba72.
[DEBUG][abstract_intensifier.py:571] Challenger config a2fcca is dominated by incumbent fee0f5.
[DEBUG][abstract_intensifier.py:571] Challenger config a2fcca is dominated by incumbent 490604.
[DEBUG][runhistory.py:1060] Update cost for config 37ba72.
[DEBUG][smbo.py:226] Tell method was called with cost [0.32296372328282374, 0.10943081189570183, 17.838160874554887] (SUCCESS).
[DEBUG][abstract_intensifier.py:546] Validate whether we have overlap in the keys evaluated for the challenger config [InstanceSeedBudgetKey(instance=None, seed=1791095845, budget=None), InstanceSeedBudgetKey(instance=None, seed=2135392491, budget=None)] and the incumbent config [InstanceSeedBudgetKey(instance=None, seed=1791095845, budget=None)]. If the challenger is dominated, reject id.
[DEBUG][abstract_intensifier.py:588] Config is already an incumbent but can not be compared to other incumbents because the others are missing trials.
[DEBUG][runhistory.py:1060] Update cost for config 2cde66.
[DEBUG][smbo.py:226] Tell method was called with cost [0.6624508385895123, 1.5929771019497299, 26.687707756180316] (SUCCESS).
[DEBUG][abstract_intensifier.py:546] Validate whether we have overlap in the keys evaluated for the challenger config [InstanceSeedBudgetKey(instance=None, seed=1791095845, budget=None), InstanceSeedBudgetKey(instance=None, seed=2135392491, budget=None), InstanceSeedBudgetKey(instance=None, seed=946286476, budget=None)] and the incumbent config [InstanceSeedBudgetKey(instance=None, seed=1791095845, budget=None)]. If the challenger is dominated, reject id.
[DEBUG][runhistory.py:1060] Update cost for config 2e9f42.
[DEBUG][smbo.py:226] Tell method was called with cost [0.8102119432332779, 0.014773158225911446, 79.85805544652976] (SUCCESS).
[DEBUG][abstract_intensifier.py:546] Validate whether we have overlap in the keys evaluated for the challenger config [InstanceSeedBudgetKey(instance=None, seed=1791095845, budget=None)] and the incumbent config [InstanceSeedBudgetKey(instance=None, seed=1791095845, budget=None)]. If the challenger is dominated, reject id.
[DEBUG][abstract_intensifier.py:555] Check on the currently evaluated instances whether the challenger is dominated by the incumbent
[DEBUG][abstract_intensifier.py:571] Challenger config 2e9f42 is dominated by incumbent de26d5.
[DEBUG][runhistory.py:1060] Update cost for config b2fd94.
[DEBUG][smbo.py:226] Tell method was called with cost [0.8593967283717412, 0.11226968427307527, 83.66450664587319] (SUCCESS).
[DEBUG][abstract_intensifier.py:546] Validate whether we have overlap in the keys evaluated for the challenger config [InstanceSeedBudgetKey(instance=None, seed=1791095845, budget=None)] and the incumbent config [InstanceSeedBudgetKey(instance=None, seed=1791095845, budget=None)]. If the challenger is dominated, reject id.
[DEBUG][abstract_intensifier.py:555] Check on the currently evaluated instances whether the challenger is dominated by the incumbent
[DEBUG][abstract_intensifier.py:571] Challenger config b2fd94 is dominated by incumbent acf346.
[DEBUG][abstract_intensifier.py:571] Challenger config b2fd94 is dominated by incumbent 7f0f3e.
[DEBUG][abstract_intensifier.py:571] Challenger config b2fd94 is dominated by incumbent de26d5.
[DEBUG][runhistory.py:1060] Update cost for config 26fbe0.
[DEBUG][smbo.py:226] Tell method was called with cost [43.47770947038582, 2.0669890363999133, 48.84919004421681] (SUCCESS).
[DEBUG][abstract_intensifier.py:546] Validate whether we have overlap in the keys evaluated for the challenger config [InstanceSeedBudgetKey(instance=None, seed=1791095845, budget=None)] and the incumbent config [InstanceSeedBudgetKey(instance=None, seed=1791095845, budget=None)]. If the challenger is dominated, reject id.
[DEBUG][abstract_intensifier.py:555] Check on the currently evaluated instances whether the challenger is dominated by the incumbent
[DEBUG][abstract_intensifier.py:571] Challenger config 26fbe0 is dominated by incumbent cef2c7.
[DEBUG][abstract_intensifier.py:571] Challenger config 26fbe0 is dominated by incumbent acf346.
[DEBUG][abstract_intensifier.py:571] Challenger config 26fbe0 is dominated by incumbent 7f0f3e.
[DEBUG][abstract_intensifier.py:571] Challenger config 26fbe0 is dominated by incumbent de26d5.
[DEBUG][abstract_intensifier.py:571] Challenger config 26fbe0 is dominated by incumbent 37ba72.
[DEBUG][abstract_intensifier.py:571] Challenger config 26fbe0 is dominated by incumbent fee0f5.
[DEBUG][abstract_intensifier.py:571] Challenger config 26fbe0 is dominated by incumbent 490604.
[DEBUG][runhistory.py:1060] Update cost for config ef4273.
[DEBUG][smbo.py:226] Tell method was called with cost [15.735026127167057, 1.0769606179585596, 95.9034446394071] (SUCCESS).
[DEBUG][abstract_intensifier.py:546] Validate whether we have overlap in the keys evaluated for the challenger config [InstanceSeedBudgetKey(instance=None, seed=1791095845, budget=None)] and the incumbent config [InstanceSeedBudgetKey(instance=None, seed=1791095845, budget=None)]. If the challenger is dominated, reject id.
[DEBUG][abstract_intensifier.py:555] Check on the currently evaluated instances whether the challenger is dominated by the incumbent
[DEBUG][abstract_intensifier.py:571] Challenger config ef4273 is dominated by incumbent cef2c7.
[DEBUG][abstract_intensifier.py:571] Challenger config ef4273 is dominated by incumbent acf346.
[DEBUG][abstract_intensifier.py:571] Challenger config ef4273 is dominated by incumbent 7f0f3e.
[DEBUG][abstract_intensifier.py:571] Challenger config ef4273 is dominated by incumbent de26d5.
[DEBUG][abstract_intensifier.py:571] Challenger config ef4273 is dominated by incumbent 37ba72.
[DEBUG][abstract_intensifier.py:571] Challenger config ef4273 is dominated by incumbent fee0f5.
[DEBUG][abstract_intensifier.py:571] Challenger config ef4273 is dominated by incumbent 490604.
[DEBUG][runhistory.py:1060] Update cost for config f6cefd.
[DEBUG][smbo.py:226] Tell method was called with cost [37.105096180967685, 6.41065806295942, 55.67935415613465] (SUCCESS).
[DEBUG][abstract_intensifier.py:546] Validate whether we have overlap in the keys evaluated for the challenger config [InstanceSeedBudgetKey(instance=None, seed=1791095845, budget=None)] and the incumbent config [InstanceSeedBudgetKey(instance=None, seed=1791095845, budget=None)]. If the challenger is dominated, reject id.
[DEBUG][abstract_intensifier.py:555] Check on the currently evaluated instances whether the challenger is dominated by the incumbent
[DEBUG][abstract_intensifier.py:571] Challenger config f6cefd is dominated by incumbent cef2c7.
[DEBUG][abstract_intensifier.py:571] Challenger config f6cefd is dominated by incumbent acf346.
[DEBUG][abstract_intensifier.py:571] Challenger config f6cefd is dominated by incumbent 7f0f3e.
[DEBUG][abstract_intensifier.py:571] Challenger config f6cefd is dominated by incumbent de26d5.
[DEBUG][abstract_intensifier.py:571] Challenger config f6cefd is dominated by incumbent 37ba72.
[DEBUG][abstract_intensifier.py:571] Challenger config f6cefd is dominated by incumbent fee0f5.
[DEBUG][abstract_intensifier.py:571] Challenger config f6cefd is dominated by incumbent 490604.
[DEBUG][runhistory.py:1060] Update cost for config 048aa7.
[DEBUG][smbo.py:226] Tell method was called with cost [1.14326484361052, 0.005940501975118231, 98.22604563739151] (SUCCESS).
[DEBUG][abstract_intensifier.py:546] Validate whether we have overlap in the keys evaluated for the challenger config [InstanceSeedBudgetKey(instance=None, seed=1791095845, budget=None)] and the incumbent config [InstanceSeedBudgetKey(instance=None, seed=1791095845, budget=None)]. If the challenger is dominated, reject id.
[DEBUG][abstract_intensifier.py:555] Check on the currently evaluated instances whether the challenger is dominated by the incumbent
[DEBUG][abstract_intensifier.py:571] Challenger config 048aa7 is dominated by incumbent de26d5.
[bo_meta] trial timed out after 200.2s
[bo_meta] trial timed out after 200.2s
[bo_meta] trial timed out after 200.2s
[bo_meta] trial timed out after 200.1s
[bo_meta] trial timed out after 200.2s
[bo_meta] trial timed out after 200.2s
[DEBUG][runhistory.py:1060] Update cost for config 3d1bb5.
[DEBUG][smbo.py:226] Tell method was called with cost [1.0370767325782038, 0.01192923940434319, 67.62470976705663] (SUCCESS).
[DEBUG][abstract_intensifier.py:546] Validate whether we have overlap in the keys evaluated for the challenger config [InstanceSeedBudgetKey(instance=None, seed=1791095845, budget=None)] and the incumbent config [InstanceSeedBudgetKey(instance=None, seed=1791095845, budget=None)]. If the challenger is dominated, reject id.
[DEBUG][abstract_intensifier.py:555] Check on the currently evaluated instances whether the challenger is dominated by the incumbent
[DEBUG][abstract_intensifier.py:571] Challenger config 3d1bb5 is dominated by incumbent de26d5.
[DEBUG][runhistory.py:1060] Update cost for config 711eb2.
[DEBUG][smbo.py:226] Tell method was called with cost [0.811739941493978, 0.13143771069681895, 109.23304499126971] (SUCCESS).
[DEBUG][abstract_intensifier.py:546] Validate whether we have overlap in the keys evaluated for the challenger config [InstanceSeedBudgetKey(instance=None, seed=1791095845, budget=None)] and the incumbent config [InstanceSeedBudgetKey(instance=None, seed=1791095845, budget=None)]. If the challenger is dominated, reject id.
[DEBUG][abstract_intensifier.py:555] Check on the currently evaluated instances whether the challenger is dominated by the incumbent
[DEBUG][abstract_intensifier.py:571] Challenger config 711eb2 is dominated by incumbent acf346.
[DEBUG][abstract_intensifier.py:571] Challenger config 711eb2 is dominated by incumbent 7f0f3e.
[DEBUG][abstract_intensifier.py:571] Challenger config 711eb2 is dominated by incumbent de26d5.
[DEBUG][runhistory.py:1060] Update cost for config 9be210.
[DEBUG][smbo.py:226] Tell method was called with cost [1.1444542673706275, 0.12004943369436051, 107.7049415083602] (SUCCESS).
[DEBUG][abstract_intensifier.py:546] Validate whether we have overlap in the keys evaluated for the challenger config [InstanceSeedBudgetKey(instance=None, seed=1791095845, budget=None)] and the incumbent config [InstanceSeedBudgetKey(instance=None, seed=1791095845, budget=None)]. If the challenger is dominated, reject id.
[DEBUG][abstract_intensifier.py:555] Check on the currently evaluated instances whether the challenger is dominated by the incumbent
[DEBUG][abstract_intensifier.py:571] Challenger config 9be210 is dominated by incumbent acf346.
[DEBUG][abstract_intensifier.py:571] Challenger config 9be210 is dominated by incumbent 7f0f3e.
[DEBUG][abstract_intensifier.py:571] Challenger config 9be210 is dominated by incumbent de26d5.
[DEBUG][runhistory.py:1060] Update cost for config b7bc12.
[DEBUG][smbo.py:226] Tell method was called with cost [0.9704337046137657, 0.10076856204393832, 117.6932261036709] (SUCCESS).
[DEBUG][abstract_intensifier.py:546] Validate whether we have overlap in the keys evaluated for the challenger config [InstanceSeedBudgetKey(instance=None, seed=1791095845, budget=None)] and the incumbent config [InstanceSeedBudgetKey(instance=None, seed=1791095845, budget=None)]. If the challenger is dominated, reject id.
[DEBUG][abstract_intensifier.py:555] Check on the currently evaluated instances whether the challenger is dominated by the incumbent
[DEBUG][abstract_intensifier.py:571] Challenger config b7bc12 is dominated by incumbent acf346.
[DEBUG][abstract_intensifier.py:571] Challenger config b7bc12 is dominated by incumbent 7f0f3e.
[DEBUG][abstract_intensifier.py:571] Challenger config b7bc12 is dominated by incumbent de26d5.
[DEBUG][runhistory.py:1060] Update cost for config 08e1ec.
[DEBUG][smbo.py:226] Tell method was called with cost [1.0040112952478144, 0.008108484036313979, 124.41270144609734] (SUCCESS).
[DEBUG][abstract_intensifier.py:546] Validate whether we have overlap in the keys evaluated for the challenger config [InstanceSeedBudgetKey(instance=None, seed=1791095845, budget=None)] and the incumbent config [InstanceSeedBudgetKey(instance=None, seed=1791095845, budget=None)]. If the challenger is dominated, reject id.
[DEBUG][abstract_intensifier.py:555] Check on the currently evaluated instances whether the challenger is dominated by the incumbent
[DEBUG][abstract_intensifier.py:571] Challenger config 08e1ec is dominated by incumbent de26d5.
[bo_meta] trial timed out after 200.2s
[DEBUG][runhistory.py:1060] Update cost for config a46225.
[DEBUG][smbo.py:226] Tell method was called with cost [500001.72891277424, 500002.30181148305, 164.6105016323272] (SUCCESS).
[DEBUG][abstract_intensifier.py:546] Validate whether we have overlap in the keys evaluated for the challenger config [InstanceSeedBudgetKey(instance=None, seed=1791095845, budget=None)] and the incumbent config [InstanceSeedBudgetKey(instance=None, seed=1791095845, budget=None)]. If the challenger is dominated, reject id.
[DEBUG][abstract_intensifier.py:555] Check on the currently evaluated instances whether the challenger is dominated by the incumbent
[DEBUG][abstract_intensifier.py:571] Challenger config a46225 is dominated by incumbent cef2c7.
[DEBUG][abstract_intensifier.py:571] Challenger config a46225 is dominated by incumbent acf346.
[DEBUG][abstract_intensifier.py:571] Challenger config a46225 is dominated by incumbent 7f0f3e.
[DEBUG][abstract_intensifier.py:571] Challenger config a46225 is dominated by incumbent de26d5.
[DEBUG][abstract_intensifier.py:571] Challenger config a46225 is dominated by incumbent 37ba72.
[DEBUG][abstract_intensifier.py:571] Challenger config a46225 is dominated by incumbent fee0f5.
[DEBUG][abstract_intensifier.py:571] Challenger config a46225 is dominated by incumbent 490604.
[DEBUG][runhistory.py:1060] Update cost for config 2225ae.
[DEBUG][smbo.py:226] Tell method was called with cost [500000.4811037252, 500000.01975094515, 162.7112874907907] (SUCCESS).
[DEBUG][abstract_intensifier.py:546] Validate whether we have overlap in the keys evaluated for the challenger config [InstanceSeedBudgetKey(instance=None, seed=1791095845, budget=None)] and the incumbent config [InstanceSeedBudgetKey(instance=None, seed=1791095845, budget=None)]. If the challenger is dominated, reject id.
[DEBUG][abstract_intensifier.py:555] Check on the currently evaluated instances whether the challenger is dominated by the incumbent
[DEBUG][abstract_intensifier.py:571] Challenger config 2225ae is dominated by incumbent cef2c7.
[DEBUG][abstract_intensifier.py:571] Challenger config 2225ae is dominated by incumbent acf346.
[DEBUG][abstract_intensifier.py:571] Challenger config 2225ae is dominated by incumbent 7f0f3e.
[DEBUG][abstract_intensifier.py:571] Challenger config 2225ae is dominated by incumbent de26d5.
[DEBUG][abstract_intensifier.py:571] Challenger config 2225ae is dominated by incumbent 37ba72.
[DEBUG][abstract_intensifier.py:571] Challenger config 2225ae is dominated by incumbent fee0f5.
[DEBUG][abstract_intensifier.py:571] Challenger config 2225ae is dominated by incumbent 490604.
[DEBUG][runhistory.py:1060] Update cost for config 592e03.
[DEBUG][smbo.py:226] Tell method was called with cost [500000.4398006303, 500000.00280437205, 195.07636133977212] (SUCCESS).
[DEBUG][abstract_intensifier.py:546] Validate whether we have overlap in the keys evaluated for the challenger config [InstanceSeedBudgetKey(instance=None, seed=1791095845, budget=None)] and the incumbent config [InstanceSeedBudgetKey(instance=None, seed=1791095845, budget=None)]. If the challenger is dominated, reject id.
[DEBUG][abstract_intensifier.py:555] Check on the currently evaluated instances whether the challenger is dominated by the incumbent
[DEBUG][abstract_intensifier.py:571] Challenger config 592e03 is dominated by incumbent cef2c7.
[DEBUG][abstract_intensifier.py:571] Challenger config 592e03 is dominated by incumbent acf346.
[DEBUG][abstract_intensifier.py:571] Challenger config 592e03 is dominated by incumbent 7f0f3e.
[DEBUG][abstract_intensifier.py:571] Challenger config 592e03 is dominated by incumbent de26d5.
[DEBUG][abstract_intensifier.py:571] Challenger config 592e03 is dominated by incumbent 37ba72.
[DEBUG][abstract_intensifier.py:571] Challenger config 592e03 is dominated by incumbent fee0f5.
[DEBUG][abstract_intensifier.py:571] Challenger config 592e03 is dominated by incumbent 490604.
[bo_meta] trial timed out after 200.2s
[DEBUG][runhistory.py:1060] Update cost for config 479706.
[DEBUG][smbo.py:226] Tell method was called with cost [1000000.0, 1000000.0, 200.20517092081718] (SUCCESS).
[DEBUG][abstract_intensifier.py:546] Validate whether we have overlap in the keys evaluated for the challenger config [InstanceSeedBudgetKey(instance=None, seed=1791095845, budget=None)] and the incumbent config [InstanceSeedBudgetKey(instance=None, seed=1791095845, budget=None)]. If the challenger is dominated, reject id.
[DEBUG][abstract_intensifier.py:555] Check on the currently evaluated instances whether the challenger is dominated by the incumbent
[DEBUG][abstract_intensifier.py:571] Challenger config 479706 is dominated by incumbent cef2c7.
[DEBUG][abstract_intensifier.py:571] Challenger config 479706 is dominated by incumbent acf346.
[DEBUG][abstract_intensifier.py:571] Challenger config 479706 is dominated by incumbent 7f0f3e.
[DEBUG][abstract_intensifier.py:571] Challenger config 479706 is dominated by incumbent de26d5.
[DEBUG][abstract_intensifier.py:571] Challenger config 479706 is dominated by incumbent 37ba72.
[DEBUG][abstract_intensifier.py:571] Challenger config 479706 is dominated by incumbent fee0f5.
[DEBUG][abstract_intensifier.py:571] Challenger config 479706 is dominated by incumbent 490604.
[bo_meta] trial timed out after 200.2s
[DEBUG][runhistory.py:1060] Update cost for config 3668af.
[DEBUG][smbo.py:226] Tell method was called with cost [1000000.0, 1000000.0, 200.20628740335815] (SUCCESS).
[DEBUG][abstract_intensifier.py:546] Validate whether we have overlap in the keys evaluated for the challenger config [InstanceSeedBudgetKey(instance=None, seed=1791095845, budget=None)] and the incumbent config [InstanceSeedBudgetKey(instance=None, seed=1791095845, budget=None)]. If the challenger is dominated, reject id.
[DEBUG][abstract_intensifier.py:555] Check on the currently evaluated instances whether the challenger is dominated by the incumbent
[DEBUG][abstract_intensifier.py:571] Challenger config 3668af is dominated by incumbent cef2c7.
[DEBUG][abstract_intensifier.py:571] Challenger config 3668af is dominated by incumbent acf346.
[DEBUG][abstract_intensifier.py:571] Challenger config 3668af is dominated by incumbent 7f0f3e.
[DEBUG][abstract_intensifier.py:571] Challenger config 3668af is dominated by incumbent de26d5.
[DEBUG][abstract_intensifier.py:571] Challenger config 3668af is dominated by incumbent 37ba72.
[DEBUG][abstract_intensifier.py:571] Challenger config 3668af is dominated by incumbent fee0f5.
[DEBUG][abstract_intensifier.py:571] Challenger config 3668af is dominated by incumbent 490604.
[bo_meta] trial timed out after 200.2s
[DEBUG][runhistory.py:1060] Update cost for config ae88dd.
[DEBUG][smbo.py:226] Tell method was called with cost [1000000.0, 1000000.0, 200.17144165141508] (SUCCESS).
[DEBUG][abstract_intensifier.py:546] Validate whether we have overlap in the keys evaluated for the challenger config [InstanceSeedBudgetKey(instance=None, seed=1791095845, budget=None)] and the incumbent config [InstanceSeedBudgetKey(instance=None, seed=1791095845, budget=None)]. If the challenger is dominated, reject id.
[DEBUG][abstract_intensifier.py:555] Check on the currently evaluated instances whether the challenger is dominated by the incumbent
[DEBUG][abstract_intensifier.py:571] Challenger config ae88dd is dominated by incumbent cef2c7.
[DEBUG][abstract_intensifier.py:571] Challenger config ae88dd is dominated by incumbent acf346.
[DEBUG][abstract_intensifier.py:571] Challenger config ae88dd is dominated by incumbent 7f0f3e.
[DEBUG][abstract_intensifier.py:571] Challenger config ae88dd is dominated by incumbent de26d5.
[DEBUG][abstract_intensifier.py:571] Challenger config ae88dd is dominated by incumbent 37ba72.
[DEBUG][abstract_intensifier.py:571] Challenger config ae88dd is dominated by incumbent fee0f5.
[DEBUG][abstract_intensifier.py:571] Challenger config ae88dd is dominated by incumbent 490604.
[bo_meta] trial timed out after 200.2s
[DEBUG][runhistory.py:1060] Update cost for config 54d341.
[DEBUG][smbo.py:226] Tell method was called with cost [1000000.0, 1000000.0, 200.2205874384381] (SUCCESS).
[DEBUG][abstract_intensifier.py:546] Validate whether we have overlap in the keys evaluated for the challenger config [InstanceSeedBudgetKey(instance=None, seed=1791095845, budget=None)] and the incumbent config [InstanceSeedBudgetKey(instance=None, seed=1791095845, budget=None)]. If the challenger is dominated, reject id.
[DEBUG][abstract_intensifier.py:555] Check on the currently evaluated instances whether the challenger is dominated by the incumbent
[DEBUG][abstract_intensifier.py:571] Challenger config 54d341 is dominated by incumbent cef2c7.
[DEBUG][abstract_intensifier.py:571] Challenger config 54d341 is dominated by incumbent acf346.
[DEBUG][abstract_intensifier.py:571] Challenger config 54d341 is dominated by incumbent 7f0f3e.
[DEBUG][abstract_intensifier.py:571] Challenger config 54d341 is dominated by incumbent de26d5.
[DEBUG][abstract_intensifier.py:571] Challenger config 54d341 is dominated by incumbent 37ba72.
[DEBUG][abstract_intensifier.py:571] Challenger config 54d341 is dominated by incumbent fee0f5.
[DEBUG][abstract_intensifier.py:571] Challenger config 54d341 is dominated by incumbent 490604.

── Pareto-optimal configurations ────────────────────────────────────────
      rmse   instability      time  config
──────────────────────────────────────────
      0.1913        0.3165     23.2s  depth=3  epochs=1803  hidden=16
      0.1940        0.0197     37.6s  depth=7  epochs=2554  hidden=16
      0.1729        0.0477     35.6s  depth=6  epochs=1152  hidden=16
      0.3218        0.0037     33.2s  depth=5  epochs=1231  hidden=32
      0.2973        0.1680     23.1s  depth=2  epochs=832  hidden=16
      0.1729        0.2482     29.8s  depth=2  epochs=1959  hidden=16
      0.1936        0.2338     19.3s  depth=2  epochs=1954  hidden=16
[DEBUG][pyplot.py:496] Loaded backend Agg version v2.2.
[DEBUG][font_manager.py:1471] findfont: Matching sans\-serif:style=normal:variant=normal:weight=normal:stretch=normal:size=10.0.
[DEBUG][font_manager.py:1483] findfont: score(FontEntry(fname='/home/clement.fournier/Work/cinm-mlir/.venv/lib/python3.10/site-packages/matplotlib/mpl-data/fonts/ttf/STIXNonUniIta.ttf', name='STIXNonUnicode', style='italic', variant='normal', weight=400, stretch='normal', size='scalable')) = 11.05
[DEBUG][font_manager.py:1483] findfont: score(FontEntry(fname='/home/clement.fournier/Work/cinm-mlir/.venv/lib/python3.10/site-packages/matplotlib/mpl-data/fonts/ttf/DejaVuSerif.ttf', name='DejaVu Serif', style='normal', variant='normal', weight=400, stretch='normal', size='scalable')) = 10.05
[DEBUG][font_manager.py:1483] findfont: score(FontEntry(fname='/home/clement.fournier/Work/cinm-mlir/.venv/lib/python3.10/site-packages/matplotlib/mpl-data/fonts/ttf/STIXGeneralBolIta.ttf', name='STIXGeneral', style='italic', variant='normal', weight=700, stretch='normal', size='scalable')) = 11.335
[DEBUG][font_manager.py:1483] findfont: score(FontEntry(fname='/home/clement.fournier/Work/cinm-mlir/.venv/lib/python3.10/site-packages/matplotlib/mpl-data/fonts/ttf/DejaVuSerifDisplay.ttf', name='DejaVu Serif Display', style='normal', variant='normal', weight=400, stretch='normal', size='scalable')) = 10.05
[DEBUG][font_manager.py:1483] findfont: score(FontEntry(fname='/home/clement.fournier/Work/cinm-mlir/.venv/lib/python3.10/site-packages/matplotlib/mpl-data/fonts/ttf/DejaVuSans-BoldOblique.ttf', name='DejaVu Sans', style='oblique', variant='normal', weight=700, stretch='normal', size='scalable')) = 1.335
[DEBUG][font_manager.py:1483] findfont: score(FontEntry(fname='/home/clement.fournier/Work/cinm-mlir/.venv/lib/python3.10/site-packages/matplotlib/mpl-data/fonts/ttf/STIXSizFourSymReg.ttf', name='STIXSizeFourSym', style='normal', variant='normal', weight=400, stretch='normal', size='scalable')) = 10.05
[DEBUG][font_manager.py:1483] findfont: score(FontEntry(fname='/home/clement.fournier/Work/cinm-mlir/.venv/lib/python3.10/site-packages/matplotlib/mpl-data/fonts/ttf/DejaVuSans-Oblique.ttf', name='DejaVu Sans', style='oblique', variant='normal', weight=400, stretch='normal', size='scalable')) = 1.05
[DEBUG][font_manager.py:1483] findfont: score(FontEntry(fname='/home/clement.fournier/Work/cinm-mlir/.venv/lib/python3.10/site-packages/matplotlib/mpl-data/fonts/ttf/STIXSizOneSymBol.ttf', name='STIXSizeOneSym', style='normal', variant='normal', weight=700, stretch='normal', size='scalable')) = 10.335
[DEBUG][font_manager.py:1483] findfont: score(FontEntry(fname='/home/clement.fournier/Work/cinm-mlir/.venv/lib/python3.10/site-packages/matplotlib/mpl-data/fonts/ttf/cmss10.ttf', name='cmss10', style='normal', variant='normal', weight=400, stretch='normal', size='scalable')) = 10.05
[DEBUG][font_manager.py:1483] findfont: score(FontEntry(fname='/home/clement.fournier/Work/cinm-mlir/.venv/lib/python3.10/site-packages/matplotlib/mpl-data/fonts/ttf/STIXSizFourSymBol.ttf', name='STIXSizeFourSym', style='normal', variant='normal', weight=700, stretch='normal', size='scalable')) = 10.335
[DEBUG][font_manager.py:1483] findfont: score(FontEntry(fname='/home/clement.fournier/Work/cinm-mlir/.venv/lib/python3.10/site-packages/matplotlib/mpl-data/fonts/ttf/DejaVuSansDisplay.ttf', name='DejaVu Sans Display', style='normal', variant='normal', weight=400, stretch='normal', size='scalable')) = 10.05
[DEBUG][font_manager.py:1483] findfont: score(FontEntry(fname='/home/clement.fournier/Work/cinm-mlir/.venv/lib/python3.10/site-packages/matplotlib/mpl-data/fonts/ttf/DejaVuSans-Bold.ttf', name='DejaVu Sans', style='normal', variant='normal', weight=700, stretch='normal', size='scalable')) = 0.33499999999999996
[DEBUG][font_manager.py:1483] findfont: score(FontEntry(fname='/home/clement.fournier/Work/cinm-mlir/.venv/lib/python3.10/site-packages/matplotlib/mpl-data/fonts/ttf/DejaVuSansMono-Oblique.ttf', name='DejaVu Sans Mono', style='oblique', variant='normal', weight=400, stretch='normal', size='scalable')) = 11.05
[DEBUG][font_manager.py:1483] findfont: score(FontEntry(fname='/home/clement.fournier/Work/cinm-mlir/.venv/lib/python3.10/site-packages/matplotlib/mpl-data/fonts/ttf/cmex10.ttf', name='cmex10', style='normal', variant='normal', weight=400, stretch='normal', size='scalable')) = 10.05
[DEBUG][font_manager.py:1483] findfont: score(FontEntry(fname='/home/clement.fournier/Work/cinm-mlir/.venv/lib/python3.10/site-packages/matplotlib/mpl-data/fonts/ttf/STIXSizOneSymReg.ttf', name='STIXSizeOneSym', style='normal', variant='normal', weight=400, stretch='normal', size='scalable')) = 10.05
[DEBUG][font_manager.py:1483] findfont: score(FontEntry(fname='/home/clement.fournier/Work/cinm-mlir/.venv/lib/python3.10/site-packages/matplotlib/mpl-data/fonts/ttf/STIXGeneral.ttf', name='STIXGeneral', style='normal', variant='normal', weight=400, stretch='normal', size='scalable')) = 10.05
[DEBUG][font_manager.py:1483] findfont: score(FontEntry(fname='/home/clement.fournier/Work/cinm-mlir/.venv/lib/python3.10/site-packages/matplotlib/mpl-data/fonts/ttf/DejaVuSans.ttf', name='DejaVu Sans', style='normal', variant='normal', weight=400, stretch='normal', size='scalable')) = 0.05
[DEBUG][font_manager.py:1483] findfont: score(FontEntry(fname='/home/clement.fournier/Work/cinm-mlir/.venv/lib/python3.10/site-packages/matplotlib/mpl-data/fonts/ttf/STIXGeneralBol.ttf', name='STIXGeneral', style='normal', variant='normal', weight=700, stretch='normal', size='scalable')) = 10.335
[DEBUG][font_manager.py:1483] findfont: score(FontEntry(fname='/home/clement.fournier/Work/cinm-mlir/.venv/lib/python3.10/site-packages/matplotlib/mpl-data/fonts/ttf/cmsy10.ttf', name='cmsy10', style='normal', variant='normal', weight=400, stretch='normal', size='scalable')) = 10.05
[DEBUG][font_manager.py:1483] findfont: score(FontEntry(fname='/home/clement.fournier/Work/cinm-mlir/.venv/lib/python3.10/site-packages/matplotlib/mpl-data/fonts/ttf/DejaVuSerif-Italic.ttf', name='DejaVu Serif', style='italic', variant='normal', weight=400, stretch='normal', size='scalable')) = 11.05
[DEBUG][font_manager.py:1483] findfont: score(FontEntry(fname='/home/clement.fournier/Work/cinm-mlir/.venv/lib/python3.10/site-packages/matplotlib/mpl-data/fonts/ttf/STIXNonUni.ttf', name='STIXNonUnicode', style='normal', variant='normal', weight=400, stretch='normal', size='scalable')) = 10.05
[DEBUG][font_manager.py:1483] findfont: score(FontEntry(fname='/home/clement.fournier/Work/cinm-mlir/.venv/lib/python3.10/site-packages/matplotlib/mpl-data/fonts/ttf/STIXNonUniBol.ttf', name='STIXNonUnicode', style='normal', variant='normal', weight=700, stretch='normal', size='scalable')) = 10.335
[DEBUG][font_manager.py:1483] findfont: score(FontEntry(fname='/home/clement.fournier/Work/cinm-mlir/.venv/lib/python3.10/site-packages/matplotlib/mpl-data/fonts/ttf/cmr10.ttf', name='cmr10', style='normal', variant='normal', weight=400, stretch='normal', size='scalable')) = 10.05
[DEBUG][font_manager.py:1483] findfont: score(FontEntry(fname='/home/clement.fournier/Work/cinm-mlir/.venv/lib/python3.10/site-packages/matplotlib/mpl-data/fonts/ttf/STIXNonUniBolIta.ttf', name='STIXNonUnicode', style='italic', variant='normal', weight=700, stretch='normal', size='scalable')) = 11.335
[DEBUG][font_manager.py:1483] findfont: score(FontEntry(fname='/home/clement.fournier/Work/cinm-mlir/.venv/lib/python3.10/site-packages/matplotlib/mpl-data/fonts/ttf/DejaVuSerif-BoldItalic.ttf', name='DejaVu Serif', style='italic', variant='normal', weight=700, stretch='normal', size='scalable')) = 11.335
[DEBUG][font_manager.py:1483] findfont: score(FontEntry(fname='/home/clement.fournier/Work/cinm-mlir/.venv/lib/python3.10/site-packages/matplotlib/mpl-data/fonts/ttf/STIXSizFiveSymReg.ttf', name='STIXSizeFiveSym', style='normal', variant='normal', weight=400, stretch='normal', size='scalable')) = 10.05
[DEBUG][font_manager.py:1483] findfont: score(FontEntry(fname='/home/clement.fournier/Work/cinm-mlir/.venv/lib/python3.10/site-packages/matplotlib/mpl-data/fonts/ttf/cmtt10.ttf', name='cmtt10', style='normal', variant='normal', weight=400, stretch='normal', size='scalable')) = 10.05
[DEBUG][font_manager.py:1483] findfont: score(FontEntry(fname='/home/clement.fournier/Work/cinm-mlir/.venv/lib/python3.10/site-packages/matplotlib/mpl-data/fonts/ttf/DejaVuSansMono-Bold.ttf', name='DejaVu Sans Mono', style='normal', variant='normal', weight=700, stretch='normal', size='scalable')) = 10.335
[DEBUG][font_manager.py:1483] findfont: score(FontEntry(fname='/home/clement.fournier/Work/cinm-mlir/.venv/lib/python3.10/site-packages/matplotlib/mpl-data/fonts/ttf/cmmi10.ttf', name='cmmi10', style='normal', variant='normal', weight=400, stretch='normal', size='scalable')) = 10.05
[DEBUG][font_manager.py:1483] findfont: score(FontEntry(fname='/home/clement.fournier/Work/cinm-mlir/.venv/lib/python3.10/site-packages/matplotlib/mpl-data/fonts/ttf/STIXSizTwoSymReg.ttf', name='STIXSizeTwoSym', style='normal', variant='normal', weight=400, stretch='normal', size='scalable')) = 10.05
[DEBUG][font_manager.py:1483] findfont: score(FontEntry(fname='/home/clement.fournier/Work/cinm-mlir/.venv/lib/python3.10/site-packages/matplotlib/mpl-data/fonts/ttf/DejaVuSansMono.ttf', name='DejaVu Sans Mono', style='normal', variant='normal', weight=400, stretch='normal', size='scalable')) = 10.05
[DEBUG][font_manager.py:1483] findfont: score(FontEntry(fname='/home/clement.fournier/Work/cinm-mlir/.venv/lib/python3.10/site-packages/matplotlib/mpl-data/fonts/ttf/DejaVuSansMono-BoldOblique.ttf', name='DejaVu Sans Mono', style='oblique', variant='normal', weight=700, stretch='normal', size='scalable')) = 11.335
[DEBUG][font_manager.py:1483] findfont: score(FontEntry(fname='/home/clement.fournier/Work/cinm-mlir/.venv/lib/python3.10/site-packages/matplotlib/mpl-data/fonts/ttf/DejaVuSerif-Bold.ttf', name='DejaVu Serif', style='normal', variant='normal', weight=700, stretch='normal', size='scalable')) = 10.335
[DEBUG][font_manager.py:1483] findfont: score(FontEntry(fname='/home/clement.fournier/Work/cinm-mlir/.venv/lib/python3.10/site-packages/matplotlib/mpl-data/fonts/ttf/cmb10.ttf', name='cmb10', style='normal', variant='normal', weight=400, stretch='normal', size='scalable')) = 10.05
[DEBUG][font_manager.py:1483] findfont: score(FontEntry(fname='/home/clement.fournier/Work/cinm-mlir/.venv/lib/python3.10/site-packages/matplotlib/mpl-data/fonts/ttf/STIXGeneralItalic.ttf', name='STIXGeneral', style='italic', variant='normal', weight=400, stretch='normal', size='scalable')) = 11.05
[DEBUG][font_manager.py:1483] findfont: score(FontEntry(fname='/home/clement.fournier/Work/cinm-mlir/.venv/lib/python3.10/site-packages/matplotlib/mpl-data/fonts/ttf/STIXSizThreeSymBol.ttf', name='STIXSizeThreeSym', style='normal', variant='normal', weight=700, stretch='normal', size='scalable')) = 10.335
[DEBUG][font_manager.py:1483] findfont: score(FontEntry(fname='/home/clement.fournier/Work/cinm-mlir/.venv/lib/python3.10/site-packages/matplotlib/mpl-data/fonts/ttf/STIXSizThreeSymReg.ttf', name='STIXSizeThreeSym', style='normal', variant='normal', weight=400, stretch='normal', size='scalable')) = 10.05
[DEBUG][font_manager.py:1483] findfont: score(FontEntry(fname='/home/clement.fournier/Work/cinm-mlir/.venv/lib/python3.10/site-packages/matplotlib/mpl-data/fonts/ttf/STIXSizTwoSymBol.ttf', name='STIXSizeTwoSym', style='normal', variant='normal', weight=700, stretch='normal', size='scalable')) = 10.335
[DEBUG][font_manager.py:1483] findfont: score(FontEntry(fname='/usr/share/fonts/opentype/font-awesome/FontAwesome.otf', name='FontAwesome', style='normal', variant='normal', weight=400, stretch='normal', size='scalable')) = 10.05
[DEBUG][font_manager.py:1483] findfont: score(FontEntry(fname='/usr/share/fonts/truetype/lato/Lato-HeavyItalic.ttf', name='Lato', style='italic', variant='normal', weight=800, stretch='normal', size='scalable')) = 11.43
[DEBUG][font_manager.py:1483] findfont: score(FontEntry(fname='/usr/share/fonts/truetype/lato/Lato-SemiboldItalic.ttf', name='Lato', style='italic', variant='normal', weight=600, stretch='normal', size='scalable')) = 11.24
[DEBUG][font_manager.py:1483] findfont: score(FontEntry(fname='/usr/share/fonts/truetype/lato/Lato-Semibold.ttf', name='Lato', style='normal', variant='normal', weight=600, stretch='normal', size='scalable')) = 10.24
[DEBUG][font_manager.py:1483] findfont: score(FontEntry(fname='/usr/share/fonts/truetype/dejavu/DejaVuSansMono-Bold.ttf', name='DejaVu Sans Mono', style='normal', variant='normal', weight=700, stretch='normal', size='scalable')) = 10.335
[DEBUG][font_manager.py:1483] findfont: score(FontEntry(fname='/usr/share/fonts/truetype/lato/Lato-Italic.ttf', name='Lato', style='italic', variant='normal', weight=400, stretch='normal', size='scalable')) = 11.05
[DEBUG][font_manager.py:1483] findfont: score(FontEntry(fname='/usr/share/fonts/truetype/lyx/cmr10.ttf', name='cmr10', style='normal', variant='normal', weight=400, stretch='normal', size='scalable')) = 10.05
[DEBUG][font_manager.py:1483] findfont: score(FontEntry(fname='/usr/share/fonts/truetype/lyx/dsrom10.ttf', name='dsrom10', style='normal', variant='normal', weight=400, stretch='normal', size='scalable')) = 10.05
[DEBUG][font_manager.py:1483] findfont: score(FontEntry(fname='/usr/share/fonts/truetype/lyx/cmex10.ttf', name='cmex10', style='normal', variant='normal', weight=400, stretch='normal', size='scalable')) = 10.05
[DEBUG][font_manager.py:1483] findfont: score(FontEntry(fname='/usr/share/fonts/truetype/lato/Lato-Heavy.ttf', name='Lato', style='normal', variant='normal', weight=800, stretch='normal', size='scalable')) = 10.43
[DEBUG][font_manager.py:1483] findfont: score(FontEntry(fname='/usr/share/fonts/truetype/dejavu/DejaVuSansMono.ttf', name='DejaVu Sans Mono', style='normal', variant='normal', weight=400, stretch='normal', size='scalable')) = 10.05
[DEBUG][font_manager.py:1483] findfont: score(FontEntry(fname='/usr/share/fonts/truetype/lyx/cmmi10.ttf', name='cmmi10', style='normal', variant='normal', weight=400, stretch='normal', size='scalable')) = 10.05
[DEBUG][font_manager.py:1483] findfont: score(FontEntry(fname='/usr/share/fonts/truetype/lato/Lato-LightItalic.ttf', name='Lato', style='italic', variant='normal', weight=300, stretch='normal', size='scalable')) = 11.145
[DEBUG][font_manager.py:1483] findfont: score(FontEntry(fname='/usr/share/fonts/truetype/lyx/msam10.ttf', name='msam10', style='normal', variant='normal', weight=400, stretch='normal', size='scalable')) = 10.05
[DEBUG][font_manager.py:1483] findfont: score(FontEntry(fname='/usr/share/fonts/truetype/lyx/rsfs10.ttf', name='rsfs10', style='italic', variant='normal', weight=400, stretch='normal', size='scalable')) = 11.05
[DEBUG][font_manager.py:1483] findfont: score(FontEntry(fname='/usr/share/fonts/truetype/lyx/stmary10.ttf', name='stmary10', style='normal', variant='normal', weight=400, stretch='normal', size='scalable')) = 10.05
[DEBUG][font_manager.py:1483] findfont: score(FontEntry(fname='/usr/share/fonts/truetype/lato/Lato-BoldItalic.ttf', name='Lato', style='italic', variant='normal', weight=700, stretch='normal', size='scalable')) = 11.335
[DEBUG][font_manager.py:1483] findfont: score(FontEntry(fname='/usr/share/fonts/truetype/font-awesome/fontawesome-webfont.ttf', name='FontAwesome', style='normal', variant='normal', weight=400, stretch='normal', size='scalable')) = 10.05
[DEBUG][font_manager.py:1483] findfont: score(FontEntry(fname='/usr/share/fonts/truetype/lato/Lato-Light.ttf', name='Lato', style='normal', variant='normal', weight=300, stretch='normal', size='scalable')) = 10.145
[DEBUG][font_manager.py:1483] findfont: score(FontEntry(fname='/usr/share/fonts/truetype/dejavu/DejaVuSans.ttf', name='DejaVu Sans', style='normal', variant='normal', weight=400, stretch='normal', size='scalable')) = 0.05
[DEBUG][font_manager.py:1483] findfont: score(FontEntry(fname='/usr/share/fonts/truetype/lato/Lato-ThinItalic.ttf', name='Lato', style='italic', variant='normal', weight=200, stretch='normal', size='scalable')) = 11.24
[DEBUG][font_manager.py:1483] findfont: score(FontEntry(fname='/usr/share/fonts/truetype/lyx/wasy10.ttf', name='wasy10', style='normal', variant='normal', weight=400, stretch='normal', size='scalable')) = 10.05
[DEBUG][font_manager.py:1483] findfont: score(FontEntry(fname='/usr/share/fonts/truetype/lato/Lato-BlackItalic.ttf', name='Lato', style='italic', variant='normal', weight=900, stretch='normal', size='scalable')) = 11.525
[DEBUG][font_manager.py:1483] findfont: score(FontEntry(fname='/usr/share/fonts/truetype/lato/Lato-HairlineItalic.ttf', name='Lato', style='italic', variant='normal', weight=100, stretch='normal', size='scalable')) = 11.335
[DEBUG][font_manager.py:1483] findfont: score(FontEntry(fname='/usr/share/fonts/truetype/dejavu/DejaVuSerif-Bold.ttf', name='DejaVu Serif', style='normal', variant='normal', weight=700, stretch='normal', size='scalable')) = 10.335
[DEBUG][font_manager.py:1483] findfont: score(FontEntry(fname='/usr/share/fonts/truetype/lato/Lato-Regular.ttf', name='Lato', style='normal', variant='normal', weight=400, stretch='normal', size='scalable')) = 10.05
[DEBUG][font_manager.py:1483] findfont: score(FontEntry(fname='/usr/share/fonts/truetype/dejavu/DejaVuSans-Bold.ttf', name='DejaVu Sans', style='normal', variant='normal', weight=700, stretch='normal', size='scalable')) = 0.33499999999999996
[DEBUG][font_manager.py:1483] findfont: score(FontEntry(fname='/usr/share/fonts/truetype/lato/Lato-Medium.ttf', name='Lato', style='normal', variant='normal', weight=500, stretch='normal', size='scalable')) = 10.145
[DEBUG][font_manager.py:1483] findfont: score(FontEntry(fname='/usr/share/fonts/truetype/lato/Lato-Hairline.ttf', name='Lato', style='normal', variant='normal', weight=100, stretch='normal', size='scalable')) = 10.335
[DEBUG][font_manager.py:1483] findfont: score(FontEntry(fname='/usr/share/fonts/truetype/lyx/msbm10.ttf', name='msbm10', style='normal', variant='normal', weight=400, stretch='normal', size='scalable')) = 10.05
[DEBUG][font_manager.py:1483] findfont: score(FontEntry(fname='/usr/share/fonts/truetype/lato/Lato-MediumItalic.ttf', name='Lato', style='italic', variant='normal', weight=500, stretch='normal', size='scalable')) = 11.145
[DEBUG][font_manager.py:1483] findfont: score(FontEntry(fname='/usr/share/fonts/truetype/lyx/eufm10.ttf', name='eufm10', style='normal', variant='normal', weight=400, stretch='normal', size='scalable')) = 10.05
[DEBUG][font_manager.py:1483] findfont: score(FontEntry(fname='/usr/share/fonts/truetype/dejavu/DejaVuSerif.ttf', name='DejaVu Serif', style='normal', variant='normal', weight=400, stretch='normal', size='scalable')) = 10.05
[DEBUG][font_manager.py:1483] findfont: score(FontEntry(fname='/usr/share/fonts/truetype/lato/Lato-Bold.ttf', name='Lato', style='normal', variant='normal', weight=700, stretch='normal', size='scalable')) = 10.335
[DEBUG][font_manager.py:1483] findfont: score(FontEntry(fname='/usr/share/fonts/truetype/lyx/esint10.ttf', name='esint10', style='normal', variant='normal', weight=400, stretch='normal', size='scalable')) = 10.05
[DEBUG][font_manager.py:1483] findfont: score(FontEntry(fname='/usr/share/fonts/truetype/lato/Lato-Black.ttf', name='Lato', style='normal', variant='normal', weight=900, stretch='normal', size='scalable')) = 10.525
[DEBUG][font_manager.py:1483] findfont: score(FontEntry(fname='/usr/share/fonts/truetype/lato/Lato-Thin.ttf', name='Lato', style='normal', variant='normal', weight=200, stretch='normal', size='scalable')) = 10.24
[DEBUG][font_manager.py:1483] findfont: score(FontEntry(fname='/usr/share/fonts/truetype/lyx/cmsy10.ttf', name='cmsy10', style='normal', variant='normal', weight=400, stretch='normal', size='scalable')) = 10.05
[DEBUG][font_manager.py:1515] findfont: Matching sans\-serif:style=normal:variant=normal:weight=normal:stretch=normal:size=10.0 to DejaVu Sans ('/home/clement.fournier/Work/cinm-mlir/.venv/lib/python3.10/site-packages/matplotlib/mpl-data/fonts/ttf/DejaVuSans.ttf') with score of 0.050000.
[DEBUG][font_manager.py:1471] findfont: Matching sans\-serif:style=normal:variant=normal:weight=normal:stretch=normal:size=8.0.
[DEBUG][font_manager.py:1483] findfont: score(FontEntry(fname='/home/clement.fournier/Work/cinm-mlir/.venv/lib/python3.10/site-packages/matplotlib/mpl-data/fonts/ttf/STIXNonUniIta.ttf', name='STIXNonUnicode', style='italic', variant='normal', weight=400, stretch='normal', size='scalable')) = 11.05
[DEBUG][font_manager.py:1483] findfont: score(FontEntry(fname='/home/clement.fournier/Work/cinm-mlir/.venv/lib/python3.10/site-packages/matplotlib/mpl-data/fonts/ttf/DejaVuSerif.ttf', name='DejaVu Serif', style='normal', variant='normal', weight=400, stretch='normal', size='scalable')) = 10.05
[DEBUG][font_manager.py:1483] findfont: score(FontEntry(fname='/home/clement.fournier/Work/cinm-mlir/.venv/lib/python3.10/site-packages/matplotlib/mpl-data/fonts/ttf/STIXGeneralBolIta.ttf', name='STIXGeneral', style='italic', variant='normal', weight=700, stretch='normal', size='scalable')) = 11.335
[DEBUG][font_manager.py:1483] findfont: score(FontEntry(fname='/home/clement.fournier/Work/cinm-mlir/.venv/lib/python3.10/site-packages/matplotlib/mpl-data/fonts/ttf/DejaVuSerifDisplay.ttf', name='DejaVu Serif Display', style='normal', variant='normal', weight=400, stretch='normal', size='scalable')) = 10.05
[DEBUG][font_manager.py:1483] findfont: score(FontEntry(fname='/home/clement.fournier/Work/cinm-mlir/.venv/lib/python3.10/site-packages/matplotlib/mpl-data/fonts/ttf/DejaVuSans-BoldOblique.ttf', name='DejaVu Sans', style='oblique', variant='normal', weight=700, stretch='normal', size='scalable')) = 1.335
[DEBUG][font_manager.py:1483] findfont: score(FontEntry(fname='/home/clement.fournier/Work/cinm-mlir/.venv/lib/python3.10/site-packages/matplotlib/mpl-data/fonts/ttf/STIXSizFourSymReg.ttf', name='STIXSizeFourSym', style='normal', variant='normal', weight=400, stretch='normal', size='scalable')) = 10.05
[DEBUG][font_manager.py:1483] findfont: score(FontEntry(fname='/home/clement.fournier/Work/cinm-mlir/.venv/lib/python3.10/site-packages/matplotlib/mpl-data/fonts/ttf/DejaVuSans-Oblique.ttf', name='DejaVu Sans', style='oblique', variant='normal', weight=400, stretch='normal', size='scalable')) = 1.05
[DEBUG][font_manager.py:1483] findfont: score(FontEntry(fname='/home/clement.fournier/Work/cinm-mlir/.venv/lib/python3.10/site-packages/matplotlib/mpl-data/fonts/ttf/STIXSizOneSymBol.ttf', name='STIXSizeOneSym', style='normal', variant='normal', weight=700, stretch='normal', size='scalable')) = 10.335
[DEBUG][font_manager.py:1483] findfont: score(FontEntry(fname='/home/clement.fournier/Work/cinm-mlir/.venv/lib/python3.10/site-packages/matplotlib/mpl-data/fonts/ttf/cmss10.ttf', name='cmss10', style='normal', variant='normal', weight=400, stretch='normal', size='scalable')) = 10.05
[DEBUG][font_manager.py:1483] findfont: score(FontEntry(fname='/home/clement.fournier/Work/cinm-mlir/.venv/lib/python3.10/site-packages/matplotlib/mpl-data/fonts/ttf/STIXSizFourSymBol.ttf', name='STIXSizeFourSym', style='normal', variant='normal', weight=700, stretch='normal', size='scalable')) = 10.335
[DEBUG][font_manager.py:1483] findfont: score(FontEntry(fname='/home/clement.fournier/Work/cinm-mlir/.venv/lib/python3.10/site-packages/matplotlib/mpl-data/fonts/ttf/DejaVuSansDisplay.ttf', name='DejaVu Sans Display', style='normal', variant='normal', weight=400, stretch='normal', size='scalable')) = 10.05
[DEBUG][font_manager.py:1483] findfont: score(FontEntry(fname='/home/clement.fournier/Work/cinm-mlir/.venv/lib/python3.10/site-packages/matplotlib/mpl-data/fonts/ttf/DejaVuSans-Bold.ttf', name='DejaVu Sans', style='normal', variant='normal', weight=700, stretch='normal', size='scalable')) = 0.33499999999999996
[DEBUG][font_manager.py:1483] findfont: score(FontEntry(fname='/home/clement.fournier/Work/cinm-mlir/.venv/lib/python3.10/site-packages/matplotlib/mpl-data/fonts/ttf/DejaVuSansMono-Oblique.ttf', name='DejaVu Sans Mono', style='oblique', variant='normal', weight=400, stretch='normal', size='scalable')) = 11.05
[DEBUG][font_manager.py:1483] findfont: score(FontEntry(fname='/home/clement.fournier/Work/cinm-mlir/.venv/lib/python3.10/site-packages/matplotlib/mpl-data/fonts/ttf/cmex10.ttf', name='cmex10', style='normal', variant='normal', weight=400, stretch='normal', size='scalable')) = 10.05
[DEBUG][font_manager.py:1483] findfont: score(FontEntry(fname='/home/clement.fournier/Work/cinm-mlir/.venv/lib/python3.10/site-packages/matplotlib/mpl-data/fonts/ttf/STIXSizOneSymReg.ttf', name='STIXSizeOneSym', style='normal', variant='normal', weight=400, stretch='normal', size='scalable')) = 10.05
[DEBUG][font_manager.py:1483] findfont: score(FontEntry(fname='/home/clement.fournier/Work/cinm-mlir/.venv/lib/python3.10/site-packages/matplotlib/mpl-data/fonts/ttf/STIXGeneral.ttf', name='STIXGeneral', style='normal', variant='normal', weight=400, stretch='normal', size='scalable')) = 10.05
[DEBUG][font_manager.py:1483] findfont: score(FontEntry(fname='/home/clement.fournier/Work/cinm-mlir/.venv/lib/python3.10/site-packages/matplotlib/mpl-data/fonts/ttf/DejaVuSans.ttf', name='DejaVu Sans', style='normal', variant='normal', weight=400, stretch='normal', size='scalable')) = 0.05
[DEBUG][font_manager.py:1483] findfont: score(FontEntry(fname='/home/clement.fournier/Work/cinm-mlir/.venv/lib/python3.10/site-packages/matplotlib/mpl-data/fonts/ttf/STIXGeneralBol.ttf', name='STIXGeneral', style='normal', variant='normal', weight=700, stretch='normal', size='scalable')) = 10.335
[DEBUG][font_manager.py:1483] findfont: score(FontEntry(fname='/home/clement.fournier/Work/cinm-mlir/.venv/lib/python3.10/site-packages/matplotlib/mpl-data/fonts/ttf/cmsy10.ttf', name='cmsy10', style='normal', variant='normal', weight=400, stretch='normal', size='scalable')) = 10.05
[DEBUG][font_manager.py:1483] findfont: score(FontEntry(fname='/home/clement.fournier/Work/cinm-mlir/.venv/lib/python3.10/site-packages/matplotlib/mpl-data/fonts/ttf/DejaVuSerif-Italic.ttf', name='DejaVu Serif', style='italic', variant='normal', weight=400, stretch='normal', size='scalable')) = 11.05
[DEBUG][font_manager.py:1483] findfont: score(FontEntry(fname='/home/clement.fournier/Work/cinm-mlir/.venv/lib/python3.10/site-packages/matplotlib/mpl-data/fonts/ttf/STIXNonUni.ttf', name='STIXNonUnicode', style='normal', variant='normal', weight=400, stretch='normal', size='scalable')) = 10.05
[DEBUG][font_manager.py:1483] findfont: score(FontEntry(fname='/home/clement.fournier/Work/cinm-mlir/.venv/lib/python3.10/site-packages/matplotlib/mpl-data/fonts/ttf/STIXNonUniBol.ttf', name='STIXNonUnicode', style='normal', variant='normal', weight=700, stretch='normal', size='scalable')) = 10.335
[DEBUG][font_manager.py:1483] findfont: score(FontEntry(fname='/home/clement.fournier/Work/cinm-mlir/.venv/lib/python3.10/site-packages/matplotlib/mpl-data/fonts/ttf/cmr10.ttf', name='cmr10', style='normal', variant='normal', weight=400, stretch='normal', size='scalable')) = 10.05
[DEBUG][font_manager.py:1483] findfont: score(FontEntry(fname='/home/clement.fournier/Work/cinm-mlir/.venv/lib/python3.10/site-packages/matplotlib/mpl-data/fonts/ttf/STIXNonUniBolIta.ttf', name='STIXNonUnicode', style='italic', variant='normal', weight=700, stretch='normal', size='scalable')) = 11.335
[DEBUG][font_manager.py:1483] findfont: score(FontEntry(fname='/home/clement.fournier/Work/cinm-mlir/.venv/lib/python3.10/site-packages/matplotlib/mpl-data/fonts/ttf/DejaVuSerif-BoldItalic.ttf', name='DejaVu Serif', style='italic', variant='normal', weight=700, stretch='normal', size='scalable')) = 11.335
[DEBUG][font_manager.py:1483] findfont: score(FontEntry(fname='/home/clement.fournier/Work/cinm-mlir/.venv/lib/python3.10/site-packages/matplotlib/mpl-data/fonts/ttf/STIXSizFiveSymReg.ttf', name='STIXSizeFiveSym', style='normal', variant='normal', weight=400, stretch='normal', size='scalable')) = 10.05
[DEBUG][font_manager.py:1483] findfont: score(FontEntry(fname='/home/clement.fournier/Work/cinm-mlir/.venv/lib/python3.10/site-packages/matplotlib/mpl-data/fonts/ttf/cmtt10.ttf', name='cmtt10', style='normal', variant='normal', weight=400, stretch='normal', size='scalable')) = 10.05
[DEBUG][font_manager.py:1483] findfont: score(FontEntry(fname='/home/clement.fournier/Work/cinm-mlir/.venv/lib/python3.10/site-packages/matplotlib/mpl-data/fonts/ttf/DejaVuSansMono-Bold.ttf', name='DejaVu Sans Mono', style='normal', variant='normal', weight=700, stretch='normal', size='scalable')) = 10.335
[DEBUG][font_manager.py:1483] findfont: score(FontEntry(fname='/home/clement.fournier/Work/cinm-mlir/.venv/lib/python3.10/site-packages/matplotlib/mpl-data/fonts/ttf/cmmi10.ttf', name='cmmi10', style='normal', variant='normal', weight=400, stretch='normal', size='scalable')) = 10.05
[DEBUG][font_manager.py:1483] findfont: score(FontEntry(fname='/home/clement.fournier/Work/cinm-mlir/.venv/lib/python3.10/site-packages/matplotlib/mpl-data/fonts/ttf/STIXSizTwoSymReg.ttf', name='STIXSizeTwoSym', style='normal', variant='normal', weight=400, stretch='normal', size='scalable')) = 10.05
[DEBUG][font_manager.py:1483] findfont: score(FontEntry(fname='/home/clement.fournier/Work/cinm-mlir/.venv/lib/python3.10/site-packages/matplotlib/mpl-data/fonts/ttf/DejaVuSansMono.ttf', name='DejaVu Sans Mono', style='normal', variant='normal', weight=400, stretch='normal', size='scalable')) = 10.05
[DEBUG][font_manager.py:1483] findfont: score(FontEntry(fname='/home/clement.fournier/Work/cinm-mlir/.venv/lib/python3.10/site-packages/matplotlib/mpl-data/fonts/ttf/DejaVuSansMono-BoldOblique.ttf', name='DejaVu Sans Mono', style='oblique', variant='normal', weight=700, stretch='normal', size='scalable')) = 11.335
[DEBUG][font_manager.py:1483] findfont: score(FontEntry(fname='/home/clement.fournier/Work/cinm-mlir/.venv/lib/python3.10/site-packages/matplotlib/mpl-data/fonts/ttf/DejaVuSerif-Bold.ttf', name='DejaVu Serif', style='normal', variant='normal', weight=700, stretch='normal', size='scalable')) = 10.335
[DEBUG][font_manager.py:1483] findfont: score(FontEntry(fname='/home/clement.fournier/Work/cinm-mlir/.venv/lib/python3.10/site-packages/matplotlib/mpl-data/fonts/ttf/cmb10.ttf', name='cmb10', style='normal', variant='normal', weight=400, stretch='normal', size='scalable')) = 10.05
[DEBUG][font_manager.py:1483] findfont: score(FontEntry(fname='/home/clement.fournier/Work/cinm-mlir/.venv/lib/python3.10/site-packages/matplotlib/mpl-data/fonts/ttf/STIXGeneralItalic.ttf', name='STIXGeneral', style='italic', variant='normal', weight=400, stretch='normal', size='scalable')) = 11.05
[DEBUG][font_manager.py:1483] findfont: score(FontEntry(fname='/home/clement.fournier/Work/cinm-mlir/.venv/lib/python3.10/site-packages/matplotlib/mpl-data/fonts/ttf/STIXSizThreeSymBol.ttf', name='STIXSizeThreeSym', style='normal', variant='normal', weight=700, stretch='normal', size='scalable')) = 10.335
[DEBUG][font_manager.py:1483] findfont: score(FontEntry(fname='/home/clement.fournier/Work/cinm-mlir/.venv/lib/python3.10/site-packages/matplotlib/mpl-data/fonts/ttf/STIXSizThreeSymReg.ttf', name='STIXSizeThreeSym', style='normal', variant='normal', weight=400, stretch='normal', size='scalable')) = 10.05
[DEBUG][font_manager.py:1483] findfont: score(FontEntry(fname='/home/clement.fournier/Work/cinm-mlir/.venv/lib/python3.10/site-packages/matplotlib/mpl-data/fonts/ttf/STIXSizTwoSymBol.ttf', name='STIXSizeTwoSym', style='normal', variant='normal', weight=700, stretch='normal', size='scalable')) = 10.335
[DEBUG][font_manager.py:1483] findfont: score(FontEntry(fname='/usr/share/fonts/opentype/font-awesome/FontAwesome.otf', name='FontAwesome', style='normal', variant='normal', weight=400, stretch='normal', size='scalable')) = 10.05
[DEBUG][font_manager.py:1483] findfont: score(FontEntry(fname='/usr/share/fonts/truetype/lato/Lato-HeavyItalic.ttf', name='Lato', style='italic', variant='normal', weight=800, stretch='normal', size='scalable')) = 11.43
[DEBUG][font_manager.py:1483] findfont: score(FontEntry(fname='/usr/share/fonts/truetype/lato/Lato-SemiboldItalic.ttf', name='Lato', style='italic', variant='normal', weight=600, stretch='normal', size='scalable')) = 11.24
[DEBUG][font_manager.py:1483] findfont: score(FontEntry(fname='/usr/share/fonts/truetype/lato/Lato-Semibold.ttf', name='Lato', style='normal', variant='normal', weight=600, stretch='normal', size='scalable')) = 10.24
[DEBUG][font_manager.py:1483] findfont: score(FontEntry(fname='/usr/share/fonts/truetype/dejavu/DejaVuSansMono-Bold.ttf', name='DejaVu Sans Mono', style='normal', variant='normal', weight=700, stretch='normal', size='scalable')) = 10.335
[DEBUG][font_manager.py:1483] findfont: score(FontEntry(fname='/usr/share/fonts/truetype/lato/Lato-Italic.ttf', name='Lato', style='italic', variant='normal', weight=400, stretch='normal', size='scalable')) = 11.05
[DEBUG][font_manager.py:1483] findfont: score(FontEntry(fname='/usr/share/fonts/truetype/lyx/cmr10.ttf', name='cmr10', style='normal', variant='normal', weight=400, stretch='normal', size='scalable')) = 10.05
[DEBUG][font_manager.py:1483] findfont: score(FontEntry(fname='/usr/share/fonts/truetype/lyx/dsrom10.ttf', name='dsrom10', style='normal', variant='normal', weight=400, stretch='normal', size='scalable')) = 10.05
[DEBUG][font_manager.py:1483] findfont: score(FontEntry(fname='/usr/share/fonts/truetype/lyx/cmex10.ttf', name='cmex10', style='normal', variant='normal', weight=400, stretch='normal', size='scalable')) = 10.05
[DEBUG][font_manager.py:1483] findfont: score(FontEntry(fname='/usr/share/fonts/truetype/lato/Lato-Heavy.ttf', name='Lato', style='normal', variant='normal', weight=800, stretch='normal', size='scalable')) = 10.43
[DEBUG][font_manager.py:1483] findfont: score(FontEntry(fname='/usr/share/fonts/truetype/dejavu/DejaVuSansMono.ttf', name='DejaVu Sans Mono', style='normal', variant='normal', weight=400, stretch='normal', size='scalable')) = 10.05
[DEBUG][font_manager.py:1483] findfont: score(FontEntry(fname='/usr/share/fonts/truetype/lyx/cmmi10.ttf', name='cmmi10', style='normal', variant='normal', weight=400, stretch='normal', size='scalable')) = 10.05
[DEBUG][font_manager.py:1483] findfont: score(FontEntry(fname='/usr/share/fonts/truetype/lato/Lato-LightItalic.ttf', name='Lato', style='italic', variant='normal', weight=300, stretch='normal', size='scalable')) = 11.145
[DEBUG][font_manager.py:1483] findfont: score(FontEntry(fname='/usr/share/fonts/truetype/lyx/msam10.ttf', name='msam10', style='normal', variant='normal', weight=400, stretch='normal', size='scalable')) = 10.05
[DEBUG][font_manager.py:1483] findfont: score(FontEntry(fname='/usr/share/fonts/truetype/lyx/rsfs10.ttf', name='rsfs10', style='italic', variant='normal', weight=400, stretch='normal', size='scalable')) = 11.05
[DEBUG][font_manager.py:1483] findfont: score(FontEntry(fname='/usr/share/fonts/truetype/lyx/stmary10.ttf', name='stmary10', style='normal', variant='normal', weight=400, stretch='normal', size='scalable')) = 10.05
[DEBUG][font_manager.py:1483] findfont: score(FontEntry(fname='/usr/share/fonts/truetype/lato/Lato-BoldItalic.ttf', name='Lato', style='italic', variant='normal', weight=700, stretch='normal', size='scalable')) = 11.335
[DEBUG][font_manager.py:1483] findfont: score(FontEntry(fname='/usr/share/fonts/truetype/font-awesome/fontawesome-webfont.ttf', name='FontAwesome', style='normal', variant='normal', weight=400, stretch='normal', size='scalable')) = 10.05
[DEBUG][font_manager.py:1483] findfont: score(FontEntry(fname='/usr/share/fonts/truetype/lato/Lato-Light.ttf', name='Lato', style='normal', variant='normal', weight=300, stretch='normal', size='scalable')) = 10.145
[DEBUG][font_manager.py:1483] findfont: score(FontEntry(fname='/usr/share/fonts/truetype/dejavu/DejaVuSans.ttf', name='DejaVu Sans', style='normal', variant='normal', weight=400, stretch='normal', size='scalable')) = 0.05
[DEBUG][font_manager.py:1483] findfont: score(FontEntry(fname='/usr/share/fonts/truetype/lato/Lato-ThinItalic.ttf', name='Lato', style='italic', variant='normal', weight=200, stretch='normal', size='scalable')) = 11.24
[DEBUG][font_manager.py:1483] findfont: score(FontEntry(fname='/usr/share/fonts/truetype/lyx/wasy10.ttf', name='wasy10', style='normal', variant='normal', weight=400, stretch='normal', size='scalable')) = 10.05
[DEBUG][font_manager.py:1483] findfont: score(FontEntry(fname='/usr/share/fonts/truetype/lato/Lato-BlackItalic.ttf', name='Lato', style='italic', variant='normal', weight=900, stretch='normal', size='scalable')) = 11.525
[DEBUG][font_manager.py:1483] findfont: score(FontEntry(fname='/usr/share/fonts/truetype/lato/Lato-HairlineItalic.ttf', name='Lato', style='italic', variant='normal', weight=100, stretch='normal', size='scalable')) = 11.335
[DEBUG][font_manager.py:1483] findfont: score(FontEntry(fname='/usr/share/fonts/truetype/dejavu/DejaVuSerif-Bold.ttf', name='DejaVu Serif', style='normal', variant='normal', weight=700, stretch='normal', size='scalable')) = 10.335
[DEBUG][font_manager.py:1483] findfont: score(FontEntry(fname='/usr/share/fonts/truetype/lato/Lato-Regular.ttf', name='Lato', style='normal', variant='normal', weight=400, stretch='normal', size='scalable')) = 10.05
[DEBUG][font_manager.py:1483] findfont: score(FontEntry(fname='/usr/share/fonts/truetype/dejavu/DejaVuSans-Bold.ttf', name='DejaVu Sans', style='normal', variant='normal', weight=700, stretch='normal', size='scalable')) = 0.33499999999999996
[DEBUG][font_manager.py:1483] findfont: score(FontEntry(fname='/usr/share/fonts/truetype/lato/Lato-Medium.ttf', name='Lato', style='normal', variant='normal', weight=500, stretch='normal', size='scalable')) = 10.145
[DEBUG][font_manager.py:1483] findfont: score(FontEntry(fname='/usr/share/fonts/truetype/lato/Lato-Hairline.ttf', name='Lato', style='normal', variant='normal', weight=100, stretch='normal', size='scalable')) = 10.335
[DEBUG][font_manager.py:1483] findfont: score(FontEntry(fname='/usr/share/fonts/truetype/lyx/msbm10.ttf', name='msbm10', style='normal', variant='normal', weight=400, stretch='normal', size='scalable')) = 10.05
[DEBUG][font_manager.py:1483] findfont: score(FontEntry(fname='/usr/share/fonts/truetype/lato/Lato-MediumItalic.ttf', name='Lato', style='italic', variant='normal', weight=500, stretch='normal', size='scalable')) = 11.145
[DEBUG][font_manager.py:1483] findfont: score(FontEntry(fname='/usr/share/fonts/truetype/lyx/eufm10.ttf', name='eufm10', style='normal', variant='normal', weight=400, stretch='normal', size='scalable')) = 10.05
[DEBUG][font_manager.py:1483] findfont: score(FontEntry(fname='/usr/share/fonts/truetype/dejavu/DejaVuSerif.ttf', name='DejaVu Serif', style='normal', variant='normal', weight=400, stretch='normal', size='scalable')) = 10.05
[DEBUG][font_manager.py:1483] findfont: score(FontEntry(fname='/usr/share/fonts/truetype/lato/Lato-Bold.ttf', name='Lato', style='normal', variant='normal', weight=700, stretch='normal', size='scalable')) = 10.335
[DEBUG][font_manager.py:1483] findfont: score(FontEntry(fname='/usr/share/fonts/truetype/lyx/esint10.ttf', name='esint10', style='normal', variant='normal', weight=400, stretch='normal', size='scalable')) = 10.05
[DEBUG][font_manager.py:1483] findfont: score(FontEntry(fname='/usr/share/fonts/truetype/lato/Lato-Black.ttf', name='Lato', style='normal', variant='normal', weight=900, stretch='normal', size='scalable')) = 10.525
[DEBUG][font_manager.py:1483] findfont: score(FontEntry(fname='/usr/share/fonts/truetype/lato/Lato-Thin.ttf', name='Lato', style='normal', variant='normal', weight=200, stretch='normal', size='scalable')) = 10.24
[DEBUG][font_manager.py:1483] findfont: score(FontEntry(fname='/usr/share/fonts/truetype/lyx/cmsy10.ttf', name='cmsy10', style='normal', variant='normal', weight=400, stretch='normal', size='scalable')) = 10.05
[DEBUG][font_manager.py:1515] findfont: Matching sans\-serif:style=normal:variant=normal:weight=normal:stretch=normal:size=8.0 to DejaVu Sans ('/home/clement.fournier/Work/cinm-mlir/.venv/lib/python3.10/site-packages/matplotlib/mpl-data/fonts/ttf/DejaVuSans.ttf') with score of 0.050000.
[DEBUG][font_manager.py:1471] findfont: Matching sans\-serif:style=normal:variant=normal:weight=normal:stretch=normal:size=13.0.
[DEBUG][font_manager.py:1483] findfont: score(FontEntry(fname='/home/clement.fournier/Work/cinm-mlir/.venv/lib/python3.10/site-packages/matplotlib/mpl-data/fonts/ttf/STIXNonUniIta.ttf', name='STIXNonUnicode', style='italic', variant='normal', weight=400, stretch='normal', size='scalable')) = 11.05
[DEBUG][font_manager.py:1483] findfont: score(FontEntry(fname='/home/clement.fournier/Work/cinm-mlir/.venv/lib/python3.10/site-packages/matplotlib/mpl-data/fonts/ttf/DejaVuSerif.ttf', name='DejaVu Serif', style='normal', variant='normal', weight=400, stretch='normal', size='scalable')) = 10.05
[DEBUG][font_manager.py:1483] findfont: score(FontEntry(fname='/home/clement.fournier/Work/cinm-mlir/.venv/lib/python3.10/site-packages/matplotlib/mpl-data/fonts/ttf/STIXGeneralBolIta.ttf', name='STIXGeneral', style='italic', variant='normal', weight=700, stretch='normal', size='scalable')) = 11.335
[DEBUG][font_manager.py:1483] findfont: score(FontEntry(fname='/home/clement.fournier/Work/cinm-mlir/.venv/lib/python3.10/site-packages/matplotlib/mpl-data/fonts/ttf/DejaVuSerifDisplay.ttf', name='DejaVu Serif Display', style='normal', variant='normal', weight=400, stretch='normal', size='scalable')) = 10.05
[DEBUG][font_manager.py:1483] findfont: score(FontEntry(fname='/home/clement.fournier/Work/cinm-mlir/.venv/lib/python3.10/site-packages/matplotlib/mpl-data/fonts/ttf/DejaVuSans-BoldOblique.ttf', name='DejaVu Sans', style='oblique', variant='normal', weight=700, stretch='normal', size='scalable')) = 1.335
[DEBUG][font_manager.py:1483] findfont: score(FontEntry(fname='/home/clement.fournier/Work/cinm-mlir/.venv/lib/python3.10/site-packages/matplotlib/mpl-data/fonts/ttf/STIXSizFourSymReg.ttf', name='STIXSizeFourSym', style='normal', variant='normal', weight=400, stretch='normal', size='scalable')) = 10.05
[DEBUG][font_manager.py:1483] findfont: score(FontEntry(fname='/home/clement.fournier/Work/cinm-mlir/.venv/lib/python3.10/site-packages/matplotlib/mpl-data/fonts/ttf/DejaVuSans-Oblique.ttf', name='DejaVu Sans', style='oblique', variant='normal', weight=400, stretch='normal', size='scalable')) = 1.05
[DEBUG][font_manager.py:1483] findfont: score(FontEntry(fname='/home/clement.fournier/Work/cinm-mlir/.venv/lib/python3.10/site-packages/matplotlib/mpl-data/fonts/ttf/STIXSizOneSymBol.ttf', name='STIXSizeOneSym', style='normal', variant='normal', weight=700, stretch='normal', size='scalable')) = 10.335
[DEBUG][font_manager.py:1483] findfont: score(FontEntry(fname='/home/clement.fournier/Work/cinm-mlir/.venv/lib/python3.10/site-packages/matplotlib/mpl-data/fonts/ttf/cmss10.ttf', name='cmss10', style='normal', variant='normal', weight=400, stretch='normal', size='scalable')) = 10.05
[DEBUG][font_manager.py:1483] findfont: score(FontEntry(fname='/home/clement.fournier/Work/cinm-mlir/.venv/lib/python3.10/site-packages/matplotlib/mpl-data/fonts/ttf/STIXSizFourSymBol.ttf', name='STIXSizeFourSym', style='normal', variant='normal', weight=700, stretch='normal', size='scalable')) = 10.335
[DEBUG][font_manager.py:1483] findfont: score(FontEntry(fname='/home/clement.fournier/Work/cinm-mlir/.venv/lib/python3.10/site-packages/matplotlib/mpl-data/fonts/ttf/DejaVuSansDisplay.ttf', name='DejaVu Sans Display', style='normal', variant='normal', weight=400, stretch='normal', size='scalable')) = 10.05
[DEBUG][font_manager.py:1483] findfont: score(FontEntry(fname='/home/clement.fournier/Work/cinm-mlir/.venv/lib/python3.10/site-packages/matplotlib/mpl-data/fonts/ttf/DejaVuSans-Bold.ttf', name='DejaVu Sans', style='normal', variant='normal', weight=700, stretch='normal', size='scalable')) = 0.33499999999999996
[DEBUG][font_manager.py:1483] findfont: score(FontEntry(fname='/home/clement.fournier/Work/cinm-mlir/.venv/lib/python3.10/site-packages/matplotlib/mpl-data/fonts/ttf/DejaVuSansMono-Oblique.ttf', name='DejaVu Sans Mono', style='oblique', variant='normal', weight=400, stretch='normal', size='scalable')) = 11.05
[DEBUG][font_manager.py:1483] findfont: score(FontEntry(fname='/home/clement.fournier/Work/cinm-mlir/.venv/lib/python3.10/site-packages/matplotlib/mpl-data/fonts/ttf/cmex10.ttf', name='cmex10', style='normal', variant='normal', weight=400, stretch='normal', size='scalable')) = 10.05
[DEBUG][font_manager.py:1483] findfont: score(FontEntry(fname='/home/clement.fournier/Work/cinm-mlir/.venv/lib/python3.10/site-packages/matplotlib/mpl-data/fonts/ttf/STIXSizOneSymReg.ttf', name='STIXSizeOneSym', style='normal', variant='normal', weight=400, stretch='normal', size='scalable')) = 10.05
[DEBUG][font_manager.py:1483] findfont: score(FontEntry(fname='/home/clement.fournier/Work/cinm-mlir/.venv/lib/python3.10/site-packages/matplotlib/mpl-data/fonts/ttf/STIXGeneral.ttf', name='STIXGeneral', style='normal', variant='normal', weight=400, stretch='normal', size='scalable')) = 10.05
[DEBUG][font_manager.py:1483] findfont: score(FontEntry(fname='/home/clement.fournier/Work/cinm-mlir/.venv/lib/python3.10/site-packages/matplotlib/mpl-data/fonts/ttf/DejaVuSans.ttf', name='DejaVu Sans', style='normal', variant='normal', weight=400, stretch='normal', size='scalable')) = 0.05
[DEBUG][font_manager.py:1483] findfont: score(FontEntry(fname='/home/clement.fournier/Work/cinm-mlir/.venv/lib/python3.10/site-packages/matplotlib/mpl-data/fonts/ttf/STIXGeneralBol.ttf', name='STIXGeneral', style='normal', variant='normal', weight=700, stretch='normal', size='scalable')) = 10.335
[DEBUG][font_manager.py:1483] findfont: score(FontEntry(fname='/home/clement.fournier/Work/cinm-mlir/.venv/lib/python3.10/site-packages/matplotlib/mpl-data/fonts/ttf/cmsy10.ttf', name='cmsy10', style='normal', variant='normal', weight=400, stretch='normal', size='scalable')) = 10.05
[DEBUG][font_manager.py:1483] findfont: score(FontEntry(fname='/home/clement.fournier/Work/cinm-mlir/.venv/lib/python3.10/site-packages/matplotlib/mpl-data/fonts/ttf/DejaVuSerif-Italic.ttf', name='DejaVu Serif', style='italic', variant='normal', weight=400, stretch='normal', size='scalable')) = 11.05
[DEBUG][font_manager.py:1483] findfont: score(FontEntry(fname='/home/clement.fournier/Work/cinm-mlir/.venv/lib/python3.10/site-packages/matplotlib/mpl-data/fonts/ttf/STIXNonUni.ttf', name='STIXNonUnicode', style='normal', variant='normal', weight=400, stretch='normal', size='scalable')) = 10.05
[DEBUG][font_manager.py:1483] findfont: score(FontEntry(fname='/home/clement.fournier/Work/cinm-mlir/.venv/lib/python3.10/site-packages/matplotlib/mpl-data/fonts/ttf/STIXNonUniBol.ttf', name='STIXNonUnicode', style='normal', variant='normal', weight=700, stretch='normal', size='scalable')) = 10.335
[DEBUG][font_manager.py:1483] findfont: score(FontEntry(fname='/home/clement.fournier/Work/cinm-mlir/.venv/lib/python3.10/site-packages/matplotlib/mpl-data/fonts/ttf/cmr10.ttf', name='cmr10', style='normal', variant='normal', weight=400, stretch='normal', size='scalable')) = 10.05
[DEBUG][font_manager.py:1483] findfont: score(FontEntry(fname='/home/clement.fournier/Work/cinm-mlir/.venv/lib/python3.10/site-packages/matplotlib/mpl-data/fonts/ttf/STIXNonUniBolIta.ttf', name='STIXNonUnicode', style='italic', variant='normal', weight=700, stretch='normal', size='scalable')) = 11.335
[DEBUG][font_manager.py:1483] findfont: score(FontEntry(fname='/home/clement.fournier/Work/cinm-mlir/.venv/lib/python3.10/site-packages/matplotlib/mpl-data/fonts/ttf/DejaVuSerif-BoldItalic.ttf', name='DejaVu Serif', style='italic', variant='normal', weight=700, stretch='normal', size='scalable')) = 11.335
[DEBUG][font_manager.py:1483] findfont: score(FontEntry(fname='/home/clement.fournier/Work/cinm-mlir/.venv/lib/python3.10/site-packages/matplotlib/mpl-data/fonts/ttf/STIXSizFiveSymReg.ttf', name='STIXSizeFiveSym', style='normal', variant='normal', weight=400, stretch='normal', size='scalable')) = 10.05
[DEBUG][font_manager.py:1483] findfont: score(FontEntry(fname='/home/clement.fournier/Work/cinm-mlir/.venv/lib/python3.10/site-packages/matplotlib/mpl-data/fonts/ttf/cmtt10.ttf', name='cmtt10', style='normal', variant='normal', weight=400, stretch='normal', size='scalable')) = 10.05
[DEBUG][font_manager.py:1483] findfont: score(FontEntry(fname='/home/clement.fournier/Work/cinm-mlir/.venv/lib/python3.10/site-packages/matplotlib/mpl-data/fonts/ttf/DejaVuSansMono-Bold.ttf', name='DejaVu Sans Mono', style='normal', variant='normal', weight=700, stretch='normal', size='scalable')) = 10.335
[DEBUG][font_manager.py:1483] findfont: score(FontEntry(fname='/home/clement.fournier/Work/cinm-mlir/.venv/lib/python3.10/site-packages/matplotlib/mpl-data/fonts/ttf/cmmi10.ttf', name='cmmi10', style='normal', variant='normal', weight=400, stretch='normal', size='scalable')) = 10.05
[DEBUG][font_manager.py:1483] findfont: score(FontEntry(fname='/home/clement.fournier/Work/cinm-mlir/.venv/lib/python3.10/site-packages/matplotlib/mpl-data/fonts/ttf/STIXSizTwoSymReg.ttf', name='STIXSizeTwoSym', style='normal', variant='normal', weight=400, stretch='normal', size='scalable')) = 10.05
[DEBUG][font_manager.py:1483] findfont: score(FontEntry(fname='/home/clement.fournier/Work/cinm-mlir/.venv/lib/python3.10/site-packages/matplotlib/mpl-data/fonts/ttf/DejaVuSansMono.ttf', name='DejaVu Sans Mono', style='normal', variant='normal', weight=400, stretch='normal', size='scalable')) = 10.05
[DEBUG][font_manager.py:1483] findfont: score(FontEntry(fname='/home/clement.fournier/Work/cinm-mlir/.venv/lib/python3.10/site-packages/matplotlib/mpl-data/fonts/ttf/DejaVuSansMono-BoldOblique.ttf', name='DejaVu Sans Mono', style='oblique', variant='normal', weight=700, stretch='normal', size='scalable')) = 11.335
[DEBUG][font_manager.py:1483] findfont: score(FontEntry(fname='/home/clement.fournier/Work/cinm-mlir/.venv/lib/python3.10/site-packages/matplotlib/mpl-data/fonts/ttf/DejaVuSerif-Bold.ttf', name='DejaVu Serif', style='normal', variant='normal', weight=700, stretch='normal', size='scalable')) = 10.335
[DEBUG][font_manager.py:1483] findfont: score(FontEntry(fname='/home/clement.fournier/Work/cinm-mlir/.venv/lib/python3.10/site-packages/matplotlib/mpl-data/fonts/ttf/cmb10.ttf', name='cmb10', style='normal', variant='normal', weight=400, stretch='normal', size='scalable')) = 10.05
[DEBUG][font_manager.py:1483] findfont: score(FontEntry(fname='/home/clement.fournier/Work/cinm-mlir/.venv/lib/python3.10/site-packages/matplotlib/mpl-data/fonts/ttf/STIXGeneralItalic.ttf', name='STIXGeneral', style='italic', variant='normal', weight=400, stretch='normal', size='scalable')) = 11.05
[DEBUG][font_manager.py:1483] findfont: score(FontEntry(fname='/home/clement.fournier/Work/cinm-mlir/.venv/lib/python3.10/site-packages/matplotlib/mpl-data/fonts/ttf/STIXSizThreeSymBol.ttf', name='STIXSizeThreeSym', style='normal', variant='normal', weight=700, stretch='normal', size='scalable')) = 10.335
[DEBUG][font_manager.py:1483] findfont: score(FontEntry(fname='/home/clement.fournier/Work/cinm-mlir/.venv/lib/python3.10/site-packages/matplotlib/mpl-data/fonts/ttf/STIXSizThreeSymReg.ttf', name='STIXSizeThreeSym', style='normal', variant='normal', weight=400, stretch='normal', size='scalable')) = 10.05
[DEBUG][font_manager.py:1483] findfont: score(FontEntry(fname='/home/clement.fournier/Work/cinm-mlir/.venv/lib/python3.10/site-packages/matplotlib/mpl-data/fonts/ttf/STIXSizTwoSymBol.ttf', name='STIXSizeTwoSym', style='normal', variant='normal', weight=700, stretch='normal', size='scalable')) = 10.335
[DEBUG][font_manager.py:1483] findfont: score(FontEntry(fname='/usr/share/fonts/opentype/font-awesome/FontAwesome.otf', name='FontAwesome', style='normal', variant='normal', weight=400, stretch='normal', size='scalable')) = 10.05
[DEBUG][font_manager.py:1483] findfont: score(FontEntry(fname='/usr/share/fonts/truetype/lato/Lato-HeavyItalic.ttf', name='Lato', style='italic', variant='normal', weight=800, stretch='normal', size='scalable')) = 11.43
[DEBUG][font_manager.py:1483] findfont: score(FontEntry(fname='/usr/share/fonts/truetype/lato/Lato-SemiboldItalic.ttf', name='Lato', style='italic', variant='normal', weight=600, stretch='normal', size='scalable')) = 11.24
[DEBUG][font_manager.py:1483] findfont: score(FontEntry(fname='/usr/share/fonts/truetype/lato/Lato-Semibold.ttf', name='Lato', style='normal', variant='normal', weight=600, stretch='normal', size='scalable')) = 10.24
[DEBUG][font_manager.py:1483] findfont: score(FontEntry(fname='/usr/share/fonts/truetype/dejavu/DejaVuSansMono-Bold.ttf', name='DejaVu Sans Mono', style='normal', variant='normal', weight=700, stretch='normal', size='scalable')) = 10.335
[DEBUG][font_manager.py:1483] findfont: score(FontEntry(fname='/usr/share/fonts/truetype/lato/Lato-Italic.ttf', name='Lato', style='italic', variant='normal', weight=400, stretch='normal', size='scalable')) = 11.05
[DEBUG][font_manager.py:1483] findfont: score(FontEntry(fname='/usr/share/fonts/truetype/lyx/cmr10.ttf', name='cmr10', style='normal', variant='normal', weight=400, stretch='normal', size='scalable')) = 10.05
[DEBUG][font_manager.py:1483] findfont: score(FontEntry(fname='/usr/share/fonts/truetype/lyx/dsrom10.ttf', name='dsrom10', style='normal', variant='normal', weight=400, stretch='normal', size='scalable')) = 10.05
[DEBUG][font_manager.py:1483] findfont: score(FontEntry(fname='/usr/share/fonts/truetype/lyx/cmex10.ttf', name='cmex10', style='normal', variant='normal', weight=400, stretch='normal', size='scalable')) = 10.05
[DEBUG][font_manager.py:1483] findfont: score(FontEntry(fname='/usr/share/fonts/truetype/lato/Lato-Heavy.ttf', name='Lato', style='normal', variant='normal', weight=800, stretch='normal', size='scalable')) = 10.43
[DEBUG][font_manager.py:1483] findfont: score(FontEntry(fname='/usr/share/fonts/truetype/dejavu/DejaVuSansMono.ttf', name='DejaVu Sans Mono', style='normal', variant='normal', weight=400, stretch='normal', size='scalable')) = 10.05
[DEBUG][font_manager.py:1483] findfont: score(FontEntry(fname='/usr/share/fonts/truetype/lyx/cmmi10.ttf', name='cmmi10', style='normal', variant='normal', weight=400, stretch='normal', size='scalable')) = 10.05
[DEBUG][font_manager.py:1483] findfont: score(FontEntry(fname='/usr/share/fonts/truetype/lato/Lato-LightItalic.ttf', name='Lato', style='italic', variant='normal', weight=300, stretch='normal', size='scalable')) = 11.145
[DEBUG][font_manager.py:1483] findfont: score(FontEntry(fname='/usr/share/fonts/truetype/lyx/msam10.ttf', name='msam10', style='normal', variant='normal', weight=400, stretch='normal', size='scalable')) = 10.05
[DEBUG][font_manager.py:1483] findfont: score(FontEntry(fname='/usr/share/fonts/truetype/lyx/rsfs10.ttf', name='rsfs10', style='italic', variant='normal', weight=400, stretch='normal', size='scalable')) = 11.05
[DEBUG][font_manager.py:1483] findfont: score(FontEntry(fname='/usr/share/fonts/truetype/lyx/stmary10.ttf', name='stmary10', style='normal', variant='normal', weight=400, stretch='normal', size='scalable')) = 10.05
[DEBUG][font_manager.py:1483] findfont: score(FontEntry(fname='/usr/share/fonts/truetype/lato/Lato-BoldItalic.ttf', name='Lato', style='italic', variant='normal', weight=700, stretch='normal', size='scalable')) = 11.335
[DEBUG][font_manager.py:1483] findfont: score(FontEntry(fname='/usr/share/fonts/truetype/font-awesome/fontawesome-webfont.ttf', name='FontAwesome', style='normal', variant='normal', weight=400, stretch='normal', size='scalable')) = 10.05
[DEBUG][font_manager.py:1483] findfont: score(FontEntry(fname='/usr/share/fonts/truetype/lato/Lato-Light.ttf', name='Lato', style='normal', variant='normal', weight=300, stretch='normal', size='scalable')) = 10.145
[DEBUG][font_manager.py:1483] findfont: score(FontEntry(fname='/usr/share/fonts/truetype/dejavu/DejaVuSans.ttf', name='DejaVu Sans', style='normal', variant='normal', weight=400, stretch='normal', size='scalable')) = 0.05
[DEBUG][font_manager.py:1483] findfont: score(FontEntry(fname='/usr/share/fonts/truetype/lato/Lato-ThinItalic.ttf', name='Lato', style='italic', variant='normal', weight=200, stretch='normal', size='scalable')) = 11.24
[DEBUG][font_manager.py:1483] findfont: score(FontEntry(fname='/usr/share/fonts/truetype/lyx/wasy10.ttf', name='wasy10', style='normal', variant='normal', weight=400, stretch='normal', size='scalable')) = 10.05
[DEBUG][font_manager.py:1483] findfont: score(FontEntry(fname='/usr/share/fonts/truetype/lato/Lato-BlackItalic.ttf', name='Lato', style='italic', variant='normal', weight=900, stretch='normal', size='scalable')) = 11.525
[DEBUG][font_manager.py:1483] findfont: score(FontEntry(fname='/usr/share/fonts/truetype/lato/Lato-HairlineItalic.ttf', name='Lato', style='italic', variant='normal', weight=100, stretch='normal', size='scalable')) = 11.335
[DEBUG][font_manager.py:1483] findfont: score(FontEntry(fname='/usr/share/fonts/truetype/dejavu/DejaVuSerif-Bold.ttf', name='DejaVu Serif', style='normal', variant='normal', weight=700, stretch='normal', size='scalable')) = 10.335
[DEBUG][font_manager.py:1483] findfont: score(FontEntry(fname='/usr/share/fonts/truetype/lato/Lato-Regular.ttf', name='Lato', style='normal', variant='normal', weight=400, stretch='normal', size='scalable')) = 10.05
[DEBUG][font_manager.py:1483] findfont: score(FontEntry(fname='/usr/share/fonts/truetype/dejavu/DejaVuSans-Bold.ttf', name='DejaVu Sans', style='normal', variant='normal', weight=700, stretch='normal', size='scalable')) = 0.33499999999999996
[DEBUG][font_manager.py:1483] findfont: score(FontEntry(fname='/usr/share/fonts/truetype/lato/Lato-Medium.ttf', name='Lato', style='normal', variant='normal', weight=500, stretch='normal', size='scalable')) = 10.145
[DEBUG][font_manager.py:1483] findfont: score(FontEntry(fname='/usr/share/fonts/truetype/lato/Lato-Hairline.ttf', name='Lato', style='normal', variant='normal', weight=100, stretch='normal', size='scalable')) = 10.335
[DEBUG][font_manager.py:1483] findfont: score(FontEntry(fname='/usr/share/fonts/truetype/lyx/msbm10.ttf', name='msbm10', style='normal', variant='normal', weight=400, stretch='normal', size='scalable')) = 10.05
[DEBUG][font_manager.py:1483] findfont: score(FontEntry(fname='/usr/share/fonts/truetype/lato/Lato-MediumItalic.ttf', name='Lato', style='italic', variant='normal', weight=500, stretch='normal', size='scalable')) = 11.145
[DEBUG][font_manager.py:1483] findfont: score(FontEntry(fname='/usr/share/fonts/truetype/lyx/eufm10.ttf', name='eufm10', style='normal', variant='normal', weight=400, stretch='normal', size='scalable')) = 10.05
[DEBUG][font_manager.py:1483] findfont: score(FontEntry(fname='/usr/share/fonts/truetype/dejavu/DejaVuSerif.ttf', name='DejaVu Serif', style='normal', variant='normal', weight=400, stretch='normal', size='scalable')) = 10.05
[DEBUG][font_manager.py:1483] findfont: score(FontEntry(fname='/usr/share/fonts/truetype/lato/Lato-Bold.ttf', name='Lato', style='normal', variant='normal', weight=700, stretch='normal', size='scalable')) = 10.335
[DEBUG][font_manager.py:1483] findfont: score(FontEntry(fname='/usr/share/fonts/truetype/lyx/esint10.ttf', name='esint10', style='normal', variant='normal', weight=400, stretch='normal', size='scalable')) = 10.05
[DEBUG][font_manager.py:1483] findfont: score(FontEntry(fname='/usr/share/fonts/truetype/lato/Lato-Black.ttf', name='Lato', style='normal', variant='normal', weight=900, stretch='normal', size='scalable')) = 10.525
[DEBUG][font_manager.py:1483] findfont: score(FontEntry(fname='/usr/share/fonts/truetype/lato/Lato-Thin.ttf', name='Lato', style='normal', variant='normal', weight=200, stretch='normal', size='scalable')) = 10.24
[DEBUG][font_manager.py:1483] findfont: score(FontEntry(fname='/usr/share/fonts/truetype/lyx/cmsy10.ttf', name='cmsy10', style='normal', variant='normal', weight=400, stretch='normal', size='scalable')) = 10.05
[DEBUG][font_manager.py:1515] findfont: Matching sans\-serif:style=normal:variant=normal:weight=normal:stretch=normal:size=13.0 to DejaVu Sans ('/home/clement.fournier/Work/cinm-mlir/.venv/lib/python3.10/site-packages/matplotlib/mpl-data/fonts/ttf/DejaVuSans.ttf') with score of 0.050000.
[bo_meta] Pareto plot saved to data/bo_meta_smac/pareto_front.png
[DEBUG][font_manager.py:1471] findfont: Matching sans\-serif:style=normal:variant=normal:weight=normal:stretch=normal:size=9.0.
[DEBUG][font_manager.py:1483] findfont: score(FontEntry(fname='/home/clement.fournier/Work/cinm-mlir/.venv/lib/python3.10/site-packages/matplotlib/mpl-data/fonts/ttf/STIXNonUniIta.ttf', name='STIXNonUnicode', style='italic', variant='normal', weight=400, stretch='normal', size='scalable')) = 11.05
[DEBUG][font_manager.py:1483] findfont: score(FontEntry(fname='/home/clement.fournier/Work/cinm-mlir/.venv/lib/python3.10/site-packages/matplotlib/mpl-data/fonts/ttf/DejaVuSerif.ttf', name='DejaVu Serif', style='normal', variant='normal', weight=400, stretch='normal', size='scalable')) = 10.05
[DEBUG][font_manager.py:1483] findfont: score(FontEntry(fname='/home/clement.fournier/Work/cinm-mlir/.venv/lib/python3.10/site-packages/matplotlib/mpl-data/fonts/ttf/STIXGeneralBolIta.ttf', name='STIXGeneral', style='italic', variant='normal', weight=700, stretch='normal', size='scalable')) = 11.335
[DEBUG][font_manager.py:1483] findfont: score(FontEntry(fname='/home/clement.fournier/Work/cinm-mlir/.venv/lib/python3.10/site-packages/matplotlib/mpl-data/fonts/ttf/DejaVuSerifDisplay.ttf', name='DejaVu Serif Display', style='normal', variant='normal', weight=400, stretch='normal', size='scalable')) = 10.05
[DEBUG][font_manager.py:1483] findfont: score(FontEntry(fname='/home/clement.fournier/Work/cinm-mlir/.venv/lib/python3.10/site-packages/matplotlib/mpl-data/fonts/ttf/DejaVuSans-BoldOblique.ttf', name='DejaVu Sans', style='oblique', variant='normal', weight=700, stretch='normal', size='scalable')) = 1.335
[DEBUG][font_manager.py:1483] findfont: score(FontEntry(fname='/home/clement.fournier/Work/cinm-mlir/.venv/lib/python3.10/site-packages/matplotlib/mpl-data/fonts/ttf/STIXSizFourSymReg.ttf', name='STIXSizeFourSym', style='normal', variant='normal', weight=400, stretch='normal', size='scalable')) = 10.05
[DEBUG][font_manager.py:1483] findfont: score(FontEntry(fname='/home/clement.fournier/Work/cinm-mlir/.venv/lib/python3.10/site-packages/matplotlib/mpl-data/fonts/ttf/DejaVuSans-Oblique.ttf', name='DejaVu Sans', style='oblique', variant='normal', weight=400, stretch='normal', size='scalable')) = 1.05
[DEBUG][font_manager.py:1483] findfont: score(FontEntry(fname='/home/clement.fournier/Work/cinm-mlir/.venv/lib/python3.10/site-packages/matplotlib/mpl-data/fonts/ttf/STIXSizOneSymBol.ttf', name='STIXSizeOneSym', style='normal', variant='normal', weight=700, stretch='normal', size='scalable')) = 10.335
[DEBUG][font_manager.py:1483] findfont: score(FontEntry(fname='/home/clement.fournier/Work/cinm-mlir/.venv/lib/python3.10/site-packages/matplotlib/mpl-data/fonts/ttf/cmss10.ttf', name='cmss10', style='normal', variant='normal', weight=400, stretch='normal', size='scalable')) = 10.05
[DEBUG][font_manager.py:1483] findfont: score(FontEntry(fname='/home/clement.fournier/Work/cinm-mlir/.venv/lib/python3.10/site-packages/matplotlib/mpl-data/fonts/ttf/STIXSizFourSymBol.ttf', name='STIXSizeFourSym', style='normal', variant='normal', weight=700, stretch='normal', size='scalable')) = 10.335
[DEBUG][font_manager.py:1483] findfont: score(FontEntry(fname='/home/clement.fournier/Work/cinm-mlir/.venv/lib/python3.10/site-packages/matplotlib/mpl-data/fonts/ttf/DejaVuSansDisplay.ttf', name='DejaVu Sans Display', style='normal', variant='normal', weight=400, stretch='normal', size='scalable')) = 10.05
[DEBUG][font_manager.py:1483] findfont: score(FontEntry(fname='/home/clement.fournier/Work/cinm-mlir/.venv/lib/python3.10/site-packages/matplotlib/mpl-data/fonts/ttf/DejaVuSans-Bold.ttf', name='DejaVu Sans', style='normal', variant='normal', weight=700, stretch='normal', size='scalable')) = 0.33499999999999996
[DEBUG][font_manager.py:1483] findfont: score(FontEntry(fname='/home/clement.fournier/Work/cinm-mlir/.venv/lib/python3.10/site-packages/matplotlib/mpl-data/fonts/ttf/DejaVuSansMono-Oblique.ttf', name='DejaVu Sans Mono', style='oblique', variant='normal', weight=400, stretch='normal', size='scalable')) = 11.05
[DEBUG][font_manager.py:1483] findfont: score(FontEntry(fname='/home/clement.fournier/Work/cinm-mlir/.venv/lib/python3.10/site-packages/matplotlib/mpl-data/fonts/ttf/cmex10.ttf', name='cmex10', style='normal', variant='normal', weight=400, stretch='normal', size='scalable')) = 10.05
[DEBUG][font_manager.py:1483] findfont: score(FontEntry(fname='/home/clement.fournier/Work/cinm-mlir/.venv/lib/python3.10/site-packages/matplotlib/mpl-data/fonts/ttf/STIXSizOneSymReg.ttf', name='STIXSizeOneSym', style='normal', variant='normal', weight=400, stretch='normal', size='scalable')) = 10.05
[DEBUG][font_manager.py:1483] findfont: score(FontEntry(fname='/home/clement.fournier/Work/cinm-mlir/.venv/lib/python3.10/site-packages/matplotlib/mpl-data/fonts/ttf/STIXGeneral.ttf', name='STIXGeneral', style='normal', variant='normal', weight=400, stretch='normal', size='scalable')) = 10.05
[DEBUG][font_manager.py:1483] findfont: score(FontEntry(fname='/home/clement.fournier/Work/cinm-mlir/.venv/lib/python3.10/site-packages/matplotlib/mpl-data/fonts/ttf/DejaVuSans.ttf', name='DejaVu Sans', style='normal', variant='normal', weight=400, stretch='normal', size='scalable')) = 0.05
[DEBUG][font_manager.py:1483] findfont: score(FontEntry(fname='/home/clement.fournier/Work/cinm-mlir/.venv/lib/python3.10/site-packages/matplotlib/mpl-data/fonts/ttf/STIXGeneralBol.ttf', name='STIXGeneral', style='normal', variant='normal', weight=700, stretch='normal', size='scalable')) = 10.335
[DEBUG][font_manager.py:1483] findfont: score(FontEntry(fname='/home/clement.fournier/Work/cinm-mlir/.venv/lib/python3.10/site-packages/matplotlib/mpl-data/fonts/ttf/cmsy10.ttf', name='cmsy10', style='normal', variant='normal', weight=400, stretch='normal', size='scalable')) = 10.05
[DEBUG][font_manager.py:1483] findfont: score(FontEntry(fname='/home/clement.fournier/Work/cinm-mlir/.venv/lib/python3.10/site-packages/matplotlib/mpl-data/fonts/ttf/DejaVuSerif-Italic.ttf', name='DejaVu Serif', style='italic', variant='normal', weight=400, stretch='normal', size='scalable')) = 11.05
[DEBUG][font_manager.py:1483] findfont: score(FontEntry(fname='/home/clement.fournier/Work/cinm-mlir/.venv/lib/python3.10/site-packages/matplotlib/mpl-data/fonts/ttf/STIXNonUni.ttf', name='STIXNonUnicode', style='normal', variant='normal', weight=400, stretch='normal', size='scalable')) = 10.05
[DEBUG][font_manager.py:1483] findfont: score(FontEntry(fname='/home/clement.fournier/Work/cinm-mlir/.venv/lib/python3.10/site-packages/matplotlib/mpl-data/fonts/ttf/STIXNonUniBol.ttf', name='STIXNonUnicode', style='normal', variant='normal', weight=700, stretch='normal', size='scalable')) = 10.335
[DEBUG][font_manager.py:1483] findfont: score(FontEntry(fname='/home/clement.fournier/Work/cinm-mlir/.venv/lib/python3.10/site-packages/matplotlib/mpl-data/fonts/ttf/cmr10.ttf', name='cmr10', style='normal', variant='normal', weight=400, stretch='normal', size='scalable')) = 10.05
[DEBUG][font_manager.py:1483] findfont: score(FontEntry(fname='/home/clement.fournier/Work/cinm-mlir/.venv/lib/python3.10/site-packages/matplotlib/mpl-data/fonts/ttf/STIXNonUniBolIta.ttf', name='STIXNonUnicode', style='italic', variant='normal', weight=700, stretch='normal', size='scalable')) = 11.335
[DEBUG][font_manager.py:1483] findfont: score(FontEntry(fname='/home/clement.fournier/Work/cinm-mlir/.venv/lib/python3.10/site-packages/matplotlib/mpl-data/fonts/ttf/DejaVuSerif-BoldItalic.ttf', name='DejaVu Serif', style='italic', variant='normal', weight=700, stretch='normal', size='scalable')) = 11.335
[DEBUG][font_manager.py:1483] findfont: score(FontEntry(fname='/home/clement.fournier/Work/cinm-mlir/.venv/lib/python3.10/site-packages/matplotlib/mpl-data/fonts/ttf/STIXSizFiveSymReg.ttf', name='STIXSizeFiveSym', style='normal', variant='normal', weight=400, stretch='normal', size='scalable')) = 10.05
[DEBUG][font_manager.py:1483] findfont: score(FontEntry(fname='/home/clement.fournier/Work/cinm-mlir/.venv/lib/python3.10/site-packages/matplotlib/mpl-data/fonts/ttf/cmtt10.ttf', name='cmtt10', style='normal', variant='normal', weight=400, stretch='normal', size='scalable')) = 10.05
[DEBUG][font_manager.py:1483] findfont: score(FontEntry(fname='/home/clement.fournier/Work/cinm-mlir/.venv/lib/python3.10/site-packages/matplotlib/mpl-data/fonts/ttf/DejaVuSansMono-Bold.ttf', name='DejaVu Sans Mono', style='normal', variant='normal', weight=700, stretch='normal', size='scalable')) = 10.335
[DEBUG][font_manager.py:1483] findfont: score(FontEntry(fname='/home/clement.fournier/Work/cinm-mlir/.venv/lib/python3.10/site-packages/matplotlib/mpl-data/fonts/ttf/cmmi10.ttf', name='cmmi10', style='normal', variant='normal', weight=400, stretch='normal', size='scalable')) = 10.05
[DEBUG][font_manager.py:1483] findfont: score(FontEntry(fname='/home/clement.fournier/Work/cinm-mlir/.venv/lib/python3.10/site-packages/matplotlib/mpl-data/fonts/ttf/STIXSizTwoSymReg.ttf', name='STIXSizeTwoSym', style='normal', variant='normal', weight=400, stretch='normal', size='scalable')) = 10.05
[DEBUG][font_manager.py:1483] findfont: score(FontEntry(fname='/home/clement.fournier/Work/cinm-mlir/.venv/lib/python3.10/site-packages/matplotlib/mpl-data/fonts/ttf/DejaVuSansMono.ttf', name='DejaVu Sans Mono', style='normal', variant='normal', weight=400, stretch='normal', size='scalable')) = 10.05
[DEBUG][font_manager.py:1483] findfont: score(FontEntry(fname='/home/clement.fournier/Work/cinm-mlir/.venv/lib/python3.10/site-packages/matplotlib/mpl-data/fonts/ttf/DejaVuSansMono-BoldOblique.ttf', name='DejaVu Sans Mono', style='oblique', variant='normal', weight=700, stretch='normal', size='scalable')) = 11.335
[DEBUG][font_manager.py:1483] findfont: score(FontEntry(fname='/home/clement.fournier/Work/cinm-mlir/.venv/lib/python3.10/site-packages/matplotlib/mpl-data/fonts/ttf/DejaVuSerif-Bold.ttf', name='DejaVu Serif', style='normal', variant='normal', weight=700, stretch='normal', size='scalable')) = 10.335
[DEBUG][font_manager.py:1483] findfont: score(FontEntry(fname='/home/clement.fournier/Work/cinm-mlir/.venv/lib/python3.10/site-packages/matplotlib/mpl-data/fonts/ttf/cmb10.ttf', name='cmb10', style='normal', variant='normal', weight=400, stretch='normal', size='scalable')) = 10.05
[DEBUG][font_manager.py:1483] findfont: score(FontEntry(fname='/home/clement.fournier/Work/cinm-mlir/.venv/lib/python3.10/site-packages/matplotlib/mpl-data/fonts/ttf/STIXGeneralItalic.ttf', name='STIXGeneral', style='italic', variant='normal', weight=400, stretch='normal', size='scalable')) = 11.05
[DEBUG][font_manager.py:1483] findfont: score(FontEntry(fname='/home/clement.fournier/Work/cinm-mlir/.venv/lib/python3.10/site-packages/matplotlib/mpl-data/fonts/ttf/STIXSizThreeSymBol.ttf', name='STIXSizeThreeSym', style='normal', variant='normal', weight=700, stretch='normal', size='scalable')) = 10.335
[DEBUG][font_manager.py:1483] findfont: score(FontEntry(fname='/home/clement.fournier/Work/cinm-mlir/.venv/lib/python3.10/site-packages/matplotlib/mpl-data/fonts/ttf/STIXSizThreeSymReg.ttf', name='STIXSizeThreeSym', style='normal', variant='normal', weight=400, stretch='normal', size='scalable')) = 10.05
[DEBUG][font_manager.py:1483] findfont: score(FontEntry(fname='/home/clement.fournier/Work/cinm-mlir/.venv/lib/python3.10/site-packages/matplotlib/mpl-data/fonts/ttf/STIXSizTwoSymBol.ttf', name='STIXSizeTwoSym', style='normal', variant='normal', weight=700, stretch='normal', size='scalable')) = 10.335
[DEBUG][font_manager.py:1483] findfont: score(FontEntry(fname='/usr/share/fonts/opentype/font-awesome/FontAwesome.otf', name='FontAwesome', style='normal', variant='normal', weight=400, stretch='normal', size='scalable')) = 10.05
[DEBUG][font_manager.py:1483] findfont: score(FontEntry(fname='/usr/share/fonts/truetype/lato/Lato-HeavyItalic.ttf', name='Lato', style='italic', variant='normal', weight=800, stretch='normal', size='scalable')) = 11.43
[DEBUG][font_manager.py:1483] findfont: score(FontEntry(fname='/usr/share/fonts/truetype/lato/Lato-SemiboldItalic.ttf', name='Lato', style='italic', variant='normal', weight=600, stretch='normal', size='scalable')) = 11.24
[DEBUG][font_manager.py:1483] findfont: score(FontEntry(fname='/usr/share/fonts/truetype/lato/Lato-Semibold.ttf', name='Lato', style='normal', variant='normal', weight=600, stretch='normal', size='scalable')) = 10.24
[DEBUG][font_manager.py:1483] findfont: score(FontEntry(fname='/usr/share/fonts/truetype/dejavu/DejaVuSansMono-Bold.ttf', name='DejaVu Sans Mono', style='normal', variant='normal', weight=700, stretch='normal', size='scalable')) = 10.335
[DEBUG][font_manager.py:1483] findfont: score(FontEntry(fname='/usr/share/fonts/truetype/lato/Lato-Italic.ttf', name='Lato', style='italic', variant='normal', weight=400, stretch='normal', size='scalable')) = 11.05
[DEBUG][font_manager.py:1483] findfont: score(FontEntry(fname='/usr/share/fonts/truetype/lyx/cmr10.ttf', name='cmr10', style='normal', variant='normal', weight=400, stretch='normal', size='scalable')) = 10.05
[DEBUG][font_manager.py:1483] findfont: score(FontEntry(fname='/usr/share/fonts/truetype/lyx/dsrom10.ttf', name='dsrom10', style='normal', variant='normal', weight=400, stretch='normal', size='scalable')) = 10.05
[DEBUG][font_manager.py:1483] findfont: score(FontEntry(fname='/usr/share/fonts/truetype/lyx/cmex10.ttf', name='cmex10', style='normal', variant='normal', weight=400, stretch='normal', size='scalable')) = 10.05
[DEBUG][font_manager.py:1483] findfont: score(FontEntry(fname='/usr/share/fonts/truetype/lato/Lato-Heavy.ttf', name='Lato', style='normal', variant='normal', weight=800, stretch='normal', size='scalable')) = 10.43
[DEBUG][font_manager.py:1483] findfont: score(FontEntry(fname='/usr/share/fonts/truetype/dejavu/DejaVuSansMono.ttf', name='DejaVu Sans Mono', style='normal', variant='normal', weight=400, stretch='normal', size='scalable')) = 10.05
[DEBUG][font_manager.py:1483] findfont: score(FontEntry(fname='/usr/share/fonts/truetype/lyx/cmmi10.ttf', name='cmmi10', style='normal', variant='normal', weight=400, stretch='normal', size='scalable')) = 10.05
[DEBUG][font_manager.py:1483] findfont: score(FontEntry(fname='/usr/share/fonts/truetype/lato/Lato-LightItalic.ttf', name='Lato', style='italic', variant='normal', weight=300, stretch='normal', size='scalable')) = 11.145
[DEBUG][font_manager.py:1483] findfont: score(FontEntry(fname='/usr/share/fonts/truetype/lyx/msam10.ttf', name='msam10', style='normal', variant='normal', weight=400, stretch='normal', size='scalable')) = 10.05
[DEBUG][font_manager.py:1483] findfont: score(FontEntry(fname='/usr/share/fonts/truetype/lyx/rsfs10.ttf', name='rsfs10', style='italic', variant='normal', weight=400, stretch='normal', size='scalable')) = 11.05
[DEBUG][font_manager.py:1483] findfont: score(FontEntry(fname='/usr/share/fonts/truetype/lyx/stmary10.ttf', name='stmary10', style='normal', variant='normal', weight=400, stretch='normal', size='scalable')) = 10.05
[DEBUG][font_manager.py:1483] findfont: score(FontEntry(fname='/usr/share/fonts/truetype/lato/Lato-BoldItalic.ttf', name='Lato', style='italic', variant='normal', weight=700, stretch='normal', size='scalable')) = 11.335
[DEBUG][font_manager.py:1483] findfont: score(FontEntry(fname='/usr/share/fonts/truetype/font-awesome/fontawesome-webfont.ttf', name='FontAwesome', style='normal', variant='normal', weight=400, stretch='normal', size='scalable')) = 10.05
[DEBUG][font_manager.py:1483] findfont: score(FontEntry(fname='/usr/share/fonts/truetype/lato/Lato-Light.ttf', name='Lato', style='normal', variant='normal', weight=300, stretch='normal', size='scalable')) = 10.145
[DEBUG][font_manager.py:1483] findfont: score(FontEntry(fname='/usr/share/fonts/truetype/dejavu/DejaVuSans.ttf', name='DejaVu Sans', style='normal', variant='normal', weight=400, stretch='normal', size='scalable')) = 0.05
[DEBUG][font_manager.py:1483] findfont: score(FontEntry(fname='/usr/share/fonts/truetype/lato/Lato-ThinItalic.ttf', name='Lato', style='italic', variant='normal', weight=200, stretch='normal', size='scalable')) = 11.24
[DEBUG][font_manager.py:1483] findfont: score(FontEntry(fname='/usr/share/fonts/truetype/lyx/wasy10.ttf', name='wasy10', style='normal', variant='normal', weight=400, stretch='normal', size='scalable')) = 10.05
[DEBUG][font_manager.py:1483] findfont: score(FontEntry(fname='/usr/share/fonts/truetype/lato/Lato-BlackItalic.ttf', name='Lato', style='italic', variant='normal', weight=900, stretch='normal', size='scalable')) = 11.525
[DEBUG][font_manager.py:1483] findfont: score(FontEntry(fname='/usr/share/fonts/truetype/lato/Lato-HairlineItalic.ttf', name='Lato', style='italic', variant='normal', weight=100, stretch='normal', size='scalable')) = 11.335
[DEBUG][font_manager.py:1483] findfont: score(FontEntry(fname='/usr/share/fonts/truetype/dejavu/DejaVuSerif-Bold.ttf', name='DejaVu Serif', style='normal', variant='normal', weight=700, stretch='normal', size='scalable')) = 10.335
[DEBUG][font_manager.py:1483] findfont: score(FontEntry(fname='/usr/share/fonts/truetype/lato/Lato-Regular.ttf', name='Lato', style='normal', variant='normal', weight=400, stretch='normal', size='scalable')) = 10.05
[DEBUG][font_manager.py:1483] findfont: score(FontEntry(fname='/usr/share/fonts/truetype/dejavu/DejaVuSans-Bold.ttf', name='DejaVu Sans', style='normal', variant='normal', weight=700, stretch='normal', size='scalable')) = 0.33499999999999996
[DEBUG][font_manager.py:1483] findfont: score(FontEntry(fname='/usr/share/fonts/truetype/lato/Lato-Medium.ttf', name='Lato', style='normal', variant='normal', weight=500, stretch='normal', size='scalable')) = 10.145
[DEBUG][font_manager.py:1483] findfont: score(FontEntry(fname='/usr/share/fonts/truetype/lato/Lato-Hairline.ttf', name='Lato', style='normal', variant='normal', weight=100, stretch='normal', size='scalable')) = 10.335
[DEBUG][font_manager.py:1483] findfont: score(FontEntry(fname='/usr/share/fonts/truetype/lyx/msbm10.ttf', name='msbm10', style='normal', variant='normal', weight=400, stretch='normal', size='scalable')) = 10.05
[DEBUG][font_manager.py:1483] findfont: score(FontEntry(fname='/usr/share/fonts/truetype/lato/Lato-MediumItalic.ttf', name='Lato', style='italic', variant='normal', weight=500, stretch='normal', size='scalable')) = 11.145
[DEBUG][font_manager.py:1483] findfont: score(FontEntry(fname='/usr/share/fonts/truetype/lyx/eufm10.ttf', name='eufm10', style='normal', variant='normal', weight=400, stretch='normal', size='scalable')) = 10.05
[DEBUG][font_manager.py:1483] findfont: score(FontEntry(fname='/usr/share/fonts/truetype/dejavu/DejaVuSerif.ttf', name='DejaVu Serif', style='normal', variant='normal', weight=400, stretch='normal', size='scalable')) = 10.05
[DEBUG][font_manager.py:1483] findfont: score(FontEntry(fname='/usr/share/fonts/truetype/lato/Lato-Bold.ttf', name='Lato', style='normal', variant='normal', weight=700, stretch='normal', size='scalable')) = 10.335
[DEBUG][font_manager.py:1483] findfont: score(FontEntry(fname='/usr/share/fonts/truetype/lyx/esint10.ttf', name='esint10', style='normal', variant='normal', weight=400, stretch='normal', size='scalable')) = 10.05
[DEBUG][font_manager.py:1483] findfont: score(FontEntry(fname='/usr/share/fonts/truetype/lato/Lato-Black.ttf', name='Lato', style='normal', variant='normal', weight=900, stretch='normal', size='scalable')) = 10.525
[DEBUG][font_manager.py:1483] findfont: score(FontEntry(fname='/usr/share/fonts/truetype/lato/Lato-Thin.ttf', name='Lato', style='normal', variant='normal', weight=200, stretch='normal', size='scalable')) = 10.24
[DEBUG][font_manager.py:1483] findfont: score(FontEntry(fname='/usr/share/fonts/truetype/lyx/cmsy10.ttf', name='cmsy10', style='normal', variant='normal', weight=400, stretch='normal', size='scalable')) = 10.05
[DEBUG][font_manager.py:1515] findfont: Matching sans\-serif:style=normal:variant=normal:weight=normal:stretch=normal:size=9.0 to DejaVu Sans ('/home/clement.fournier/Work/cinm-mlir/.venv/lib/python3.10/site-packages/matplotlib/mpl-data/fonts/ttf/DejaVuSans.ttf') with score of 0.050000.
cinm-opt /home/clement.fournier/Work/cinm-mlir/experiments/gemv.mlir --cinm-assign-platforms --cinm-isolate-compute-blocks --upmem-infer-accelerator=objective-scale=log10 dump-dir=/tmp/bo_meta_lmsxtms8 rng-seed=868441717 max-evals=100 n-init=10 epochs=2354 hidden-width=80 hidden-depth=7 neighbor-depth=2 neighbor-frontier-only=false simulator=opcount n-validation=30 validation-interval=5 --mlir-disable-threading --split-input-file
cinm-opt /home/clement.fournier/Work/cinm-mlir/experiments/gemv.mlir --cinm-assign-platforms --cinm-isolate-compute-blocks --upmem-infer-accelerator=objective-scale=log10 dump-dir=/tmp/bo_meta_w7tq2rjb rng-seed=868441718 max-evals=100 n-init=10 epochs=2354 hidden-width=80 hidden-depth=7 neighbor-depth=2 neighbor-frontier-only=false simulator=opcount n-validation=30 validation-interval=5 --mlir-disable-threading --split-input-file
cinm-opt /home/clement.fournier/Work/cinm-mlir/experiments/gemv.mlir --cinm-assign-platforms --cinm-isolate-compute-blocks --upmem-infer-accelerator=objective-scale=log10 dump-dir=/tmp/bo_meta_tc_yv8lq rng-seed=868441717 max-evals=100 n-init=10 epochs=1803 hidden-width=16 hidden-depth=3 neighbor-depth=2 neighbor-frontier-only=false simulator=opcount n-validation=30 validation-interval=5 --mlir-disable-threading --split-input-file
cinm-opt /home/clement.fournier/Work/cinm-mlir/experiments/gemv.mlir --cinm-assign-platforms --cinm-isolate-compute-blocks --upmem-infer-accelerator=objective-scale=log10 dump-dir=/tmp/bo_meta_6s79k71b rng-seed=868441718 max-evals=100 n-init=10 epochs=1803 hidden-width=16 hidden-depth=3 neighbor-depth=2 neighbor-frontier-only=false simulator=opcount n-validation=30 validation-interval=5 --mlir-disable-threading --split-input-file
cinm-opt /home/clement.fournier/Work/cinm-mlir/experiments/gemv.mlir --cinm-assign-platforms --cinm-isolate-compute-blocks --upmem-infer-accelerator=objective-scale=log10 dump-dir=/tmp/bo_meta_s36mohe9 rng-seed=868441717 max-evals=100 n-init=10 epochs=798 hidden-width=64 hidden-depth=3 neighbor-depth=2 neighbor-frontier-only=false simulator=opcount n-validation=30 validation-interval=5 --mlir-disable-threading --split-input-file
cinm-opt /home/clement.fournier/Work/cinm-mlir/experiments/gemv.mlir --cinm-assign-platforms --cinm-isolate-compute-blocks --upmem-infer-accelerator=objective-scale=log10 dump-dir=/tmp/bo_meta_2jlass1x rng-seed=868441718 max-evals=100 n-init=10 epochs=798 hidden-width=64 hidden-depth=3 neighbor-depth=2 neighbor-frontier-only=false simulator=opcount n-validation=30 validation-interval=5 --mlir-disable-threading --split-input-file
cinm-opt /home/clement.fournier/Work/cinm-mlir/experiments/gemv.mlir --cinm-assign-platforms --cinm-isolate-compute-blocks --upmem-infer-accelerator=objective-scale=log10 dump-dir=/tmp/bo_meta_budnqmkj rng-seed=938367949 max-evals=100 n-init=10 epochs=832 hidden-width=16 hidden-depth=2 neighbor-depth=2 neighbor-frontier-only=false simulator=opcount n-validation=30 validation-interval=5 --mlir-disable-threading --split-input-file
cinm-opt /home/clement.fournier/Work/cinm-mlir/experiments/gemv.mlir --cinm-assign-platforms --cinm-isolate-compute-blocks --upmem-infer-accelerator=objective-scale=log10 dump-dir=/tmp/bo_meta_jtt5upof rng-seed=938367950 max-evals=100 n-init=10 epochs=832 hidden-width=16 hidden-depth=2 neighbor-depth=2 neighbor-frontier-only=false simulator=opcount n-validation=30 validation-interval=5 --mlir-disable-threading --split-input-file
cinm-opt /home/clement.fournier/Work/cinm-mlir/experiments/gemv.mlir --cinm-assign-platforms --cinm-isolate-compute-blocks --upmem-infer-accelerator=objective-scale=log10 dump-dir=/tmp/bo_meta_wqxrwhwh rng-seed=868441717 max-evals=100 n-init=10 epochs=611 hidden-width=32 hidden-depth=2 neighbor-depth=2 neighbor-frontier-only=false simulator=opcount n-validation=30 validation-interval=5 --mlir-disable-threading --split-input-file
cinm-opt /home/clement.fournier/Work/cinm-mlir/experiments/gemv.mlir --cinm-assign-platforms --cinm-isolate-compute-blocks --upmem-infer-accelerator=objective-scale=log10 dump-dir=/tmp/bo_meta_wb7kony3 rng-seed=868441718 max-evals=100 n-init=10 epochs=611 hidden-width=32 hidden-depth=2 neighbor-depth=2 neighbor-frontier-only=false simulator=opcount n-validation=30 validation-interval=5 --mlir-disable-threading --split-input-file
cinm-opt /home/clement.fournier/Work/cinm-mlir/experiments/gemv.mlir --cinm-assign-platforms --cinm-isolate-compute-blocks --upmem-infer-accelerator=objective-scale=log10 dump-dir=/tmp/bo_meta_2h8wy4bx rng-seed=868441717 max-evals=100 n-init=10 epochs=250 hidden-width=64 hidden-depth=6 neighbor-depth=2 neighbor-frontier-only=false simulator=opcount n-validation=30 validation-interval=5 --mlir-disable-threading --split-input-file
cinm-opt /home/clement.fournier/Work/cinm-mlir/experiments/gemv.mlir --cinm-assign-platforms --cinm-isolate-compute-blocks --upmem-infer-accelerator=objective-scale=log10 dump-dir=/tmp/bo_meta_438cijwi rng-seed=868441718 max-evals=100 n-init=10 epochs=250 hidden-width=64 hidden-depth=6 neighbor-depth=2 neighbor-frontier-only=false simulator=opcount n-validation=30 validation-interval=5 --mlir-disable-threading --split-input-file
cinm-opt /home/clement.fournier/Work/cinm-mlir/experiments/gemv.mlir --cinm-assign-platforms --cinm-isolate-compute-blocks --upmem-infer-accelerator=objective-scale=log10 dump-dir=/tmp/bo_meta_4vw9_vr5 rng-seed=868441717 max-evals=100 n-init=10 epochs=1586 hidden-width=96 hidden-depth=4 neighbor-depth=2 neighbor-frontier-only=false simulator=opcount n-validation=30 validation-interval=5 --mlir-disable-threading --split-input-file
cinm-opt /home/clement.fournier/Work/cinm-mlir/experiments/gemv.mlir --cinm-assign-platforms --cinm-isolate-compute-blocks --upmem-infer-accelerator=objective-scale=log10 dump-dir=/tmp/bo_meta_sgw27g4g rng-seed=868441718 max-evals=100 n-init=10 epochs=1586 hidden-width=96 hidden-depth=4 neighbor-depth=2 neighbor-frontier-only=false simulator=opcount n-validation=30 validation-interval=5 --mlir-disable-threading --split-input-file
cinm-opt /home/clement.fournier/Work/cinm-mlir/experiments/gemv.mlir --cinm-assign-platforms --cinm-isolate-compute-blocks --upmem-infer-accelerator=objective-scale=log10 dump-dir=/tmp/bo_meta_2v7yhoh3 rng-seed=868441717 max-evals=100 n-init=10 epochs=787 hidden-width=48 hidden-depth=1 neighbor-depth=2 neighbor-frontier-only=false simulator=opcount n-validation=30 validation-interval=5 --mlir-disable-threading --split-input-file
cinm-opt /home/clement.fournier/Work/cinm-mlir/experiments/gemv.mlir --cinm-assign-platforms --cinm-isolate-compute-blocks --upmem-infer-accelerator=objective-scale=log10 dump-dir=/tmp/bo_meta_jqhduw_g rng-seed=868441718 max-evals=100 n-init=10 epochs=787 hidden-width=48 hidden-depth=1 neighbor-depth=2 neighbor-frontier-only=false simulator=opcount n-validation=30 validation-interval=5 --mlir-disable-threading --split-input-file
cinm-opt /home/clement.fournier/Work/cinm-mlir/experiments/gemv.mlir --cinm-assign-platforms --cinm-isolate-compute-blocks --upmem-infer-accelerator=objective-scale=log10 dump-dir=/tmp/bo_meta_z818jxk3 rng-seed=868441717 max-evals=100 n-init=10 epochs=641 hidden-width=32 hidden-depth=4 neighbor-depth=2 neighbor-frontier-only=false simulator=opcount n-validation=30 validation-interval=5 --mlir-disable-threading --split-input-file
cinm-opt /home/clement.fournier/Work/cinm-mlir/experiments/gemv.mlir --cinm-assign-platforms --cinm-isolate-compute-blocks --upmem-infer-accelerator=objective-scale=log10 dump-dir=/tmp/bo_meta_ytc39z43 rng-seed=868441718 max-evals=100 n-init=10 epochs=641 hidden-width=32 hidden-depth=4 neighbor-depth=2 neighbor-frontier-only=false simulator=opcount n-validation=30 validation-interval=5 --mlir-disable-threading --split-input-file
cinm-opt /home/clement.fournier/Work/cinm-mlir/experiments/gemv.mlir --cinm-assign-platforms --cinm-isolate-compute-blocks --upmem-infer-accelerator=objective-scale=log10 dump-dir=/tmp/bo_meta_et1gw197 rng-seed=868441717 max-evals=100 n-init=10 epochs=2887 hidden-width=80 hidden-depth=4 neighbor-depth=2 neighbor-frontier-only=false simulator=opcount n-validation=30 validation-interval=5 --mlir-disable-threading --split-input-file
cinm-opt /home/clement.fournier/Work/cinm-mlir/experiments/gemv.mlir --cinm-assign-platforms --cinm-isolate-compute-blocks --upmem-infer-accelerator=objective-scale=log10 dump-dir=/tmp/bo_meta_jtahopkp rng-seed=868441718 max-evals=100 n-init=10 epochs=2887 hidden-width=80 hidden-depth=4 neighbor-depth=2 neighbor-frontier-only=false simulator=opcount n-validation=30 validation-interval=5 --mlir-disable-threading --split-input-file
cinm-opt /home/clement.fournier/Work/cinm-mlir/experiments/gemv.mlir --cinm-assign-platforms --cinm-isolate-compute-blocks --upmem-infer-accelerator=objective-scale=log10 dump-dir=/tmp/bo_meta_4iy6i7_2 rng-seed=868441717 max-evals=100 n-init=10 epochs=1779 hidden-width=128 hidden-depth=2 neighbor-depth=2 neighbor-frontier-only=false simulator=opcount n-validation=30 validation-interval=5 --mlir-disable-threading --split-input-file
cinm-opt /home/clement.fournier/Work/cinm-mlir/experiments/gemv.mlir --cinm-assign-platforms --cinm-isolate-compute-blocks --upmem-infer-accelerator=objective-scale=log10 dump-dir=/tmp/bo_meta_9o86790s rng-seed=868441718 max-evals=100 n-init=10 epochs=1779 hidden-width=128 hidden-depth=2 neighbor-depth=2 neighbor-frontier-only=false simulator=opcount n-validation=30 validation-interval=5 --mlir-disable-threading --split-input-file
cinm-opt /home/clement.fournier/Work/cinm-mlir/experiments/gemv.mlir --cinm-assign-platforms --cinm-isolate-compute-blocks --upmem-infer-accelerator=objective-scale=log10 dump-dir=/tmp/bo_meta_k5coefxd rng-seed=868441717 max-evals=100 n-init=10 epochs=760 hidden-width=96 hidden-depth=8 neighbor-depth=2 neighbor-frontier-only=false simulator=opcount n-validation=30 validation-interval=5 --mlir-disable-threading --split-input-file
cinm-opt /home/clement.fournier/Work/cinm-mlir/experiments/gemv.mlir --cinm-assign-platforms --cinm-isolate-compute-blocks --upmem-infer-accelerator=objective-scale=log10 dump-dir=/tmp/bo_meta_hazq9niq rng-seed=868441718 max-evals=100 n-init=10 epochs=760 hidden-width=96 hidden-depth=8 neighbor-depth=2 neighbor-frontier-only=false simulator=opcount n-validation=30 validation-interval=5 --mlir-disable-threading --split-input-file
cinm-opt /home/clement.fournier/Work/cinm-mlir/experiments/gemv.mlir --cinm-assign-platforms --cinm-isolate-compute-blocks --upmem-infer-accelerator=objective-scale=log10 dump-dir=/tmp/bo_meta_sw3tywgs rng-seed=868441717 max-evals=100 n-init=10 epochs=2289 hidden-width=128 hidden-depth=2 neighbor-depth=2 neighbor-frontier-only=false simulator=opcount n-validation=30 validation-interval=5 --mlir-disable-threading --split-input-file
cinm-opt /home/clement.fournier/Work/cinm-mlir/experiments/gemv.mlir --cinm-assign-platforms --cinm-isolate-compute-blocks --upmem-infer-accelerator=objective-scale=log10 dump-dir=/tmp/bo_meta_vlc8bzwf rng-seed=868441718 max-evals=100 n-init=10 epochs=2289 hidden-width=128 hidden-depth=2 neighbor-depth=2 neighbor-frontier-only=false simulator=opcount n-validation=30 validation-interval=5 --mlir-disable-threading --split-input-file
cinm-opt /home/clement.fournier/Work/cinm-mlir/experiments/gemv.mlir --cinm-assign-platforms --cinm-isolate-compute-blocks --upmem-infer-accelerator=objective-scale=log10 dump-dir=/tmp/bo_meta_l36j01tt rng-seed=868441717 max-evals=100 n-init=10 epochs=1712 hidden-width=32 hidden-depth=4 neighbor-depth=2 neighbor-frontier-only=false simulator=opcount n-validation=30 validation-interval=5 --mlir-disable-threading --split-input-file
cinm-opt /home/clement.fournier/Work/cinm-mlir/experiments/gemv.mlir --cinm-assign-platforms --cinm-isolate-compute-blocks --upmem-infer-accelerator=objective-scale=log10 dump-dir=/tmp/bo_meta_2c534lhh rng-seed=868441718 max-evals=100 n-init=10 epochs=1712 hidden-width=32 hidden-depth=4 neighbor-depth=2 neighbor-frontier-only=false simulator=opcount n-validation=30 validation-interval=5 --mlir-disable-threading --split-input-file
cinm-opt /home/clement.fournier/Work/cinm-mlir/experiments/gemv.mlir --cinm-assign-platforms --cinm-isolate-compute-blocks --upmem-infer-accelerator=objective-scale=log10 dump-dir=/tmp/bo_meta_d8me2vhr rng-seed=868441717 max-evals=100 n-init=10 epochs=2662 hidden-width=48 hidden-depth=8 neighbor-depth=2 neighbor-frontier-only=false simulator=opcount n-validation=30 validation-interval=5 --mlir-disable-threading --split-input-file
cinm-opt /home/clement.fournier/Work/cinm-mlir/experiments/gemv.mlir --cinm-assign-platforms --cinm-isolate-compute-blocks --upmem-infer-accelerator=objective-scale=log10 dump-dir=/tmp/bo_meta_lykzceqa rng-seed=868441718 max-evals=100 n-init=10 epochs=2662 hidden-width=48 hidden-depth=8 neighbor-depth=2 neighbor-frontier-only=false simulator=opcount n-validation=30 validation-interval=5 --mlir-disable-threading --split-input-file
cinm-opt /home/clement.fournier/Work/cinm-mlir/experiments/gemv.mlir --cinm-assign-platforms --cinm-isolate-compute-blocks --upmem-infer-accelerator=objective-scale=log10 dump-dir=/tmp/bo_meta_t6svypqo rng-seed=868441717 max-evals=100 n-init=10 epochs=382 hidden-width=128 hidden-depth=5 neighbor-depth=2 neighbor-frontier-only=false simulator=opcount n-validation=30 validation-interval=5 --mlir-disable-threading --split-input-file
cinm-opt /home/clement.fournier/Work/cinm-mlir/experiments/gemv.mlir --cinm-assign-platforms --cinm-isolate-compute-blocks --upmem-infer-accelerator=objective-scale=log10 dump-dir=/tmp/bo_meta_b4i8mlvm rng-seed=868441718 max-evals=100 n-init=10 epochs=382 hidden-width=128 hidden-depth=5 neighbor-depth=2 neighbor-frontier-only=false simulator=opcount n-validation=30 validation-interval=5 --mlir-disable-threading --split-input-file
cinm-opt /home/clement.fournier/Work/cinm-mlir/experiments/gemv.mlir --cinm-assign-platforms --cinm-isolate-compute-blocks --upmem-infer-accelerator=objective-scale=log10 dump-dir=/tmp/bo_meta_6hzpv1me rng-seed=868441717 max-evals=100 n-init=10 epochs=531 hidden-width=64 hidden-depth=2 neighbor-depth=2 neighbor-frontier-only=false simulator=opcount n-validation=30 validation-interval=5 --mlir-disable-threading --split-input-file
cinm-opt /home/clement.fournier/Work/cinm-mlir/experiments/gemv.mlir --cinm-assign-platforms --cinm-isolate-compute-blocks --upmem-infer-accelerator=objective-scale=log10 dump-dir=/tmp/bo_meta_cxthjqpc rng-seed=868441718 max-evals=100 n-init=10 epochs=531 hidden-width=64 hidden-depth=2 neighbor-depth=2 neighbor-frontier-only=false simulator=opcount n-validation=30 validation-interval=5 --mlir-disable-threading --split-input-file
cinm-opt /home/clement.fournier/Work/cinm-mlir/experiments/gemv.mlir --cinm-assign-platforms --cinm-isolate-compute-blocks --upmem-infer-accelerator=objective-scale=log10 dump-dir=/tmp/bo_meta_ingkwy1k rng-seed=938367949 max-evals=100 n-init=10 epochs=2554 hidden-width=16 hidden-depth=7 neighbor-depth=2 neighbor-frontier-only=false simulator=opcount n-validation=30 validation-interval=5 --mlir-disable-threading --split-input-file
cinm-opt /home/clement.fournier/Work/cinm-mlir/experiments/gemv.mlir --cinm-assign-platforms --cinm-isolate-compute-blocks --upmem-infer-accelerator=objective-scale=log10 dump-dir=/tmp/bo_meta_34ntwi5i rng-seed=938367950 max-evals=100 n-init=10 epochs=2554 hidden-width=16 hidden-depth=7 neighbor-depth=2 neighbor-frontier-only=false simulator=opcount n-validation=30 validation-interval=5 --mlir-disable-threading --split-input-file
cinm-opt /home/clement.fournier/Work/cinm-mlir/experiments/gemv.mlir --cinm-assign-platforms --cinm-isolate-compute-blocks --upmem-infer-accelerator=objective-scale=log10 dump-dir=/tmp/bo_meta_5zkrx1_f rng-seed=868441717 max-evals=100 n-init=10 epochs=2454 hidden-width=80 hidden-depth=3 neighbor-depth=2 neighbor-frontier-only=false simulator=opcount n-validation=30 validation-interval=5 --mlir-disable-threading --split-input-file
cinm-opt /home/clement.fournier/Work/cinm-mlir/experiments/gemv.mlir --cinm-assign-platforms --cinm-isolate-compute-blocks --upmem-infer-accelerator=objective-scale=log10 dump-dir=/tmp/bo_meta_a85er8w5 rng-seed=868441718 max-evals=100 n-init=10 epochs=2454 hidden-width=80 hidden-depth=3 neighbor-depth=2 neighbor-frontier-only=false simulator=opcount n-validation=30 validation-interval=5 --mlir-disable-threading --split-input-file
cinm-opt /home/clement.fournier/Work/cinm-mlir/experiments/gemv.mlir --cinm-assign-platforms --cinm-isolate-compute-blocks --upmem-infer-accelerator=objective-scale=log10 dump-dir=/tmp/bo_meta_bo1x592e rng-seed=139367089 max-evals=100 n-init=10 epochs=611 hidden-width=32 hidden-depth=2 neighbor-depth=2 neighbor-frontier-only=false simulator=opcount n-validation=30 validation-interval=5 --mlir-disable-threading --split-input-file
cinm-opt /home/clement.fournier/Work/cinm-mlir/experiments/gemv.mlir --cinm-assign-platforms --cinm-isolate-compute-blocks --upmem-infer-accelerator=objective-scale=log10 dump-dir=/tmp/bo_meta_fedslfpp rng-seed=139367090 max-evals=100 n-init=10 epochs=611 hidden-width=32 hidden-depth=2 neighbor-depth=2 neighbor-frontier-only=false simulator=opcount n-validation=30 validation-interval=5 --mlir-disable-threading --split-input-file
cinm-opt /home/clement.fournier/Work/cinm-mlir/experiments/gemv.mlir --cinm-assign-platforms --cinm-isolate-compute-blocks --upmem-infer-accelerator=objective-scale=log10 dump-dir=/tmp/bo_meta_s008qa90 rng-seed=868441717 max-evals=100 n-init=10 epochs=1076 hidden-width=128 hidden-depth=1 neighbor-depth=2 neighbor-frontier-only=false simulator=opcount n-validation=30 validation-interval=5 --mlir-disable-threading --split-input-file
cinm-opt /home/clement.fournier/Work/cinm-mlir/experiments/gemv.mlir --cinm-assign-platforms --cinm-isolate-compute-blocks --upmem-infer-accelerator=objective-scale=log10 dump-dir=/tmp/bo_meta_xk2y813_ rng-seed=868441718 max-evals=100 n-init=10 epochs=1076 hidden-width=128 hidden-depth=1 neighbor-depth=2 neighbor-frontier-only=false simulator=opcount n-validation=30 validation-interval=5 --mlir-disable-threading --split-input-file
cinm-opt /home/clement.fournier/Work/cinm-mlir/experiments/gemv.mlir --cinm-assign-platforms --cinm-isolate-compute-blocks --upmem-infer-accelerator=objective-scale=log10 dump-dir=/tmp/bo_meta_ooa4zq1z rng-seed=938367949 max-evals=100 n-init=10 epochs=611 hidden-width=32 hidden-depth=2 neighbor-depth=2 neighbor-frontier-only=false simulator=opcount n-validation=30 validation-interval=5 --mlir-disable-threading --split-input-file
cinm-opt /home/clement.fournier/Work/cinm-mlir/experiments/gemv.mlir --cinm-assign-platforms --cinm-isolate-compute-blocks --upmem-infer-accelerator=objective-scale=log10 dump-dir=/tmp/bo_meta_z_86rirr rng-seed=938367950 max-evals=100 n-init=10 epochs=611 hidden-width=32 hidden-depth=2 neighbor-depth=2 neighbor-frontier-only=false simulator=opcount n-validation=30 validation-interval=5 --mlir-disable-threading --split-input-file
cinm-opt /home/clement.fournier/Work/cinm-mlir/experiments/gemv.mlir --cinm-assign-platforms --cinm-isolate-compute-blocks --upmem-infer-accelerator=objective-scale=log10 dump-dir=/tmp/bo_meta_v4sbl3mi rng-seed=868441717 max-evals=100 n-init=10 epochs=2149 hidden-width=16 hidden-depth=2 neighbor-depth=2 neighbor-frontier-only=false simulator=opcount n-validation=30 validation-interval=5 --mlir-disable-threading --split-input-file
cinm-opt /home/clement.fournier/Work/cinm-mlir/experiments/gemv.mlir --cinm-assign-platforms --cinm-isolate-compute-blocks --upmem-infer-accelerator=objective-scale=log10 dump-dir=/tmp/bo_meta_rimc295r rng-seed=868441718 max-evals=100 n-init=10 epochs=2149 hidden-width=16 hidden-depth=2 neighbor-depth=2 neighbor-frontier-only=false simulator=opcount n-validation=30 validation-interval=5 --mlir-disable-threading --split-input-file
cinm-opt /home/clement.fournier/Work/cinm-mlir/experiments/gemv.mlir --cinm-assign-platforms --cinm-isolate-compute-blocks --upmem-infer-accelerator=objective-scale=log10 dump-dir=/tmp/bo_meta_lulv0ufk rng-seed=868441717 max-evals=100 n-init=10 epochs=1406 hidden-width=256 hidden-depth=2 neighbor-depth=2 neighbor-frontier-only=false simulator=opcount n-validation=30 validation-interval=5 --mlir-disable-threading --split-input-file
cinm-opt /home/clement.fournier/Work/cinm-mlir/experiments/gemv.mlir --cinm-assign-platforms --cinm-isolate-compute-blocks --upmem-infer-accelerator=objective-scale=log10 dump-dir=/tmp/bo_meta_kahri_x9 rng-seed=868441718 max-evals=100 n-init=10 epochs=1406 hidden-width=256 hidden-depth=2 neighbor-depth=2 neighbor-frontier-only=false simulator=opcount n-validation=30 validation-interval=5 --mlir-disable-threading --split-input-file
cinm-opt /home/clement.fournier/Work/cinm-mlir/experiments/gemv.mlir --cinm-assign-platforms --cinm-isolate-compute-blocks --upmem-infer-accelerator=objective-scale=log10 dump-dir=/tmp/bo_meta_118c0cb2 rng-seed=868441717 max-evals=100 n-init=10 epochs=1005 hidden-width=32 hidden-depth=6 neighbor-depth=2 neighbor-frontier-only=false simulator=opcount n-validation=30 validation-interval=5 --mlir-disable-threading --split-input-file
cinm-opt /home/clement.fournier/Work/cinm-mlir/experiments/gemv.mlir --cinm-assign-platforms --cinm-isolate-compute-blocks --upmem-infer-accelerator=objective-scale=log10 dump-dir=/tmp/bo_meta_xcam6uyt rng-seed=868441718 max-evals=100 n-init=10 epochs=1005 hidden-width=32 hidden-depth=6 neighbor-depth=2 neighbor-frontier-only=false simulator=opcount n-validation=30 validation-interval=5 --mlir-disable-threading --split-input-file
cinm-opt /home/clement.fournier/Work/cinm-mlir/experiments/gemv.mlir --cinm-assign-platforms --cinm-isolate-compute-blocks --upmem-infer-accelerator=objective-scale=log10 dump-dir=/tmp/bo_meta_qjc43z8f rng-seed=868441717 max-evals=100 n-init=10 epochs=2363 hidden-width=128 hidden-depth=6 neighbor-depth=2 neighbor-frontier-only=false simulator=opcount n-validation=30 validation-interval=5 --mlir-disable-threading --split-input-file
cinm-opt /home/clement.fournier/Work/cinm-mlir/experiments/gemv.mlir --cinm-assign-platforms --cinm-isolate-compute-blocks --upmem-infer-accelerator=objective-scale=log10 dump-dir=/tmp/bo_meta_qzp5onqt rng-seed=868441718 max-evals=100 n-init=10 epochs=2363 hidden-width=128 hidden-depth=6 neighbor-depth=2 neighbor-frontier-only=false simulator=opcount n-validation=30 validation-interval=5 --mlir-disable-threading --split-input-file
cinm-opt /home/clement.fournier/Work/cinm-mlir/experiments/gemv.mlir --cinm-assign-platforms --cinm-isolate-compute-blocks --upmem-infer-accelerator=objective-scale=log10 dump-dir=/tmp/bo_meta_lubcwryb rng-seed=868441717 max-evals=100 n-init=10 epochs=278 hidden-width=48 hidden-depth=4 neighbor-depth=2 neighbor-frontier-only=false simulator=opcount n-validation=30 validation-interval=5 --mlir-disable-threading --split-input-file
cinm-opt /home/clement.fournier/Work/cinm-mlir/experiments/gemv.mlir --cinm-assign-platforms --cinm-isolate-compute-blocks --upmem-infer-accelerator=objective-scale=log10 dump-dir=/tmp/bo_meta_agg67y3q rng-seed=868441718 max-evals=100 n-init=10 epochs=278 hidden-width=48 hidden-depth=4 neighbor-depth=2 neighbor-frontier-only=false simulator=opcount n-validation=30 validation-interval=5 --mlir-disable-threading --split-input-file
cinm-opt /home/clement.fournier/Work/cinm-mlir/experiments/gemv.mlir --cinm-assign-platforms --cinm-isolate-compute-blocks --upmem-infer-accelerator=objective-scale=log10 dump-dir=/tmp/bo_meta_0ntv4mcj rng-seed=938367949 max-evals=100 n-init=10 epochs=1076 hidden-width=128 hidden-depth=1 neighbor-depth=2 neighbor-frontier-only=false simulator=opcount n-validation=30 validation-interval=5 --mlir-disable-threading --split-input-file
cinm-opt /home/clement.fournier/Work/cinm-mlir/experiments/gemv.mlir --cinm-assign-platforms --cinm-isolate-compute-blocks --upmem-infer-accelerator=objective-scale=log10 dump-dir=/tmp/bo_meta_powko918 rng-seed=938367950 max-evals=100 n-init=10 epochs=1076 hidden-width=128 hidden-depth=1 neighbor-depth=2 neighbor-frontier-only=false simulator=opcount n-validation=30 validation-interval=5 --mlir-disable-threading --split-input-file
cinm-opt /home/clement.fournier/Work/cinm-mlir/experiments/gemv.mlir --cinm-assign-platforms --cinm-isolate-compute-blocks --upmem-infer-accelerator=objective-scale=log10 dump-dir=/tmp/bo_meta_h18i4361 rng-seed=139367089 max-evals=100 n-init=10 epochs=1803 hidden-width=16 hidden-depth=3 neighbor-depth=2 neighbor-frontier-only=false simulator=opcount n-validation=30 validation-interval=5 --mlir-disable-threading --split-input-file
cinm-opt /home/clement.fournier/Work/cinm-mlir/experiments/gemv.mlir --cinm-assign-platforms --cinm-isolate-compute-blocks --upmem-infer-accelerator=objective-scale=log10 dump-dir=/tmp/bo_meta_7qfawmmb rng-seed=139367090 max-evals=100 n-init=10 epochs=1803 hidden-width=16 hidden-depth=3 neighbor-depth=2 neighbor-frontier-only=false simulator=opcount n-validation=30 validation-interval=5 --mlir-disable-threading --split-input-file
cinm-opt /home/clement.fournier/Work/cinm-mlir/experiments/gemv.mlir --cinm-assign-platforms --cinm-isolate-compute-blocks --upmem-infer-accelerator=objective-scale=log10 dump-dir=/tmp/bo_meta_y2oq03or rng-seed=868441717 max-evals=100 n-init=10 epochs=1660 hidden-width=96 hidden-depth=4 neighbor-depth=2 neighbor-frontier-only=false simulator=opcount n-validation=30 validation-interval=5 --mlir-disable-threading --split-input-file
cinm-opt /home/clement.fournier/Work/cinm-mlir/experiments/gemv.mlir --cinm-assign-platforms --cinm-isolate-compute-blocks --upmem-infer-accelerator=objective-scale=log10 dump-dir=/tmp/bo_meta_nzbhowt1 rng-seed=868441718 max-evals=100 n-init=10 epochs=1660 hidden-width=96 hidden-depth=4 neighbor-depth=2 neighbor-frontier-only=false simulator=opcount n-validation=30 validation-interval=5 --mlir-disable-threading --split-input-file
cinm-opt /home/clement.fournier/Work/cinm-mlir/experiments/gemv.mlir --cinm-assign-platforms --cinm-isolate-compute-blocks --upmem-infer-accelerator=objective-scale=log10 dump-dir=/tmp/bo_meta_9vi6mjif rng-seed=868441717 max-evals=100 n-init=10 epochs=2324 hidden-width=128 hidden-depth=3 neighbor-depth=2 neighbor-frontier-only=false simulator=opcount n-validation=30 validation-interval=5 --mlir-disable-threading --split-input-file
cinm-opt /home/clement.fournier/Work/cinm-mlir/experiments/gemv.mlir --cinm-assign-platforms --cinm-isolate-compute-blocks --upmem-infer-accelerator=objective-scale=log10 dump-dir=/tmp/bo_meta_fsmac0ip rng-seed=868441718 max-evals=100 n-init=10 epochs=2324 hidden-width=128 hidden-depth=3 neighbor-depth=2 neighbor-frontier-only=false simulator=opcount n-validation=30 validation-interval=5 --mlir-disable-threading --split-input-file
cinm-opt /home/clement.fournier/Work/cinm-mlir/experiments/gemv.mlir --cinm-assign-platforms --cinm-isolate-compute-blocks --upmem-infer-accelerator=objective-scale=log10 dump-dir=/tmp/bo_meta_7q5gba0v rng-seed=868441717 max-evals=100 n-init=10 epochs=842 hidden-width=48 hidden-depth=7 neighbor-depth=2 neighbor-frontier-only=false simulator=opcount n-validation=30 validation-interval=5 --mlir-disable-threading --split-input-file
cinm-opt /home/clement.fournier/Work/cinm-mlir/experiments/gemv.mlir --cinm-assign-platforms --cinm-isolate-compute-blocks --upmem-infer-accelerator=objective-scale=log10 dump-dir=/tmp/bo_meta_gjxcaukj rng-seed=868441718 max-evals=100 n-init=10 epochs=842 hidden-width=48 hidden-depth=7 neighbor-depth=2 neighbor-frontier-only=false simulator=opcount n-validation=30 validation-interval=5 --mlir-disable-threading --split-input-file
cinm-opt /home/clement.fournier/Work/cinm-mlir/experiments/gemv.mlir --cinm-assign-platforms --cinm-isolate-compute-blocks --upmem-infer-accelerator=objective-scale=log10 dump-dir=/tmp/bo_meta_wu0o8xv5 rng-seed=868441717 max-evals=100 n-init=10 epochs=2104 hidden-width=16 hidden-depth=2 neighbor-depth=2 neighbor-frontier-only=false simulator=opcount n-validation=30 validation-interval=5 --mlir-disable-threading --split-input-file
cinm-opt /home/clement.fournier/Work/cinm-mlir/experiments/gemv.mlir --cinm-assign-platforms --cinm-isolate-compute-blocks --upmem-infer-accelerator=objective-scale=log10 dump-dir=/tmp/bo_meta_cyeucgbi rng-seed=868441718 max-evals=100 n-init=10 epochs=2104 hidden-width=16 hidden-depth=2 neighbor-depth=2 neighbor-frontier-only=false simulator=opcount n-validation=30 validation-interval=5 --mlir-disable-threading --split-input-file
cinm-opt /home/clement.fournier/Work/cinm-mlir/experiments/gemv.mlir --cinm-assign-platforms --cinm-isolate-compute-blocks --upmem-infer-accelerator=objective-scale=log10 dump-dir=/tmp/bo_meta_82i8919a rng-seed=868441717 max-evals=100 n-init=10 epochs=983 hidden-width=48 hidden-depth=7 neighbor-depth=2 neighbor-frontier-only=false simulator=opcount n-validation=30 validation-interval=5 --mlir-disable-threading --split-input-file
cinm-opt /home/clement.fournier/Work/cinm-mlir/experiments/gemv.mlir --cinm-assign-platforms --cinm-isolate-compute-blocks --upmem-infer-accelerator=objective-scale=log10 dump-dir=/tmp/bo_meta_bdzy76o1 rng-seed=868441718 max-evals=100 n-init=10 epochs=983 hidden-width=48 hidden-depth=7 neighbor-depth=2 neighbor-frontier-only=false simulator=opcount n-validation=30 validation-interval=5 --mlir-disable-threading --split-input-file
cinm-opt /home/clement.fournier/Work/cinm-mlir/experiments/gemv.mlir --cinm-assign-platforms --cinm-isolate-compute-blocks --upmem-infer-accelerator=objective-scale=log10 dump-dir=/tmp/bo_meta_0xnq5x6z rng-seed=938367949 max-evals=100 n-init=10 epochs=1231 hidden-width=32 hidden-depth=5 neighbor-depth=2 neighbor-frontier-only=false simulator=opcount n-validation=30 validation-interval=5 --mlir-disable-threading --split-input-file
cinm-opt /home/clement.fournier/Work/cinm-mlir/experiments/gemv.mlir --cinm-assign-platforms --cinm-isolate-compute-blocks --upmem-infer-accelerator=objective-scale=log10 dump-dir=/tmp/bo_meta_59wy89w_ rng-seed=938367950 max-evals=100 n-init=10 epochs=1231 hidden-width=32 hidden-depth=5 neighbor-depth=2 neighbor-frontier-only=false simulator=opcount n-validation=30 validation-interval=5 --mlir-disable-threading --split-input-file
cinm-opt /home/clement.fournier/Work/cinm-mlir/experiments/gemv.mlir --cinm-assign-platforms --cinm-isolate-compute-blocks --upmem-infer-accelerator=objective-scale=log10 dump-dir=/tmp/bo_meta_1wy12ojg rng-seed=868441717 max-evals=100 n-init=10 epochs=2172 hidden-width=128 hidden-depth=8 neighbor-depth=2 neighbor-frontier-only=false simulator=opcount n-validation=30 validation-interval=5 --mlir-disable-threading --split-input-file
cinm-opt /home/clement.fournier/Work/cinm-mlir/experiments/gemv.mlir --cinm-assign-platforms --cinm-isolate-compute-blocks --upmem-infer-accelerator=objective-scale=log10 dump-dir=/tmp/bo_meta_8919gaol rng-seed=868441718 max-evals=100 n-init=10 epochs=2172 hidden-width=128 hidden-depth=8 neighbor-depth=2 neighbor-frontier-only=false simulator=opcount n-validation=30 validation-interval=5 --mlir-disable-threading --split-input-file
cinm-opt /home/clement.fournier/Work/cinm-mlir/experiments/gemv.mlir --cinm-assign-platforms --cinm-isolate-compute-blocks --upmem-infer-accelerator=objective-scale=log10 dump-dir=/tmp/bo_meta_j9hd8ujz rng-seed=868441717 max-evals=100 n-init=10 epochs=457 hidden-width=48 hidden-depth=7 neighbor-depth=2 neighbor-frontier-only=false simulator=opcount n-validation=30 validation-interval=5 --mlir-disable-threading --split-input-file
cinm-opt /home/clement.fournier/Work/cinm-mlir/experiments/gemv.mlir --cinm-assign-platforms --cinm-isolate-compute-blocks --upmem-infer-accelerator=objective-scale=log10 dump-dir=/tmp/bo_meta_784pzo28 rng-seed=868441718 max-evals=100 n-init=10 epochs=457 hidden-width=48 hidden-depth=7 neighbor-depth=2 neighbor-frontier-only=false simulator=opcount n-validation=30 validation-interval=5 --mlir-disable-threading --split-input-file
cinm-opt /home/clement.fournier/Work/cinm-mlir/experiments/gemv.mlir --cinm-assign-platforms --cinm-isolate-compute-blocks --upmem-infer-accelerator=objective-scale=log10 dump-dir=/tmp/bo_meta_c0s00n4t rng-seed=868441717 max-evals=100 n-init=10 epochs=1959 hidden-width=16 hidden-depth=2 neighbor-depth=2 neighbor-frontier-only=false simulator=opcount n-validation=30 validation-interval=5 --mlir-disable-threading --split-input-file
cinm-opt /home/clement.fournier/Work/cinm-mlir/experiments/gemv.mlir --cinm-assign-platforms --cinm-isolate-compute-blocks --upmem-infer-accelerator=objective-scale=log10 dump-dir=/tmp/bo_meta_rw6b6cpe rng-seed=868441718 max-evals=100 n-init=10 epochs=1959 hidden-width=16 hidden-depth=2 neighbor-depth=2 neighbor-frontier-only=false simulator=opcount n-validation=30 validation-interval=5 --mlir-disable-threading --split-input-file
cinm-opt /home/clement.fournier/Work/cinm-mlir/experiments/gemv.mlir --cinm-assign-platforms --cinm-isolate-compute-blocks --upmem-infer-accelerator=objective-scale=log10 dump-dir=/tmp/bo_meta_a_y3_1ag rng-seed=868441717 max-evals=100 n-init=10 epochs=2150 hidden-width=64 hidden-depth=2 neighbor-depth=2 neighbor-frontier-only=false simulator=opcount n-validation=30 validation-interval=5 --mlir-disable-threading --split-input-file
cinm-opt /home/clement.fournier/Work/cinm-mlir/experiments/gemv.mlir --cinm-assign-platforms --cinm-isolate-compute-blocks --upmem-infer-accelerator=objective-scale=log10 dump-dir=/tmp/bo_meta_4wnkc59i rng-seed=868441718 max-evals=100 n-init=10 epochs=2150 hidden-width=64 hidden-depth=2 neighbor-depth=2 neighbor-frontier-only=false simulator=opcount n-validation=30 validation-interval=5 --mlir-disable-threading --split-input-file
cinm-opt /home/clement.fournier/Work/cinm-mlir/experiments/gemv.mlir --cinm-assign-platforms --cinm-isolate-compute-blocks --upmem-infer-accelerator=objective-scale=log10 dump-dir=/tmp/bo_meta_9nbbgfxl rng-seed=868441717 max-evals=100 n-init=10 epochs=251 hidden-width=96 hidden-depth=6 neighbor-depth=2 neighbor-frontier-only=false simulator=opcount n-validation=30 validation-interval=5 --mlir-disable-threading --split-input-file
cinm-opt /home/clement.fournier/Work/cinm-mlir/experiments/gemv.mlir --cinm-assign-platforms --cinm-isolate-compute-blocks --upmem-infer-accelerator=objective-scale=log10 dump-dir=/tmp/bo_meta_aqtyk4lg rng-seed=868441718 max-evals=100 n-init=10 epochs=251 hidden-width=96 hidden-depth=6 neighbor-depth=2 neighbor-frontier-only=false simulator=opcount n-validation=30 validation-interval=5 --mlir-disable-threading --split-input-file
cinm-opt /home/clement.fournier/Work/cinm-mlir/experiments/gemv.mlir --cinm-assign-platforms --cinm-isolate-compute-blocks --upmem-infer-accelerator=objective-scale=log10 dump-dir=/tmp/bo_meta_e0j7edve rng-seed=868441717 max-evals=100 n-init=10 epochs=1172 hidden-width=128 hidden-depth=6 neighbor-depth=2 neighbor-frontier-only=false simulator=opcount n-validation=30 validation-interval=5 --mlir-disable-threading --split-input-file
cinm-opt /home/clement.fournier/Work/cinm-mlir/experiments/gemv.mlir --cinm-assign-platforms --cinm-isolate-compute-blocks --upmem-infer-accelerator=objective-scale=log10 dump-dir=/tmp/bo_meta_uu5rcsy7 rng-seed=868441718 max-evals=100 n-init=10 epochs=1172 hidden-width=128 hidden-depth=6 neighbor-depth=2 neighbor-frontier-only=false simulator=opcount n-validation=30 validation-interval=5 --mlir-disable-threading --split-input-file
cinm-opt /home/clement.fournier/Work/cinm-mlir/experiments/gemv.mlir --cinm-assign-platforms --cinm-isolate-compute-blocks --upmem-infer-accelerator=objective-scale=log10 dump-dir=/tmp/bo_meta_3qrapouo rng-seed=868441717 max-evals=100 n-init=10 epochs=2554 hidden-width=16 hidden-depth=7 neighbor-depth=2 neighbor-frontier-only=false simulator=opcount n-validation=30 validation-interval=5 --mlir-disable-threading --split-input-file
cinm-opt /home/clement.fournier/Work/cinm-mlir/experiments/gemv.mlir --cinm-assign-platforms --cinm-isolate-compute-blocks --upmem-infer-accelerator=objective-scale=log10 dump-dir=/tmp/bo_meta_9ymsyf0s rng-seed=868441718 max-evals=100 n-init=10 epochs=2554 hidden-width=16 hidden-depth=7 neighbor-depth=2 neighbor-frontier-only=false simulator=opcount n-validation=30 validation-interval=5 --mlir-disable-threading --split-input-file
cinm-opt /home/clement.fournier/Work/cinm-mlir/experiments/gemv.mlir --cinm-assign-platforms --cinm-isolate-compute-blocks --upmem-infer-accelerator=objective-scale=log10 dump-dir=/tmp/bo_meta_kc0l36u7 rng-seed=938367949 max-evals=100 n-init=10 epochs=1803 hidden-width=16 hidden-depth=3 neighbor-depth=2 neighbor-frontier-only=false simulator=opcount n-validation=30 validation-interval=5 --mlir-disable-threading --split-input-file
cinm-opt /home/clement.fournier/Work/cinm-mlir/experiments/gemv.mlir --cinm-assign-platforms --cinm-isolate-compute-blocks --upmem-infer-accelerator=objective-scale=log10 dump-dir=/tmp/bo_meta_e0ldxbmw rng-seed=938367950 max-evals=100 n-init=10 epochs=1803 hidden-width=16 hidden-depth=3 neighbor-depth=2 neighbor-frontier-only=false simulator=opcount n-validation=30 validation-interval=5 --mlir-disable-threading --split-input-file
cinm-opt /home/clement.fournier/Work/cinm-mlir/experiments/gemv.mlir --cinm-assign-platforms --cinm-isolate-compute-blocks --upmem-infer-accelerator=objective-scale=log10 dump-dir=/tmp/bo_meta_9j7bos6h rng-seed=868441717 max-evals=100 n-init=10 epochs=1992 hidden-width=16 hidden-depth=2 neighbor-depth=2 neighbor-frontier-only=false simulator=opcount n-validation=30 validation-interval=5 --mlir-disable-threading --split-input-file
cinm-opt /home/clement.fournier/Work/cinm-mlir/experiments/gemv.mlir --cinm-assign-platforms --cinm-isolate-compute-blocks --upmem-infer-accelerator=objective-scale=log10 dump-dir=/tmp/bo_meta_5c3jo40v rng-seed=868441718 max-evals=100 n-init=10 epochs=1992 hidden-width=16 hidden-depth=2 neighbor-depth=2 neighbor-frontier-only=false simulator=opcount n-validation=30 validation-interval=5 --mlir-disable-threading --split-input-file
cinm-opt /home/clement.fournier/Work/cinm-mlir/experiments/gemv.mlir --cinm-assign-platforms --cinm-isolate-compute-blocks --upmem-infer-accelerator=objective-scale=log10 dump-dir=/tmp/bo_meta_znxzdgj8 rng-seed=868441717 max-evals=100 n-init=10 epochs=979 hidden-width=128 hidden-depth=4 neighbor-depth=2 neighbor-frontier-only=false simulator=opcount n-validation=30 validation-interval=5 --mlir-disable-threading --split-input-file
cinm-opt /home/clement.fournier/Work/cinm-mlir/experiments/gemv.mlir --cinm-assign-platforms --cinm-isolate-compute-blocks --upmem-infer-accelerator=objective-scale=log10 dump-dir=/tmp/bo_meta_15gmq2mn rng-seed=868441718 max-evals=100 n-init=10 epochs=979 hidden-width=128 hidden-depth=4 neighbor-depth=2 neighbor-frontier-only=false simulator=opcount n-validation=30 validation-interval=5 --mlir-disable-threading --split-input-file
cinm-opt /home/clement.fournier/Work/cinm-mlir/experiments/gemv.mlir --cinm-assign-platforms --cinm-isolate-compute-blocks --upmem-infer-accelerator=objective-scale=log10 dump-dir=/tmp/bo_meta_mq9xc10f rng-seed=868441717 max-evals=100 n-init=10 epochs=2790 hidden-width=256 hidden-depth=4 neighbor-depth=2 neighbor-frontier-only=false simulator=opcount n-validation=30 validation-interval=5 --mlir-disable-threading --split-input-file
cinm-opt /home/clement.fournier/Work/cinm-mlir/experiments/gemv.mlir --cinm-assign-platforms --cinm-isolate-compute-blocks --upmem-infer-accelerator=objective-scale=log10 dump-dir=/tmp/bo_meta_md0ez0td rng-seed=868441718 max-evals=100 n-init=10 epochs=2790 hidden-width=256 hidden-depth=4 neighbor-depth=2 neighbor-frontier-only=false simulator=opcount n-validation=30 validation-interval=5 --mlir-disable-threading --split-input-file
cinm-opt /home/clement.fournier/Work/cinm-mlir/experiments/gemv.mlir --cinm-assign-platforms --cinm-isolate-compute-blocks --upmem-infer-accelerator=objective-scale=log10 dump-dir=/tmp/bo_meta_irz1w9nz rng-seed=868441717 max-evals=100 n-init=10 epochs=2934 hidden-width=64 hidden-depth=6 neighbor-depth=2 neighbor-frontier-only=false simulator=opcount n-validation=30 validation-interval=5 --mlir-disable-threading --split-input-file
cinm-opt /home/clement.fournier/Work/cinm-mlir/experiments/gemv.mlir --cinm-assign-platforms --cinm-isolate-compute-blocks --upmem-infer-accelerator=objective-scale=log10 dump-dir=/tmp/bo_meta_loursq2g rng-seed=868441718 max-evals=100 n-init=10 epochs=2934 hidden-width=64 hidden-depth=6 neighbor-depth=2 neighbor-frontier-only=false simulator=opcount n-validation=30 validation-interval=5 --mlir-disable-threading --split-input-file
cinm-opt /home/clement.fournier/Work/cinm-mlir/experiments/gemv.mlir --cinm-assign-platforms --cinm-isolate-compute-blocks --upmem-infer-accelerator=objective-scale=log10 dump-dir=/tmp/bo_meta_4g72kgcg rng-seed=868441717 max-evals=100 n-init=10 epochs=1562 hidden-width=80 hidden-depth=5 neighbor-depth=2 neighbor-frontier-only=false simulator=opcount n-validation=30 validation-interval=5 --mlir-disable-threading --split-input-file
cinm-opt /home/clement.fournier/Work/cinm-mlir/experiments/gemv.mlir --cinm-assign-platforms --cinm-isolate-compute-blocks --upmem-infer-accelerator=objective-scale=log10 dump-dir=/tmp/bo_meta_ar3w8zm5 rng-seed=868441718 max-evals=100 n-init=10 epochs=1562 hidden-width=80 hidden-depth=5 neighbor-depth=2 neighbor-frontier-only=false simulator=opcount n-validation=30 validation-interval=5 --mlir-disable-threading --split-input-file
cinm-opt /home/clement.fournier/Work/cinm-mlir/experiments/gemv.mlir --cinm-assign-platforms --cinm-isolate-compute-blocks --upmem-infer-accelerator=objective-scale=log10 dump-dir=/tmp/bo_meta_ffqnzgod rng-seed=868441717 max-evals=100 n-init=10 epochs=1231 hidden-width=32 hidden-depth=5 neighbor-depth=2 neighbor-frontier-only=false simulator=opcount n-validation=30 validation-interval=5 --mlir-disable-threading --split-input-file
cinm-opt /home/clement.fournier/Work/cinm-mlir/experiments/gemv.mlir --cinm-assign-platforms --cinm-isolate-compute-blocks --upmem-infer-accelerator=objective-scale=log10 dump-dir=/tmp/bo_meta_gog13gwj rng-seed=868441718 max-evals=100 n-init=10 epochs=1231 hidden-width=32 hidden-depth=5 neighbor-depth=2 neighbor-frontier-only=false simulator=opcount n-validation=30 validation-interval=5 --mlir-disable-threading --split-input-file
cinm-opt /home/clement.fournier/Work/cinm-mlir/experiments/gemv.mlir --cinm-assign-platforms --cinm-isolate-compute-blocks --upmem-infer-accelerator=objective-scale=log10 dump-dir=/tmp/bo_meta_w9ql0unc rng-seed=868441717 max-evals=100 n-init=10 epochs=188 hidden-width=64 hidden-depth=7 neighbor-depth=2 neighbor-frontier-only=false simulator=opcount n-validation=30 validation-interval=5 --mlir-disable-threading --split-input-file
cinm-opt /home/clement.fournier/Work/cinm-mlir/experiments/gemv.mlir --cinm-assign-platforms --cinm-isolate-compute-blocks --upmem-infer-accelerator=objective-scale=log10 dump-dir=/tmp/bo_meta_ygc7a5sj rng-seed=868441718 max-evals=100 n-init=10 epochs=188 hidden-width=64 hidden-depth=7 neighbor-depth=2 neighbor-frontier-only=false simulator=opcount n-validation=30 validation-interval=5 --mlir-disable-threading --split-input-file
cinm-opt /home/clement.fournier/Work/cinm-mlir/experiments/gemv.mlir --cinm-assign-platforms --cinm-isolate-compute-blocks --upmem-infer-accelerator=objective-scale=log10 dump-dir=/tmp/bo_meta_tt2y_ws7 rng-seed=868441717 max-evals=100 n-init=10 epochs=1671 hidden-width=80 hidden-depth=7 neighbor-depth=2 neighbor-frontier-only=false simulator=opcount n-validation=30 validation-interval=5 --mlir-disable-threading --split-input-file
cinm-opt /home/clement.fournier/Work/cinm-mlir/experiments/gemv.mlir --cinm-assign-platforms --cinm-isolate-compute-blocks --upmem-infer-accelerator=objective-scale=log10 dump-dir=/tmp/bo_meta_wf011s1x rng-seed=868441718 max-evals=100 n-init=10 epochs=1671 hidden-width=80 hidden-depth=7 neighbor-depth=2 neighbor-frontier-only=false simulator=opcount n-validation=30 validation-interval=5 --mlir-disable-threading --split-input-file
cinm-opt /home/clement.fournier/Work/cinm-mlir/experiments/gemv.mlir --cinm-assign-platforms --cinm-isolate-compute-blocks --upmem-infer-accelerator=objective-scale=log10 dump-dir=/tmp/bo_meta_jryp88p5 rng-seed=868441717 max-evals=100 n-init=10 epochs=1377 hidden-width=128 hidden-depth=8 neighbor-depth=2 neighbor-frontier-only=false simulator=opcount n-validation=30 validation-interval=5 --mlir-disable-threading --split-input-file
cinm-opt /home/clement.fournier/Work/cinm-mlir/experiments/gemv.mlir --cinm-assign-platforms --cinm-isolate-compute-blocks --upmem-infer-accelerator=objective-scale=log10 dump-dir=/tmp/bo_meta_kv1590vb rng-seed=868441718 max-evals=100 n-init=10 epochs=1377 hidden-width=128 hidden-depth=8 neighbor-depth=2 neighbor-frontier-only=false simulator=opcount n-validation=30 validation-interval=5 --mlir-disable-threading --split-input-file
cinm-opt /home/clement.fournier/Work/cinm-mlir/experiments/gemv.mlir --cinm-assign-platforms --cinm-isolate-compute-blocks --upmem-infer-accelerator=objective-scale=log10 dump-dir=/tmp/bo_meta_ba0jhgt1 rng-seed=868441717 max-evals=100 n-init=10 epochs=1152 hidden-width=16 hidden-depth=6 neighbor-depth=2 neighbor-frontier-only=false simulator=opcount n-validation=30 validation-interval=5 --mlir-disable-threading --split-input-file
cinm-opt /home/clement.fournier/Work/cinm-mlir/experiments/gemv.mlir --cinm-assign-platforms --cinm-isolate-compute-blocks --upmem-infer-accelerator=objective-scale=log10 dump-dir=/tmp/bo_meta_tci3lkm2 rng-seed=868441718 max-evals=100 n-init=10 epochs=1152 hidden-width=16 hidden-depth=6 neighbor-depth=2 neighbor-frontier-only=false simulator=opcount n-validation=30 validation-interval=5 --mlir-disable-threading --split-input-file
cinm-opt /home/clement.fournier/Work/cinm-mlir/experiments/gemv.mlir --cinm-assign-platforms --cinm-isolate-compute-blocks --upmem-infer-accelerator=objective-scale=log10 dump-dir=/tmp/bo_meta_h_ita568 rng-seed=938367949 max-evals=100 n-init=10 epochs=1152 hidden-width=16 hidden-depth=6 neighbor-depth=2 neighbor-frontier-only=false simulator=opcount n-validation=30 validation-interval=5 --mlir-disable-threading --split-input-file
cinm-opt /home/clement.fournier/Work/cinm-mlir/experiments/gemv.mlir --cinm-assign-platforms --cinm-isolate-compute-blocks --upmem-infer-accelerator=objective-scale=log10 dump-dir=/tmp/bo_meta_spqqrdgf rng-seed=938367950 max-evals=100 n-init=10 epochs=1152 hidden-width=16 hidden-depth=6 neighbor-depth=2 neighbor-frontier-only=false simulator=opcount n-validation=30 validation-interval=5 --mlir-disable-threading --split-input-file
cinm-opt /home/clement.fournier/Work/cinm-mlir/experiments/gemv.mlir --cinm-assign-platforms --cinm-isolate-compute-blocks --upmem-infer-accelerator=objective-scale=log10 dump-dir=/tmp/bo_meta_ggqp219p rng-seed=868441717 max-evals=100 n-init=10 epochs=1167 hidden-width=96 hidden-depth=4 neighbor-depth=2 neighbor-frontier-only=false simulator=opcount n-validation=30 validation-interval=5 --mlir-disable-threading --split-input-file
cinm-opt /home/clement.fournier/Work/cinm-mlir/experiments/gemv.mlir --cinm-assign-platforms --cinm-isolate-compute-blocks --upmem-infer-accelerator=objective-scale=log10 dump-dir=/tmp/bo_meta_8y789dav rng-seed=868441718 max-evals=100 n-init=10 epochs=1167 hidden-width=96 hidden-depth=4 neighbor-depth=2 neighbor-frontier-only=false simulator=opcount n-validation=30 validation-interval=5 --mlir-disable-threading --split-input-file
cinm-opt /home/clement.fournier/Work/cinm-mlir/experiments/gemv.mlir --cinm-assign-platforms --cinm-isolate-compute-blocks --upmem-infer-accelerator=objective-scale=log10 dump-dir=/tmp/bo_meta_eph1ytem rng-seed=868441717 max-evals=100 n-init=10 epochs=283 hidden-width=32 hidden-depth=2 neighbor-depth=2 neighbor-frontier-only=false simulator=opcount n-validation=30 validation-interval=5 --mlir-disable-threading --split-input-file
cinm-opt /home/clement.fournier/Work/cinm-mlir/experiments/gemv.mlir --cinm-assign-platforms --cinm-isolate-compute-blocks --upmem-infer-accelerator=objective-scale=log10 dump-dir=/tmp/bo_meta_anetlm8p rng-seed=868441718 max-evals=100 n-init=10 epochs=283 hidden-width=32 hidden-depth=2 neighbor-depth=2 neighbor-frontier-only=false simulator=opcount n-validation=30 validation-interval=5 --mlir-disable-threading --split-input-file
cinm-opt /home/clement.fournier/Work/cinm-mlir/experiments/gemv.mlir --cinm-assign-platforms --cinm-isolate-compute-blocks --upmem-infer-accelerator=objective-scale=log10 dump-dir=/tmp/bo_meta_5oowupmv rng-seed=868441717 max-evals=100 n-init=10 epochs=832 hidden-width=16 hidden-depth=2 neighbor-depth=2 neighbor-frontier-only=false simulator=opcount n-validation=30 validation-interval=5 --mlir-disable-threading --split-input-file
cinm-opt /home/clement.fournier/Work/cinm-mlir/experiments/gemv.mlir --cinm-assign-platforms --cinm-isolate-compute-blocks --upmem-infer-accelerator=objective-scale=log10 dump-dir=/tmp/bo_meta_0s4pyx9r rng-seed=868441718 max-evals=100 n-init=10 epochs=832 hidden-width=16 hidden-depth=2 neighbor-depth=2 neighbor-frontier-only=false simulator=opcount n-validation=30 validation-interval=5 --mlir-disable-threading --split-input-file
cinm-opt /home/clement.fournier/Work/cinm-mlir/experiments/gemv.mlir --cinm-assign-platforms --cinm-isolate-compute-blocks --upmem-infer-accelerator=objective-scale=log10 dump-dir=/tmp/bo_meta_6zpmjll_ rng-seed=868441717 max-evals=100 n-init=10 epochs=1954 hidden-width=16 hidden-depth=2 neighbor-depth=2 neighbor-frontier-only=false simulator=opcount n-validation=30 validation-interval=5 --mlir-disable-threading --split-input-file
cinm-opt /home/clement.fournier/Work/cinm-mlir/experiments/gemv.mlir --cinm-assign-platforms --cinm-isolate-compute-blocks --upmem-infer-accelerator=objective-scale=log10 dump-dir=/tmp/bo_meta_9hatm5bl rng-seed=868441718 max-evals=100 n-init=10 epochs=1954 hidden-width=16 hidden-depth=2 neighbor-depth=2 neighbor-frontier-only=false simulator=opcount n-validation=30 validation-interval=5 --mlir-disable-threading --split-input-file
cinm-opt /home/clement.fournier/Work/cinm-mlir/experiments/gemv.mlir --cinm-assign-platforms --cinm-isolate-compute-blocks --upmem-infer-accelerator=objective-scale=log10 dump-dir=/tmp/bo_meta_s58shvws rng-seed=868441717 max-evals=100 n-init=10 epochs=2997 hidden-width=80 hidden-depth=3 neighbor-depth=2 neighbor-frontier-only=false simulator=opcount n-validation=30 validation-interval=5 --mlir-disable-threading --split-input-file
cinm-opt /home/clement.fournier/Work/cinm-mlir/experiments/gemv.mlir --cinm-assign-platforms --cinm-isolate-compute-blocks --upmem-infer-accelerator=objective-scale=log10 dump-dir=/tmp/bo_meta_uwsf1t4x rng-seed=868441718 max-evals=100 n-init=10 epochs=2997 hidden-width=80 hidden-depth=3 neighbor-depth=2 neighbor-frontier-only=false simulator=opcount n-validation=30 validation-interval=5 --mlir-disable-threading --split-input-file
cinm-opt /home/clement.fournier/Work/cinm-mlir/experiments/gemv.mlir --cinm-assign-platforms --cinm-isolate-compute-blocks --upmem-infer-accelerator=objective-scale=log10 dump-dir=/tmp/bo_meta_c76jhboy rng-seed=868441717 max-evals=100 n-init=10 epochs=666 hidden-width=32 hidden-depth=4 neighbor-depth=2 neighbor-frontier-only=false simulator=opcount n-validation=30 validation-interval=5 --mlir-disable-threading --split-input-file
cinm-opt /home/clement.fournier/Work/cinm-mlir/experiments/gemv.mlir --cinm-assign-platforms --cinm-isolate-compute-blocks --upmem-infer-accelerator=objective-scale=log10 dump-dir=/tmp/bo_meta_idch1fr7 rng-seed=868441718 max-evals=100 n-init=10 epochs=666 hidden-width=32 hidden-depth=4 neighbor-depth=2 neighbor-frontier-only=false simulator=opcount n-validation=30 validation-interval=5 --mlir-disable-threading --split-input-file
cinm-opt /home/clement.fournier/Work/cinm-mlir/experiments/gemv.mlir --cinm-assign-platforms --cinm-isolate-compute-blocks --upmem-infer-accelerator=objective-scale=log10 dump-dir=/tmp/bo_meta_wjgxjrh9 rng-seed=868441717 max-evals=100 n-init=10 epochs=757 hidden-width=80 hidden-depth=5 neighbor-depth=2 neighbor-frontier-only=false simulator=opcount n-validation=30 validation-interval=5 --mlir-disable-threading --split-input-file
cinm-opt /home/clement.fournier/Work/cinm-mlir/experiments/gemv.mlir --cinm-assign-platforms --cinm-isolate-compute-blocks --upmem-infer-accelerator=objective-scale=log10 dump-dir=/tmp/bo_meta_opjk0ysm rng-seed=868441718 max-evals=100 n-init=10 epochs=757 hidden-width=80 hidden-depth=5 neighbor-depth=2 neighbor-frontier-only=false simulator=opcount n-validation=30 validation-interval=5 --mlir-disable-threading --split-input-file
cinm-opt /home/clement.fournier/Work/cinm-mlir/experiments/gemv.mlir --cinm-assign-platforms --cinm-isolate-compute-blocks --upmem-infer-accelerator=objective-scale=log10 dump-dir=/tmp/bo_meta_khjvoq28 rng-seed=868441717 max-evals=100 n-init=10 epochs=1954 hidden-width=256 hidden-depth=6 neighbor-depth=2 neighbor-frontier-only=false simulator=opcount n-validation=30 validation-interval=5 --mlir-disable-threading --split-input-file
cinm-opt /home/clement.fournier/Work/cinm-mlir/experiments/gemv.mlir --cinm-assign-platforms --cinm-isolate-compute-blocks --upmem-infer-accelerator=objective-scale=log10 dump-dir=/tmp/bo_meta_1qus0bgw rng-seed=868441718 max-evals=100 n-init=10 epochs=1954 hidden-width=256 hidden-depth=6 neighbor-depth=2 neighbor-frontier-only=false simulator=opcount n-validation=30 validation-interval=5 --mlir-disable-threading --split-input-file
cinm-opt /home/clement.fournier/Work/cinm-mlir/experiments/gemv.mlir --cinm-assign-platforms --cinm-isolate-compute-blocks --upmem-infer-accelerator=objective-scale=log10 dump-dir=/tmp/bo_meta_os1ypiin rng-seed=868441717 max-evals=100 n-init=10 epochs=1420 hidden-width=96 hidden-depth=3 neighbor-depth=2 neighbor-frontier-only=false simulator=opcount n-validation=30 validation-interval=5 --mlir-disable-threading --split-input-file
cinm-opt /home/clement.fournier/Work/cinm-mlir/experiments/gemv.mlir --cinm-assign-platforms --cinm-isolate-compute-blocks --upmem-infer-accelerator=objective-scale=log10 dump-dir=/tmp/bo_meta_e_90lq2a rng-seed=868441718 max-evals=100 n-init=10 epochs=1420 hidden-width=96 hidden-depth=3 neighbor-depth=2 neighbor-frontier-only=false simulator=opcount n-validation=30 validation-interval=5 --mlir-disable-threading --split-input-file
cinm-opt /home/clement.fournier/Work/cinm-mlir/experiments/gemv.mlir --cinm-assign-platforms --cinm-isolate-compute-blocks --upmem-infer-accelerator=objective-scale=log10 dump-dir=/tmp/bo_meta_xy_fhibi rng-seed=868441717 max-evals=100 n-init=10 epochs=2061 hidden-width=16 hidden-depth=2 neighbor-depth=2 neighbor-frontier-only=false simulator=opcount n-validation=30 validation-interval=5 --mlir-disable-threading --split-input-file
cinm-opt /home/clement.fournier/Work/cinm-mlir/experiments/gemv.mlir --cinm-assign-platforms --cinm-isolate-compute-blocks --upmem-infer-accelerator=objective-scale=log10 dump-dir=/tmp/bo_meta_3f1ssu1a rng-seed=868441718 max-evals=100 n-init=10 epochs=2061 hidden-width=16 hidden-depth=2 neighbor-depth=2 neighbor-frontier-only=false simulator=opcount n-validation=30 validation-interval=5 --mlir-disable-threading --split-input-file
[bo_meta] 3D plot saved to data/bo_meta_smac/pareto_front_3d.png
