fn_name,seed,net_time_ms,source
gemv_256MB,67,1105.7853031,prim_gemv_cinm2_ca400
gemv_256MB,98,1071.1967436,prim_gemv_cinm2_ca400
gemv_256MB,129,1164.6460467,prim_gemv_cinm2_ca400
gemv_256MB,160,1130.0248805,prim_gemv_cinm2_ca400
gemv_256MB,191,1150.0394201,prim_gemv_cinm2_ca400
gemv_256MB,222,1113.1647534,prim_gemv_cinm2_ca400
gemv_256MB,253,1218.2615452999999,prim_gemv_cinm2_ca400
gemv_256MB,284,1055.6733138,prim_gemv_cinm2_ca400
gemv_256MB,315,1412.6311380999998,prim_gemv_cinm2_ca400
gemv_256MB,346,1160.8764584,prim_gemv_cinm2_ca400
gemv_256MB,377,1168.241289,prim_gemv_cinm2_ca400
gemv_256MB,408,1078.6992424,prim_gemv_cinm2_ca400
gemv_256MB,439,1087.3693045999999,prim_gemv_cinm2_ca400
gemv_256MB,470,1100.3851640999999,prim_gemv_cinm2_ca400
gemv_256MB,501,1087.7613333,prim_gemv_cinm2_ca400
gemv_256MB,532,1089.9287365999999,prim_gemv_cinm2_ca400
gemv_256MB,563,1110.3324621,prim_gemv_cinm2_ca400
gemv_256MB,594,1112.1419172,prim_gemv_cinm2_ca400
gemv_256MB,625,1084.6123232999998,prim_gemv_cinm2_ca400
gemv_256MB,656,1117.5451762,prim_gemv_cinm2_ca400
gemv_256MB,687,1104.1603785999998,prim_gemv_cinm2_ca400
gemv_256MB,718,1086.3933986,prim_gemv_cinm2_ca400
gemv_256MB,749,1104.165226,prim_gemv_cinm2_ca400
gemv_256MB,780,1107.9262405999998,prim_gemv_cinm2_ca400
gemv_256MB,811,1162.0435066,prim_gemv_cinm2_ca400
gemv_256MB,842,1146.7406243,prim_gemv_cinm2_ca400
gemv_256MB,873,1061.3689202,prim_gemv_cinm2_ca400
gemv_256MB,904,1093.3863695,prim_gemv_cinm2_ca400
gemv_256MB,935,1128.0655298,prim_gemv_cinm2_ca400
gemv_256MB,966,1058.8375925,prim_gemv_cinm2_ca400
gemv_256MB,997,1147.247597,prim_gemv_cinm2_ca400
gemv_256MB,1028,1115.281557,prim_gemv_cinm2_ca400
gemv_256MB,1059,1087.0655918,prim_gemv_cinm2_ca400
gemv_256MB,1090,1115.6593873,prim_gemv_cinm2_ca400
gemv_256MB,1121,1145.0311258,prim_gemv_cinm2_ca400
gemv_256MB,1152,1089.4907775,prim_gemv_cinm2_ca400
gemv_256MB,1183,1703.5811235,prim_gemv_cinm2_ca400
gemv_256MB,1214,1082.7378315,prim_gemv_cinm2_ca400
gemv_256MB,1245,1078.1363875,prim_gemv_cinm2_ca400
gemv_256MB,1276,1200.3576251,prim_gemv_cinm2_ca400
gemv_256MB,1307,1084.0270007000001,prim_gemv_cinm2_ca400
gemv_256MB,1338,1212.0980422999999,prim_gemv_cinm2_ca400
gemv_256MB,1369,1102.9497317999999,prim_gemv_cinm2_ca400
gemv_256MB,1400,1096.3832175,prim_gemv_cinm2_ca400
gemv_256MB,1431,1216.6537698,prim_gemv_cinm2_ca400
gemv_256MB,1462,1699.4670273,prim_gemv_cinm2_ca400
gemv_256MB,1493,1103.9832744,prim_gemv_cinm2_ca400
gemv_256MB,1524,1921.2593023,prim_gemv_cinm2_ca400
gemv_256MB,1555,1481.8850031,prim_gemv_cinm2_ca400
gemv_256MB,1586,1104.7912913,prim_gemv_cinm2_ca400
gemv_256MB,1617,1208.1228953,prim_gemv_cinm2_ca400
gemv_256MB,1648,1129.9273057,prim_gemv_cinm2_ca400
gemv_256MB,1679,1101.6459548,prim_gemv_cinm2_ca400
gemv_256MB,1710,1143.4509954,prim_gemv_cinm2_ca400
gemv_256MB,1741,1073.5919441,prim_gemv_cinm2_ca400
gemv_256MB,1772,1233.8610295,prim_gemv_cinm2_ca400
gemv_256MB,1803,1487.0218749,prim_gemv_cinm2_ca400
gemv_256MB,1834,1090.7427687,prim_gemv_cinm2_ca400
gemv_256MB,1865,1152.5912615,prim_gemv_cinm2_ca400
gemv_256MB,1896,1164.1315035999999,prim_gemv_cinm2_ca400
gemv_256MB,1927,1109.7859302,prim_gemv_cinm2_ca400
gemv_256MB,1958,1089.2253187000001,prim_gemv_cinm2_ca400
gemv_256MB,1989,1083.043936,prim_gemv_cinm2_ca400
gemv_256MB,2020,1105.3262091,prim_gemv_cinm2_ca400
gemv_256MB,2051,1060.2356911,prim_gemv_cinm2_ca400
gemv_256MB,2082,1167.1156165,prim_gemv_cinm2_ca400
gemv_256MB,2113,1128.9643324,prim_gemv_cinm2_ca400
gemv_256MB,2144,1197.1991194000002,prim_gemv_cinm2_ca400
gemv_256MB,2175,1199.9633512999999,prim_gemv_cinm2_ca400
gemv_256MB,2206,1106.1693409000002,prim_gemv_cinm2_ca400
gemv_256MB,2237,1102.2950689000002,prim_gemv_cinm2_ca400
gemv_256MB,2268,1055.0809736,prim_gemv_cinm2_ca400
gemv_256MB,2299,1063.8950915,prim_gemv_cinm2_ca400
gemv_256MB,2330,1126.6888993,prim_gemv_cinm2_ca400
gemv_256MB,2361,1103.8404095,prim_gemv_cinm2_ca400
gemv_256MB,2392,1112.7189378,prim_gemv_cinm2_ca400
gemv_256MB,2423,1199.8298797,prim_gemv_cinm2_ca400
gemv_256MB,2454,1106.1949337,prim_gemv_cinm2_ca400
gemv_256MB,2485,1147.5761149,prim_gemv_cinm2_ca400
gemv_256MB,2516,1257.4396055999998,prim_gemv_cinm2_ca400
gemv_256MB,2547,1070.2233771,prim_gemv_cinm2_ca400
gemv_256MB,2578,1104.7589134,prim_gemv_cinm2_ca400
gemv_256MB,2609,1158.4880067000001,prim_gemv_cinm2_ca400
gemv_256MB,2640,1149.2020366,prim_gemv_cinm2_ca400
gemv_256MB,2671,1085.0084886,prim_gemv_cinm2_ca400
gemv_256MB,2702,1113.1687288,prim_gemv_cinm2_ca400
gemv_256MB,2733,1125.399981,prim_gemv_cinm2_ca400
gemv_256MB,2764,1133.1109520999998,prim_gemv_cinm2_ca400
gemv_256MB,2795,1172.450753,prim_gemv_cinm2_ca400
gemv_256MB,2826,1079.8837994,prim_gemv_cinm2_ca400
gemv_256MB,2857,1101.2157027,prim_gemv_cinm2_ca400
gemv_256MB,2888,1148.6025864,prim_gemv_cinm2_ca400
gemv_256MB,2919,1109.201907,prim_gemv_cinm2_ca400
gemv_256MB,2950,1101.6189674000002,prim_gemv_cinm2_ca400
gemv_256MB,2981,1108.4302215999999,prim_gemv_cinm2_ca400
gemv_256MB,3012,1099.9635650999999,prim_gemv_cinm2_ca400
gemv_256MB,3043,1108.8602853,prim_gemv_cinm2_ca400
gemv_256MB,3074,1069.3347708,prim_gemv_cinm2_ca400
gemv_256MB,3105,1059.140084,prim_gemv_cinm2_ca400
gemv_256MB,3136,1080.3912205,prim_gemv_cinm2_ca400
gemv_256MB,3167,1151.2827343,prim_gemv_cinm2_ca400
gemv_256MB,3198,1166.0425268,prim_gemv_cinm2_ca400
gemv_256MB,3229,1066.9951095,prim_gemv_cinm2_ca400
gemv_256MB,3260,1157.6837996,prim_gemv_cinm2_ca400
gemv_256MB,3291,1280.3193723,prim_gemv_cinm2_ca400
gemv_256MB,3322,1106.0125041,prim_gemv_cinm2_ca400
gemv_256MB,3353,1095.4347927000001,prim_gemv_cinm2_ca400
gemv_256MB,3384,1104.8498472,prim_gemv_cinm2_ca400
gemv_256MB,3415,1164.0111444000001,prim_gemv_cinm2_ca400
gemv_256MB,3446,1068.7105874,prim_gemv_cinm2_ca400
gemv_256MB,3477,1085.7464111,prim_gemv_cinm2_ca400
gemv_256MB,3508,1122.4404629,prim_gemv_cinm2_ca400
gemv_256MB,3539,1114.6694601,prim_gemv_cinm2_ca400
gemv_256MB,3570,1163.3794188,prim_gemv_cinm2_ca400
gemv_256MB,3601,1061.9027918,prim_gemv_cinm2_ca400
gemv_256MB,3632,1113.2636592000001,prim_gemv_cinm2_ca400
gemv_256MB,3663,1106.7254598,prim_gemv_cinm2_ca400
gemv_256MB,3694,1067.0235582999999,prim_gemv_cinm2_ca400
gemv_256MB,3725,1092.5007583,prim_gemv_cinm2_ca400
gemv_256MB,3756,1102.524558,prim_gemv_cinm2_ca400
gemv_256MB,3787,1148.1174647,prim_gemv_cinm2_ca400
gemv_256MB,3818,1175.1322142000001,prim_gemv_cinm2_ca400
gemv_256MB,3849,1099.7937998,prim_gemv_cinm2_ca400
gemv_256MB,3880,1181.4355614,prim_gemv_cinm2_ca400
gemv_256MB,3911,1111.3623559,prim_gemv_cinm2_ca400
gemv_256MB,3942,1131.6043554,prim_gemv_cinm2_ca400
gemv_256MB,3973,1207.0716370999999,prim_gemv_cinm2_ca400
gemv_256MB,4004,1187.4310678,prim_gemv_cinm2_ca400
gemv_4MB,67,20.7348525,prim_gemv_cinm2_ca400
gemv_4MB,98,19.8910421,prim_gemv_cinm2_ca400
gemv_4MB,129,19.7719997,prim_gemv_cinm2_ca400
gemv_4MB,160,19.8636849,prim_gemv_cinm2_ca400
gemv_4MB,191,19.117386600000003,prim_gemv_cinm2_ca400
gemv_4MB,222,19.6755093,prim_gemv_cinm2_ca400
gemv_4MB,253,18.8931662,prim_gemv_cinm2_ca400
gemv_4MB,284,18.8096575,prim_gemv_cinm2_ca400
gemv_4MB,315,19.111902699999998,prim_gemv_cinm2_ca400
gemv_4MB,346,24.097905899999997,prim_gemv_cinm2_ca400
gemv_4MB,377,22.5805921,prim_gemv_cinm2_ca400
gemv_4MB,408,19.385925399999998,prim_gemv_cinm2_ca400
gemv_4MB,439,24.853251800000002,prim_gemv_cinm2_ca400
gemv_4MB,470,20.2293764,prim_gemv_cinm2_ca400
gemv_4MB,501,21.7803378,prim_gemv_cinm2_ca400
gemv_4MB,532,19.2073684,prim_gemv_cinm2_ca400
gemv_4MB,563,18.4626063,prim_gemv_cinm2_ca400
gemv_4MB,594,20.267431100000003,prim_gemv_cinm2_ca400
gemv_4MB,625,19.8160582,prim_gemv_cinm2_ca400
gemv_4MB,656,22.9684551,prim_gemv_cinm2_ca400
gemv_4MB,687,18.8220714,prim_gemv_cinm2_ca400
gemv_4MB,718,21.0168041,prim_gemv_cinm2_ca400
gemv_4MB,749,21.480730899999998,prim_gemv_cinm2_ca400
gemv_4MB,780,17.8773147,prim_gemv_cinm2_ca400
gemv_4MB,811,23.6478665,prim_gemv_cinm2_ca400
gemv_4MB,842,18.5257315,prim_gemv_cinm2_ca400
gemv_4MB,873,19.7724779,prim_gemv_cinm2_ca400
gemv_4MB,904,18.123815,prim_gemv_cinm2_ca400
gemv_4MB,935,19.094693,prim_gemv_cinm2_ca400
gemv_4MB,966,20.5088163,prim_gemv_cinm2_ca400
gemv_4MB,997,20.519865,prim_gemv_cinm2_ca400
gemv_4MB,1028,20.0597926,prim_gemv_cinm2_ca400
gemv_4MB,1059,20.9947863,prim_gemv_cinm2_ca400
gemv_4MB,1090,22.070232100000002,prim_gemv_cinm2_ca400
gemv_4MB,1121,23.9793932,prim_gemv_cinm2_ca400
gemv_4MB,1152,19.171516699999998,prim_gemv_cinm2_ca400
gemv_4MB,1183,17.6823058,prim_gemv_cinm2_ca400
gemv_4MB,1214,20.2173273,prim_gemv_cinm2_ca400
gemv_4MB,1245,20.1304753,prim_gemv_cinm2_ca400
gemv_4MB,1276,25.0734863,prim_gemv_cinm2_ca400
gemv_4MB,1307,21.2662796,prim_gemv_cinm2_ca400
gemv_4MB,1338,18.446763899999997,prim_gemv_cinm2_ca400
gemv_4MB,1369,20.565261800000002,prim_gemv_cinm2_ca400
gemv_4MB,1400,19.688494600000002,prim_gemv_cinm2_ca400
gemv_4MB,1431,23.9194016,prim_gemv_cinm2_ca400
gemv_4MB,1462,23.9555672,prim_gemv_cinm2_ca400
gemv_4MB,1493,18.817500300000003,prim_gemv_cinm2_ca400
gemv_4MB,1524,20.3603498,prim_gemv_cinm2_ca400
gemv_4MB,1555,21.962138399999997,prim_gemv_cinm2_ca400
gemv_4MB,1586,25.239379399999997,prim_gemv_cinm2_ca400
gemv_4MB,1617,22.8923345,prim_gemv_cinm2_ca400
gemv_4MB,1648,20.5885743,prim_gemv_cinm2_ca400
gemv_4MB,1679,19.669508699999998,prim_gemv_cinm2_ca400
gemv_4MB,1710,18.1707153,prim_gemv_cinm2_ca400
gemv_4MB,1741,19.5423582,prim_gemv_cinm2_ca400
gemv_4MB,1772,21.4210756,prim_gemv_cinm2_ca400
gemv_4MB,1803,21.483002600000003,prim_gemv_cinm2_ca400
gemv_4MB,1834,17.634367899999997,prim_gemv_cinm2_ca400
gemv_4MB,1865,25.7530563,prim_gemv_cinm2_ca400
gemv_4MB,1896,19.312464,prim_gemv_cinm2_ca400
gemv_4MB,1927,19.6423591,prim_gemv_cinm2_ca400
gemv_4MB,1958,20.208086899999998,prim_gemv_cinm2_ca400
gemv_4MB,1989,23.8466486,prim_gemv_cinm2_ca400
gemv_4MB,2020,19.1109765,prim_gemv_cinm2_ca400
gemv_4MB,2051,25.3176835,prim_gemv_cinm2_ca400
gemv_4MB,2082,19.447233699999998,prim_gemv_cinm2_ca400
gemv_4MB,2113,24.149251,prim_gemv_cinm2_ca400
gemv_4MB,2144,19.6983312,prim_gemv_cinm2_ca400
gemv_4MB,2175,18.5276433,prim_gemv_cinm2_ca400
gemv_4MB,2206,22.488579,prim_gemv_cinm2_ca400
gemv_4MB,2237,25.3136944,prim_gemv_cinm2_ca400
gemv_4MB,2268,20.8378662,prim_gemv_cinm2_ca400
gemv_4MB,2299,20.779944,prim_gemv_cinm2_ca400
gemv_4MB,2330,19.453711,prim_gemv_cinm2_ca400
gemv_4MB,2361,19.8793749,prim_gemv_cinm2_ca400
gemv_4MB,2392,19.7824234,prim_gemv_cinm2_ca400
gemv_4MB,2423,18.6389758,prim_gemv_cinm2_ca400
gemv_4MB,2454,19.610321600000002,prim_gemv_cinm2_ca400
gemv_4MB,2485,18.8064846,prim_gemv_cinm2_ca400
gemv_4MB,2516,19.8903863,prim_gemv_cinm2_ca400
gemv_4MB,2547,23.7697157,prim_gemv_cinm2_ca400
gemv_4MB,2578,17.4351513,prim_gemv_cinm2_ca400
gemv_4MB,2609,18.138521,prim_gemv_cinm2_ca400
gemv_4MB,2640,20.744025699999998,prim_gemv_cinm2_ca400
gemv_4MB,2671,23.2122969,prim_gemv_cinm2_ca400
gemv_4MB,2702,18.538432,prim_gemv_cinm2_ca400
gemv_4MB,2733,17.163581699999998,prim_gemv_cinm2_ca400
gemv_4MB,2764,22.9389967,prim_gemv_cinm2_ca400
gemv_4MB,2795,20.8576175,prim_gemv_cinm2_ca400
gemv_4MB,2826,23.100652699999998,prim_gemv_cinm2_ca400
gemv_4MB,2857,21.726837399999997,prim_gemv_cinm2_ca400
gemv_4MB,2888,22.635857899999998,prim_gemv_cinm2_ca400
gemv_4MB,2919,18.9135008,prim_gemv_cinm2_ca400
gemv_4MB,2950,17.719263,prim_gemv_cinm2_ca400
gemv_4MB,2981,19.3212554,prim_gemv_cinm2_ca400
gemv_4MB,3012,18.090263800000002,prim_gemv_cinm2_ca400
gemv_4MB,3043,20.1553876,prim_gemv_cinm2_ca400
gemv_4MB,3074,18.370678899999998,prim_gemv_cinm2_ca400
gemv_4MB,3105,19.7622235,prim_gemv_cinm2_ca400
gemv_4MB,3136,24.171286300000002,prim_gemv_cinm2_ca400
gemv_4MB,3167,21.6262002,prim_gemv_cinm2_ca400
gemv_4MB,3198,20.3439482,prim_gemv_cinm2_ca400
gemv_4MB,3229,25.3442586,prim_gemv_cinm2_ca400
gemv_4MB,3260,22.7329513,prim_gemv_cinm2_ca400
gemv_4MB,3291,19.5498604,prim_gemv_cinm2_ca400
gemv_4MB,3322,19.4526113,prim_gemv_cinm2_ca400
gemv_4MB,3353,18.1938293,prim_gemv_cinm2_ca400
gemv_4MB,3384,19.869389899999998,prim_gemv_cinm2_ca400
gemv_4MB,3415,20.9727775,prim_gemv_cinm2_ca400
gemv_4MB,3446,7.023078900000001,prim_gemv_cinm2_ca400
gemv_4MB,3477,20.968118,prim_gemv_cinm2_ca400
gemv_4MB,3508,18.374663899999998,prim_gemv_cinm2_ca400
gemv_4MB,3539,19.9965722,prim_gemv_cinm2_ca400
gemv_4MB,3570,18.1127342,prim_gemv_cinm2_ca400
gemv_4MB,3601,20.922972,prim_gemv_cinm2_ca400
gemv_4MB,3632,21.2213056,prim_gemv_cinm2_ca400
gemv_4MB,3663,17.4122255,prim_gemv_cinm2_ca400
gemv_4MB,3694,17.6672145,prim_gemv_cinm2_ca400
gemv_4MB,3725,22.9398122,prim_gemv_cinm2_ca400
gemv_4MB,3756,21.2077265,prim_gemv_cinm2_ca400
gemv_4MB,3787,19.6984289,prim_gemv_cinm2_ca400
gemv_4MB,3818,19.8931714,prim_gemv_cinm2_ca400
gemv_4MB,3849,20.2939777,prim_gemv_cinm2_ca400
gemv_4MB,3880,19.430595,prim_gemv_cinm2_ca400
gemv_4MB,3911,19.5913325,prim_gemv_cinm2_ca400
gemv_4MB,3942,19.8584405,prim_gemv_cinm2_ca400
gemv_4MB,3973,24.0023414,prim_gemv_cinm2_ca400
gemv_4MB,4004,21.6024096,prim_gemv_cinm2_ca400
gemv_512MB,67,2245.2133868,prim_gemv_cinm2_ca400
gemv_512MB,98,2188.7885243,prim_gemv_cinm2_ca400
gemv_512MB,129,2178.0990685,prim_gemv_cinm2_ca400
gemv_512MB,160,2362.5744304,prim_gemv_cinm2_ca400
gemv_512MB,191,3349.1002980999997,prim_gemv_cinm2_ca400
gemv_512MB,222,2322.2603009,prim_gemv_cinm2_ca400
gemv_512MB,253,2112.9902847,prim_gemv_cinm2_ca400
gemv_512MB,284,2228.6652074,prim_gemv_cinm2_ca400
gemv_512MB,315,2348.9970923,prim_gemv_cinm2_ca400
gemv_512MB,346,3407.1363891,prim_gemv_cinm2_ca400
gemv_512MB,377,2157.8846255999997,prim_gemv_cinm2_ca400
gemv_512MB,408,2379.4453163000003,prim_gemv_cinm2_ca400
gemv_512MB,439,2240.594165,prim_gemv_cinm2_ca400
gemv_512MB,501,2264.0325905,prim_gemv_cinm2_ca400
gemv_512MB,532,2192.3414149,prim_gemv_cinm2_ca400
gemv_512MB,563,2233.0447556999998,prim_gemv_cinm2_ca400
gemv_512MB,594,2320.5075236999996,prim_gemv_cinm2_ca400
gemv_512MB,625,2140.7107326,prim_gemv_cinm2_ca400
gemv_512MB,656,2181.5990368000002,prim_gemv_cinm2_ca400
gemv_512MB,687,2187.6152608,prim_gemv_cinm2_ca400
gemv_512MB,718,2199.8730443000004,prim_gemv_cinm2_ca400
gemv_512MB,749,2204.1691226,prim_gemv_cinm2_ca400
gemv_512MB,780,2178.3499574,prim_gemv_cinm2_ca400
gemv_512MB,811,2117.5753434000003,prim_gemv_cinm2_ca400
gemv_512MB,842,2272.2105801,prim_gemv_cinm2_ca400
gemv_512MB,873,2101.9501564,prim_gemv_cinm2_ca400
gemv_512MB,904,2202.4128408,prim_gemv_cinm2_ca400
gemv_512MB,935,2356.5831849,prim_gemv_cinm2_ca400
gemv_512MB,966,2164.3189227,prim_gemv_cinm2_ca400
gemv_512MB,997,2280.4880284,prim_gemv_cinm2_ca400
gemv_512MB,1028,2122.6419204,prim_gemv_cinm2_ca400
gemv_512MB,1059,2304.8954368,prim_gemv_cinm2_ca400
gemv_512MB,1090,2151.9590786999997,prim_gemv_cinm2_ca400
gemv_512MB,1121,2275.6630189,prim_gemv_cinm2_ca400
gemv_512MB,1152,2441.6618955999998,prim_gemv_cinm2_ca400
gemv_512MB,1183,3383.0953986,prim_gemv_cinm2_ca400
gemv_512MB,1214,2140.2377809,prim_gemv_cinm2_ca400
gemv_512MB,1245,2138.2508153,prim_gemv_cinm2_ca400
gemv_512MB,1276,2292.8540405,prim_gemv_cinm2_ca400
gemv_512MB,1307,2143.7488379,prim_gemv_cinm2_ca400
gemv_512MB,1338,2159.7358369000003,prim_gemv_cinm2_ca400
gemv_512MB,1369,2169.8184274,prim_gemv_cinm2_ca400
gemv_512MB,1400,2284.3550153,prim_gemv_cinm2_ca400
gemv_512MB,1431,2322.3898895,prim_gemv_cinm2_ca400
gemv_512MB,1462,3657.8324380999998,prim_gemv_cinm2_ca400
gemv_512MB,1493,2169.840638,prim_gemv_cinm2_ca400
gemv_512MB,1524,2252.8252243,prim_gemv_cinm2_ca400
gemv_512MB,1555,3405.2337429,prim_gemv_cinm2_ca400
gemv_512MB,1586,2159.4536617,prim_gemv_cinm2_ca400
gemv_512MB,1617,2283.8014834,prim_gemv_cinm2_ca400
gemv_512MB,1648,2255.278858,prim_gemv_cinm2_ca400
gemv_512MB,1679,2194.6813809,prim_gemv_cinm2_ca400
gemv_512MB,1710,2390.1836576,prim_gemv_cinm2_ca400
gemv_512MB,1741,3029.906208,prim_gemv_cinm2_ca400
gemv_512MB,1772,2257.792952,prim_gemv_cinm2_ca400
gemv_512MB,1803,2212.7936184,prim_gemv_cinm2_ca400
gemv_512MB,1834,2329.3856958,prim_gemv_cinm2_ca400
gemv_512MB,1865,2120.7861230999997,prim_gemv_cinm2_ca400
gemv_512MB,1896,2413.1515115,prim_gemv_cinm2_ca400
gemv_512MB,1927,2182.5882439,prim_gemv_cinm2_ca400
gemv_512MB,1958,2381.4057006,prim_gemv_cinm2_ca400
gemv_512MB,1989,2135.0696411,prim_gemv_cinm2_ca400
gemv_512MB,2020,2184.967382,prim_gemv_cinm2_ca400
gemv_512MB,2051,2177.871455,prim_gemv_cinm2_ca400
gemv_512MB,2082,2086.8710702,prim_gemv_cinm2_ca400
gemv_512MB,2113,2247.2166165,prim_gemv_cinm2_ca400
gemv_512MB,2144,3658.4142645,prim_gemv_cinm2_ca400
gemv_512MB,2175,2363.620499,prim_gemv_cinm2_ca400
gemv_512MB,2206,2291.3167492,prim_gemv_cinm2_ca400
gemv_512MB,2237,2138.9252888,prim_gemv_cinm2_ca400
gemv_512MB,2268,2223.2156372,prim_gemv_cinm2_ca400
gemv_512MB,2299,2240.0305946999997,prim_gemv_cinm2_ca400
gemv_512MB,2330,2239.2263881999997,prim_gemv_cinm2_ca400
gemv_512MB,2361,2187.0204221,prim_gemv_cinm2_ca400
gemv_512MB,2392,3257.6568122,prim_gemv_cinm2_ca400
gemv_512MB,2423,2169.5021060999998,prim_gemv_cinm2_ca400
gemv_512MB,2454,2178.0655336,prim_gemv_cinm2_ca400
gemv_512MB,2485,2193.2691711999996,prim_gemv_cinm2_ca400
gemv_512MB,2516,2246.5522259,prim_gemv_cinm2_ca400
gemv_512MB,2547,2269.1993318,prim_gemv_cinm2_ca400
gemv_512MB,2578,2159.1525959,prim_gemv_cinm2_ca400
gemv_512MB,2609,2278.2521681999997,prim_gemv_cinm2_ca400
gemv_512MB,2640,2280.791381,prim_gemv_cinm2_ca400
gemv_512MB,2671,2376.9582788000002,prim_gemv_cinm2_ca400
gemv_512MB,2702,2147.9573193,prim_gemv_cinm2_ca400
gemv_512MB,2733,2220.7105355,prim_gemv_cinm2_ca400
gemv_512MB,2764,2300.4130305999997,prim_gemv_cinm2_ca400
gemv_512MB,2795,2171.7371005,prim_gemv_cinm2_ca400
gemv_512MB,2826,2177.7731682,prim_gemv_cinm2_ca400
gemv_512MB,2857,2359.0420489000003,prim_gemv_cinm2_ca400
gemv_512MB,2888,2276.8010108000003,prim_gemv_cinm2_ca400
gemv_512MB,2919,2148.9084325999997,prim_gemv_cinm2_ca400
gemv_512MB,2950,2303.5982704000003,prim_gemv_cinm2_ca400
gemv_512MB,2981,2252.3035842,prim_gemv_cinm2_ca400
gemv_512MB,3012,2116.1219079,prim_gemv_cinm2_ca400
gemv_512MB,3043,2386.4915368,prim_gemv_cinm2_ca400
gemv_512MB,3074,2141.0253596,prim_gemv_cinm2_ca400
gemv_512MB,3105,2221.5414972,prim_gemv_cinm2_ca400
gemv_512MB,3136,2300.5951119,prim_gemv_cinm2_ca400
gemv_512MB,3167,2280.8456779000003,prim_gemv_cinm2_ca400
gemv_512MB,3198,2416.5214336999998,prim_gemv_cinm2_ca400
gemv_512MB,3229,2185.4838493,prim_gemv_cinm2_ca400
gemv_512MB,3260,2156.5415255,prim_gemv_cinm2_ca400
gemv_512MB,3291,2303.9316282,prim_gemv_cinm2_ca400
gemv_512MB,3322,2292.6871591,prim_gemv_cinm2_ca400
gemv_512MB,3353,2136.8507604,prim_gemv_cinm2_ca400
gemv_512MB,3384,2277.3196221,prim_gemv_cinm2_ca400
gemv_512MB,3415,2354.0563758000003,prim_gemv_cinm2_ca400
gemv_512MB,3446,2259.8976864,prim_gemv_cinm2_ca400
gemv_512MB,3477,2140.2767785,prim_gemv_cinm2_ca400
gemv_512MB,3508,2230.8946668000003,prim_gemv_cinm2_ca400
gemv_512MB,3539,2226.9508766,prim_gemv_cinm2_ca400
gemv_512MB,3570,2227.2608265,prim_gemv_cinm2_ca400
gemv_512MB,3601,2196.0505519000003,prim_gemv_cinm2_ca400
gemv_512MB,3632,2181.8015984,prim_gemv_cinm2_ca400
gemv_512MB,3663,2193.9199866999998,prim_gemv_cinm2_ca400
gemv_512MB,3694,2237.5336552,prim_gemv_cinm2_ca400
gemv_512MB,3725,2282.8622823,prim_gemv_cinm2_ca400
gemv_512MB,3756,2271.4379967,prim_gemv_cinm2_ca400
gemv_512MB,3787,2077.1901367,prim_gemv_cinm2_ca400
gemv_512MB,3818,2261.1158069000003,prim_gemv_cinm2_ca400
gemv_512MB,3849,2177.1017945,prim_gemv_cinm2_ca400
gemv_512MB,3880,2391.6288806,prim_gemv_cinm2_ca400
gemv_512MB,3911,2177.3964591999998,prim_gemv_cinm2_ca400
gemv_512MB,3942,2355.0525009000003,prim_gemv_cinm2_ca400
gemv_512MB,3973,2236.0484215,prim_gemv_cinm2_ca400
gemv_512MB,4004,2341.0739885,prim_gemv_cinm2_ca400
gemv_64MB,67,297.148161,prim_gemv_cinm2_ca400
gemv_64MB,98,290.8360717,prim_gemv_cinm2_ca400
gemv_64MB,129,280.2312708,prim_gemv_cinm2_ca400
gemv_64MB,160,305.64030410000004,prim_gemv_cinm2_ca400
gemv_64MB,191,300.1325188,prim_gemv_cinm2_ca400
gemv_64MB,222,287.000598,prim_gemv_cinm2_ca400
gemv_64MB,253,299.0975719,prim_gemv_cinm2_ca400
gemv_64MB,284,291.3940814,prim_gemv_cinm2_ca400
gemv_64MB,315,297.2818688,prim_gemv_cinm2_ca400
gemv_64MB,346,283.4848558,prim_gemv_cinm2_ca400
gemv_64MB,377,283.545516,prim_gemv_cinm2_ca400
gemv_64MB,408,295.82378739999996,prim_gemv_cinm2_ca400
gemv_64MB,439,288.46039110000004,prim_gemv_cinm2_ca400
gemv_64MB,470,297.73664180000003,prim_gemv_cinm2_ca400
gemv_64MB,501,287.12457,prim_gemv_cinm2_ca400
gemv_64MB,532,298.91015,prim_gemv_cinm2_ca400
gemv_64MB,563,280.0528237,prim_gemv_cinm2_ca400
gemv_64MB,594,281.6948838,prim_gemv_cinm2_ca400
gemv_64MB,625,299.87220360000003,prim_gemv_cinm2_ca400
gemv_64MB,656,309.9502825,prim_gemv_cinm2_ca400
gemv_64MB,687,285.5532695,prim_gemv_cinm2_ca400
gemv_64MB,718,293.8951889,prim_gemv_cinm2_ca400
gemv_64MB,749,277.077876,prim_gemv_cinm2_ca400
gemv_64MB,780,292.2030757,prim_gemv_cinm2_ca400
gemv_64MB,811,308.82745189999997,prim_gemv_cinm2_ca400
gemv_64MB,842,296.399531,prim_gemv_cinm2_ca400
gemv_64MB,873,291.8681285,prim_gemv_cinm2_ca400
gemv_64MB,904,310.72896019999996,prim_gemv_cinm2_ca400
gemv_64MB,935,306.7524019,prim_gemv_cinm2_ca400
gemv_64MB,966,285.2768149,prim_gemv_cinm2_ca400
gemv_64MB,997,305.5073002,prim_gemv_cinm2_ca400
gemv_64MB,1028,280.4209168,prim_gemv_cinm2_ca400
gemv_64MB,1059,298.9204574,prim_gemv_cinm2_ca400
gemv_64MB,1090,298.2584159,prim_gemv_cinm2_ca400
gemv_64MB,1121,309.3773488,prim_gemv_cinm2_ca400
gemv_64MB,1152,294.2768475,prim_gemv_cinm2_ca400
gemv_64MB,1183,286.1236883,prim_gemv_cinm2_ca400
gemv_64MB,1214,283.8736847,prim_gemv_cinm2_ca400
gemv_64MB,1245,291.7389941,prim_gemv_cinm2_ca400
gemv_64MB,1276,292.16069089999996,prim_gemv_cinm2_ca400
gemv_64MB,1307,301.20721380000003,prim_gemv_cinm2_ca400
gemv_64MB,1338,298.5721533,prim_gemv_cinm2_ca400
gemv_64MB,1369,289.9093395,prim_gemv_cinm2_ca400
gemv_64MB,1400,300.625153,prim_gemv_cinm2_ca400
gemv_64MB,1431,303.0462612,prim_gemv_cinm2_ca400
gemv_64MB,1462,297.3361967,prim_gemv_cinm2_ca400
gemv_64MB,1493,287.4206356,prim_gemv_cinm2_ca400
gemv_64MB,1524,280.95403589999995,prim_gemv_cinm2_ca400
gemv_64MB,1555,290.94906310000005,prim_gemv_cinm2_ca400
gemv_64MB,1586,282.7354022,prim_gemv_cinm2_ca400
gemv_64MB,1617,296.5880729,prim_gemv_cinm2_ca400
gemv_64MB,1648,303.91225010000005,prim_gemv_cinm2_ca400
gemv_64MB,1679,293.6088193,prim_gemv_cinm2_ca400
gemv_64MB,1710,286.62404530000003,prim_gemv_cinm2_ca400
gemv_64MB,1741,278.9448615,prim_gemv_cinm2_ca400
gemv_64MB,1772,289.6505273,prim_gemv_cinm2_ca400
gemv_64MB,1803,291.08549980000004,prim_gemv_cinm2_ca400
gemv_64MB,1834,289.575525,prim_gemv_cinm2_ca400
gemv_64MB,1865,316.1314345,prim_gemv_cinm2_ca400
gemv_64MB,1896,291.2224137,prim_gemv_cinm2_ca400
gemv_64MB,1927,294.132629,prim_gemv_cinm2_ca400
gemv_64MB,1958,296.7872181,prim_gemv_cinm2_ca400
gemv_64MB,1989,281.22968130000004,prim_gemv_cinm2_ca400
gemv_64MB,2020,283.429276,prim_gemv_cinm2_ca400
gemv_64MB,2051,289.423971,prim_gemv_cinm2_ca400
gemv_64MB,2082,291.098832,prim_gemv_cinm2_ca400
gemv_64MB,2113,287.9965017,prim_gemv_cinm2_ca400
gemv_64MB,2144,327.5576136,prim_gemv_cinm2_ca400
gemv_64MB,2175,299.398487,prim_gemv_cinm2_ca400
gemv_64MB,2206,298.6758888,prim_gemv_cinm2_ca400
gemv_64MB,2237,286.401889,prim_gemv_cinm2_ca400
gemv_64MB,2268,285.6158881,prim_gemv_cinm2_ca400
gemv_64MB,2299,312.15830739999996,prim_gemv_cinm2_ca400
gemv_64MB,2330,294.06404710000004,prim_gemv_cinm2_ca400
gemv_64MB,2361,283.5212317,prim_gemv_cinm2_ca400
gemv_64MB,2392,287.8141286,prim_gemv_cinm2_ca400
gemv_64MB,2423,303.91220069999997,prim_gemv_cinm2_ca400
gemv_64MB,2454,296.77348969999997,prim_gemv_cinm2_ca400
gemv_64MB,2485,281.4430342,prim_gemv_cinm2_ca400
gemv_64MB,2516,288.021781,prim_gemv_cinm2_ca400
gemv_64MB,2547,292.02541560000003,prim_gemv_cinm2_ca400
gemv_64MB,2578,287.0249727,prim_gemv_cinm2_ca400
gemv_64MB,2609,292.263709,prim_gemv_cinm2_ca400
gemv_64MB,2640,286.325009,prim_gemv_cinm2_ca400
gemv_64MB,2671,296.1240515,prim_gemv_cinm2_ca400
gemv_64MB,2702,292.2111989,prim_gemv_cinm2_ca400
gemv_64MB,2733,289.3956444,prim_gemv_cinm2_ca400
gemv_64MB,2764,274.3755144,prim_gemv_cinm2_ca400
gemv_64MB,2795,286.1408663,prim_gemv_cinm2_ca400
gemv_64MB,2826,294.8734142,prim_gemv_cinm2_ca400
gemv_64MB,2857,292.4813552,prim_gemv_cinm2_ca400
gemv_64MB,2919,295.0781872,prim_gemv_cinm2_ca400
gemv_64MB,2950,307.2560484,prim_gemv_cinm2_ca400
gemv_64MB,2981,290.29276,prim_gemv_cinm2_ca400
gemv_64MB,3012,302.2880281,prim_gemv_cinm2_ca400
gemv_64MB,3043,293.2100371,prim_gemv_cinm2_ca400
gemv_64MB,3074,286.0938775,prim_gemv_cinm2_ca400
gemv_64MB,3105,278.2541802,prim_gemv_cinm2_ca400
gemv_64MB,3136,291.30688360000005,prim_gemv_cinm2_ca400
gemv_64MB,3167,309.5104302,prim_gemv_cinm2_ca400
gemv_64MB,3198,292.1380405,prim_gemv_cinm2_ca400
gemv_64MB,3229,315.8107424,prim_gemv_cinm2_ca400
gemv_64MB,3260,292.99876869999997,prim_gemv_cinm2_ca400
gemv_64MB,3291,310.4780953,prim_gemv_cinm2_ca400
gemv_64MB,3322,288.8375638,prim_gemv_cinm2_ca400
gemv_64MB,3353,301.74384089999995,prim_gemv_cinm2_ca400
gemv_64MB,3384,280.640454,prim_gemv_cinm2_ca400
gemv_64MB,3415,304.13361189999995,prim_gemv_cinm2_ca400
gemv_64MB,3446,283.4198462,prim_gemv_cinm2_ca400
gemv_64MB,3477,282.0520087,prim_gemv_cinm2_ca400
gemv_64MB,3508,286.8330763,prim_gemv_cinm2_ca400
gemv_64MB,3539,295.902893,prim_gemv_cinm2_ca400
gemv_64MB,3570,286.41904589999996,prim_gemv_cinm2_ca400
gemv_64MB,3601,279.294049,prim_gemv_cinm2_ca400
gemv_64MB,3632,308.526452,prim_gemv_cinm2_ca400
gemv_64MB,3663,291.5104637,prim_gemv_cinm2_ca400
gemv_64MB,3694,301.8662772,prim_gemv_cinm2_ca400
gemv_64MB,3725,290.8971708,prim_gemv_cinm2_ca400
gemv_64MB,3756,291.1647334,prim_gemv_cinm2_ca400
gemv_64MB,3787,291.2238416,prim_gemv_cinm2_ca400
gemv_64MB,3818,297.4882863,prim_gemv_cinm2_ca400
gemv_64MB,3849,287.354402,prim_gemv_cinm2_ca400
gemv_64MB,3880,299.2678939,prim_gemv_cinm2_ca400
gemv_64MB,3911,297.0154847,prim_gemv_cinm2_ca400
gemv_64MB,3942,278.0818984,prim_gemv_cinm2_ca400
gemv_64MB,3973,304.0052159,prim_gemv_cinm2_ca400
gemv_64MB,4004,291.18398010000004,prim_gemv_cinm2_ca400
gemv_256MB,67,468.67435889999996,prim_gemv_cinm2_fast
gemv_256MB,98,1110.4434693,prim_gemv_cinm2_fast
gemv_256MB,129,1109.6775955,prim_gemv_cinm2_fast
gemv_256MB,160,1129.1702693,prim_gemv_cinm2_fast
gemv_256MB,191,1163.5231715,prim_gemv_cinm2_fast
gemv_256MB,222,478.2410582,prim_gemv_cinm2_fast
gemv_256MB,253,1157.4113470999998,prim_gemv_cinm2_fast
gemv_256MB,284,1144.3345305,prim_gemv_cinm2_fast
gemv_256MB,315,1309.2482622,prim_gemv_cinm2_fast
gemv_256MB,346,425.9103133,prim_gemv_cinm2_fast
gemv_256MB,377,1109.96408,prim_gemv_cinm2_fast
gemv_256MB,408,1129.1060958,prim_gemv_cinm2_fast
gemv_256MB,439,1130.096289,prim_gemv_cinm2_fast
gemv_256MB,470,1160.7685646,prim_gemv_cinm2_fast
gemv_256MB,501,1132.884353,prim_gemv_cinm2_fast
gemv_256MB,532,1186.6534722000001,prim_gemv_cinm2_fast
gemv_256MB,563,1122.4122374,prim_gemv_cinm2_fast
gemv_256MB,594,1109.3397719000002,prim_gemv_cinm2_fast
gemv_256MB,625,1157.0572705,prim_gemv_cinm2_fast
gemv_256MB,656,1134.8526746,prim_gemv_cinm2_fast
gemv_256MB,687,432.1978556,prim_gemv_cinm2_fast
gemv_256MB,718,1149.878286,prim_gemv_cinm2_fast
gemv_256MB,749,452.8487325,prim_gemv_cinm2_fast
gemv_256MB,780,1166.1947277000002,prim_gemv_cinm2_fast
gemv_256MB,811,1189.7940866,prim_gemv_cinm2_fast
gemv_256MB,842,1162.0873196,prim_gemv_cinm2_fast
gemv_256MB,873,1184.9361207,prim_gemv_cinm2_fast
gemv_256MB,904,1181.8620123,prim_gemv_cinm2_fast
gemv_256MB,935,1181.0391709,prim_gemv_cinm2_fast
gemv_256MB,966,1151.0488739,prim_gemv_cinm2_fast
gemv_256MB,997,1214.5137326,prim_gemv_cinm2_fast
gemv_256MB,1028,1110.7663931,prim_gemv_cinm2_fast
gemv_256MB,1059,1162.4100979,prim_gemv_cinm2_fast
gemv_256MB,1090,1165.0523847,prim_gemv_cinm2_fast
gemv_256MB,1121,1188.3054457,prim_gemv_cinm2_fast
gemv_256MB,1152,1171.5917507000001,prim_gemv_cinm2_fast
gemv_256MB,1183,1158.3233567,prim_gemv_cinm2_fast
gemv_256MB,1214,1118.9835664000002,prim_gemv_cinm2_fast
gemv_256MB,1245,1145.3959259,prim_gemv_cinm2_fast
gemv_256MB,1276,1104.9581051,prim_gemv_cinm2_fast
gemv_256MB,1307,1160.7079243,prim_gemv_cinm2_fast
gemv_256MB,1338,1166.864716,prim_gemv_cinm2_fast
gemv_256MB,1369,1148.3492558,prim_gemv_cinm2_fast
gemv_256MB,1400,454.5168917,prim_gemv_cinm2_fast
gemv_256MB,1431,1155.0457751,prim_gemv_cinm2_fast
gemv_256MB,1462,1158.7119059000001,prim_gemv_cinm2_fast
gemv_256MB,1493,1134.1385215999999,prim_gemv_cinm2_fast
gemv_256MB,1524,1194.8366208,prim_gemv_cinm2_fast
gemv_256MB,1555,1163.5142585,prim_gemv_cinm2_fast
gemv_256MB,1586,1110.2174453,prim_gemv_cinm2_fast
gemv_256MB,1617,1144.9517134,prim_gemv_cinm2_fast
gemv_256MB,1648,1154.2238168,prim_gemv_cinm2_fast
gemv_256MB,1679,1141.7719381,prim_gemv_cinm2_fast
gemv_256MB,1710,471.459216,prim_gemv_cinm2_fast
gemv_256MB,1741,1163.4206190999998,prim_gemv_cinm2_fast
gemv_256MB,1772,1130.8035584000002,prim_gemv_cinm2_fast
gemv_256MB,1803,1144.4408848,prim_gemv_cinm2_fast
gemv_256MB,1834,1169.7385462,prim_gemv_cinm2_fast
gemv_256MB,1865,1196.8250776,prim_gemv_cinm2_fast
gemv_256MB,1896,1136.770181,prim_gemv_cinm2_fast
gemv_256MB,1927,1241.5478119000002,prim_gemv_cinm2_fast
gemv_256MB,1958,1150.3870062,prim_gemv_cinm2_fast
gemv_256MB,1989,1107.8206702,prim_gemv_cinm2_fast
gemv_256MB,2020,1134.6789921,prim_gemv_cinm2_fast
gemv_256MB,2051,1139.8225663,prim_gemv_cinm2_fast
gemv_256MB,2082,1139.8190020999998,prim_gemv_cinm2_fast
gemv_256MB,2113,534.7302219,prim_gemv_cinm2_fast
gemv_256MB,2144,1231.0003738,prim_gemv_cinm2_fast
gemv_256MB,2175,1157.7024534000002,prim_gemv_cinm2_fast
gemv_256MB,2206,1229.3540621,prim_gemv_cinm2_fast
gemv_256MB,2237,1098.2002799000002,prim_gemv_cinm2_fast
gemv_256MB,2268,1138.4450571,prim_gemv_cinm2_fast
gemv_256MB,2299,1169.3857154000002,prim_gemv_cinm2_fast
gemv_256MB,2330,1152.0639199000002,prim_gemv_cinm2_fast
gemv_256MB,2361,1106.5037722,prim_gemv_cinm2_fast
gemv_256MB,2392,1148.6891718,prim_gemv_cinm2_fast
gemv_256MB,2423,1185.3412872000001,prim_gemv_cinm2_fast
gemv_256MB,2454,1160.2203694000002,prim_gemv_cinm2_fast
gemv_256MB,2485,1230.2184812,prim_gemv_cinm2_fast
gemv_256MB,2516,1199.8416472000001,prim_gemv_cinm2_fast
gemv_256MB,2547,1128.5887311,prim_gemv_cinm2_fast
gemv_256MB,2578,1138.0807307999999,prim_gemv_cinm2_fast
gemv_256MB,2609,426.8728637,prim_gemv_cinm2_fast
gemv_256MB,2640,1188.1518793,prim_gemv_cinm2_fast
gemv_256MB,2671,1164.2402456,prim_gemv_cinm2_fast
gemv_256MB,2702,1111.8383375,prim_gemv_cinm2_fast
gemv_256MB,2733,1166.6325325,prim_gemv_cinm2_fast
gemv_256MB,2764,1149.7035965999999,prim_gemv_cinm2_fast
gemv_256MB,2826,1158.1921258,prim_gemv_cinm2_fast
gemv_256MB,2857,1355.0408022000001,prim_gemv_cinm2_fast
gemv_256MB,2888,1167.102373,prim_gemv_cinm2_fast
gemv_256MB,2919,1163.8159222000002,prim_gemv_cinm2_fast
gemv_256MB,2950,1193.1385371,prim_gemv_cinm2_fast
gemv_256MB,3012,1180.4294401,prim_gemv_cinm2_fast
gemv_256MB,3043,1279.5890270999998,prim_gemv_cinm2_fast
gemv_256MB,3074,1253.8725829,prim_gemv_cinm2_fast
gemv_256MB,3105,1105.9700922,prim_gemv_cinm2_fast
gemv_256MB,3136,1149.5706195,prim_gemv_cinm2_fast
gemv_256MB,3167,1169.9656152,prim_gemv_cinm2_fast
gemv_256MB,3229,1186.6854827,prim_gemv_cinm2_fast
gemv_256MB,3260,1140.2274125,prim_gemv_cinm2_fast
gemv_256MB,3291,447.890724,prim_gemv_cinm2_fast
gemv_256MB,3322,1145.6873329,prim_gemv_cinm2_fast
gemv_256MB,3353,1182.5090574,prim_gemv_cinm2_fast
gemv_256MB,3384,1160.9924902,prim_gemv_cinm2_fast
gemv_256MB,3415,1157.2768485,prim_gemv_cinm2_fast
gemv_256MB,3446,1135.9586843,prim_gemv_cinm2_fast
gemv_256MB,3477,1111.0242325,prim_gemv_cinm2_fast
gemv_256MB,3508,1137.5907037,prim_gemv_cinm2_fast
gemv_256MB,3539,1163.5965133,prim_gemv_cinm2_fast
gemv_256MB,3570,1158.5346283,prim_gemv_cinm2_fast
gemv_256MB,3601,1191.7669653,prim_gemv_cinm2_fast
gemv_256MB,3632,1187.5275473,prim_gemv_cinm2_fast
gemv_256MB,3663,1133.5095830999999,prim_gemv_cinm2_fast
gemv_256MB,3694,1159.3771298,prim_gemv_cinm2_fast
gemv_256MB,3725,1155.6163803,prim_gemv_cinm2_fast
gemv_256MB,3756,1139.8943034000001,prim_gemv_cinm2_fast
gemv_256MB,3787,1150.7842523,prim_gemv_cinm2_fast
gemv_256MB,3818,1157.3390027,prim_gemv_cinm2_fast
gemv_256MB,3849,1130.3120317999999,prim_gemv_cinm2_fast
gemv_256MB,3880,1162.1910377000002,prim_gemv_cinm2_fast
gemv_256MB,3911,1155.337516,prim_gemv_cinm2_fast
gemv_256MB,3942,1158.0877372,prim_gemv_cinm2_fast
gemv_256MB,3973,1134.8741365,prim_gemv_cinm2_fast
gemv_256MB,4004,428.802822,prim_gemv_cinm2_fast
gemv_4MB,67,21.6017357,prim_gemv_cinm2_fast
gemv_4MB,98,19.731559100000002,prim_gemv_cinm2_fast
gemv_4MB,129,18.598692399999997,prim_gemv_cinm2_fast
gemv_4MB,160,22.444674,prim_gemv_cinm2_fast
gemv_4MB,191,17.8526757,prim_gemv_cinm2_fast
gemv_4MB,222,19.4262856,prim_gemv_cinm2_fast
gemv_4MB,253,20.5661838,prim_gemv_cinm2_fast
gemv_4MB,284,19.8860009,prim_gemv_cinm2_fast
gemv_4MB,315,19.6323805,prim_gemv_cinm2_fast
gemv_4MB,346,22.2295786,prim_gemv_cinm2_fast
gemv_4MB,377,22.4743763,prim_gemv_cinm2_fast
gemv_4MB,408,19.5447835,prim_gemv_cinm2_fast
gemv_4MB,439,24.0308992,prim_gemv_cinm2_fast
gemv_4MB,470,19.6916492,prim_gemv_cinm2_fast
gemv_4MB,501,24.3332501,prim_gemv_cinm2_fast
gemv_4MB,532,22.6617869,prim_gemv_cinm2_fast
gemv_4MB,563,21.370150600000002,prim_gemv_cinm2_fast
gemv_4MB,594,25.403767,prim_gemv_cinm2_fast
gemv_4MB,625,24.474676300000002,prim_gemv_cinm2_fast
gemv_4MB,656,8.767723199999999,prim_gemv_cinm2_fast
gemv_4MB,687,24.246210100000003,prim_gemv_cinm2_fast
gemv_4MB,718,22.1257767,prim_gemv_cinm2_fast
gemv_4MB,749,19.9722872,prim_gemv_cinm2_fast
gemv_4MB,780,18.531014300000002,prim_gemv_cinm2_fast
gemv_4MB,811,24.2958786,prim_gemv_cinm2_fast
gemv_4MB,842,17.9379493,prim_gemv_cinm2_fast
gemv_4MB,873,18.9795692,prim_gemv_cinm2_fast
gemv_4MB,904,19.5915608,prim_gemv_cinm2_fast
gemv_4MB,935,17.8872646,prim_gemv_cinm2_fast
gemv_4MB,966,19.188050899999997,prim_gemv_cinm2_fast
gemv_4MB,997,18.0343698,prim_gemv_cinm2_fast
gemv_4MB,1028,23.050390800000002,prim_gemv_cinm2_fast
gemv_4MB,1059,21.197993399999998,prim_gemv_cinm2_fast
gemv_4MB,1090,21.7074986,prim_gemv_cinm2_fast
gemv_4MB,1121,22.9837591,prim_gemv_cinm2_fast
gemv_4MB,1152,18.898482100000003,prim_gemv_cinm2_fast
gemv_4MB,1183,25.437137,prim_gemv_cinm2_fast
gemv_4MB,1214,18.3079407,prim_gemv_cinm2_fast
gemv_4MB,1245,19.7516417,prim_gemv_cinm2_fast
gemv_4MB,1276,23.763589399999997,prim_gemv_cinm2_fast
gemv_4MB,1307,22.128743800000002,prim_gemv_cinm2_fast
gemv_4MB,1338,20.5566336,prim_gemv_cinm2_fast
gemv_4MB,1369,20.7617073,prim_gemv_cinm2_fast
gemv_4MB,1400,19.858310399999997,prim_gemv_cinm2_fast
gemv_4MB,1431,23.0301659,prim_gemv_cinm2_fast
gemv_4MB,1462,22.0696176,prim_gemv_cinm2_fast
gemv_4MB,1493,18.122502,prim_gemv_cinm2_fast
gemv_4MB,1524,18.3666083,prim_gemv_cinm2_fast
gemv_4MB,1555,20.9989746,prim_gemv_cinm2_fast
gemv_4MB,1586,22.7603622,prim_gemv_cinm2_fast
gemv_4MB,1617,22.9417633,prim_gemv_cinm2_fast
gemv_4MB,1648,20.719973,prim_gemv_cinm2_fast
gemv_4MB,1679,22.1268344,prim_gemv_cinm2_fast
gemv_4MB,1710,17.8814519,prim_gemv_cinm2_fast
gemv_4MB,1741,21.8414858,prim_gemv_cinm2_fast
gemv_4MB,1772,6.337803,prim_gemv_cinm2_fast
gemv_4MB,1803,18.5081178,prim_gemv_cinm2_fast
gemv_4MB,1834,21.8003428,prim_gemv_cinm2_fast
gemv_4MB,1865,24.7280214,prim_gemv_cinm2_fast
gemv_4MB,1896,19.812560100000002,prim_gemv_cinm2_fast
gemv_4MB,1927,22.3682308,prim_gemv_cinm2_fast
gemv_4MB,1958,21.0905086,prim_gemv_cinm2_fast
gemv_4MB,1989,23.0918662,prim_gemv_cinm2_fast
gemv_4MB,2020,19.5583775,prim_gemv_cinm2_fast
gemv_4MB,2051,24.1334473,prim_gemv_cinm2_fast
gemv_4MB,2082,18.886861,prim_gemv_cinm2_fast
gemv_4MB,2113,23.9444935,prim_gemv_cinm2_fast
gemv_4MB,2144,19.5562935,prim_gemv_cinm2_fast
gemv_4MB,2175,18.2246628,prim_gemv_cinm2_fast
gemv_4MB,2206,21.508996399999997,prim_gemv_cinm2_fast
gemv_4MB,2237,24.4559003,prim_gemv_cinm2_fast
gemv_4MB,2268,20.4382582,prim_gemv_cinm2_fast
gemv_4MB,2299,17.3854127,prim_gemv_cinm2_fast
gemv_4MB,2330,20.6349393,prim_gemv_cinm2_fast
gemv_4MB,2361,23.9391224,prim_gemv_cinm2_fast
gemv_4MB,2392,18.3225405,prim_gemv_cinm2_fast
gemv_4MB,2423,18.9424167,prim_gemv_cinm2_fast
gemv_4MB,2454,18.842407,prim_gemv_cinm2_fast
gemv_4MB,2485,18.9521023,prim_gemv_cinm2_fast
gemv_4MB,2516,19.1522428,prim_gemv_cinm2_fast
gemv_4MB,2547,7.7685337,prim_gemv_cinm2_fast
gemv_4MB,2578,18.9252216,prim_gemv_cinm2_fast
gemv_4MB,2609,17.919650899999997,prim_gemv_cinm2_fast
gemv_4MB,2640,7.0114014000000005,prim_gemv_cinm2_fast
gemv_4MB,2671,22.8646518,prim_gemv_cinm2_fast
gemv_4MB,2702,6.5325047000000005,prim_gemv_cinm2_fast
gemv_4MB,2733,21.924735300000002,prim_gemv_cinm2_fast
gemv_4MB,2764,21.4875442,prim_gemv_cinm2_fast
gemv_4MB,2795,22.351342300000002,prim_gemv_cinm2_fast
gemv_4MB,2826,17.17656,prim_gemv_cinm2_fast
gemv_4MB,2857,20.9841085,prim_gemv_cinm2_fast
gemv_4MB,2888,21.479532199999998,prim_gemv_cinm2_fast
gemv_4MB,2919,21.500470699999997,prim_gemv_cinm2_fast
gemv_4MB,2950,22.4239149,prim_gemv_cinm2_fast
gemv_4MB,2981,18.7453547,prim_gemv_cinm2_fast
gemv_4MB,3012,19.058887300000002,prim_gemv_cinm2_fast
gemv_4MB,3043,22.4317841,prim_gemv_cinm2_fast
gemv_4MB,3074,22.7054005,prim_gemv_cinm2_fast
gemv_4MB,3105,19.121225,prim_gemv_cinm2_fast
gemv_4MB,3136,24.629749,prim_gemv_cinm2_fast
gemv_4MB,3167,22.289506399999997,prim_gemv_cinm2_fast
gemv_4MB,3198,22.731048899999998,prim_gemv_cinm2_fast
gemv_4MB,3229,19.1468381,prim_gemv_cinm2_fast
gemv_4MB,3260,21.663373,prim_gemv_cinm2_fast
gemv_4MB,3291,20.6401541,prim_gemv_cinm2_fast
gemv_4MB,3322,19.2875853,prim_gemv_cinm2_fast
gemv_4MB,3353,19.1008451,prim_gemv_cinm2_fast
gemv_4MB,3384,21.8074701,prim_gemv_cinm2_fast
gemv_4MB,3415,18.6820448,prim_gemv_cinm2_fast
gemv_4MB,3446,19.4123138,prim_gemv_cinm2_fast
gemv_4MB,3477,23.457129899999998,prim_gemv_cinm2_fast
gemv_4MB,3508,19.3890813,prim_gemv_cinm2_fast
gemv_4MB,3539,20.2396705,prim_gemv_cinm2_fast
gemv_4MB,3570,21.7819315,prim_gemv_cinm2_fast
gemv_4MB,3601,20.1594835,prim_gemv_cinm2_fast
gemv_4MB,3632,7.0878385999999995,prim_gemv_cinm2_fast
gemv_4MB,3663,17.3205384,prim_gemv_cinm2_fast
gemv_4MB,3694,19.5459138,prim_gemv_cinm2_fast
gemv_4MB,3725,21.8750183,prim_gemv_cinm2_fast
gemv_4MB,3756,20.257276,prim_gemv_cinm2_fast
gemv_4MB,3787,18.852684699999998,prim_gemv_cinm2_fast
gemv_4MB,3818,19.9888269,prim_gemv_cinm2_fast
gemv_4MB,3849,19.7148265,prim_gemv_cinm2_fast
gemv_4MB,3880,19.641830600000002,prim_gemv_cinm2_fast
gemv_4MB,3911,18.5641341,prim_gemv_cinm2_fast
gemv_4MB,3942,22.5748197,prim_gemv_cinm2_fast
gemv_4MB,3973,23.6724055,prim_gemv_cinm2_fast
gemv_4MB,4004,19.4381278,prim_gemv_cinm2_fast
gemv_512MB,67,2285.173331,prim_gemv_cinm2_fast
gemv_512MB,98,2196.0536631,prim_gemv_cinm2_fast
gemv_512MB,129,726.9813889,prim_gemv_cinm2_fast
gemv_512MB,160,2224.2539916,prim_gemv_cinm2_fast
gemv_512MB,191,2253.6329819000002,prim_gemv_cinm2_fast
gemv_512MB,222,2184.6915641,prim_gemv_cinm2_fast
gemv_512MB,253,2289.9133775,prim_gemv_cinm2_fast
gemv_512MB,284,2239.3470568000002,prim_gemv_cinm2_fast
gemv_512MB,315,2395.3416256,prim_gemv_cinm2_fast
gemv_512MB,346,2307.4088441999997,prim_gemv_cinm2_fast
gemv_512MB,377,2205.8209385,prim_gemv_cinm2_fast
gemv_512MB,408,2237.4986160999997,prim_gemv_cinm2_fast
gemv_512MB,439,2220.7613671,prim_gemv_cinm2_fast
gemv_512MB,470,2297.6470872,prim_gemv_cinm2_fast
gemv_512MB,501,2244.0808783,prim_gemv_cinm2_fast
gemv_512MB,532,2322.0773314000003,prim_gemv_cinm2_fast
gemv_512MB,563,2291.8007622,prim_gemv_cinm2_fast
gemv_512MB,594,2196.100179,prim_gemv_cinm2_fast
gemv_512MB,625,2302.0804133,prim_gemv_cinm2_fast
gemv_512MB,656,2239.2634881999998,prim_gemv_cinm2_fast
gemv_512MB,687,2199.0179957,prim_gemv_cinm2_fast
gemv_512MB,718,2262.2930844,prim_gemv_cinm2_fast
gemv_512MB,749,862.7186763,prim_gemv_cinm2_fast
gemv_512MB,780,2308.4655476,prim_gemv_cinm2_fast
gemv_512MB,811,2306.0161556999997,prim_gemv_cinm2_fast
gemv_512MB,842,2295.9149506999997,prim_gemv_cinm2_fast
gemv_512MB,873,2309.7806476,prim_gemv_cinm2_fast
gemv_512MB,904,2293.5137605,prim_gemv_cinm2_fast
gemv_512MB,935,2291.3189192,prim_gemv_cinm2_fast
gemv_512MB,966,2310.4557491,prim_gemv_cinm2_fast
gemv_512MB,997,2539.554601,prim_gemv_cinm2_fast
gemv_512MB,1028,2215.7191392,prim_gemv_cinm2_fast
gemv_512MB,1059,2240.2050539,prim_gemv_cinm2_fast
gemv_512MB,1090,2243.1364831,prim_gemv_cinm2_fast
gemv_512MB,1121,2301.4526436,prim_gemv_cinm2_fast
gemv_512MB,1152,2311.2316385,prim_gemv_cinm2_fast
gemv_512MB,1183,2187.0844713,prim_gemv_cinm2_fast
gemv_512MB,1214,2186.9402833000004,prim_gemv_cinm2_fast
gemv_512MB,1245,2246.3366991,prim_gemv_cinm2_fast
gemv_512MB,1276,2413.9181740999998,prim_gemv_cinm2_fast
gemv_512MB,1307,2261.4682190999997,prim_gemv_cinm2_fast
gemv_512MB,1338,2246.8810832,prim_gemv_cinm2_fast
gemv_512MB,1369,2238.9583823000003,prim_gemv_cinm2_fast
gemv_512MB,1400,2249.3264498000003,prim_gemv_cinm2_fast
gemv_512MB,1431,2231.6933555,prim_gemv_cinm2_fast
gemv_512MB,1462,2296.666827,prim_gemv_cinm2_fast
gemv_512MB,1493,2240.21689,prim_gemv_cinm2_fast
gemv_512MB,1524,2191.5107995,prim_gemv_cinm2_fast
gemv_512MB,1555,2326.535112,prim_gemv_cinm2_fast
gemv_512MB,1586,2209.2784694,prim_gemv_cinm2_fast
gemv_512MB,1617,2232.0692468,prim_gemv_cinm2_fast
gemv_512MB,1648,2194.8039579,prim_gemv_cinm2_fast
gemv_512MB,1679,2235.1545622,prim_gemv_cinm2_fast
gemv_512MB,1710,959.4054547000001,prim_gemv_cinm2_fast
gemv_512MB,1741,2298.7461516999997,prim_gemv_cinm2_fast
gemv_512MB,1772,2238.1201338,prim_gemv_cinm2_fast
gemv_512MB,1803,2250.1694156,prim_gemv_cinm2_fast
gemv_512MB,1834,2308.5405133000004,prim_gemv_cinm2_fast
gemv_512MB,1865,2312.2373251999998,prim_gemv_cinm2_fast
gemv_512MB,1896,2229.4889613,prim_gemv_cinm2_fast
gemv_512MB,1927,2215.6380096999997,prim_gemv_cinm2_fast
gemv_512MB,1958,2276.5110258,prim_gemv_cinm2_fast
gemv_512MB,1989,795.4196747000001,prim_gemv_cinm2_fast
gemv_512MB,2020,2213.3158000999997,prim_gemv_cinm2_fast
gemv_512MB,2051,2357.3490871999998,prim_gemv_cinm2_fast
gemv_512MB,2113,2244.5140995,prim_gemv_cinm2_fast
gemv_512MB,2144,2309.4507506,prim_gemv_cinm2_fast
gemv_512MB,2175,2302.7532594,prim_gemv_cinm2_fast
gemv_512MB,2206,2208.3243849,prim_gemv_cinm2_fast
gemv_512MB,2237,2197.4848570999998,prim_gemv_cinm2_fast
gemv_512MB,2268,2254.9833234000002,prim_gemv_cinm2_fast
gemv_512MB,2299,2278.9927259,prim_gemv_cinm2_fast
gemv_512MB,2330,2357.1834965,prim_gemv_cinm2_fast
gemv_512MB,2361,2332.2947992,prim_gemv_cinm2_fast
gemv_512MB,2392,2289.6061805,prim_gemv_cinm2_fast
gemv_512MB,2423,2245.5074373,prim_gemv_cinm2_fast
gemv_512MB,2454,2299.45585,prim_gemv_cinm2_fast
gemv_512MB,2485,2434.4824043000003,prim_gemv_cinm2_fast
gemv_512MB,2516,2333.7851937,prim_gemv_cinm2_fast
gemv_512MB,2547,2206.4889196,prim_gemv_cinm2_fast
gemv_512MB,2578,2250.9896788,prim_gemv_cinm2_fast
gemv_512MB,2609,2210.9475171999998,prim_gemv_cinm2_fast
gemv_512MB,2640,2293.6438924,prim_gemv_cinm2_fast
gemv_512MB,2671,2251.6485014,prim_gemv_cinm2_fast
gemv_512MB,2702,2169.0249829,prim_gemv_cinm2_fast
gemv_512MB,2733,2243.6398561,prim_gemv_cinm2_fast
gemv_512MB,2764,2215.6189267,prim_gemv_cinm2_fast
gemv_512MB,2795,2308.9581769,prim_gemv_cinm2_fast
gemv_512MB,2826,2293.8764293000004,prim_gemv_cinm2_fast
gemv_512MB,2857,2212.8176860999997,prim_gemv_cinm2_fast
gemv_512MB,2888,2317.199329,prim_gemv_cinm2_fast
gemv_512MB,2919,2244.7871914,prim_gemv_cinm2_fast
gemv_512MB,2950,2248.6173909,prim_gemv_cinm2_fast
gemv_512MB,2981,2199.9148513,prim_gemv_cinm2_fast
gemv_512MB,3012,2318.6578469,prim_gemv_cinm2_fast
gemv_512MB,3043,2252.8030016,prim_gemv_cinm2_fast
gemv_512MB,3074,2343.5733441999996,prim_gemv_cinm2_fast
gemv_512MB,3105,2210.7906915999997,prim_gemv_cinm2_fast
gemv_512MB,3136,2241.084792,prim_gemv_cinm2_fast
gemv_512MB,3167,2252.9291580999998,prim_gemv_cinm2_fast
gemv_512MB,3198,2371.7659765,prim_gemv_cinm2_fast
gemv_512MB,3229,2285.841822,prim_gemv_cinm2_fast
gemv_512MB,3260,2231.1424541,prim_gemv_cinm2_fast
gemv_512MB,3291,2310.1619226,prim_gemv_cinm2_fast
gemv_512MB,3322,2249.6695994,prim_gemv_cinm2_fast
gemv_512MB,3353,2372.2166763,prim_gemv_cinm2_fast
gemv_512MB,3384,2215.9214901,prim_gemv_cinm2_fast
gemv_512MB,3415,2511.7001789,prim_gemv_cinm2_fast
gemv_512MB,3446,2357.1433837,prim_gemv_cinm2_fast
gemv_512MB,3477,2186.0310775,prim_gemv_cinm2_fast
gemv_512MB,3508,952.9636346,prim_gemv_cinm2_fast
gemv_512MB,3539,2241.9038318000003,prim_gemv_cinm2_fast
gemv_512MB,3570,2305.8064875,prim_gemv_cinm2_fast
gemv_512MB,3601,2368.0957189,prim_gemv_cinm2_fast
gemv_512MB,3632,2315.6502911999996,prim_gemv_cinm2_fast
gemv_512MB,3663,2309.265329,prim_gemv_cinm2_fast
gemv_512MB,3694,2210.1236722,prim_gemv_cinm2_fast
gemv_512MB,3725,2290.0879539000002,prim_gemv_cinm2_fast
gemv_512MB,3756,2235.1920165,prim_gemv_cinm2_fast
gemv_512MB,3787,2235.6628342,prim_gemv_cinm2_fast
gemv_512MB,3818,2245.6553713000003,prim_gemv_cinm2_fast
gemv_512MB,3849,2223.6828615,prim_gemv_cinm2_fast
gemv_512MB,3880,2320.7365984000003,prim_gemv_cinm2_fast
gemv_512MB,3911,2258.7768974,prim_gemv_cinm2_fast
gemv_512MB,3942,2246.2918839,prim_gemv_cinm2_fast
gemv_512MB,3973,2229.2549160999997,prim_gemv_cinm2_fast
gemv_512MB,4004,829.8455721,prim_gemv_cinm2_fast
gemv_64MB,67,298.96564839999996,prim_gemv_cinm2_fast
gemv_64MB,98,294.1144992,prim_gemv_cinm2_fast
gemv_64MB,129,293.70461539999997,prim_gemv_cinm2_fast
gemv_64MB,160,285.1736806,prim_gemv_cinm2_fast
gemv_64MB,191,295.71068410000004,prim_gemv_cinm2_fast
gemv_64MB,222,290.3480337,prim_gemv_cinm2_fast
gemv_64MB,253,298.4311035,prim_gemv_cinm2_fast
gemv_64MB,284,294.1217963,prim_gemv_cinm2_fast
gemv_64MB,315,303.7538315,prim_gemv_cinm2_fast
gemv_64MB,346,313.5105123,prim_gemv_cinm2_fast
gemv_64MB,377,283.8135367,prim_gemv_cinm2_fast
gemv_64MB,408,286.5299615,prim_gemv_cinm2_fast
gemv_64MB,439,301.1361152,prim_gemv_cinm2_fast
gemv_64MB,470,302.58116210000003,prim_gemv_cinm2_fast
gemv_64MB,501,287.22263510000005,prim_gemv_cinm2_fast
gemv_64MB,532,122.9377015,prim_gemv_cinm2_fast
gemv_64MB,563,298.03867280000003,prim_gemv_cinm2_fast
gemv_64MB,594,290.3767278,prim_gemv_cinm2_fast
gemv_64MB,625,299.09236319999997,prim_gemv_cinm2_fast
gemv_64MB,656,292.2981591,prim_gemv_cinm2_fast
gemv_64MB,687,283.16066539999997,prim_gemv_cinm2_fast
gemv_64MB,718,295.271016,prim_gemv_cinm2_fast
gemv_64MB,749,305.7308665,prim_gemv_cinm2_fast
gemv_64MB,780,296.2555955,prim_gemv_cinm2_fast
gemv_64MB,811,313.4484119,prim_gemv_cinm2_fast
gemv_64MB,842,294.60037339999997,prim_gemv_cinm2_fast
gemv_64MB,873,298.5961083,prim_gemv_cinm2_fast
gemv_64MB,904,313.34657219999997,prim_gemv_cinm2_fast
gemv_64MB,935,126.1580736,prim_gemv_cinm2_fast
gemv_64MB,966,303.0586105,prim_gemv_cinm2_fast
gemv_64MB,997,307.91502760000003,prim_gemv_cinm2_fast
gemv_64MB,1028,305.0529482,prim_gemv_cinm2_fast
gemv_64MB,1059,299.737327,prim_gemv_cinm2_fast
gemv_64MB,1090,297.1471029,prim_gemv_cinm2_fast
gemv_64MB,1121,317.2069777,prim_gemv_cinm2_fast
gemv_64MB,1152,294.1901502,prim_gemv_cinm2_fast
gemv_64MB,1183,285.3867121,prim_gemv_cinm2_fast
gemv_64MB,1214,288.7188276,prim_gemv_cinm2_fast
gemv_64MB,1245,285.91708719999997,prim_gemv_cinm2_fast
gemv_64MB,1276,293.57561530000004,prim_gemv_cinm2_fast
gemv_64MB,1307,300.5562008,prim_gemv_cinm2_fast
gemv_64MB,1338,297.5221967,prim_gemv_cinm2_fast
gemv_64MB,1369,291.9366599,prim_gemv_cinm2_fast
gemv_64MB,1400,303.3260761,prim_gemv_cinm2_fast
gemv_64MB,1431,305.2120043,prim_gemv_cinm2_fast
gemv_64MB,1462,302.8663277,prim_gemv_cinm2_fast
gemv_64MB,1493,294.218685,prim_gemv_cinm2_fast
gemv_64MB,1524,309.6953054,prim_gemv_cinm2_fast
gemv_64MB,1555,304.6670523,prim_gemv_cinm2_fast
gemv_64MB,1586,303.72785439999996,prim_gemv_cinm2_fast
gemv_64MB,1617,303.1987801,prim_gemv_cinm2_fast
gemv_64MB,1648,291.62455389999997,prim_gemv_cinm2_fast
gemv_64MB,1679,292.3183135,prim_gemv_cinm2_fast
gemv_64MB,1710,287.0260591,prim_gemv_cinm2_fast
gemv_64MB,1741,278.740899,prim_gemv_cinm2_fast
gemv_64MB,1772,286.0153949,prim_gemv_cinm2_fast
gemv_64MB,1803,289.7583465,prim_gemv_cinm2_fast
gemv_64MB,1834,297.18115439999997,prim_gemv_cinm2_fast
gemv_64MB,1865,302.95160530000004,prim_gemv_cinm2_fast
gemv_64MB,1896,128.56938440000002,prim_gemv_cinm2_fast
gemv_64MB,1927,299.8500547,prim_gemv_cinm2_fast
gemv_64MB,1958,299.1478278,prim_gemv_cinm2_fast
gemv_64MB,1989,298.333964,prim_gemv_cinm2_fast
gemv_64MB,2020,307.0340584,prim_gemv_cinm2_fast
gemv_64MB,2051,292.787224,prim_gemv_cinm2_fast
gemv_64MB,2082,292.1330979,prim_gemv_cinm2_fast
gemv_64MB,2113,288.8415139,prim_gemv_cinm2_fast
gemv_64MB,2144,318.8242595,prim_gemv_cinm2_fast
gemv_64MB,2175,306.19925,prim_gemv_cinm2_fast
gemv_64MB,2206,302.646964,prim_gemv_cinm2_fast
gemv_64MB,2237,282.9385762,prim_gemv_cinm2_fast
gemv_64MB,2268,289.4638617,prim_gemv_cinm2_fast
gemv_64MB,2299,317.88277739999995,prim_gemv_cinm2_fast
gemv_64MB,2330,291.3171187,prim_gemv_cinm2_fast
gemv_64MB,2361,303.06589560000003,prim_gemv_cinm2_fast
gemv_64MB,2392,293.05179319999996,prim_gemv_cinm2_fast
gemv_64MB,2423,294.6259521,prim_gemv_cinm2_fast
gemv_64MB,2454,298.2698737,prim_gemv_cinm2_fast
gemv_64MB,2485,326.3621238,prim_gemv_cinm2_fast
gemv_64MB,2516,308.4876182,prim_gemv_cinm2_fast
gemv_64MB,2547,292.08318280000003,prim_gemv_cinm2_fast
gemv_64MB,2578,289.41417060000003,prim_gemv_cinm2_fast
gemv_64MB,2609,138.1955782,prim_gemv_cinm2_fast
gemv_64MB,2640,291.5367316,prim_gemv_cinm2_fast
gemv_64MB,2671,298.23471589999997,prim_gemv_cinm2_fast
gemv_64MB,2702,306.16206139999997,prim_gemv_cinm2_fast
gemv_64MB,2733,294.34935,prim_gemv_cinm2_fast
gemv_64MB,2764,301.4102062,prim_gemv_cinm2_fast
gemv_64MB,2795,282.3127367,prim_gemv_cinm2_fast
gemv_64MB,2826,314.951399,prim_gemv_cinm2_fast
gemv_64MB,2857,295.1564485,prim_gemv_cinm2_fast
gemv_64MB,2888,289.22718310000005,prim_gemv_cinm2_fast
gemv_64MB,2919,302.51231060000003,prim_gemv_cinm2_fast
gemv_64MB,2950,306.2577325,prim_gemv_cinm2_fast
gemv_64MB,2981,291.3205141,prim_gemv_cinm2_fast
gemv_64MB,3012,299.56580210000004,prim_gemv_cinm2_fast
gemv_64MB,3043,297.7238417,prim_gemv_cinm2_fast
gemv_64MB,3074,284.5420816,prim_gemv_cinm2_fast
gemv_64MB,3105,105.3885585,prim_gemv_cinm2_fast
gemv_64MB,3136,292.4499968,prim_gemv_cinm2_fast
gemv_64MB,3167,313.7168635,prim_gemv_cinm2_fast
gemv_64MB,3198,296.44728230000004,prim_gemv_cinm2_fast
gemv_64MB,3229,320.5143713,prim_gemv_cinm2_fast
gemv_64MB,3260,293.9434784,prim_gemv_cinm2_fast
gemv_64MB,3291,281.98835510000004,prim_gemv_cinm2_fast
gemv_64MB,3322,292.0910612,prim_gemv_cinm2_fast
gemv_64MB,3353,303.5809856,prim_gemv_cinm2_fast
gemv_64MB,3384,293.3351111,prim_gemv_cinm2_fast
gemv_64MB,3415,302.698385,prim_gemv_cinm2_fast
gemv_64MB,3446,286.202875,prim_gemv_cinm2_fast
gemv_64MB,3477,283.8847771,prim_gemv_cinm2_fast
gemv_64MB,3508,287.7348224,prim_gemv_cinm2_fast
gemv_64MB,3539,295.9305642,prim_gemv_cinm2_fast
gemv_64MB,3570,300.4167835,prim_gemv_cinm2_fast
gemv_64MB,3601,297.7050369,prim_gemv_cinm2_fast
gemv_64MB,3632,311.724302,prim_gemv_cinm2_fast
gemv_64MB,3663,291.810813,prim_gemv_cinm2_fast
gemv_64MB,3694,304.97934460000005,prim_gemv_cinm2_fast
gemv_64MB,3725,299.8345587,prim_gemv_cinm2_fast
gemv_64MB,3756,295.1953883,prim_gemv_cinm2_fast
gemv_64MB,3787,292.64970139999997,prim_gemv_cinm2_fast
gemv_64MB,3818,296.9004613,prim_gemv_cinm2_fast
gemv_64MB,3849,289.33672310000003,prim_gemv_cinm2_fast
gemv_64MB,3880,303.99045839999997,prim_gemv_cinm2_fast
gemv_64MB,3911,299.0459965,prim_gemv_cinm2_fast
gemv_64MB,3942,299.27984530000003,prim_gemv_cinm2_fast
gemv_64MB,3973,302.5190272,prim_gemv_cinm2_fast
gemv_64MB,4004,290.1931717,prim_gemv_cinm2_fast
gemv_256MB,67,1178.6580239,prim_gemv_cinm2_hybrid200
gemv_256MB,98,1171.2236257,prim_gemv_cinm2_hybrid200
gemv_256MB,129,1085.210913,prim_gemv_cinm2_hybrid200
gemv_256MB,160,1130.900744,prim_gemv_cinm2_hybrid200
gemv_256MB,191,1172.1725557,prim_gemv_cinm2_hybrid200
gemv_256MB,222,515.1047695,prim_gemv_cinm2_hybrid200
gemv_256MB,253,1163.2895821,prim_gemv_cinm2_hybrid200
gemv_256MB,284,1141.8799092000002,prim_gemv_cinm2_hybrid200
gemv_256MB,315,1107.3189742,prim_gemv_cinm2_hybrid200
gemv_256MB,346,1228.3719304,prim_gemv_cinm2_hybrid200
gemv_256MB,377,1171.9727332,prim_gemv_cinm2_hybrid200
gemv_256MB,408,1129.9624182999999,prim_gemv_cinm2_hybrid200
gemv_256MB,439,1128.8327865,prim_gemv_cinm2_hybrid200
gemv_256MB,470,1165.0835107999999,prim_gemv_cinm2_hybrid200
gemv_256MB,501,1137.5900745,prim_gemv_cinm2_hybrid200
gemv_256MB,532,1192.620808,prim_gemv_cinm2_hybrid200
gemv_256MB,563,1124.8334952999999,prim_gemv_cinm2_hybrid200
gemv_256MB,594,1108.9535593,prim_gemv_cinm2_hybrid200
gemv_256MB,625,1156.0843885,prim_gemv_cinm2_hybrid200
gemv_256MB,656,1131.7555966,prim_gemv_cinm2_hybrid200
gemv_256MB,687,1111.4755675,prim_gemv_cinm2_hybrid200
gemv_256MB,718,1161.4630065,prim_gemv_cinm2_hybrid200
gemv_256MB,749,456.6418295,prim_gemv_cinm2_hybrid200
gemv_256MB,780,1162.403102,prim_gemv_cinm2_hybrid200
gemv_256MB,811,1189.173113,prim_gemv_cinm2_hybrid200
gemv_256MB,842,1165.9008870999999,prim_gemv_cinm2_hybrid200
gemv_256MB,873,1185.1579828,prim_gemv_cinm2_hybrid200
gemv_256MB,904,1123.8616422999999,prim_gemv_cinm2_hybrid200
gemv_256MB,935,1179.7317477000001,prim_gemv_cinm2_hybrid200
gemv_256MB,966,1218.1520530999999,prim_gemv_cinm2_hybrid200
gemv_256MB,997,1219.2280925,prim_gemv_cinm2_hybrid200
gemv_256MB,1028,1108.9374076,prim_gemv_cinm2_hybrid200
gemv_256MB,1059,1164.6524013,prim_gemv_cinm2_hybrid200
gemv_256MB,1090,1152.6866872,prim_gemv_cinm2_hybrid200
gemv_256MB,1121,1189.2105531,prim_gemv_cinm2_hybrid200
gemv_256MB,1152,1234.1423927,prim_gemv_cinm2_hybrid200
gemv_256MB,1183,1142.4721425,prim_gemv_cinm2_hybrid200
gemv_256MB,1214,1118.6912507,prim_gemv_cinm2_hybrid200
gemv_256MB,1245,1141.5816496,prim_gemv_cinm2_hybrid200
gemv_256MB,1276,1278.9856135,prim_gemv_cinm2_hybrid200
gemv_256MB,1307,1260.8184054,prim_gemv_cinm2_hybrid200
gemv_256MB,1338,1149.9115206,prim_gemv_cinm2_hybrid200
gemv_256MB,1369,1142.2365677,prim_gemv_cinm2_hybrid200
gemv_256MB,1400,1164.4415972000002,prim_gemv_cinm2_hybrid200
gemv_256MB,1431,1158.2848062,prim_gemv_cinm2_hybrid200
gemv_256MB,1462,1161.4343417999999,prim_gemv_cinm2_hybrid200
gemv_256MB,1493,1134.5424248,prim_gemv_cinm2_hybrid200
gemv_256MB,1524,1116.0136354,prim_gemv_cinm2_hybrid200
gemv_256MB,1555,1137.5207487,prim_gemv_cinm2_hybrid200
gemv_256MB,1586,1109.224852,prim_gemv_cinm2_hybrid200
gemv_256MB,1617,1146.5661064,prim_gemv_cinm2_hybrid200
gemv_256MB,1679,1142.9279835999998,prim_gemv_cinm2_hybrid200
gemv_256MB,1710,473.78746939999996,prim_gemv_cinm2_hybrid200
gemv_256MB,1741,1168.750292,prim_gemv_cinm2_hybrid200
gemv_256MB,1772,1148.2718215,prim_gemv_cinm2_hybrid200
gemv_256MB,1803,1140.199226,prim_gemv_cinm2_hybrid200
gemv_256MB,1834,1161.4934044000001,prim_gemv_cinm2_hybrid200
gemv_256MB,1865,1232.6775065,prim_gemv_cinm2_hybrid200
gemv_256MB,1896,1139.0791352,prim_gemv_cinm2_hybrid200
gemv_256MB,1927,1106.5156055999998,prim_gemv_cinm2_hybrid200
gemv_256MB,1958,1153.7954151,prim_gemv_cinm2_hybrid200
gemv_256MB,1989,1184.4548108,prim_gemv_cinm2_hybrid200
gemv_256MB,2020,1111.1311861,prim_gemv_cinm2_hybrid200
gemv_256MB,2051,1278.3902363,prim_gemv_cinm2_hybrid200
gemv_256MB,2082,1139.8907173,prim_gemv_cinm2_hybrid200
gemv_256MB,2113,1155.3007648,prim_gemv_cinm2_hybrid200
gemv_256MB,2144,1227.0976733,prim_gemv_cinm2_hybrid200
gemv_256MB,2175,1158.3035264,prim_gemv_cinm2_hybrid200
gemv_256MB,2206,1225.0212258,prim_gemv_cinm2_hybrid200
gemv_256MB,2237,1104.6673382000001,prim_gemv_cinm2_hybrid200
gemv_256MB,2268,1138.5792680999998,prim_gemv_cinm2_hybrid200
gemv_256MB,2299,1158.698658,prim_gemv_cinm2_hybrid200
gemv_256MB,2330,1153.1714995999998,prim_gemv_cinm2_hybrid200
gemv_256MB,2361,1155.471038,prim_gemv_cinm2_hybrid200
gemv_256MB,2392,1150.8456229,prim_gemv_cinm2_hybrid200
gemv_256MB,2423,1165.1678746,prim_gemv_cinm2_hybrid200
gemv_256MB,2454,1163.403338,prim_gemv_cinm2_hybrid200
gemv_256MB,2485,450.36825960000004,prim_gemv_cinm2_hybrid200
gemv_256MB,2516,1193.5012544,prim_gemv_cinm2_hybrid200
gemv_256MB,2547,1130.6366484,prim_gemv_cinm2_hybrid200
gemv_256MB,2578,1137.4654757,prim_gemv_cinm2_hybrid200
gemv_256MB,2609,1125.9253769000002,prim_gemv_cinm2_hybrid200
gemv_256MB,2640,1183.5106888,prim_gemv_cinm2_hybrid200
gemv_256MB,2671,1151.7942815,prim_gemv_cinm2_hybrid200
gemv_256MB,2702,1106.0840551,prim_gemv_cinm2_hybrid200
gemv_256MB,2733,1187.113854,prim_gemv_cinm2_hybrid200
gemv_256MB,2764,1170.0629102999999,prim_gemv_cinm2_hybrid200
gemv_256MB,2795,1141.7003755,prim_gemv_cinm2_hybrid200
gemv_256MB,2826,1162.0651240999998,prim_gemv_cinm2_hybrid200
gemv_256MB,2857,1160.4181376,prim_gemv_cinm2_hybrid200
gemv_256MB,2888,459.24557289999996,prim_gemv_cinm2_hybrid200
gemv_256MB,2919,1166.1364529,prim_gemv_cinm2_hybrid200
gemv_256MB,2950,1183.4027588,prim_gemv_cinm2_hybrid200
gemv_256MB,2981,1106.2628755,prim_gemv_cinm2_hybrid200
gemv_256MB,3012,1183.9282083,prim_gemv_cinm2_hybrid200
gemv_256MB,3043,1285.2942397,prim_gemv_cinm2_hybrid200
gemv_256MB,3074,1253.9104896,prim_gemv_cinm2_hybrid200
gemv_256MB,3105,1104.6157105999998,prim_gemv_cinm2_hybrid200
gemv_256MB,3136,1137.3219525,prim_gemv_cinm2_hybrid200
gemv_256MB,3167,1154.0572454,prim_gemv_cinm2_hybrid200
gemv_256MB,3198,1134.8940984,prim_gemv_cinm2_hybrid200
gemv_256MB,3229,1184.105927,prim_gemv_cinm2_hybrid200
gemv_256MB,3260,1135.3192947,prim_gemv_cinm2_hybrid200
gemv_256MB,3291,1136.7153212,prim_gemv_cinm2_hybrid200
gemv_256MB,3322,1136.0126796,prim_gemv_cinm2_hybrid200
gemv_256MB,3353,1136.4082451,prim_gemv_cinm2_hybrid200
gemv_256MB,3384,1157.564187,prim_gemv_cinm2_hybrid200
gemv_256MB,3415,1167.0905964,prim_gemv_cinm2_hybrid200
gemv_256MB,3446,1158.9785496,prim_gemv_cinm2_hybrid200
gemv_256MB,3477,1178.1176235,prim_gemv_cinm2_hybrid200
gemv_256MB,3508,1134.1453093,prim_gemv_cinm2_hybrid200
gemv_256MB,3539,1164.2465773,prim_gemv_cinm2_hybrid200
gemv_256MB,3570,1161.059,prim_gemv_cinm2_hybrid200
gemv_256MB,3601,1170.5538061,prim_gemv_cinm2_hybrid200
gemv_256MB,3632,1188.0824249000002,prim_gemv_cinm2_hybrid200
gemv_256MB,3663,1136.4087622,prim_gemv_cinm2_hybrid200
gemv_256MB,3694,1159.3796645,prim_gemv_cinm2_hybrid200
gemv_256MB,3725,1163.4830213,prim_gemv_cinm2_hybrid200
gemv_256MB,3756,1136.3407651,prim_gemv_cinm2_hybrid200
gemv_256MB,3787,1139.7744578,prim_gemv_cinm2_hybrid200
gemv_256MB,3818,1151.9022378,prim_gemv_cinm2_hybrid200
gemv_256MB,3849,1128.1700949,prim_gemv_cinm2_hybrid200
gemv_256MB,3880,1167.6938900999999,prim_gemv_cinm2_hybrid200
gemv_256MB,3911,1153.1685915,prim_gemv_cinm2_hybrid200
gemv_256MB,3942,1155.5151322000002,prim_gemv_cinm2_hybrid200
gemv_256MB,3973,1132.1699305999998,prim_gemv_cinm2_hybrid200
gemv_256MB,4004,1139.1381176,prim_gemv_cinm2_hybrid200
gemv_4MB,67,20.6753831,prim_gemv_cinm2_hybrid200
gemv_4MB,98,22.9511069,prim_gemv_cinm2_hybrid200
gemv_4MB,129,18.226607100000003,prim_gemv_cinm2_hybrid200
gemv_4MB,160,19.828181,prim_gemv_cinm2_hybrid200
gemv_4MB,191,21.5414558,prim_gemv_cinm2_hybrid200
gemv_4MB,222,19.8590922,prim_gemv_cinm2_hybrid200
gemv_4MB,253,19.397114600000002,prim_gemv_cinm2_hybrid200
gemv_4MB,284,18.6355718,prim_gemv_cinm2_hybrid200
gemv_4MB,315,20.2897142,prim_gemv_cinm2_hybrid200
gemv_4MB,346,24.0563315,prim_gemv_cinm2_hybrid200
gemv_4MB,377,20.477596100000003,prim_gemv_cinm2_hybrid200
gemv_4MB,408,20.565421,prim_gemv_cinm2_hybrid200
gemv_4MB,439,25.6180993,prim_gemv_cinm2_hybrid200
gemv_4MB,470,20.227416100000003,prim_gemv_cinm2_hybrid200
gemv_4MB,501,20.9630132,prim_gemv_cinm2_hybrid200
gemv_4MB,532,23.2692213,prim_gemv_cinm2_hybrid200
gemv_4MB,563,26.614167300000002,prim_gemv_cinm2_hybrid200
gemv_4MB,594,27.1269163,prim_gemv_cinm2_hybrid200
gemv_4MB,625,10.2904061,prim_gemv_cinm2_hybrid200
gemv_4MB,656,26.6561555,prim_gemv_cinm2_hybrid200
gemv_4MB,687,7.790574599999999,prim_gemv_cinm2_hybrid200
gemv_4MB,718,21.870957399999998,prim_gemv_cinm2_hybrid200
gemv_4MB,749,20.6170681,prim_gemv_cinm2_hybrid200
gemv_4MB,780,18.922162,prim_gemv_cinm2_hybrid200
gemv_4MB,811,25.376640899999998,prim_gemv_cinm2_hybrid200
gemv_4MB,842,25.276923399999998,prim_gemv_cinm2_hybrid200
gemv_4MB,873,19.686414,prim_gemv_cinm2_hybrid200
gemv_4MB,904,19.724467899999997,prim_gemv_cinm2_hybrid200
gemv_4MB,935,17.8397169,prim_gemv_cinm2_hybrid200
gemv_4MB,966,18.5547458,prim_gemv_cinm2_hybrid200
gemv_4MB,997,18.741546399999997,prim_gemv_cinm2_hybrid200
gemv_4MB,1028,20.115724399999998,prim_gemv_cinm2_hybrid200
gemv_4MB,1059,21.546901,prim_gemv_cinm2_hybrid200
gemv_4MB,1090,9.1116122,prim_gemv_cinm2_hybrid200
gemv_4MB,1121,23.2804525,prim_gemv_cinm2_hybrid200
gemv_4MB,1152,19.7178702,prim_gemv_cinm2_hybrid200
gemv_4MB,1183,17.990495399999997,prim_gemv_cinm2_hybrid200
gemv_4MB,1214,21.1113002,prim_gemv_cinm2_hybrid200
gemv_4MB,1245,20.3411331,prim_gemv_cinm2_hybrid200
gemv_4MB,1276,24.4209654,prim_gemv_cinm2_hybrid200
gemv_4MB,1307,20.2510467,prim_gemv_cinm2_hybrid200
gemv_4MB,1338,17.6754847,prim_gemv_cinm2_hybrid200
gemv_4MB,1369,23.1016369,prim_gemv_cinm2_hybrid200
gemv_4MB,1400,18.2509499,prim_gemv_cinm2_hybrid200
gemv_4MB,1431,23.172664,prim_gemv_cinm2_hybrid200
gemv_4MB,1462,23.3205023,prim_gemv_cinm2_hybrid200
gemv_4MB,1493,19.061999,prim_gemv_cinm2_hybrid200
gemv_4MB,1524,9.7055488,prim_gemv_cinm2_hybrid200
gemv_4MB,1555,22.241795600000003,prim_gemv_cinm2_hybrid200
gemv_4MB,1586,21.1875238,prim_gemv_cinm2_hybrid200
gemv_4MB,1617,19.923531699999998,prim_gemv_cinm2_hybrid200
gemv_4MB,1648,22.211676899999997,prim_gemv_cinm2_hybrid200
gemv_4MB,1679,17.684932800000002,prim_gemv_cinm2_hybrid200
gemv_4MB,1710,19.728225100000003,prim_gemv_cinm2_hybrid200
gemv_4MB,1741,24.294385600000002,prim_gemv_cinm2_hybrid200
gemv_4MB,1772,21.1369906,prim_gemv_cinm2_hybrid200
gemv_4MB,1803,19.6246129,prim_gemv_cinm2_hybrid200
gemv_4MB,1834,29.467508600000002,prim_gemv_cinm2_hybrid200
gemv_4MB,1865,20.2663993,prim_gemv_cinm2_hybrid200
gemv_4MB,1896,18.1391376,prim_gemv_cinm2_hybrid200
gemv_4MB,1927,10.8611904,prim_gemv_cinm2_hybrid200
gemv_4MB,1958,19.0242513,prim_gemv_cinm2_hybrid200
gemv_4MB,1989,25.9545266,prim_gemv_cinm2_hybrid200
gemv_4MB,2020,18.8002071,prim_gemv_cinm2_hybrid200
gemv_4MB,2051,25.163168600000002,prim_gemv_cinm2_hybrid200
gemv_4MB,2082,25.754692,prim_gemv_cinm2_hybrid200
gemv_4MB,2113,26.0035609,prim_gemv_cinm2_hybrid200
gemv_4MB,2144,19.7333278,prim_gemv_cinm2_hybrid200
gemv_4MB,2175,18.7581742,prim_gemv_cinm2_hybrid200
gemv_4MB,2206,20.8448754,prim_gemv_cinm2_hybrid200
gemv_4MB,2237,26.8489603,prim_gemv_cinm2_hybrid200
gemv_4MB,2268,20.7538627,prim_gemv_cinm2_hybrid200
gemv_4MB,2299,7.112429,prim_gemv_cinm2_hybrid200
gemv_4MB,2330,18.1716777,prim_gemv_cinm2_hybrid200
gemv_4MB,2361,20.5461995,prim_gemv_cinm2_hybrid200
gemv_4MB,2392,18.774566,prim_gemv_cinm2_hybrid200
gemv_4MB,2423,21.610001699999998,prim_gemv_cinm2_hybrid200
gemv_4MB,2454,20.9204723,prim_gemv_cinm2_hybrid200
gemv_4MB,2485,20.8542882,prim_gemv_cinm2_hybrid200
gemv_4MB,2516,19.2551177,prim_gemv_cinm2_hybrid200
gemv_4MB,2547,9.2650607,prim_gemv_cinm2_hybrid200
gemv_4MB,2578,24.9762645,prim_gemv_cinm2_hybrid200
gemv_4MB,2609,22.7395103,prim_gemv_cinm2_hybrid200
gemv_4MB,2640,17.8559945,prim_gemv_cinm2_hybrid200
gemv_4MB,2671,22.5824715,prim_gemv_cinm2_hybrid200
gemv_4MB,2702,19.9163548,prim_gemv_cinm2_hybrid200
gemv_4MB,2733,20.082582300000002,prim_gemv_cinm2_hybrid200
gemv_4MB,2764,23.2153892,prim_gemv_cinm2_hybrid200
gemv_4MB,2795,22.8528953,prim_gemv_cinm2_hybrid200
gemv_4MB,2826,24.6629674,prim_gemv_cinm2_hybrid200
gemv_4MB,2857,22.011849,prim_gemv_cinm2_hybrid200
gemv_4MB,2888,8.759199599999999,prim_gemv_cinm2_hybrid200
gemv_4MB,2919,19.6043491,prim_gemv_cinm2_hybrid200
gemv_4MB,2950,19.097142899999998,prim_gemv_cinm2_hybrid200
gemv_4MB,2981,20.1414694,prim_gemv_cinm2_hybrid200
gemv_4MB,3012,22.0581079,prim_gemv_cinm2_hybrid200
gemv_4MB,3043,7.2402577,prim_gemv_cinm2_hybrid200
gemv_4MB,3074,19.4654034,prim_gemv_cinm2_hybrid200
gemv_4MB,3105,18.6890328,prim_gemv_cinm2_hybrid200
gemv_4MB,3136,19.3783554,prim_gemv_cinm2_hybrid200
gemv_4MB,3167,23.093020199999998,prim_gemv_cinm2_hybrid200
gemv_4MB,3198,19.5699031,prim_gemv_cinm2_hybrid200
gemv_4MB,3229,17.9872808,prim_gemv_cinm2_hybrid200
gemv_4MB,3260,22.8406207,prim_gemv_cinm2_hybrid200
gemv_4MB,3291,20.976308600000003,prim_gemv_cinm2_hybrid200
gemv_4MB,3322,19.7435291,prim_gemv_cinm2_hybrid200
gemv_4MB,3353,19.204842600000003,prim_gemv_cinm2_hybrid200
gemv_4MB,3384,20.5279896,prim_gemv_cinm2_hybrid200
gemv_4MB,3415,26.622623100000002,prim_gemv_cinm2_hybrid200
gemv_4MB,3446,18.2451689,prim_gemv_cinm2_hybrid200
gemv_4MB,3477,20.4292066,prim_gemv_cinm2_hybrid200
gemv_4MB,3508,23.389937800000002,prim_gemv_cinm2_hybrid200
gemv_4MB,3539,19.181421800000003,prim_gemv_cinm2_hybrid200
gemv_4MB,3570,20.4577197,prim_gemv_cinm2_hybrid200
gemv_4MB,3601,21.8970867,prim_gemv_cinm2_hybrid200
gemv_4MB,3632,19.3126642,prim_gemv_cinm2_hybrid200
gemv_4MB,3663,20.787326800000002,prim_gemv_cinm2_hybrid200
gemv_4MB,3694,17.900789399999997,prim_gemv_cinm2_hybrid200
gemv_4MB,3725,24.188329600000003,prim_gemv_cinm2_hybrid200
gemv_4MB,3756,19.7592738,prim_gemv_cinm2_hybrid200
gemv_4MB,3787,19.6734062,prim_gemv_cinm2_hybrid200
gemv_4MB,3818,20.1041202,prim_gemv_cinm2_hybrid200
gemv_4MB,3849,19.6815268,prim_gemv_cinm2_hybrid200
gemv_4MB,3880,19.681548399999997,prim_gemv_cinm2_hybrid200
gemv_4MB,3911,18.5989279,prim_gemv_cinm2_hybrid200
gemv_4MB,3942,18.524274100000003,prim_gemv_cinm2_hybrid200
gemv_4MB,3973,24.177187399999998,prim_gemv_cinm2_hybrid200
gemv_4MB,4004,21.2737395,prim_gemv_cinm2_hybrid200
gemv_512MB,67,2257.5801805,prim_gemv_cinm2_hybrid200
gemv_512MB,98,2163.362898,prim_gemv_cinm2_hybrid200
gemv_512MB,129,2306.0777318,prim_gemv_cinm2_hybrid200
gemv_512MB,160,2232.7682609000003,prim_gemv_cinm2_hybrid200
gemv_512MB,191,2253.7108963,prim_gemv_cinm2_hybrid200
gemv_512MB,222,2219.0490919,prim_gemv_cinm2_hybrid200
gemv_512MB,253,2319.4632249,prim_gemv_cinm2_hybrid200
gemv_512MB,284,2240.4176936,prim_gemv_cinm2_hybrid200
gemv_512MB,315,988.1429612999999,prim_gemv_cinm2_hybrid200
gemv_512MB,346,2297.3587889,prim_gemv_cinm2_hybrid200
gemv_512MB,377,2238.5018901,prim_gemv_cinm2_hybrid200
gemv_512MB,408,2238.9188693,prim_gemv_cinm2_hybrid200
gemv_512MB,439,2226.0342119,prim_gemv_cinm2_hybrid200
gemv_512MB,470,2305.8684635,prim_gemv_cinm2_hybrid200
gemv_512MB,501,2245.291422,prim_gemv_cinm2_hybrid200
gemv_512MB,532,2315.5710515,prim_gemv_cinm2_hybrid200
gemv_512MB,563,2196.3350106999997,prim_gemv_cinm2_hybrid200
gemv_512MB,594,2244.3160141999997,prim_gemv_cinm2_hybrid200
gemv_512MB,625,2189.4517553,prim_gemv_cinm2_hybrid200
gemv_512MB,656,2244.8021042,prim_gemv_cinm2_hybrid200
gemv_512MB,687,2180.9881806999997,prim_gemv_cinm2_hybrid200
gemv_512MB,718,2251.7490744,prim_gemv_cinm2_hybrid200
gemv_512MB,749,871.1493707999999,prim_gemv_cinm2_hybrid200
gemv_512MB,780,2303.4495014,prim_gemv_cinm2_hybrid200
gemv_512MB,811,2305.3463531999996,prim_gemv_cinm2_hybrid200
gemv_512MB,842,2302.07067,prim_gemv_cinm2_hybrid200
gemv_512MB,873,2308.2135383,prim_gemv_cinm2_hybrid200
gemv_512MB,904,2289.6774179,prim_gemv_cinm2_hybrid200
gemv_512MB,935,2289.6696184,prim_gemv_cinm2_hybrid200
gemv_512MB,966,2231.1856684,prim_gemv_cinm2_hybrid200
gemv_512MB,997,2363.5563156,prim_gemv_cinm2_hybrid200
gemv_512MB,1028,2214.1473256,prim_gemv_cinm2_hybrid200
gemv_512MB,1059,2249.1503855,prim_gemv_cinm2_hybrid200
gemv_512MB,1090,2243.367915,prim_gemv_cinm2_hybrid200
gemv_512MB,1121,2297.6678571999996,prim_gemv_cinm2_hybrid200
gemv_512MB,1152,2308.733849,prim_gemv_cinm2_hybrid200
gemv_512MB,1183,2224.5680398000004,prim_gemv_cinm2_hybrid200
gemv_512MB,1214,2260.8465179,prim_gemv_cinm2_hybrid200
gemv_512MB,1245,2243.7612344,prim_gemv_cinm2_hybrid200
gemv_512MB,1276,2405.4491634,prim_gemv_cinm2_hybrid200
gemv_512MB,1307,2278.1954603000004,prim_gemv_cinm2_hybrid200
gemv_512MB,1338,2239.2858601999997,prim_gemv_cinm2_hybrid200
gemv_512MB,1369,2250.4365616,prim_gemv_cinm2_hybrid200
gemv_512MB,1400,2240.9297349000003,prim_gemv_cinm2_hybrid200
gemv_512MB,1431,2312.3964963000003,prim_gemv_cinm2_hybrid200
gemv_512MB,1462,2309.4055859,prim_gemv_cinm2_hybrid200
gemv_512MB,1493,2232.8850576,prim_gemv_cinm2_hybrid200
gemv_512MB,1524,2228.2346846,prim_gemv_cinm2_hybrid200
gemv_512MB,1555,2202.6994873000003,prim_gemv_cinm2_hybrid200
gemv_512MB,1586,2188.2093335,prim_gemv_cinm2_hybrid200
gemv_512MB,1617,2240.5519455,prim_gemv_cinm2_hybrid200
gemv_512MB,1648,2231.8145251,prim_gemv_cinm2_hybrid200
gemv_512MB,1679,2250.0936361,prim_gemv_cinm2_hybrid200
gemv_512MB,1710,2238.2296723000004,prim_gemv_cinm2_hybrid200
gemv_512MB,1741,2298.5943657,prim_gemv_cinm2_hybrid200
gemv_512MB,1772,2262.3513716999996,prim_gemv_cinm2_hybrid200
gemv_512MB,1803,2267.7268078,prim_gemv_cinm2_hybrid200
gemv_512MB,1834,2305.9220991999996,prim_gemv_cinm2_hybrid200
gemv_512MB,1865,2376.8465208000002,prim_gemv_cinm2_hybrid200
gemv_512MB,1896,2237.8720712,prim_gemv_cinm2_hybrid200
gemv_512MB,1927,2208.1531931,prim_gemv_cinm2_hybrid200
gemv_512MB,1958,2283.6842828000003,prim_gemv_cinm2_hybrid200
gemv_512MB,1989,2139.9542923,prim_gemv_cinm2_hybrid200
gemv_512MB,2020,2387.6718075,prim_gemv_cinm2_hybrid200
gemv_512MB,2051,2400.0631571999998,prim_gemv_cinm2_hybrid200
gemv_512MB,2082,2242.8896001,prim_gemv_cinm2_hybrid200
gemv_512MB,2113,2247.4450791,prim_gemv_cinm2_hybrid200
gemv_512MB,2144,2371.0164501,prim_gemv_cinm2_hybrid200
gemv_512MB,2175,2313.342198,prim_gemv_cinm2_hybrid200
gemv_512MB,2206,2371.7325876,prim_gemv_cinm2_hybrid200
gemv_512MB,2237,2183.9541915,prim_gemv_cinm2_hybrid200
gemv_512MB,2268,2240.5681544,prim_gemv_cinm2_hybrid200
gemv_512MB,2299,2287.2791911,prim_gemv_cinm2_hybrid200
gemv_512MB,2330,2245.8529891,prim_gemv_cinm2_hybrid200
gemv_512MB,2361,2241.8563943000004,prim_gemv_cinm2_hybrid200
gemv_512MB,2392,2297.4981555,prim_gemv_cinm2_hybrid200
gemv_512MB,2423,2247.6047933,prim_gemv_cinm2_hybrid200
gemv_512MB,2454,2311.9047720999997,prim_gemv_cinm2_hybrid200
gemv_512MB,2485,2439.658948,prim_gemv_cinm2_hybrid200
gemv_512MB,2516,2330.5271529,prim_gemv_cinm2_hybrid200
gemv_512MB,2547,823.7849116,prim_gemv_cinm2_hybrid200
gemv_512MB,2578,2247.75795,prim_gemv_cinm2_hybrid200
gemv_512MB,2609,2204.8967034,prim_gemv_cinm2_hybrid200
gemv_512MB,2640,2286.5860068,prim_gemv_cinm2_hybrid200
gemv_512MB,2671,2242.8962487,prim_gemv_cinm2_hybrid200
gemv_512MB,2702,2167.4129145,prim_gemv_cinm2_hybrid200
gemv_512MB,2733,2229.4021023,prim_gemv_cinm2_hybrid200
gemv_512MB,2764,2200.7384542,prim_gemv_cinm2_hybrid200
gemv_512MB,2795,2203.4306487,prim_gemv_cinm2_hybrid200
gemv_512MB,2826,2299.3546405,prim_gemv_cinm2_hybrid200
gemv_512MB,2857,2293.7113061,prim_gemv_cinm2_hybrid200
gemv_512MB,2888,2244.8439657,prim_gemv_cinm2_hybrid200
gemv_512MB,2919,2246.8610475,prim_gemv_cinm2_hybrid200
gemv_512MB,2950,2248.8393465999998,prim_gemv_cinm2_hybrid200
gemv_512MB,2981,2192.115647,prim_gemv_cinm2_hybrid200
gemv_512MB,3012,2306.0681429,prim_gemv_cinm2_hybrid200
gemv_512MB,3043,2260.2016215,prim_gemv_cinm2_hybrid200
gemv_512MB,3074,2211.3905028000004,prim_gemv_cinm2_hybrid200
gemv_512MB,3105,2205.1630206,prim_gemv_cinm2_hybrid200
gemv_512MB,3136,2235.018422,prim_gemv_cinm2_hybrid200
gemv_512MB,3167,2251.5816502,prim_gemv_cinm2_hybrid200
gemv_512MB,3198,2369.5629773,prim_gemv_cinm2_hybrid200
gemv_512MB,3229,2287.4125674,prim_gemv_cinm2_hybrid200
gemv_512MB,3260,2228.1392084,prim_gemv_cinm2_hybrid200
gemv_512MB,3291,2243.5748713000003,prim_gemv_cinm2_hybrid200
gemv_512MB,3322,2244.6284462,prim_gemv_cinm2_hybrid200
gemv_512MB,3353,2236.8230949,prim_gemv_cinm2_hybrid200
gemv_512MB,3384,2248.1575146,prim_gemv_cinm2_hybrid200
gemv_512MB,3415,2271.4851271999996,prim_gemv_cinm2_hybrid200
gemv_512MB,3446,2308.0535223,prim_gemv_cinm2_hybrid200
gemv_512MB,3477,2181.3015975,prim_gemv_cinm2_hybrid200
gemv_512MB,3508,2247.3077541999996,prim_gemv_cinm2_hybrid200
gemv_512MB,3539,2254.1877412,prim_gemv_cinm2_hybrid200
gemv_512MB,3570,2313.4317768,prim_gemv_cinm2_hybrid200
gemv_512MB,3601,2394.5418961,prim_gemv_cinm2_hybrid200
gemv_512MB,3632,2312.8107141,prim_gemv_cinm2_hybrid200
gemv_512MB,3663,2245.9604574,prim_gemv_cinm2_hybrid200
gemv_512MB,3694,2270.2204653000003,prim_gemv_cinm2_hybrid200
gemv_512MB,3725,2301.750327,prim_gemv_cinm2_hybrid200
gemv_512MB,3756,2241.3501666999996,prim_gemv_cinm2_hybrid200
gemv_512MB,3787,2241.8275178000004,prim_gemv_cinm2_hybrid200
gemv_512MB,3818,2250.1494201,prim_gemv_cinm2_hybrid200
gemv_512MB,3849,2226.1142397,prim_gemv_cinm2_hybrid200
gemv_512MB,3880,2320.592233,prim_gemv_cinm2_hybrid200
gemv_512MB,3911,2247.51519,prim_gemv_cinm2_hybrid200
gemv_512MB,3942,2284.2440262,prim_gemv_cinm2_hybrid200
gemv_512MB,3973,2233.9920278000004,prim_gemv_cinm2_hybrid200
gemv_512MB,4004,2254.5207056,prim_gemv_cinm2_hybrid200
gemv_64MB,67,293.8682175,prim_gemv_cinm2_hybrid200
gemv_64MB,98,295.2030737,prim_gemv_cinm2_hybrid200
gemv_64MB,129,331.6899112,prim_gemv_cinm2_hybrid200
gemv_64MB,160,286.3499477,prim_gemv_cinm2_hybrid200
gemv_64MB,191,308.9236643,prim_gemv_cinm2_hybrid200
gemv_64MB,222,288.7177559,prim_gemv_cinm2_hybrid200
gemv_64MB,253,301.5373303,prim_gemv_cinm2_hybrid200
gemv_64MB,284,293.1623913,prim_gemv_cinm2_hybrid200
gemv_64MB,315,301.98417010000003,prim_gemv_cinm2_hybrid200
gemv_64MB,346,309.05170069999997,prim_gemv_cinm2_hybrid200
gemv_64MB,377,282.66210639999997,prim_gemv_cinm2_hybrid200
gemv_64MB,408,299.0232411,prim_gemv_cinm2_hybrid200
gemv_64MB,439,300.3976027,prim_gemv_cinm2_hybrid200
gemv_64MB,470,301.3473217,prim_gemv_cinm2_hybrid200
gemv_64MB,501,286.3956446,prim_gemv_cinm2_hybrid200
gemv_64MB,532,306.5099358,prim_gemv_cinm2_hybrid200
gemv_64MB,563,297.76482760000005,prim_gemv_cinm2_hybrid200
gemv_64MB,594,290.0997415,prim_gemv_cinm2_hybrid200
gemv_64MB,625,298.2120584,prim_gemv_cinm2_hybrid200
gemv_64MB,656,290.117547,prim_gemv_cinm2_hybrid200
gemv_64MB,687,318.48560860000003,prim_gemv_cinm2_hybrid200
gemv_64MB,718,337.44753330000003,prim_gemv_cinm2_hybrid200
gemv_64MB,749,286.40530789999997,prim_gemv_cinm2_hybrid200
gemv_64MB,780,296.0575228,prim_gemv_cinm2_hybrid200
gemv_64MB,811,311.2890593,prim_gemv_cinm2_hybrid200
gemv_64MB,842,297.0651017,prim_gemv_cinm2_hybrid200
gemv_64MB,873,298.4476568,prim_gemv_cinm2_hybrid200
gemv_64MB,904,312.0533162,prim_gemv_cinm2_hybrid200
gemv_64MB,935,309.5931404,prim_gemv_cinm2_hybrid200
gemv_64MB,966,306.0400907,prim_gemv_cinm2_hybrid200
gemv_64MB,997,306.933082,prim_gemv_cinm2_hybrid200
gemv_64MB,1028,305.4937475,prim_gemv_cinm2_hybrid200
gemv_64MB,1059,297.95550410000004,prim_gemv_cinm2_hybrid200
gemv_64MB,1090,299.845239,prim_gemv_cinm2_hybrid200
gemv_64MB,1121,284.83460160000004,prim_gemv_cinm2_hybrid200
gemv_64MB,1152,297.726362,prim_gemv_cinm2_hybrid200
gemv_64MB,1183,286.1170525,prim_gemv_cinm2_hybrid200
gemv_64MB,1214,279.2907192,prim_gemv_cinm2_hybrid200
gemv_64MB,1245,291.45147430000003,prim_gemv_cinm2_hybrid200
gemv_64MB,1276,291.119722,prim_gemv_cinm2_hybrid200
gemv_64MB,1307,303.10152439999996,prim_gemv_cinm2_hybrid200
gemv_64MB,1338,293.1405327,prim_gemv_cinm2_hybrid200
gemv_64MB,1369,291.2677022,prim_gemv_cinm2_hybrid200
gemv_64MB,1400,302.8306301,prim_gemv_cinm2_hybrid200
gemv_64MB,1431,302.3859589,prim_gemv_cinm2_hybrid200
gemv_64MB,1462,302.92328480000003,prim_gemv_cinm2_hybrid200
gemv_64MB,1493,287.350616,prim_gemv_cinm2_hybrid200
gemv_64MB,1524,309.13002689999996,prim_gemv_cinm2_hybrid200
gemv_64MB,1555,295.7472025,prim_gemv_cinm2_hybrid200
gemv_64MB,1586,297.32408480000004,prim_gemv_cinm2_hybrid200
gemv_64MB,1617,300.0933644,prim_gemv_cinm2_hybrid200
gemv_64MB,1648,301.1750308,prim_gemv_cinm2_hybrid200
gemv_64MB,1679,296.8869299,prim_gemv_cinm2_hybrid200
gemv_64MB,1710,285.65956489999996,prim_gemv_cinm2_hybrid200
gemv_64MB,1741,343.5157788,prim_gemv_cinm2_hybrid200
gemv_64MB,1772,286.8534889,prim_gemv_cinm2_hybrid200
gemv_64MB,1803,294.7844002,prim_gemv_cinm2_hybrid200
gemv_64MB,1834,297.4796578,prim_gemv_cinm2_hybrid200
gemv_64MB,1865,304.9321627,prim_gemv_cinm2_hybrid200
gemv_64MB,1896,292.1749129,prim_gemv_cinm2_hybrid200
gemv_64MB,1927,296.8078483,prim_gemv_cinm2_hybrid200
gemv_64MB,1958,297.6891592,prim_gemv_cinm2_hybrid200
gemv_64MB,1989,284.9627327,prim_gemv_cinm2_hybrid200
gemv_64MB,2020,311.3449637,prim_gemv_cinm2_hybrid200
gemv_64MB,2051,287.61700510000003,prim_gemv_cinm2_hybrid200
gemv_64MB,2082,290.35805980000004,prim_gemv_cinm2_hybrid200
gemv_64MB,2113,286.44322489999996,prim_gemv_cinm2_hybrid200
gemv_64MB,2144,313.47826560000004,prim_gemv_cinm2_hybrid200
gemv_64MB,2175,303.7179196,prim_gemv_cinm2_hybrid200
gemv_64MB,2206,302.7672793,prim_gemv_cinm2_hybrid200
gemv_64MB,2237,280.5431325,prim_gemv_cinm2_hybrid200
gemv_64MB,2268,283.84621960000004,prim_gemv_cinm2_hybrid200
gemv_64MB,2299,298.8913625,prim_gemv_cinm2_hybrid200
gemv_64MB,2330,290.7928682,prim_gemv_cinm2_hybrid200
gemv_64MB,2361,298.8469654,prim_gemv_cinm2_hybrid200
gemv_64MB,2392,291.3446674,prim_gemv_cinm2_hybrid200
gemv_64MB,2423,300.04654689999995,prim_gemv_cinm2_hybrid200
gemv_64MB,2454,296.5446182,prim_gemv_cinm2_hybrid200
gemv_64MB,2485,335.0329805,prim_gemv_cinm2_hybrid200
gemv_64MB,2516,311.2479553,prim_gemv_cinm2_hybrid200
gemv_64MB,2547,289.7313183,prim_gemv_cinm2_hybrid200
gemv_64MB,2578,289.2123332,prim_gemv_cinm2_hybrid200
gemv_64MB,2609,296.5061027,prim_gemv_cinm2_hybrid200
gemv_64MB,2640,288.8290245,prim_gemv_cinm2_hybrid200
gemv_64MB,2671,300.61760169999997,prim_gemv_cinm2_hybrid200
gemv_64MB,2702,291.4469836,prim_gemv_cinm2_hybrid200
gemv_64MB,2733,290.811405,prim_gemv_cinm2_hybrid200
gemv_64MB,2764,306.2041107,prim_gemv_cinm2_hybrid200
gemv_64MB,2795,281.2188683,prim_gemv_cinm2_hybrid200
gemv_64MB,2826,297.8024332,prim_gemv_cinm2_hybrid200
gemv_64MB,2857,293.3628445,prim_gemv_cinm2_hybrid200
gemv_64MB,2888,289.2104635,prim_gemv_cinm2_hybrid200
gemv_64MB,2919,301.32655339999997,prim_gemv_cinm2_hybrid200
gemv_64MB,2950,301.9978241,prim_gemv_cinm2_hybrid200
gemv_64MB,2981,290.3953258,prim_gemv_cinm2_hybrid200
gemv_64MB,3012,298.9796929,prim_gemv_cinm2_hybrid200
gemv_64MB,3043,295.8132971,prim_gemv_cinm2_hybrid200
gemv_64MB,3074,334.6328334,prim_gemv_cinm2_hybrid200
gemv_64MB,3105,313.6321355,prim_gemv_cinm2_hybrid200
gemv_64MB,3136,305.8992242,prim_gemv_cinm2_hybrid200
gemv_64MB,3167,312.8889345,prim_gemv_cinm2_hybrid200
gemv_64MB,3198,330.3162636,prim_gemv_cinm2_hybrid200
gemv_64MB,3229,315.9639382,prim_gemv_cinm2_hybrid200
gemv_64MB,3260,292.5543598,prim_gemv_cinm2_hybrid200
gemv_64MB,3291,285.6804526,prim_gemv_cinm2_hybrid200
gemv_64MB,3322,292.3026238,prim_gemv_cinm2_hybrid200
gemv_64MB,3353,299.3975673,prim_gemv_cinm2_hybrid200
gemv_64MB,3384,301.547581,prim_gemv_cinm2_hybrid200
gemv_64MB,3415,301.384259,prim_gemv_cinm2_hybrid200
gemv_64MB,3446,310.21690639999997,prim_gemv_cinm2_hybrid200
gemv_64MB,3477,326.6236331,prim_gemv_cinm2_hybrid200
gemv_64MB,3508,289.2683673,prim_gemv_cinm2_hybrid200
gemv_64MB,3539,296.4863387,prim_gemv_cinm2_hybrid200
gemv_64MB,3570,301.512465,prim_gemv_cinm2_hybrid200
gemv_64MB,3601,302.6545353,prim_gemv_cinm2_hybrid200
gemv_64MB,3632,310.0621831,prim_gemv_cinm2_hybrid200
gemv_64MB,3663,289.4824359,prim_gemv_cinm2_hybrid200
gemv_64MB,3694,293.50567010000003,prim_gemv_cinm2_hybrid200
gemv_64MB,3725,303.4436111,prim_gemv_cinm2_hybrid200
gemv_64MB,3756,293.2252223,prim_gemv_cinm2_hybrid200
gemv_64MB,3787,288.7805704,prim_gemv_cinm2_hybrid200
gemv_64MB,3818,307.9511684,prim_gemv_cinm2_hybrid200
gemv_64MB,3849,289.13750339999996,prim_gemv_cinm2_hybrid200
gemv_64MB,3880,302.94305230000003,prim_gemv_cinm2_hybrid200
gemv_64MB,3911,297.4371815,prim_gemv_cinm2_hybrid200
gemv_64MB,3942,314.7984427,prim_gemv_cinm2_hybrid200
gemv_64MB,3973,301.8461016,prim_gemv_cinm2_hybrid200
gemv_64MB,4004,326.88597810000005,prim_gemv_cinm2_hybrid200
gemv_256MB,67,1162.9119308,prim_gemv_cinm2_hybrid400
gemv_256MB,98,1105.1672902,prim_gemv_cinm2_hybrid400
gemv_256MB,129,1113.866965,prim_gemv_cinm2_hybrid400
gemv_256MB,160,1129.2706902,prim_gemv_cinm2_hybrid400
gemv_256MB,191,1157.815984,prim_gemv_cinm2_hybrid400
gemv_256MB,222,1129.1559035999999,prim_gemv_cinm2_hybrid400
gemv_256MB,253,1196.218709,prim_gemv_cinm2_hybrid400
gemv_256MB,284,1149.2852180999998,prim_gemv_cinm2_hybrid400
gemv_256MB,315,1204.2009447,prim_gemv_cinm2_hybrid400
gemv_256MB,346,1195.3226049,prim_gemv_cinm2_hybrid400
gemv_256MB,377,1109.038722,prim_gemv_cinm2_hybrid400
gemv_256MB,408,1133.9887947,prim_gemv_cinm2_hybrid400
gemv_256MB,439,1131.6232675,prim_gemv_cinm2_hybrid400
gemv_256MB,470,1160.9043605,prim_gemv_cinm2_hybrid400
gemv_256MB,501,1133.3983595,prim_gemv_cinm2_hybrid400
gemv_256MB,532,1193.4501354000001,prim_gemv_cinm2_hybrid400
gemv_256MB,563,1126.5916277000001,prim_gemv_cinm2_hybrid400
gemv_256MB,594,1111.4173812000001,prim_gemv_cinm2_hybrid400
gemv_256MB,625,1108.827498,prim_gemv_cinm2_hybrid400
gemv_256MB,656,1137.8573887,prim_gemv_cinm2_hybrid400
gemv_256MB,687,1113.4497359000002,prim_gemv_cinm2_hybrid400
gemv_256MB,718,1158.2102043,prim_gemv_cinm2_hybrid400
gemv_256MB,749,1105.5881707,prim_gemv_cinm2_hybrid400
gemv_256MB,780,1159.1009285999999,prim_gemv_cinm2_hybrid400
gemv_256MB,811,1192.0785624,prim_gemv_cinm2_hybrid400
gemv_256MB,842,1161.8611703,prim_gemv_cinm2_hybrid400
gemv_256MB,873,1179.1036456,prim_gemv_cinm2_hybrid400
gemv_256MB,904,1153.7074542999999,prim_gemv_cinm2_hybrid400
gemv_256MB,935,1176.6661921,prim_gemv_cinm2_hybrid400
gemv_256MB,966,1156.8948666,prim_gemv_cinm2_hybrid400
gemv_256MB,997,1213.2416319000001,prim_gemv_cinm2_hybrid400
gemv_256MB,1028,1110.6907133,prim_gemv_cinm2_hybrid400
gemv_256MB,1059,1159.8902072,prim_gemv_cinm2_hybrid400
gemv_256MB,1090,1163.0259431,prim_gemv_cinm2_hybrid400
gemv_256MB,1121,1239.0409077,prim_gemv_cinm2_hybrid400
gemv_256MB,1152,1168.3144603,prim_gemv_cinm2_hybrid400
gemv_256MB,1183,1146.691857,prim_gemv_cinm2_hybrid400
gemv_256MB,1214,1115.7994719,prim_gemv_cinm2_hybrid400
gemv_256MB,1245,1142.2938127999998,prim_gemv_cinm2_hybrid400
gemv_256MB,1276,1100.7774237,prim_gemv_cinm2_hybrid400
gemv_256MB,1307,1150.3585124,prim_gemv_cinm2_hybrid400
gemv_256MB,1338,1149.4113612,prim_gemv_cinm2_hybrid400
gemv_256MB,1369,1139.1425724,prim_gemv_cinm2_hybrid400
gemv_256MB,1400,1166.0543951,prim_gemv_cinm2_hybrid400
gemv_256MB,1431,1151.5663287,prim_gemv_cinm2_hybrid400
gemv_256MB,1462,1150.7887969,prim_gemv_cinm2_hybrid400
gemv_256MB,1493,1130.5407171,prim_gemv_cinm2_hybrid400
gemv_256MB,1524,1182.0962595,prim_gemv_cinm2_hybrid400
gemv_256MB,1555,1164.4215437,prim_gemv_cinm2_hybrid400
gemv_256MB,1586,1112.8067309,prim_gemv_cinm2_hybrid400
gemv_256MB,1617,1140.8211241,prim_gemv_cinm2_hybrid400
gemv_256MB,1648,1112.2801182,prim_gemv_cinm2_hybrid400
gemv_256MB,1679,1145.5181537,prim_gemv_cinm2_hybrid400
gemv_256MB,1710,463.66991989999997,prim_gemv_cinm2_hybrid400
gemv_256MB,1741,1159.8253452000001,prim_gemv_cinm2_hybrid400
gemv_256MB,1772,1133.6587547000001,prim_gemv_cinm2_hybrid400
gemv_256MB,1803,1146.2215873,prim_gemv_cinm2_hybrid400
gemv_256MB,1834,1158.5864865,prim_gemv_cinm2_hybrid400
gemv_256MB,1865,1164.4763422,prim_gemv_cinm2_hybrid400
gemv_256MB,1896,1138.3405567,prim_gemv_cinm2_hybrid400
gemv_256MB,1927,1110.9369959,prim_gemv_cinm2_hybrid400
gemv_256MB,1958,1152.5367941,prim_gemv_cinm2_hybrid400
gemv_256MB,1989,1187.3739845999999,prim_gemv_cinm2_hybrid400
gemv_256MB,2020,1125.1349692000001,prim_gemv_cinm2_hybrid400
gemv_256MB,2051,1267.2879698,prim_gemv_cinm2_hybrid400
gemv_256MB,2082,1142.6187386,prim_gemv_cinm2_hybrid400
gemv_256MB,2113,527.0915158,prim_gemv_cinm2_hybrid400
gemv_256MB,2144,1159.400625,prim_gemv_cinm2_hybrid400
gemv_256MB,2175,1161.9836785999998,prim_gemv_cinm2_hybrid400
gemv_256MB,2206,1223.3180889,prim_gemv_cinm2_hybrid400
gemv_256MB,2237,1106.9322325,prim_gemv_cinm2_hybrid400
gemv_256MB,2268,1136.4674355,prim_gemv_cinm2_hybrid400
gemv_256MB,2299,1164.6671431,prim_gemv_cinm2_hybrid400
gemv_256MB,2330,1127.3833654,prim_gemv_cinm2_hybrid400
gemv_256MB,2361,1152.3910103,prim_gemv_cinm2_hybrid400
gemv_256MB,2392,1154.5949945999998,prim_gemv_cinm2_hybrid400
gemv_256MB,2423,1161.8015825,prim_gemv_cinm2_hybrid400
gemv_256MB,2454,1152.7246087,prim_gemv_cinm2_hybrid400
gemv_256MB,2485,1266.6000479000002,prim_gemv_cinm2_hybrid400
gemv_256MB,2516,1196.8488582999998,prim_gemv_cinm2_hybrid400
gemv_256MB,2547,1126.6166247,prim_gemv_cinm2_hybrid400
gemv_256MB,2578,1140.4072458,prim_gemv_cinm2_hybrid400
gemv_256MB,2609,1120.1342611,prim_gemv_cinm2_hybrid400
gemv_256MB,2640,1186.2224585,prim_gemv_cinm2_hybrid400
gemv_256MB,2671,1156.5209195,prim_gemv_cinm2_hybrid400
gemv_256MB,2702,1105.4742723,prim_gemv_cinm2_hybrid400
gemv_256MB,2733,1150.2227194000002,prim_gemv_cinm2_hybrid400
gemv_256MB,2764,1150.9882481,prim_gemv_cinm2_hybrid400
gemv_256MB,2795,1144.5934534,prim_gemv_cinm2_hybrid400
gemv_256MB,2826,1156.0863349,prim_gemv_cinm2_hybrid400
gemv_256MB,2857,1162.8342434,prim_gemv_cinm2_hybrid400
gemv_256MB,2888,1168.0166922,prim_gemv_cinm2_hybrid400
gemv_256MB,2919,1156.4143527,prim_gemv_cinm2_hybrid400
gemv_256MB,2950,1176.8370355,prim_gemv_cinm2_hybrid400
gemv_256MB,2981,1117.8747985999998,prim_gemv_cinm2_hybrid400
gemv_256MB,3012,1187.684286,prim_gemv_cinm2_hybrid400
gemv_256MB,3043,1142.8561753,prim_gemv_cinm2_hybrid400
gemv_256MB,3074,1252.5228183,prim_gemv_cinm2_hybrid400
gemv_256MB,3105,1118.7017898,prim_gemv_cinm2_hybrid400
gemv_256MB,3136,1143.034404,prim_gemv_cinm2_hybrid400
gemv_256MB,3167,1273.9421727000001,prim_gemv_cinm2_hybrid400
gemv_256MB,3198,1223.8691775999998,prim_gemv_cinm2_hybrid400
gemv_256MB,3229,1186.3890943,prim_gemv_cinm2_hybrid400
gemv_256MB,3260,1141.1833257,prim_gemv_cinm2_hybrid400
gemv_256MB,3291,1140.5613223,prim_gemv_cinm2_hybrid400
gemv_256MB,3322,1147.7448743,prim_gemv_cinm2_hybrid400
gemv_256MB,3353,1137.8761294,prim_gemv_cinm2_hybrid400
gemv_256MB,3384,1168.8310422,prim_gemv_cinm2_hybrid400
gemv_256MB,3415,1171.0903796,prim_gemv_cinm2_hybrid400
gemv_256MB,3446,1131.4617137,prim_gemv_cinm2_hybrid400
gemv_256MB,3477,1161.1914913,prim_gemv_cinm2_hybrid400
gemv_256MB,3508,1141.5613457,prim_gemv_cinm2_hybrid400
gemv_256MB,3539,1162.9026204000002,prim_gemv_cinm2_hybrid400
gemv_256MB,3570,1163.9506775,prim_gemv_cinm2_hybrid400
gemv_256MB,3601,1150.4833910999998,prim_gemv_cinm2_hybrid400
gemv_256MB,3632,1185.6759093,prim_gemv_cinm2_hybrid400
gemv_256MB,3663,1137.3961254,prim_gemv_cinm2_hybrid400
gemv_256MB,3694,1167.4101113,prim_gemv_cinm2_hybrid400
gemv_256MB,3725,1161.71163,prim_gemv_cinm2_hybrid400
gemv_256MB,3756,1139.2137136,prim_gemv_cinm2_hybrid400
gemv_256MB,3787,1136.9899632000001,prim_gemv_cinm2_hybrid400
gemv_256MB,3818,1165.1552944,prim_gemv_cinm2_hybrid400
gemv_256MB,3849,1154.9495616,prim_gemv_cinm2_hybrid400
gemv_256MB,3880,1174.5995666,prim_gemv_cinm2_hybrid400
gemv_256MB,3911,1154.0390995,prim_gemv_cinm2_hybrid400
gemv_256MB,3942,1160.0267519000001,prim_gemv_cinm2_hybrid400
gemv_256MB,3973,1133.7762263,prim_gemv_cinm2_hybrid400
gemv_256MB,4004,1144.1539762,prim_gemv_cinm2_hybrid400
gemv_4MB,67,19.6726542,prim_gemv_cinm2_hybrid400
gemv_4MB,98,19.514039399999998,prim_gemv_cinm2_hybrid400
gemv_4MB,129,19.522674,prim_gemv_cinm2_hybrid400
gemv_4MB,160,20.7682687,prim_gemv_cinm2_hybrid400
gemv_4MB,191,22.578158300000002,prim_gemv_cinm2_hybrid400
gemv_4MB,222,19.177733399999997,prim_gemv_cinm2_hybrid400
gemv_4MB,253,20.0006047,prim_gemv_cinm2_hybrid400
gemv_4MB,284,18.9488792,prim_gemv_cinm2_hybrid400
gemv_4MB,315,18.539895100000003,prim_gemv_cinm2_hybrid400
gemv_4MB,346,21.9966072,prim_gemv_cinm2_hybrid400
gemv_4MB,377,20.9447933,prim_gemv_cinm2_hybrid400
gemv_4MB,408,19.2165123,prim_gemv_cinm2_hybrid400
gemv_4MB,439,24.2030088,prim_gemv_cinm2_hybrid400
gemv_4MB,470,20.1361257,prim_gemv_cinm2_hybrid400
gemv_4MB,501,24.7534853,prim_gemv_cinm2_hybrid400
gemv_4MB,532,20.8603853,prim_gemv_cinm2_hybrid400
gemv_4MB,563,18.9506371,prim_gemv_cinm2_hybrid400
gemv_4MB,594,19.3565493,prim_gemv_cinm2_hybrid400
gemv_4MB,625,23.578083,prim_gemv_cinm2_hybrid400
gemv_4MB,656,19.3319136,prim_gemv_cinm2_hybrid400
gemv_4MB,687,18.947897,prim_gemv_cinm2_hybrid400
gemv_4MB,718,22.0485032,prim_gemv_cinm2_hybrid400
gemv_4MB,749,20.882501100000002,prim_gemv_cinm2_hybrid400
gemv_4MB,780,19.915403,prim_gemv_cinm2_hybrid400
gemv_4MB,811,25.9794145,prim_gemv_cinm2_hybrid400
gemv_4MB,842,17.473278399999998,prim_gemv_cinm2_hybrid400
gemv_4MB,873,19.9662228,prim_gemv_cinm2_hybrid400
gemv_4MB,904,17.826346100000002,prim_gemv_cinm2_hybrid400
gemv_4MB,935,18.113119,prim_gemv_cinm2_hybrid400
gemv_4MB,966,20.7188187,prim_gemv_cinm2_hybrid400
gemv_4MB,997,19.8596543,prim_gemv_cinm2_hybrid400
gemv_4MB,1028,22.9344231,prim_gemv_cinm2_hybrid400
gemv_4MB,1059,20.8763793,prim_gemv_cinm2_hybrid400
gemv_4MB,1090,21.6648924,prim_gemv_cinm2_hybrid400
gemv_4MB,1121,23.3660125,prim_gemv_cinm2_hybrid400
gemv_4MB,1152,18.1933481,prim_gemv_cinm2_hybrid400
gemv_4MB,1183,18.5856731,prim_gemv_cinm2_hybrid400
gemv_4MB,1214,24.620425100000002,prim_gemv_cinm2_hybrid400
gemv_4MB,1245,19.7611477,prim_gemv_cinm2_hybrid400
gemv_4MB,1276,24.5731071,prim_gemv_cinm2_hybrid400
gemv_4MB,1307,21.4349255,prim_gemv_cinm2_hybrid400
gemv_4MB,1338,18.9596886,prim_gemv_cinm2_hybrid400
gemv_4MB,1369,6.2445705,prim_gemv_cinm2_hybrid400
gemv_4MB,1400,7.1566838,prim_gemv_cinm2_hybrid400
gemv_4MB,1431,23.4374753,prim_gemv_cinm2_hybrid400
gemv_4MB,1462,22.0280417,prim_gemv_cinm2_hybrid400
gemv_4MB,1493,19.021584,prim_gemv_cinm2_hybrid400
gemv_4MB,1524,8.976532599999999,prim_gemv_cinm2_hybrid400
gemv_4MB,1555,20.4164812,prim_gemv_cinm2_hybrid400
gemv_4MB,1586,24.8156665,prim_gemv_cinm2_hybrid400
gemv_4MB,1617,23.2532377,prim_gemv_cinm2_hybrid400
gemv_4MB,1648,20.5728456,prim_gemv_cinm2_hybrid400
gemv_4MB,1679,20.2327469,prim_gemv_cinm2_hybrid400
gemv_4MB,1710,17.2600618,prim_gemv_cinm2_hybrid400
gemv_4MB,1741,19.479813,prim_gemv_cinm2_hybrid400
gemv_4MB,1772,21.095439600000002,prim_gemv_cinm2_hybrid400
gemv_4MB,1803,19.3713556,prim_gemv_cinm2_hybrid400
gemv_4MB,1834,26.5493695,prim_gemv_cinm2_hybrid400
gemv_4MB,1865,19.258684199999998,prim_gemv_cinm2_hybrid400
gemv_4MB,1896,19.0042074,prim_gemv_cinm2_hybrid400
gemv_4MB,1927,20.8325591,prim_gemv_cinm2_hybrid400
gemv_4MB,1958,20.140411399999998,prim_gemv_cinm2_hybrid400
gemv_4MB,1989,19.751381100000003,prim_gemv_cinm2_hybrid400
gemv_4MB,2020,19.007971899999998,prim_gemv_cinm2_hybrid400
gemv_4MB,2051,23.8002327,prim_gemv_cinm2_hybrid400
gemv_4MB,2082,19.7324173,prim_gemv_cinm2_hybrid400
gemv_4MB,2113,23.5592412,prim_gemv_cinm2_hybrid400
gemv_4MB,2144,19.303471,prim_gemv_cinm2_hybrid400
gemv_4MB,2175,19.5325694,prim_gemv_cinm2_hybrid400
gemv_4MB,2206,23.7710501,prim_gemv_cinm2_hybrid400
gemv_4MB,2237,23.359304100000003,prim_gemv_cinm2_hybrid400
gemv_4MB,2268,22.068969,prim_gemv_cinm2_hybrid400
gemv_4MB,2299,24.513745699999998,prim_gemv_cinm2_hybrid400
gemv_4MB,2330,19.2051732,prim_gemv_cinm2_hybrid400
gemv_4MB,2361,19.9110528,prim_gemv_cinm2_hybrid400
gemv_4MB,2392,25.3477988,prim_gemv_cinm2_hybrid400
gemv_4MB,2423,18.9270972,prim_gemv_cinm2_hybrid400
gemv_4MB,2454,19.0906539,prim_gemv_cinm2_hybrid400
gemv_4MB,2485,20.0150155,prim_gemv_cinm2_hybrid400
gemv_4MB,2516,18.3138602,prim_gemv_cinm2_hybrid400
gemv_4MB,2547,18.0015085,prim_gemv_cinm2_hybrid400
gemv_4MB,2578,24.354026,prim_gemv_cinm2_hybrid400
gemv_4MB,2609,27.6981122,prim_gemv_cinm2_hybrid400
gemv_4MB,2640,17.413944,prim_gemv_cinm2_hybrid400
gemv_4MB,2671,21.774261399999997,prim_gemv_cinm2_hybrid400
gemv_4MB,2702,19.4375875,prim_gemv_cinm2_hybrid400
gemv_4MB,2733,17.942162600000003,prim_gemv_cinm2_hybrid400
gemv_4MB,2764,23.380065300000002,prim_gemv_cinm2_hybrid400
gemv_4MB,2795,24.3285801,prim_gemv_cinm2_hybrid400
gemv_4MB,2826,27.3822437,prim_gemv_cinm2_hybrid400
gemv_4MB,2857,18.3482591,prim_gemv_cinm2_hybrid400
gemv_4MB,2888,23.775997,prim_gemv_cinm2_hybrid400
gemv_4MB,2919,19.402724199999998,prim_gemv_cinm2_hybrid400
gemv_4MB,2950,19.275204600000002,prim_gemv_cinm2_hybrid400
gemv_4MB,2981,20.636505399999997,prim_gemv_cinm2_hybrid400
gemv_4MB,3012,20.7998573,prim_gemv_cinm2_hybrid400
gemv_4MB,3043,19.7298383,prim_gemv_cinm2_hybrid400
gemv_4MB,3074,6.0911922999999994,prim_gemv_cinm2_hybrid400
gemv_4MB,3105,18.8617843,prim_gemv_cinm2_hybrid400
gemv_4MB,3136,23.7695471,prim_gemv_cinm2_hybrid400
gemv_4MB,3167,23.794795899999997,prim_gemv_cinm2_hybrid400
gemv_4MB,3198,10.9270945,prim_gemv_cinm2_hybrid400
gemv_4MB,3229,18.0361176,prim_gemv_cinm2_hybrid400
gemv_4MB,3260,21.6199017,prim_gemv_cinm2_hybrid400
gemv_4MB,3291,20.4040292,prim_gemv_cinm2_hybrid400
gemv_4MB,3322,19.6271429,prim_gemv_cinm2_hybrid400
gemv_4MB,3353,18.984816300000002,prim_gemv_cinm2_hybrid400
gemv_4MB,3384,20.431389,prim_gemv_cinm2_hybrid400
gemv_4MB,3415,18.454223199999998,prim_gemv_cinm2_hybrid400
gemv_4MB,3446,18.7502765,prim_gemv_cinm2_hybrid400
gemv_4MB,3477,20.3148546,prim_gemv_cinm2_hybrid400
gemv_4MB,3508,22.6064497,prim_gemv_cinm2_hybrid400
gemv_4MB,3539,19.5386335,prim_gemv_cinm2_hybrid400
gemv_4MB,3570,7.3912747,prim_gemv_cinm2_hybrid400
gemv_4MB,3601,20.735485399999998,prim_gemv_cinm2_hybrid400
gemv_4MB,3632,18.1811775,prim_gemv_cinm2_hybrid400
gemv_4MB,3663,18.2457426,prim_gemv_cinm2_hybrid400
gemv_4MB,3694,18.1299813,prim_gemv_cinm2_hybrid400
gemv_4MB,3725,7.2523461,prim_gemv_cinm2_hybrid400
gemv_4MB,3756,23.272138899999998,prim_gemv_cinm2_hybrid400
gemv_4MB,3787,19.4025108,prim_gemv_cinm2_hybrid400
gemv_4MB,3818,20.4279774,prim_gemv_cinm2_hybrid400
gemv_4MB,3849,18.2565436,prim_gemv_cinm2_hybrid400
gemv_4MB,3880,19.0175176,prim_gemv_cinm2_hybrid400
gemv_4MB,3911,20.4993391,prim_gemv_cinm2_hybrid400
gemv_4MB,3942,17.779524600000002,prim_gemv_cinm2_hybrid400
gemv_4MB,3973,23.2921929,prim_gemv_cinm2_hybrid400
gemv_4MB,4004,18.0300781,prim_gemv_cinm2_hybrid400
gemv_512MB,67,2266.0989965,prim_gemv_cinm2_hybrid400
gemv_512MB,98,2238.1928122,prim_gemv_cinm2_hybrid400
gemv_512MB,129,734.6571891,prim_gemv_cinm2_hybrid400
gemv_512MB,160,2247.1226063000004,prim_gemv_cinm2_hybrid400
gemv_512MB,191,2261.6357585,prim_gemv_cinm2_hybrid400
gemv_512MB,222,2224.3794709,prim_gemv_cinm2_hybrid400
gemv_512MB,253,2309.8332045,prim_gemv_cinm2_hybrid400
gemv_512MB,284,2239.8311231,prim_gemv_cinm2_hybrid400
gemv_512MB,315,883.7648036,prim_gemv_cinm2_hybrid400
gemv_512MB,346,2314.7608423,prim_gemv_cinm2_hybrid400
gemv_512MB,377,2207.5681819,prim_gemv_cinm2_hybrid400
gemv_512MB,408,2239.0867716,prim_gemv_cinm2_hybrid400
gemv_512MB,439,2222.8915441,prim_gemv_cinm2_hybrid400
gemv_512MB,470,2303.7748056,prim_gemv_cinm2_hybrid400
gemv_512MB,501,2252.0280568000003,prim_gemv_cinm2_hybrid400
gemv_512MB,532,2333.8889704000003,prim_gemv_cinm2_hybrid400
gemv_512MB,563,2207.6465103,prim_gemv_cinm2_hybrid400
gemv_512MB,594,2200.4967913,prim_gemv_cinm2_hybrid400
gemv_512MB,625,2298.9360761999997,prim_gemv_cinm2_hybrid400
gemv_512MB,656,2250.4238161,prim_gemv_cinm2_hybrid400
gemv_512MB,687,2195.6485594,prim_gemv_cinm2_hybrid400
gemv_512MB,718,2252.7424235999997,prim_gemv_cinm2_hybrid400
gemv_512MB,749,872.0385919,prim_gemv_cinm2_hybrid400
gemv_512MB,780,2307.4751393,prim_gemv_cinm2_hybrid400
gemv_512MB,811,2328.938772,prim_gemv_cinm2_hybrid400
gemv_512MB,842,2301.6417491999996,prim_gemv_cinm2_hybrid400
gemv_512MB,873,2313.7165723000003,prim_gemv_cinm2_hybrid400
gemv_512MB,904,2299.5868084,prim_gemv_cinm2_hybrid400
gemv_512MB,935,2295.8360313000003,prim_gemv_cinm2_hybrid400
gemv_512MB,966,2300.8387602,prim_gemv_cinm2_hybrid400
gemv_512MB,997,2368.2480634000003,prim_gemv_cinm2_hybrid400
gemv_512MB,1028,2209.2895835,prim_gemv_cinm2_hybrid400
gemv_512MB,1059,2247.6067887,prim_gemv_cinm2_hybrid400
gemv_512MB,1090,2258.669209,prim_gemv_cinm2_hybrid400
gemv_512MB,1121,2293.9015939,prim_gemv_cinm2_hybrid400
gemv_512MB,1152,2313.3542661,prim_gemv_cinm2_hybrid400
gemv_512MB,1183,2229.584266,prim_gemv_cinm2_hybrid400
gemv_512MB,1214,972.0279195,prim_gemv_cinm2_hybrid400
gemv_512MB,1245,2243.4718516,prim_gemv_cinm2_hybrid400
gemv_512MB,1276,2422.3059144,prim_gemv_cinm2_hybrid400
gemv_512MB,1307,2314.8216726,prim_gemv_cinm2_hybrid400
gemv_512MB,1338,2248.7439408,prim_gemv_cinm2_hybrid400
gemv_512MB,1369,2244.2278907,prim_gemv_cinm2_hybrid400
gemv_512MB,1400,2243.426137,prim_gemv_cinm2_hybrid400
gemv_512MB,1431,2269.667709,prim_gemv_cinm2_hybrid400
gemv_512MB,1462,2314.2629114,prim_gemv_cinm2_hybrid400
gemv_512MB,1493,2233.1830966999996,prim_gemv_cinm2_hybrid400
gemv_512MB,1524,2241.6336319,prim_gemv_cinm2_hybrid400
gemv_512MB,1555,2240.1913379000002,prim_gemv_cinm2_hybrid400
gemv_512MB,1586,2203.9663698000004,prim_gemv_cinm2_hybrid400
gemv_512MB,1617,2235.6219933,prim_gemv_cinm2_hybrid400
gemv_512MB,1648,2227.286783,prim_gemv_cinm2_hybrid400
gemv_512MB,1679,2245.1649595999997,prim_gemv_cinm2_hybrid400
gemv_512MB,1710,975.0207582,prim_gemv_cinm2_hybrid400
gemv_512MB,1741,2307.870578,prim_gemv_cinm2_hybrid400
gemv_512MB,1772,2257.0742881,prim_gemv_cinm2_hybrid400
gemv_512MB,1803,2258.3857132,prim_gemv_cinm2_hybrid400
gemv_512MB,1834,2313.3673394,prim_gemv_cinm2_hybrid400
gemv_512MB,1865,2185.6162608,prim_gemv_cinm2_hybrid400
gemv_512MB,1896,2236.7006698,prim_gemv_cinm2_hybrid400
gemv_512MB,1927,2211.1324729000003,prim_gemv_cinm2_hybrid400
gemv_512MB,1958,2286.4562813000002,prim_gemv_cinm2_hybrid400
gemv_512MB,1989,2140.3046032,prim_gemv_cinm2_hybrid400
gemv_512MB,2020,2201.390212,prim_gemv_cinm2_hybrid400
gemv_512MB,2051,2397.5095309000003,prim_gemv_cinm2_hybrid400
gemv_512MB,2082,2236.6497665,prim_gemv_cinm2_hybrid400
gemv_512MB,2113,2248.0002204,prim_gemv_cinm2_hybrid400
gemv_512MB,2144,2314.3386956,prim_gemv_cinm2_hybrid400
gemv_512MB,2175,2311.9817866999997,prim_gemv_cinm2_hybrid400
gemv_512MB,2206,2203.065169,prim_gemv_cinm2_hybrid400
gemv_512MB,2237,2177.7405779,prim_gemv_cinm2_hybrid400
gemv_512MB,2268,2246.9038705,prim_gemv_cinm2_hybrid400
gemv_512MB,2299,2292.0229590999998,prim_gemv_cinm2_hybrid400
gemv_512MB,2330,2243.7081111999996,prim_gemv_cinm2_hybrid400
gemv_512MB,2361,2236.8134216,prim_gemv_cinm2_hybrid400
gemv_512MB,2392,2300.1273578,prim_gemv_cinm2_hybrid400
gemv_512MB,2423,2254.0612504,prim_gemv_cinm2_hybrid400
gemv_512MB,2454,2311.2966116999996,prim_gemv_cinm2_hybrid400
gemv_512MB,2485,863.1353652,prim_gemv_cinm2_hybrid400
gemv_512MB,2516,2342.5751403000004,prim_gemv_cinm2_hybrid400
gemv_512MB,2547,2284.1937605999997,prim_gemv_cinm2_hybrid400
gemv_512MB,2578,2247.8949079,prim_gemv_cinm2_hybrid400
gemv_512MB,2609,2444.3812801,prim_gemv_cinm2_hybrid400
gemv_512MB,2640,2295.0357488,prim_gemv_cinm2_hybrid400
gemv_512MB,2671,2245.2398527,prim_gemv_cinm2_hybrid400
gemv_512MB,2702,2191.4430009000002,prim_gemv_cinm2_hybrid400
gemv_512MB,2733,2247.5629375,prim_gemv_cinm2_hybrid400
gemv_512MB,2764,2298.2564104000003,prim_gemv_cinm2_hybrid400
gemv_512MB,2795,2372.5494369000003,prim_gemv_cinm2_hybrid400
gemv_512MB,2826,2291.1173681,prim_gemv_cinm2_hybrid400
gemv_512MB,2857,2198.3964036999996,prim_gemv_cinm2_hybrid400
gemv_512MB,2888,2321.1913104,prim_gemv_cinm2_hybrid400
gemv_512MB,2919,2250.6230692,prim_gemv_cinm2_hybrid400
gemv_512MB,2950,2251.7360433000003,prim_gemv_cinm2_hybrid400
gemv_512MB,2981,2186.4258988,prim_gemv_cinm2_hybrid400
gemv_512MB,3012,2317.7878611,prim_gemv_cinm2_hybrid400
gemv_512MB,3043,2307.2171443,prim_gemv_cinm2_hybrid400
gemv_512MB,3074,2199.2310598000004,prim_gemv_cinm2_hybrid400
gemv_512MB,3105,2199.6711423,prim_gemv_cinm2_hybrid400
gemv_512MB,3136,2236.7409951,prim_gemv_cinm2_hybrid400
gemv_512MB,3167,2257.7424489,prim_gemv_cinm2_hybrid400
gemv_512MB,3198,2238.5511382,prim_gemv_cinm2_hybrid400
gemv_512MB,3229,2284.6613223000004,prim_gemv_cinm2_hybrid400
gemv_512MB,3260,2240.0543821,prim_gemv_cinm2_hybrid400
gemv_512MB,3291,2235.2673411,prim_gemv_cinm2_hybrid400
gemv_512MB,3322,2251.6013811999997,prim_gemv_cinm2_hybrid400
gemv_512MB,3353,2201.9770444,prim_gemv_cinm2_hybrid400
gemv_512MB,3384,2259.0938728,prim_gemv_cinm2_hybrid400
gemv_512MB,3415,2314.6289569,prim_gemv_cinm2_hybrid400
gemv_512MB,3446,2311.0292818000003,prim_gemv_cinm2_hybrid400
gemv_512MB,3477,2204.4097766,prim_gemv_cinm2_hybrid400
gemv_512MB,3508,2247.369065,prim_gemv_cinm2_hybrid400
gemv_512MB,3539,2244.3371978,prim_gemv_cinm2_hybrid400
gemv_512MB,3570,2324.6383748000003,prim_gemv_cinm2_hybrid400
gemv_512MB,3601,2332.452548,prim_gemv_cinm2_hybrid400
gemv_512MB,3632,2321.6210736999997,prim_gemv_cinm2_hybrid400
gemv_512MB,3663,2259.564321,prim_gemv_cinm2_hybrid400
gemv_512MB,3694,2304.6003011999996,prim_gemv_cinm2_hybrid400
gemv_512MB,3725,2303.4671974000003,prim_gemv_cinm2_hybrid400
gemv_512MB,3756,2241.4182201,prim_gemv_cinm2_hybrid400
gemv_512MB,3787,2254.5868873000004,prim_gemv_cinm2_hybrid400
gemv_512MB,3818,2245.2703406,prim_gemv_cinm2_hybrid400
gemv_512MB,3849,2293.2182702,prim_gemv_cinm2_hybrid400
gemv_512MB,3880,2329.84504,prim_gemv_cinm2_hybrid400
gemv_512MB,3911,2249.2086375,prim_gemv_cinm2_hybrid400
gemv_512MB,3942,2298.8095925,prim_gemv_cinm2_hybrid400
gemv_512MB,3973,2226.8420774,prim_gemv_cinm2_hybrid400
gemv_512MB,4004,2245.7554753000004,prim_gemv_cinm2_hybrid400
gemv_64MB,67,296.7349762,prim_gemv_cinm2_hybrid400
gemv_64MB,98,293.9788845,prim_gemv_cinm2_hybrid400
gemv_64MB,129,292.42619260000004,prim_gemv_cinm2_hybrid400
gemv_64MB,160,296.7597296,prim_gemv_cinm2_hybrid400
gemv_64MB,191,312.0537932,prim_gemv_cinm2_hybrid400
gemv_64MB,222,287.8022455,prim_gemv_cinm2_hybrid400
gemv_64MB,253,299.93579589999996,prim_gemv_cinm2_hybrid400
gemv_64MB,284,291.09207580000003,prim_gemv_cinm2_hybrid400
gemv_64MB,315,279.9389692,prim_gemv_cinm2_hybrid400
gemv_64MB,346,314.0031305,prim_gemv_cinm2_hybrid400
gemv_64MB,377,280.6431093,prim_gemv_cinm2_hybrid400
gemv_64MB,408,295.6415419,prim_gemv_cinm2_hybrid400
gemv_64MB,439,303.4752724,prim_gemv_cinm2_hybrid400
gemv_64MB,470,300.7187425,prim_gemv_cinm2_hybrid400
gemv_64MB,501,286.6239622,prim_gemv_cinm2_hybrid400
gemv_64MB,532,306.0659073,prim_gemv_cinm2_hybrid400
gemv_64MB,563,295.7044934,prim_gemv_cinm2_hybrid400
gemv_64MB,594,288.2751728,prim_gemv_cinm2_hybrid400
gemv_64MB,625,301.5312005,prim_gemv_cinm2_hybrid400
gemv_64MB,656,305.4787609,prim_gemv_cinm2_hybrid400
gemv_64MB,687,303.9846948,prim_gemv_cinm2_hybrid400
gemv_64MB,718,292.6902341,prim_gemv_cinm2_hybrid400
gemv_64MB,749,284.4956009,prim_gemv_cinm2_hybrid400
gemv_64MB,780,292.7807929,prim_gemv_cinm2_hybrid400
gemv_64MB,811,309.8590202,prim_gemv_cinm2_hybrid400
gemv_64MB,842,298.7830675,prim_gemv_cinm2_hybrid400
gemv_64MB,873,294.6788566,prim_gemv_cinm2_hybrid400
gemv_64MB,904,284.7184185,prim_gemv_cinm2_hybrid400
gemv_64MB,935,310.1408477,prim_gemv_cinm2_hybrid400
gemv_64MB,966,301.5378404,prim_gemv_cinm2_hybrid400
gemv_64MB,997,308.11339069999997,prim_gemv_cinm2_hybrid400
gemv_64MB,1028,305.2225742,prim_gemv_cinm2_hybrid400
gemv_64MB,1059,296.742193,prim_gemv_cinm2_hybrid400
gemv_64MB,1090,295.52466119999997,prim_gemv_cinm2_hybrid400
gemv_64MB,1121,308.0845624,prim_gemv_cinm2_hybrid400
gemv_64MB,1152,297.84580969999996,prim_gemv_cinm2_hybrid400
gemv_64MB,1183,285.4403584,prim_gemv_cinm2_hybrid400
gemv_64MB,1214,288.495628,prim_gemv_cinm2_hybrid400
gemv_64MB,1245,287.41536360000003,prim_gemv_cinm2_hybrid400
gemv_64MB,1276,290.9345943,prim_gemv_cinm2_hybrid400
gemv_64MB,1307,298.3792295,prim_gemv_cinm2_hybrid400
gemv_64MB,1338,118.7373498,prim_gemv_cinm2_hybrid400
gemv_64MB,1369,290.3887395,prim_gemv_cinm2_hybrid400
gemv_64MB,1400,302.1955783,prim_gemv_cinm2_hybrid400
gemv_64MB,1431,301.4074613,prim_gemv_cinm2_hybrid400
gemv_64MB,1462,301.3567698,prim_gemv_cinm2_hybrid400
gemv_64MB,1493,290.8919487,prim_gemv_cinm2_hybrid400
gemv_64MB,1524,287.88635,prim_gemv_cinm2_hybrid400
gemv_64MB,1555,298.4381508,prim_gemv_cinm2_hybrid400
gemv_64MB,1586,299.06397069999997,prim_gemv_cinm2_hybrid400
gemv_64MB,1617,299.0966099,prim_gemv_cinm2_hybrid400
gemv_64MB,1648,299.6110715,prim_gemv_cinm2_hybrid400
gemv_64MB,1679,304.72605169999997,prim_gemv_cinm2_hybrid400
gemv_64MB,1710,292.1262445,prim_gemv_cinm2_hybrid400
gemv_64MB,1741,296.94479939999997,prim_gemv_cinm2_hybrid400
gemv_64MB,1772,288.2785548,prim_gemv_cinm2_hybrid400
gemv_64MB,1803,290.2503182,prim_gemv_cinm2_hybrid400
gemv_64MB,1834,293.3522921,prim_gemv_cinm2_hybrid400
gemv_64MB,1865,301.58223830000003,prim_gemv_cinm2_hybrid400
gemv_64MB,1896,303.7859027,prim_gemv_cinm2_hybrid400
gemv_64MB,1927,286.8315931,prim_gemv_cinm2_hybrid400
gemv_64MB,1958,298.2216156,prim_gemv_cinm2_hybrid400
gemv_64MB,1989,284.190407,prim_gemv_cinm2_hybrid400
gemv_64MB,2020,310.3932665,prim_gemv_cinm2_hybrid400
gemv_64MB,2051,305.86558560000003,prim_gemv_cinm2_hybrid400
gemv_64MB,2082,285.6171167,prim_gemv_cinm2_hybrid400
gemv_64MB,2113,286.86093919999996,prim_gemv_cinm2_hybrid400
gemv_64MB,2144,328.12809089999996,prim_gemv_cinm2_hybrid400
gemv_64MB,2175,300.2918127,prim_gemv_cinm2_hybrid400
gemv_64MB,2206,304.3876253,prim_gemv_cinm2_hybrid400
gemv_64MB,2237,284.1924763,prim_gemv_cinm2_hybrid400
gemv_64MB,2268,313.75948239999997,prim_gemv_cinm2_hybrid400
gemv_64MB,2299,295.8599312,prim_gemv_cinm2_hybrid400
gemv_64MB,2330,290.6463452,prim_gemv_cinm2_hybrid400
gemv_64MB,2361,301.0623483,prim_gemv_cinm2_hybrid400
gemv_64MB,2392,291.7151476,prim_gemv_cinm2_hybrid400
gemv_64MB,2423,300.2931512,prim_gemv_cinm2_hybrid400
gemv_64MB,2454,295.60249760000005,prim_gemv_cinm2_hybrid400
gemv_64MB,2485,335.4261079,prim_gemv_cinm2_hybrid400
gemv_64MB,2516,312.1234897,prim_gemv_cinm2_hybrid400
gemv_64MB,2547,292.7738567,prim_gemv_cinm2_hybrid400
gemv_64MB,2578,289.3733377,prim_gemv_cinm2_hybrid400
gemv_64MB,2609,291.8817672,prim_gemv_cinm2_hybrid400
gemv_64MB,2640,289.2903095,prim_gemv_cinm2_hybrid400
gemv_64MB,2671,301.7672485,prim_gemv_cinm2_hybrid400
gemv_64MB,2702,293.8100157,prim_gemv_cinm2_hybrid400
gemv_64MB,2733,296.33336180000003,prim_gemv_cinm2_hybrid400
gemv_64MB,2764,306.0165585,prim_gemv_cinm2_hybrid400
gemv_64MB,2795,290.6828178,prim_gemv_cinm2_hybrid400
gemv_64MB,2826,290.9067385,prim_gemv_cinm2_hybrid400
gemv_64MB,2857,290.6015285,prim_gemv_cinm2_hybrid400
gemv_64MB,2888,314.08236489999996,prim_gemv_cinm2_hybrid400
gemv_64MB,2919,300.00476360000005,prim_gemv_cinm2_hybrid400
gemv_64MB,2950,299.3807985,prim_gemv_cinm2_hybrid400
gemv_64MB,2981,290.56054389999997,prim_gemv_cinm2_hybrid400
gemv_64MB,3012,298.14754289999996,prim_gemv_cinm2_hybrid400
gemv_64MB,3043,296.7638452,prim_gemv_cinm2_hybrid400
gemv_64MB,3074,338.7968088,prim_gemv_cinm2_hybrid400
gemv_64MB,3105,325.97381939999997,prim_gemv_cinm2_hybrid400
gemv_64MB,3136,325.4910822,prim_gemv_cinm2_hybrid400
gemv_64MB,3167,284.7492411,prim_gemv_cinm2_hybrid400
gemv_64MB,3198,292.29530589999996,prim_gemv_cinm2_hybrid400
gemv_64MB,3229,315.4426129,prim_gemv_cinm2_hybrid400
gemv_64MB,3260,292.86442,prim_gemv_cinm2_hybrid400
gemv_64MB,3291,116.63596709999999,prim_gemv_cinm2_hybrid400
gemv_64MB,3322,292.2058882,prim_gemv_cinm2_hybrid400
gemv_64MB,3353,295.86740860000003,prim_gemv_cinm2_hybrid400
gemv_64MB,3384,280.9206025,prim_gemv_cinm2_hybrid400
gemv_64MB,3415,303.4317823,prim_gemv_cinm2_hybrid400
gemv_64MB,3446,285.2319193,prim_gemv_cinm2_hybrid400
gemv_64MB,3477,314.6301565,prim_gemv_cinm2_hybrid400
gemv_64MB,3508,287.0928685,prim_gemv_cinm2_hybrid400
gemv_64MB,3539,294.5421192,prim_gemv_cinm2_hybrid400
gemv_64MB,3570,302.505186,prim_gemv_cinm2_hybrid400
gemv_64MB,3601,302.55003189999996,prim_gemv_cinm2_hybrid400
gemv_64MB,3632,311.9462435,prim_gemv_cinm2_hybrid400
gemv_64MB,3663,290.2953545,prim_gemv_cinm2_hybrid400
gemv_64MB,3694,301.5657016,prim_gemv_cinm2_hybrid400
gemv_64MB,3725,304.4597073,prim_gemv_cinm2_hybrid400
gemv_64MB,3756,294.64187660000005,prim_gemv_cinm2_hybrid400
gemv_64MB,3787,311.7394901,prim_gemv_cinm2_hybrid400
gemv_64MB,3818,286.2445243,prim_gemv_cinm2_hybrid400
gemv_64MB,3849,287.5319394,prim_gemv_cinm2_hybrid400
gemv_64MB,3880,316.5668893,prim_gemv_cinm2_hybrid400
gemv_64MB,3911,310.4228365,prim_gemv_cinm2_hybrid400
gemv_64MB,3942,312.5092954,prim_gemv_cinm2_hybrid400
gemv_64MB,3973,305.11735910000004,prim_gemv_cinm2_hybrid400
gemv_64MB,4004,290.0972443,prim_gemv_cinm2_hybrid400
gemv_256MB,67,1114.6012573,prim_gemv_cinm1
gemv_256MB,98,1067.1837008,prim_gemv_cinm1
gemv_256MB,129,1153.0357225999999,prim_gemv_cinm1
gemv_256MB,160,1134.6654649000002,prim_gemv_cinm1
gemv_256MB,191,1083.7129444000002,prim_gemv_cinm1
gemv_256MB,222,1153.5955236,prim_gemv_cinm1
gemv_256MB,253,1076.1441049,prim_gemv_cinm1
gemv_256MB,284,1070.6448857999999,prim_gemv_cinm1
gemv_256MB,315,1165.9036691,prim_gemv_cinm1
gemv_256MB,346,1582.0684351,prim_gemv_cinm1
gemv_256MB,377,1070.0328125,prim_gemv_cinm1
gemv_256MB,408,1088.8613825,prim_gemv_cinm1
gemv_256MB,439,1060.4039189,prim_gemv_cinm1
gemv_256MB,470,1076.5987000999999,prim_gemv_cinm1
gemv_256MB,501,1085.5241396,prim_gemv_cinm1
gemv_256MB,532,1088.6008396,prim_gemv_cinm1
gemv_256MB,563,1106.1984885,prim_gemv_cinm1
gemv_256MB,594,1067.9901734,prim_gemv_cinm1
gemv_256MB,625,1061.7945968,prim_gemv_cinm1
gemv_256MB,656,1087.4165902,prim_gemv_cinm1
gemv_256MB,687,1102.8996113,prim_gemv_cinm1
gemv_256MB,718,1153.5100366,prim_gemv_cinm1
gemv_256MB,749,1126.6216344000002,prim_gemv_cinm1
gemv_256MB,780,1109.0948832000001,prim_gemv_cinm1
gemv_256MB,811,1073.0269257999998,prim_gemv_cinm1
gemv_256MB,842,1146.6080556,prim_gemv_cinm1
gemv_256MB,873,1106.0823222000001,prim_gemv_cinm1
gemv_256MB,904,1079.81168,prim_gemv_cinm1
gemv_256MB,935,1130.8850835,prim_gemv_cinm1
gemv_256MB,966,1124.9919317000001,prim_gemv_cinm1
gemv_256MB,997,1072.4322771,prim_gemv_cinm1
gemv_256MB,1028,1080.8180734,prim_gemv_cinm1
gemv_256MB,1059,1145.1055854,prim_gemv_cinm1
gemv_256MB,1090,1087.7346425,prim_gemv_cinm1
gemv_256MB,1121,1084.8805947,prim_gemv_cinm1
gemv_256MB,1152,1088.2558540999999,prim_gemv_cinm1
gemv_256MB,1183,1486.5383473,prim_gemv_cinm1
gemv_256MB,1214,1083.5298264,prim_gemv_cinm1
gemv_256MB,1245,1058.2160671,prim_gemv_cinm1
gemv_256MB,1276,1125.9154892000001,prim_gemv_cinm1
gemv_256MB,1307,1091.4172467,prim_gemv_cinm1
gemv_256MB,1369,1092.2523878,prim_gemv_cinm1
gemv_256MB,1400,1094.3133558,prim_gemv_cinm1
gemv_256MB,1431,1085.0686101,prim_gemv_cinm1
gemv_256MB,1462,1069.3204704,prim_gemv_cinm1
gemv_256MB,1493,1080.6980340999999,prim_gemv_cinm1
gemv_256MB,1524,1153.1958904,prim_gemv_cinm1
gemv_256MB,1555,1152.4281305,prim_gemv_cinm1
gemv_256MB,1586,1080.9976214,prim_gemv_cinm1
gemv_256MB,1617,1187.1575507,prim_gemv_cinm1
gemv_256MB,1648,1127.6043748,prim_gemv_cinm1
gemv_256MB,1679,1100.4950981,prim_gemv_cinm1
gemv_256MB,1710,1138.1721057,prim_gemv_cinm1
gemv_256MB,1741,1089.7788282000001,prim_gemv_cinm1
gemv_256MB,1772,1086.7554834,prim_gemv_cinm1
gemv_256MB,1803,1090.3474087,prim_gemv_cinm1
gemv_256MB,1834,1080.5876532,prim_gemv_cinm1
gemv_256MB,1865,1161.9234003,prim_gemv_cinm1
gemv_256MB,1896,1084.091473,prim_gemv_cinm1
gemv_256MB,1927,1117.0383645999998,prim_gemv_cinm1
gemv_256MB,1958,1085.8410435,prim_gemv_cinm1
gemv_256MB,1989,1113.6397392000001,prim_gemv_cinm1
gemv_256MB,2020,1091.4325142,prim_gemv_cinm1
gemv_256MB,2051,1067.1240997,prim_gemv_cinm1
gemv_256MB,2082,1065.761967,prim_gemv_cinm1
gemv_256MB,2113,1162.2553372,prim_gemv_cinm1
gemv_256MB,2144,1090.1392942999998,prim_gemv_cinm1
gemv_256MB,2175,1088.8512956,prim_gemv_cinm1
gemv_256MB,2206,1121.2616369,prim_gemv_cinm1
gemv_256MB,2237,1082.8614815,prim_gemv_cinm1
gemv_256MB,2268,1081.9042665999998,prim_gemv_cinm1
gemv_256MB,2299,1130.5123307000001,prim_gemv_cinm1
gemv_256MB,2330,1088.2258929000002,prim_gemv_cinm1
gemv_256MB,2361,1085.476005,prim_gemv_cinm1
gemv_256MB,2392,1079.5886023,prim_gemv_cinm1
gemv_256MB,2423,1083.4931475,prim_gemv_cinm1
gemv_256MB,2454,1107.0717691,prim_gemv_cinm1
gemv_256MB,2485,1142.6760018,prim_gemv_cinm1
gemv_256MB,2516,1110.9222737999999,prim_gemv_cinm1
gemv_256MB,2547,1070.8476217,prim_gemv_cinm1
gemv_256MB,2578,1098.6206419,prim_gemv_cinm1
gemv_256MB,2609,1106.6750502,prim_gemv_cinm1
gemv_256MB,2640,1077.7963054000002,prim_gemv_cinm1
gemv_256MB,2671,1166.7370047,prim_gemv_cinm1
gemv_256MB,2702,1072.8666291,prim_gemv_cinm1
gemv_256MB,2733,1057.401283,prim_gemv_cinm1
gemv_256MB,2764,1068.3381356,prim_gemv_cinm1
gemv_256MB,2795,1164.1895725999998,prim_gemv_cinm1
gemv_256MB,2826,1066.4555539,prim_gemv_cinm1
gemv_256MB,2857,1074.4509761,prim_gemv_cinm1
gemv_256MB,2888,1069.3339467,prim_gemv_cinm1
gemv_256MB,2919,1089.3510827,prim_gemv_cinm1
gemv_256MB,2950,1098.4120324,prim_gemv_cinm1
gemv_256MB,2981,1061.8218166,prim_gemv_cinm1
gemv_256MB,3012,1068.1700286,prim_gemv_cinm1
gemv_256MB,3043,1122.0191556,prim_gemv_cinm1
gemv_256MB,3074,1070.4310819,prim_gemv_cinm1
gemv_256MB,3105,1078.9592055,prim_gemv_cinm1
gemv_256MB,3136,1075.2496130999998,prim_gemv_cinm1
gemv_256MB,3167,1088.9096452,prim_gemv_cinm1
gemv_256MB,3198,1167.5962922,prim_gemv_cinm1
gemv_256MB,3229,1106.75803,prim_gemv_cinm1
gemv_256MB,3260,1148.9211662999999,prim_gemv_cinm1
gemv_256MB,3291,1158.8005029,prim_gemv_cinm1
gemv_256MB,3322,1075.0622034,prim_gemv_cinm1
gemv_256MB,3353,1071.8103448,prim_gemv_cinm1
gemv_256MB,3384,1130.8589175999998,prim_gemv_cinm1
gemv_256MB,3415,1134.4480354000002,prim_gemv_cinm1
gemv_256MB,3446,1064.0316456,prim_gemv_cinm1
gemv_256MB,3477,1088.2879582,prim_gemv_cinm1
gemv_256MB,3508,1086.7946433,prim_gemv_cinm1
gemv_256MB,3539,1063.2639232000001,prim_gemv_cinm1
gemv_256MB,3570,1118.9891945999998,prim_gemv_cinm1
gemv_256MB,3601,1068.795239,prim_gemv_cinm1
gemv_256MB,3632,1128.3568524000002,prim_gemv_cinm1
gemv_256MB,3663,1061.7558431,prim_gemv_cinm1
gemv_256MB,3694,1160.2526865,prim_gemv_cinm1
gemv_256MB,3725,1055.3686849,prim_gemv_cinm1
gemv_256MB,3756,1095.4891639,prim_gemv_cinm1
gemv_256MB,3787,1086.6359539,prim_gemv_cinm1
gemv_256MB,3818,1064.5833849,prim_gemv_cinm1
gemv_256MB,3849,1056.0242623,prim_gemv_cinm1
gemv_256MB,3880,1068.9457231000001,prim_gemv_cinm1
gemv_256MB,3911,1095.0946318,prim_gemv_cinm1
gemv_256MB,3942,1491.1160564000002,prim_gemv_cinm1
gemv_256MB,3973,1064.5236938,prim_gemv_cinm1
gemv_256MB,4004,1196.1717592,prim_gemv_cinm1
gemv_4MB,67,21.4778469,prim_gemv_cinm1
gemv_4MB,98,19.562882899999998,prim_gemv_cinm1
gemv_4MB,129,21.6698943,prim_gemv_cinm1
gemv_4MB,160,8.761923300000001,prim_gemv_cinm1
gemv_4MB,191,21.0443289,prim_gemv_cinm1
gemv_4MB,222,22.0080306,prim_gemv_cinm1
gemv_4MB,253,19.289484899999998,prim_gemv_cinm1
gemv_4MB,284,20.494905,prim_gemv_cinm1
gemv_4MB,315,21.0424361,prim_gemv_cinm1
gemv_4MB,346,21.680238399999997,prim_gemv_cinm1
gemv_4MB,377,21.276509100000002,prim_gemv_cinm1
gemv_4MB,408,28.897559899999997,prim_gemv_cinm1
gemv_4MB,439,19.847968899999998,prim_gemv_cinm1
gemv_4MB,470,20.4701055,prim_gemv_cinm1
gemv_4MB,501,7.748348200000001,prim_gemv_cinm1
gemv_4MB,532,21.2047897,prim_gemv_cinm1
gemv_4MB,563,20.3665304,prim_gemv_cinm1
gemv_4MB,594,21.0278417,prim_gemv_cinm1
gemv_4MB,625,8.0929579,prim_gemv_cinm1
gemv_4MB,656,21.7835477,prim_gemv_cinm1
gemv_4MB,687,22.983843,prim_gemv_cinm1
gemv_4MB,718,21.50405,prim_gemv_cinm1
gemv_4MB,749,23.0452702,prim_gemv_cinm1
gemv_4MB,780,20.83874,prim_gemv_cinm1
gemv_4MB,811,24.8134369,prim_gemv_cinm1
gemv_4MB,842,21.3797729,prim_gemv_cinm1
gemv_4MB,873,23.877274399999997,prim_gemv_cinm1
gemv_4MB,904,19.5221114,prim_gemv_cinm1
gemv_4MB,935,22.19907,prim_gemv_cinm1
gemv_4MB,966,23.8102443,prim_gemv_cinm1
gemv_4MB,997,21.171164899999997,prim_gemv_cinm1
gemv_4MB,1028,23.9594343,prim_gemv_cinm1
gemv_4MB,1059,24.375749199999998,prim_gemv_cinm1
gemv_4MB,1090,20.0144469,prim_gemv_cinm1
gemv_4MB,1121,22.1884572,prim_gemv_cinm1
gemv_4MB,1152,22.381346100000002,prim_gemv_cinm1
gemv_4MB,1183,21.2401075,prim_gemv_cinm1
gemv_4MB,1214,21.761469100000003,prim_gemv_cinm1
gemv_4MB,1245,20.061658,prim_gemv_cinm1
gemv_4MB,1276,22.184295300000002,prim_gemv_cinm1
gemv_4MB,1307,23.4680952,prim_gemv_cinm1
gemv_4MB,1338,20.6369878,prim_gemv_cinm1
gemv_4MB,1369,23.356863899999997,prim_gemv_cinm1
gemv_4MB,1400,23.3701165,prim_gemv_cinm1
gemv_4MB,1431,21.2036172,prim_gemv_cinm1
gemv_4MB,1462,21.111073899999997,prim_gemv_cinm1
gemv_4MB,1493,19.114321699999998,prim_gemv_cinm1
gemv_4MB,1524,23.5629001,prim_gemv_cinm1
gemv_4MB,1555,22.2436294,prim_gemv_cinm1
gemv_4MB,1586,19.348621100000003,prim_gemv_cinm1
gemv_4MB,1617,22.1985487,prim_gemv_cinm1
gemv_4MB,1648,20.685846100000003,prim_gemv_cinm1
gemv_4MB,1679,22.3058752,prim_gemv_cinm1
gemv_4MB,1710,19.897945,prim_gemv_cinm1
gemv_4MB,1741,24.0321226,prim_gemv_cinm1
gemv_4MB,1772,8.454732199999999,prim_gemv_cinm1
gemv_4MB,1803,19.0520279,prim_gemv_cinm1
gemv_4MB,1834,23.1116423,prim_gemv_cinm1
gemv_4MB,1865,19.906274600000003,prim_gemv_cinm1
gemv_4MB,1896,8.8654723,prim_gemv_cinm1
gemv_4MB,1927,19.055674600000003,prim_gemv_cinm1
gemv_4MB,1958,22.497513,prim_gemv_cinm1
gemv_4MB,1989,19.626589,prim_gemv_cinm1
gemv_4MB,2020,23.5356275,prim_gemv_cinm1
gemv_4MB,2051,23.777164600000003,prim_gemv_cinm1
gemv_4MB,2082,21.080935,prim_gemv_cinm1
gemv_4MB,2113,19.9075338,prim_gemv_cinm1
gemv_4MB,2144,21.213338699999998,prim_gemv_cinm1
gemv_4MB,2175,22.017429800000002,prim_gemv_cinm1
gemv_4MB,2206,20.639959,prim_gemv_cinm1
gemv_4MB,2237,21.8493302,prim_gemv_cinm1
gemv_4MB,2268,21.462511399999997,prim_gemv_cinm1
gemv_4MB,2299,8.7204689,prim_gemv_cinm1
gemv_4MB,2330,19.8862948,prim_gemv_cinm1
gemv_4MB,2361,19.2655504,prim_gemv_cinm1
gemv_4MB,2392,19.8559824,prim_gemv_cinm1
gemv_4MB,2423,20.0116295,prim_gemv_cinm1
gemv_4MB,2454,20.994503899999998,prim_gemv_cinm1
gemv_4MB,2485,27.6415558,prim_gemv_cinm1
gemv_4MB,2516,21.3059501,prim_gemv_cinm1
gemv_4MB,2547,8.4229079,prim_gemv_cinm1
gemv_4MB,2578,23.3063556,prim_gemv_cinm1
gemv_4MB,2609,22.717606800000002,prim_gemv_cinm1
gemv_4MB,2640,7.3130872,prim_gemv_cinm1
gemv_4MB,2671,20.5794285,prim_gemv_cinm1
gemv_4MB,2702,30.939873300000002,prim_gemv_cinm1
gemv_4MB,2733,20.7448533,prim_gemv_cinm1
gemv_4MB,2764,22.2246392,prim_gemv_cinm1
gemv_4MB,2795,21.542377300000002,prim_gemv_cinm1
gemv_4MB,2826,21.0905385,prim_gemv_cinm1
gemv_4MB,2857,19.420521,prim_gemv_cinm1
gemv_4MB,2888,22.7046055,prim_gemv_cinm1
gemv_4MB,2919,21.4446063,prim_gemv_cinm1
gemv_4MB,2950,20.9280232,prim_gemv_cinm1
gemv_4MB,2981,18.322400100000003,prim_gemv_cinm1
gemv_4MB,3012,21.193107,prim_gemv_cinm1
gemv_4MB,3043,7.0098687,prim_gemv_cinm1
gemv_4MB,3074,27.6412925,prim_gemv_cinm1
gemv_4MB,3105,19.3502415,prim_gemv_cinm1
gemv_4MB,3136,23.7626168,prim_gemv_cinm1
gemv_4MB,3167,21.5970417,prim_gemv_cinm1
gemv_4MB,3198,21.3911665,prim_gemv_cinm1
gemv_4MB,3229,23.772298600000003,prim_gemv_cinm1
gemv_4MB,3260,21.5917934,prim_gemv_cinm1
gemv_4MB,3291,22.381261100000003,prim_gemv_cinm1
gemv_4MB,3322,20.4213943,prim_gemv_cinm1
gemv_4MB,3353,20.4173567,prim_gemv_cinm1
gemv_4MB,3384,21.5252498,prim_gemv_cinm1
gemv_4MB,3415,22.5221007,prim_gemv_cinm1
gemv_4MB,3446,7.2405527,prim_gemv_cinm1
gemv_4MB,3477,21.5095655,prim_gemv_cinm1
gemv_4MB,3508,20.83581,prim_gemv_cinm1
gemv_4MB,3539,8.4664594,prim_gemv_cinm1
gemv_4MB,3570,23.0796979,prim_gemv_cinm1
gemv_4MB,3601,19.783431399999998,prim_gemv_cinm1
gemv_4MB,3632,22.184724199999998,prim_gemv_cinm1
gemv_4MB,3663,20.4955086,prim_gemv_cinm1
gemv_4MB,3694,19.677212899999997,prim_gemv_cinm1
gemv_4MB,3725,22.453292899999997,prim_gemv_cinm1
gemv_4MB,3756,6.6909958,prim_gemv_cinm1
gemv_4MB,3787,21.9171911,prim_gemv_cinm1
gemv_4MB,3818,20.6113273,prim_gemv_cinm1
gemv_4MB,3849,18.8114042,prim_gemv_cinm1
gemv_4MB,3880,22.240051100000002,prim_gemv_cinm1
gemv_4MB,3911,7.584979400000001,prim_gemv_cinm1
gemv_4MB,3942,21.0148862,prim_gemv_cinm1
gemv_4MB,3973,21.633472100000002,prim_gemv_cinm1
gemv_4MB,4004,20.6461437,prim_gemv_cinm1
gemv_512MB,67,2161.1679463,prim_gemv_cinm1
gemv_512MB,98,2145.4460464,prim_gemv_cinm1
gemv_512MB,129,2147.3114597999997,prim_gemv_cinm1
gemv_512MB,160,2208.5708068000004,prim_gemv_cinm1
gemv_512MB,191,2161.1565454,prim_gemv_cinm1
gemv_512MB,222,2271.2858838,prim_gemv_cinm1
gemv_512MB,253,2253.8625266,prim_gemv_cinm1
gemv_512MB,284,2102.5470857,prim_gemv_cinm1
gemv_512MB,315,2304.151472,prim_gemv_cinm1
gemv_512MB,346,2153.4892995,prim_gemv_cinm1
gemv_512MB,377,2138.956094,prim_gemv_cinm1
gemv_512MB,408,2150.9879569,prim_gemv_cinm1
gemv_512MB,439,2087.5439033,prim_gemv_cinm1
gemv_512MB,470,2141.7538252,prim_gemv_cinm1
gemv_512MB,501,2147.6898688,prim_gemv_cinm1
gemv_512MB,532,2137.999277,prim_gemv_cinm1
gemv_512MB,563,2202.3672208000003,prim_gemv_cinm1
gemv_512MB,594,2128.5276859,prim_gemv_cinm1
gemv_512MB,625,2133.2640501,prim_gemv_cinm1
gemv_512MB,656,2236.695139,prim_gemv_cinm1
gemv_512MB,687,2196.6620749,prim_gemv_cinm1
gemv_512MB,718,2273.3938563,prim_gemv_cinm1
gemv_512MB,749,2225.0634841,prim_gemv_cinm1
gemv_512MB,780,2248.5898406,prim_gemv_cinm1
gemv_512MB,811,2142.2743027,prim_gemv_cinm1
gemv_512MB,842,2267.3518572,prim_gemv_cinm1
gemv_512MB,873,2151.2999326,prim_gemv_cinm1
gemv_512MB,904,2137.47665,prim_gemv_cinm1
gemv_512MB,935,2251.85973,prim_gemv_cinm1
gemv_512MB,966,2140.1570822999997,prim_gemv_cinm1
gemv_512MB,997,2128.1907542,prim_gemv_cinm1
gemv_512MB,1028,2108.1564783,prim_gemv_cinm1
gemv_512MB,1059,2218.257531,prim_gemv_cinm1
gemv_512MB,1090,2117.0328462,prim_gemv_cinm1
gemv_512MB,1121,2111.8748238,prim_gemv_cinm1
gemv_512MB,1152,2122.9066909000003,prim_gemv_cinm1
gemv_512MB,1183,3052.2014805,prim_gemv_cinm1
gemv_512MB,1214,2299.7916709,prim_gemv_cinm1
gemv_512MB,1245,2104.96142,prim_gemv_cinm1
gemv_512MB,1276,2224.9754838000003,prim_gemv_cinm1
gemv_512MB,1307,2151.6465467,prim_gemv_cinm1
gemv_512MB,1338,2296.4959249000003,prim_gemv_cinm1
gemv_512MB,1369,2147.5074444,prim_gemv_cinm1
gemv_512MB,1400,2204.0418363000003,prim_gemv_cinm1
gemv_512MB,1431,2153.6648644,prim_gemv_cinm1
gemv_512MB,1462,2082.5637217,prim_gemv_cinm1
gemv_512MB,1493,2095.3468608,prim_gemv_cinm1
gemv_512MB,1524,2150.0125494,prim_gemv_cinm1
gemv_512MB,1555,2308.812925,prim_gemv_cinm1
gemv_512MB,1586,2128.6580531,prim_gemv_cinm1
gemv_512MB,1617,2344.9916162,prim_gemv_cinm1
gemv_512MB,1648,2190.587224,prim_gemv_cinm1
gemv_512MB,1679,2151.804079,prim_gemv_cinm1
gemv_512MB,1710,2237.923149,prim_gemv_cinm1
gemv_512MB,1741,2121.8097567,prim_gemv_cinm1
gemv_512MB,1772,2119.8266882000003,prim_gemv_cinm1
gemv_512MB,1803,2155.4854226999996,prim_gemv_cinm1
gemv_512MB,1834,2304.7353563,prim_gemv_cinm1
gemv_512MB,1865,2301.5914771999996,prim_gemv_cinm1
gemv_512MB,1896,2268.2074822,prim_gemv_cinm1
gemv_512MB,1927,2177.6366193000003,prim_gemv_cinm1
gemv_512MB,1958,2166.8779857,prim_gemv_cinm1
gemv_512MB,1989,2122.3919217000002,prim_gemv_cinm1
gemv_512MB,2020,2134.4610693,prim_gemv_cinm1
gemv_512MB,2051,2122.1067034000002,prim_gemv_cinm1
gemv_512MB,2082,2106.9315257,prim_gemv_cinm1
gemv_512MB,2113,2309.5347293,prim_gemv_cinm1
gemv_512MB,2144,5762.6982019,prim_gemv_cinm1
gemv_512MB,2175,2159.02573,prim_gemv_cinm1
gemv_512MB,2206,2187.8936598,prim_gemv_cinm1
gemv_512MB,2237,2112.6965893,prim_gemv_cinm1
gemv_512MB,2268,2140.8961458,prim_gemv_cinm1
gemv_512MB,2299,2237.2428494,prim_gemv_cinm1
gemv_512MB,2330,2091.8910671,prim_gemv_cinm1
gemv_512MB,2361,2111.4357033,prim_gemv_cinm1
gemv_512MB,2392,2112.0447802999997,prim_gemv_cinm1
gemv_512MB,2423,2146.1682505999997,prim_gemv_cinm1
gemv_512MB,2454,2116.0861292,prim_gemv_cinm1
gemv_512MB,2485,2273.3625016,prim_gemv_cinm1
gemv_512MB,2516,2118.5295605,prim_gemv_cinm1
gemv_512MB,2547,2182.4133708000004,prim_gemv_cinm1
gemv_512MB,2578,2162.0788717,prim_gemv_cinm1
gemv_512MB,2609,2176.9078511,prim_gemv_cinm1
gemv_512MB,2640,2131.0962122,prim_gemv_cinm1
gemv_512MB,2671,2301.3003040999997,prim_gemv_cinm1
gemv_512MB,2702,2181.2702724,prim_gemv_cinm1
gemv_512MB,2733,2121.9326703,prim_gemv_cinm1
gemv_512MB,2764,2105.7202778,prim_gemv_cinm1
gemv_512MB,2795,2123.8889443,prim_gemv_cinm1
gemv_512MB,2826,2113.7256512,prim_gemv_cinm1
gemv_512MB,2857,2105.7726708,prim_gemv_cinm1
gemv_512MB,2888,2272.1749356,prim_gemv_cinm1
gemv_512MB,2919,2132.2007413,prim_gemv_cinm1
gemv_512MB,2950,2146.1503708,prim_gemv_cinm1
gemv_512MB,2981,2084.6265035,prim_gemv_cinm1
gemv_512MB,3012,2112.0549157,prim_gemv_cinm1
gemv_512MB,3043,2313.4793280999997,prim_gemv_cinm1
gemv_512MB,3074,2119.3601693,prim_gemv_cinm1
gemv_512MB,3105,2136.9307317000003,prim_gemv_cinm1
gemv_512MB,3136,2107.0445472,prim_gemv_cinm1
gemv_512MB,3167,2141.4607918,prim_gemv_cinm1
gemv_512MB,3198,2290.6153699,prim_gemv_cinm1
gemv_512MB,3229,2207.6153733,prim_gemv_cinm1
gemv_512MB,3260,2268.2909994,prim_gemv_cinm1
gemv_512MB,3291,2136.5576482,prim_gemv_cinm1
gemv_512MB,3322,2143.4257488,prim_gemv_cinm1
gemv_512MB,3353,2155.3241267,prim_gemv_cinm1
gemv_512MB,3384,2244.1209116,prim_gemv_cinm1
gemv_512MB,3415,2196.2207225,prim_gemv_cinm1
gemv_512MB,3446,2100.8551205,prim_gemv_cinm1
gemv_512MB,3477,2146.4943609,prim_gemv_cinm1
gemv_512MB,3508,2148.3659131,prim_gemv_cinm1
gemv_512MB,3539,2072.5297775999998,prim_gemv_cinm1
gemv_512MB,3570,2133.6514793,prim_gemv_cinm1
gemv_512MB,3601,2152.1274064,prim_gemv_cinm1
gemv_512MB,3632,2149.6476563,prim_gemv_cinm1
gemv_512MB,3663,2085.5827873,prim_gemv_cinm1
gemv_512MB,3694,2198.6104489,prim_gemv_cinm1
gemv_512MB,3725,2143.2223952,prim_gemv_cinm1
gemv_512MB,3756,2164.3137064000002,prim_gemv_cinm1
gemv_512MB,3787,2150.2937258,prim_gemv_cinm1
gemv_512MB,3818,2153.8647108,prim_gemv_cinm1
gemv_512MB,3849,2200.7460696,prim_gemv_cinm1
gemv_512MB,3880,2144.8541164000003,prim_gemv_cinm1
gemv_512MB,3911,2151.261751,prim_gemv_cinm1
gemv_512MB,3942,2145.0374869,prim_gemv_cinm1
gemv_512MB,3973,2095.5561708,prim_gemv_cinm1
gemv_512MB,4004,2349.684407,prim_gemv_cinm1
gemv_64MB,67,266.2418617,prim_gemv_cinm1
gemv_64MB,98,288.9756848,prim_gemv_cinm1
gemv_64MB,129,281.76717410000003,prim_gemv_cinm1
gemv_64MB,160,294.5650639,prim_gemv_cinm1
gemv_64MB,191,284.01892039999996,prim_gemv_cinm1
gemv_64MB,222,310.01872810000003,prim_gemv_cinm1
gemv_64MB,253,284.80924830000004,prim_gemv_cinm1
gemv_64MB,284,278.8155124,prim_gemv_cinm1
gemv_64MB,315,277.7134177,prim_gemv_cinm1
gemv_64MB,346,289.0661962,prim_gemv_cinm1
gemv_64MB,377,288.6688808,prim_gemv_cinm1
gemv_64MB,408,278.8371395,prim_gemv_cinm1
gemv_64MB,439,275.6756088,prim_gemv_cinm1
gemv_64MB,470,310.466278,prim_gemv_cinm1
gemv_64MB,501,292.71224589999997,prim_gemv_cinm1
gemv_64MB,532,285.3685713,prim_gemv_cinm1
gemv_64MB,563,274.1660225,prim_gemv_cinm1
gemv_64MB,594,287.7130309,prim_gemv_cinm1
gemv_64MB,625,288.94056789999996,prim_gemv_cinm1
gemv_64MB,656,289.6748879,prim_gemv_cinm1
gemv_64MB,687,284.88777689999995,prim_gemv_cinm1
gemv_64MB,718,309.61309789999996,prim_gemv_cinm1
gemv_64MB,749,274.1857592,prim_gemv_cinm1
gemv_64MB,780,299.2067842,prim_gemv_cinm1
gemv_64MB,811,285.0280885,prim_gemv_cinm1
gemv_64MB,842,295.4472649,prim_gemv_cinm1
gemv_64MB,873,297.8623795,prim_gemv_cinm1
gemv_64MB,904,293.2561468,prim_gemv_cinm1
gemv_64MB,935,294.58132989999996,prim_gemv_cinm1
gemv_64MB,966,286.741155,prim_gemv_cinm1
gemv_64MB,997,287.35193530000004,prim_gemv_cinm1
gemv_64MB,1028,287.7433567,prim_gemv_cinm1
gemv_64MB,1059,294.8742075,prim_gemv_cinm1
gemv_64MB,1090,291.55015060000005,prim_gemv_cinm1
gemv_64MB,1121,287.22116889999995,prim_gemv_cinm1
gemv_64MB,1152,286.2162962,prim_gemv_cinm1
gemv_64MB,1183,276.8551585,prim_gemv_cinm1
gemv_64MB,1214,290.9696847,prim_gemv_cinm1
gemv_64MB,1245,281.22900319999997,prim_gemv_cinm1
gemv_64MB,1276,286.20415110000005,prim_gemv_cinm1
gemv_64MB,1307,287.91150880000004,prim_gemv_cinm1
gemv_64MB,1338,295.5967256,prim_gemv_cinm1
gemv_64MB,1369,285.742824,prim_gemv_cinm1
gemv_64MB,1400,296.56280530000004,prim_gemv_cinm1
gemv_64MB,1431,297.88350810000003,prim_gemv_cinm1
gemv_64MB,1462,280.8293145,prim_gemv_cinm1
gemv_64MB,1493,280.2647863,prim_gemv_cinm1
gemv_64MB,1524,312.8629259,prim_gemv_cinm1
gemv_64MB,1555,281.92943010000005,prim_gemv_cinm1
gemv_64MB,1586,292.7817617,prim_gemv_cinm1
gemv_64MB,1617,280.9190183,prim_gemv_cinm1
gemv_64MB,1648,282.0370802,prim_gemv_cinm1
gemv_64MB,1679,286.6213101,prim_gemv_cinm1
gemv_64MB,1710,122.6425235,prim_gemv_cinm1
gemv_64MB,1741,287.9197289,prim_gemv_cinm1
gemv_64MB,1772,298.7395571,prim_gemv_cinm1
gemv_64MB,1803,278.2828108,prim_gemv_cinm1
gemv_64MB,1834,295.7515748,prim_gemv_cinm1
gemv_64MB,1865,294.50789810000003,prim_gemv_cinm1
gemv_64MB,1896,295.0903563,prim_gemv_cinm1
gemv_64MB,1927,297.74125610000004,prim_gemv_cinm1
gemv_64MB,1958,284.66669010000004,prim_gemv_cinm1
gemv_64MB,1989,289.061134,prim_gemv_cinm1
gemv_64MB,2020,290.07822319999997,prim_gemv_cinm1
gemv_64MB,2051,278.7252873,prim_gemv_cinm1
gemv_64MB,2082,277.7839244,prim_gemv_cinm1
gemv_64MB,2113,295.12768339999997,prim_gemv_cinm1
gemv_64MB,2144,277.0693916,prim_gemv_cinm1
gemv_64MB,2175,272.0563787,prim_gemv_cinm1
gemv_64MB,2206,297.73733,prim_gemv_cinm1
gemv_64MB,2237,285.7269884,prim_gemv_cinm1
gemv_64MB,2268,285.7547867,prim_gemv_cinm1
gemv_64MB,2299,286.44701510000004,prim_gemv_cinm1
gemv_64MB,2330,289.8406505,prim_gemv_cinm1
gemv_64MB,2361,289.14682910000005,prim_gemv_cinm1
gemv_64MB,2392,284.5287993,prim_gemv_cinm1
gemv_64MB,2423,287.1001758,prim_gemv_cinm1
gemv_64MB,2454,296.9541642,prim_gemv_cinm1
gemv_64MB,2485,311.22851860000003,prim_gemv_cinm1
gemv_64MB,2516,292.60735689999996,prim_gemv_cinm1
gemv_64MB,2547,296.759022,prim_gemv_cinm1
gemv_64MB,2578,289.4140995,prim_gemv_cinm1
gemv_64MB,2609,299.65525610000003,prim_gemv_cinm1
gemv_64MB,2640,289.38950739999996,prim_gemv_cinm1
gemv_64MB,2671,301.9279131,prim_gemv_cinm1
gemv_64MB,2702,297.10843619999997,prim_gemv_cinm1
gemv_64MB,2733,273.7532174,prim_gemv_cinm1
gemv_64MB,2764,273.03687510000003,prim_gemv_cinm1
gemv_64MB,2795,287.25161760000003,prim_gemv_cinm1
gemv_64MB,2826,297.9695987,prim_gemv_cinm1
gemv_64MB,2857,287.057437,prim_gemv_cinm1
gemv_64MB,2888,311.4324535,prim_gemv_cinm1
gemv_64MB,2919,288.58365239999995,prim_gemv_cinm1
gemv_64MB,2950,285.4131193,prim_gemv_cinm1
gemv_64MB,2981,120.39389270000001,prim_gemv_cinm1
gemv_64MB,3012,288.3214097,prim_gemv_cinm1
gemv_64MB,3043,121.0512541,prim_gemv_cinm1
gemv_64MB,3074,287.313596,prim_gemv_cinm1
gemv_64MB,3105,290.93082119999997,prim_gemv_cinm1
gemv_64MB,3136,285.9656835,prim_gemv_cinm1
gemv_64MB,3167,295.1304978,prim_gemv_cinm1
gemv_64MB,3198,275.841288,prim_gemv_cinm1
gemv_64MB,3229,298.6977184,prim_gemv_cinm1
gemv_64MB,3260,273.5835294,prim_gemv_cinm1
gemv_64MB,3291,312.24558310000003,prim_gemv_cinm1
gemv_64MB,3322,282.2985124,prim_gemv_cinm1
gemv_64MB,3353,290.946471,prim_gemv_cinm1
gemv_64MB,3384,294.7511947,prim_gemv_cinm1
gemv_64MB,3415,295.06863680000004,prim_gemv_cinm1
gemv_64MB,3446,279.2499259,prim_gemv_cinm1
gemv_64MB,3477,278.507831,prim_gemv_cinm1
gemv_64MB,3508,287.5092181,prim_gemv_cinm1
gemv_64MB,3539,277.83962080000003,prim_gemv_cinm1
gemv_64MB,3570,286.77759810000003,prim_gemv_cinm1
gemv_64MB,3601,285.624802,prim_gemv_cinm1
gemv_64MB,3632,118.3363327,prim_gemv_cinm1
gemv_64MB,3663,280.51804510000005,prim_gemv_cinm1
gemv_64MB,3694,295.6904371,prim_gemv_cinm1
gemv_64MB,3725,290.4192117,prim_gemv_cinm1
gemv_64MB,3756,282.76503260000004,prim_gemv_cinm1
gemv_64MB,3787,299.9435322,prim_gemv_cinm1
gemv_64MB,3818,277.128587,prim_gemv_cinm1
gemv_64MB,3849,277.44405689999996,prim_gemv_cinm1
gemv_64MB,3880,279.6687879,prim_gemv_cinm1
gemv_64MB,3911,279.8240292,prim_gemv_cinm1
gemv_64MB,3942,290.233103,prim_gemv_cinm1
gemv_64MB,3973,278.4159358,prim_gemv_cinm1
gemv_64MB,4004,279.839621,prim_gemv_cinm1
gemv_256MB,67,1103.5635213,prim_gemv_cinm2_ca
gemv_256MB,98,1114.8165687,prim_gemv_cinm2_ca
gemv_256MB,129,468.2637151,prim_gemv_cinm2_ca
gemv_256MB,160,1131.3053182,prim_gemv_cinm2_ca
gemv_256MB,191,1167.9914769000002,prim_gemv_cinm2_ca
gemv_256MB,222,1123.1888148,prim_gemv_cinm2_ca
gemv_256MB,253,1167.2287189,prim_gemv_cinm2_ca
gemv_256MB,284,1141.8626957000001,prim_gemv_cinm2_ca
gemv_256MB,315,1123.632583,prim_gemv_cinm2_ca
gemv_256MB,346,1186.2240183,prim_gemv_cinm2_ca
gemv_256MB,377,1111.143402,prim_gemv_cinm2_ca
gemv_256MB,408,1125.024475,prim_gemv_cinm2_ca
gemv_256MB,439,1141.6208433,prim_gemv_cinm2_ca
gemv_256MB,470,1157.4869315,prim_gemv_cinm2_ca
gemv_256MB,501,1164.7442207000001,prim_gemv_cinm2_ca
gemv_256MB,532,1197.6075864000002,prim_gemv_cinm2_ca
gemv_256MB,563,1134.1209176,prim_gemv_cinm2_ca
gemv_256MB,594,1188.9101817,prim_gemv_cinm2_ca
gemv_256MB,625,1110.4381808,prim_gemv_cinm2_ca
gemv_256MB,656,1133.6335245999999,prim_gemv_cinm2_ca
gemv_256MB,687,1107.0867111,prim_gemv_cinm2_ca
gemv_256MB,718,1168.1619710999998,prim_gemv_cinm2_ca
gemv_256MB,749,1121.3649875,prim_gemv_cinm2_ca
gemv_256MB,780,1153.0942215,prim_gemv_cinm2_ca
gemv_256MB,811,1180.6813800999998,prim_gemv_cinm2_ca
gemv_256MB,842,1163.0170565,prim_gemv_cinm2_ca
gemv_256MB,873,1138.4221395,prim_gemv_cinm2_ca
gemv_256MB,904,1106.0578725999999,prim_gemv_cinm2_ca
gemv_256MB,935,1184.8792571,prim_gemv_cinm2_ca
gemv_256MB,966,1173.262611,prim_gemv_cinm2_ca
gemv_256MB,997,1121.7788155,prim_gemv_cinm2_ca
gemv_256MB,1028,1111.7274842,prim_gemv_cinm2_ca
gemv_256MB,1059,1153.0304057,prim_gemv_cinm2_ca
gemv_256MB,1090,1108.8273281,prim_gemv_cinm2_ca
gemv_256MB,1121,1110.0018365,prim_gemv_cinm2_ca
gemv_256MB,1152,1163.2006535,prim_gemv_cinm2_ca
gemv_256MB,1183,1128.4219355,prim_gemv_cinm2_ca
gemv_256MB,1214,1128.0851351,prim_gemv_cinm2_ca
gemv_256MB,1245,1142.2151078,prim_gemv_cinm2_ca
gemv_256MB,1276,1145.9079982,prim_gemv_cinm2_ca
gemv_256MB,1307,1158.4083639,prim_gemv_cinm2_ca
gemv_256MB,1338,1156.8360194000002,prim_gemv_cinm2_ca
gemv_256MB,1369,1138.1354564,prim_gemv_cinm2_ca
gemv_256MB,1400,1164.9721278,prim_gemv_cinm2_ca
gemv_256MB,1431,1154.8615613,prim_gemv_cinm2_ca
gemv_256MB,1462,1155.8606645999998,prim_gemv_cinm2_ca
gemv_256MB,1493,1133.5910459000002,prim_gemv_cinm2_ca
gemv_256MB,1524,1106.7656557,prim_gemv_cinm2_ca
gemv_256MB,1555,1119.3409734000002,prim_gemv_cinm2_ca
gemv_256MB,1586,1113.2331019,prim_gemv_cinm2_ca
gemv_256MB,1617,1142.2864246,prim_gemv_cinm2_ca
gemv_256MB,1648,1103.3167637000001,prim_gemv_cinm2_ca
gemv_256MB,1679,1138.5526864,prim_gemv_cinm2_ca
gemv_256MB,1710,467.0645839,prim_gemv_cinm2_ca
gemv_256MB,1741,1101.0679759000002,prim_gemv_cinm2_ca
gemv_256MB,1772,1128.2588503,prim_gemv_cinm2_ca
gemv_256MB,1803,1144.141554,prim_gemv_cinm2_ca
gemv_256MB,1834,1126.9227217,prim_gemv_cinm2_ca
gemv_256MB,1896,1136.9984489,prim_gemv_cinm2_ca
gemv_256MB,1927,1106.4231357,prim_gemv_cinm2_ca
gemv_256MB,1958,1148.8696285,prim_gemv_cinm2_ca
gemv_256MB,1989,1112.0628449,prim_gemv_cinm2_ca
gemv_256MB,2020,1138.3303495999999,prim_gemv_cinm2_ca
gemv_256MB,2051,1146.4042820999998,prim_gemv_cinm2_ca
gemv_256MB,2082,1144.3141492,prim_gemv_cinm2_ca
gemv_256MB,2113,1154.2434625,prim_gemv_cinm2_ca
gemv_256MB,2144,1082.8707918,prim_gemv_cinm2_ca
gemv_256MB,2175,1156.6930840999999,prim_gemv_cinm2_ca
gemv_256MB,2206,1182.9271578,prim_gemv_cinm2_ca
gemv_256MB,2237,1111.9603057,prim_gemv_cinm2_ca
gemv_256MB,2268,1138.178541,prim_gemv_cinm2_ca
gemv_256MB,2299,1166.3822984,prim_gemv_cinm2_ca
gemv_256MB,2330,1132.6979397999999,prim_gemv_cinm2_ca
gemv_256MB,2361,1103.3406475,prim_gemv_cinm2_ca
gemv_256MB,2392,1145.3375257999999,prim_gemv_cinm2_ca
gemv_256MB,2423,1163.4875424000002,prim_gemv_cinm2_ca
gemv_256MB,2454,1164.2522377999999,prim_gemv_cinm2_ca
gemv_256MB,2485,1112.1044463,prim_gemv_cinm2_ca
gemv_256MB,2516,1113.8316446,prim_gemv_cinm2_ca
gemv_256MB,2547,1138.3837855,prim_gemv_cinm2_ca
gemv_256MB,2578,1135.1265985999999,prim_gemv_cinm2_ca
gemv_256MB,2609,1141.155137,prim_gemv_cinm2_ca
gemv_256MB,2640,1121.1258885999998,prim_gemv_cinm2_ca
gemv_256MB,2671,1122.845392,prim_gemv_cinm2_ca
gemv_256MB,2702,1121.0207282000001,prim_gemv_cinm2_ca
gemv_256MB,2733,1134.9658780999998,prim_gemv_cinm2_ca
gemv_256MB,2764,1146.2725804000002,prim_gemv_cinm2_ca
gemv_256MB,2795,1181.9378464000001,prim_gemv_cinm2_ca
gemv_256MB,2826,1155.0503110999998,prim_gemv_cinm2_ca
gemv_256MB,2857,1127.8965448,prim_gemv_cinm2_ca
gemv_256MB,2888,1174.7852278,prim_gemv_cinm2_ca
gemv_256MB,2919,1157.2789229,prim_gemv_cinm2_ca
gemv_256MB,2950,1134.4354217,prim_gemv_cinm2_ca
gemv_256MB,2981,1164.0304675999998,prim_gemv_cinm2_ca
gemv_256MB,3012,1146.6341945,prim_gemv_cinm2_ca
gemv_256MB,3043,1225.5005233,prim_gemv_cinm2_ca
gemv_256MB,3074,1246.0927575,prim_gemv_cinm2_ca
gemv_256MB,3105,1118.9735572,prim_gemv_cinm2_ca
gemv_256MB,3136,1140.75922,prim_gemv_cinm2_ca
gemv_256MB,3167,445.10261230000003,prim_gemv_cinm2_ca
gemv_256MB,3198,1128.1307492,prim_gemv_cinm2_ca
gemv_256MB,3229,1185.4412995999999,prim_gemv_cinm2_ca
gemv_256MB,3260,1136.5741797,prim_gemv_cinm2_ca
gemv_256MB,3291,1117.8730941,prim_gemv_cinm2_ca
gemv_256MB,3322,1139.3366095,prim_gemv_cinm2_ca
gemv_256MB,3353,1146.8242625999999,prim_gemv_cinm2_ca
gemv_256MB,3384,1105.6874135,prim_gemv_cinm2_ca
gemv_256MB,3446,1118.3095637000001,prim_gemv_cinm2_ca
gemv_256MB,3477,1189.2274064,prim_gemv_cinm2_ca
gemv_256MB,3508,1096.0651784000001,prim_gemv_cinm2_ca
gemv_256MB,3539,1158.0958584,prim_gemv_cinm2_ca
gemv_256MB,3570,1170.2917192,prim_gemv_cinm2_ca
gemv_256MB,3601,1064.0779574,prim_gemv_cinm2_ca
gemv_256MB,3632,1181.5443665,prim_gemv_cinm2_ca
gemv_256MB,3663,1137.0268910999998,prim_gemv_cinm2_ca
gemv_256MB,3694,1158.7311335999998,prim_gemv_cinm2_ca
gemv_256MB,3725,1159.690273,prim_gemv_cinm2_ca
gemv_256MB,3756,1146.4729828,prim_gemv_cinm2_ca
gemv_256MB,3787,1139.5864675999999,prim_gemv_cinm2_ca
gemv_256MB,3818,1107.3764917,prim_gemv_cinm2_ca
gemv_256MB,3849,1157.6063800999998,prim_gemv_cinm2_ca
gemv_256MB,3880,1107.9795037000001,prim_gemv_cinm2_ca
gemv_256MB,3911,1164.2747729,prim_gemv_cinm2_ca
gemv_256MB,3942,1130.7723647999999,prim_gemv_cinm2_ca
gemv_256MB,3973,1134.6871706,prim_gemv_cinm2_ca
gemv_256MB,4004,1193.5202685,prim_gemv_cinm2_ca
gemv_4MB,67,19.801838800000002,prim_gemv_cinm2_ca
gemv_4MB,98,21.1232311,prim_gemv_cinm2_ca
gemv_4MB,129,18.6550904,prim_gemv_cinm2_ca
gemv_4MB,160,19.8304424,prim_gemv_cinm2_ca
gemv_4MB,191,19.4601061,prim_gemv_cinm2_ca
gemv_4MB,222,20.606526600000002,prim_gemv_cinm2_ca
gemv_4MB,253,18.9404915,prim_gemv_cinm2_ca
gemv_4MB,284,18.335131399999998,prim_gemv_cinm2_ca
gemv_4MB,315,19.4365219,prim_gemv_cinm2_ca
gemv_4MB,346,22.8808783,prim_gemv_cinm2_ca
gemv_4MB,377,20.353918,prim_gemv_cinm2_ca
gemv_4MB,408,22.8406643,prim_gemv_cinm2_ca
gemv_4MB,439,24.447388399999998,prim_gemv_cinm2_ca
gemv_4MB,470,20.2932459,prim_gemv_cinm2_ca
gemv_4MB,501,22.2731038,prim_gemv_cinm2_ca
gemv_4MB,532,18.987458,prim_gemv_cinm2_ca
gemv_4MB,563,18.953231,prim_gemv_cinm2_ca
gemv_4MB,594,23.7617583,prim_gemv_cinm2_ca
gemv_4MB,625,20.6874912,prim_gemv_cinm2_ca
gemv_4MB,656,22.200978199999998,prim_gemv_cinm2_ca
gemv_4MB,687,17.629116,prim_gemv_cinm2_ca
gemv_4MB,718,23.3521411,prim_gemv_cinm2_ca
gemv_4MB,749,20.9098505,prim_gemv_cinm2_ca
gemv_4MB,780,17.6538549,prim_gemv_cinm2_ca
gemv_4MB,811,24.6204619,prim_gemv_cinm2_ca
gemv_4MB,842,17.9353315,prim_gemv_cinm2_ca
gemv_4MB,873,19.8120715,prim_gemv_cinm2_ca
gemv_4MB,904,17.7186622,prim_gemv_cinm2_ca
gemv_4MB,935,17.6238943,prim_gemv_cinm2_ca
gemv_4MB,966,18.771304699999998,prim_gemv_cinm2_ca
gemv_4MB,997,17.6176234,prim_gemv_cinm2_ca
gemv_4MB,1028,24.0244787,prim_gemv_cinm2_ca
gemv_4MB,1059,21.0229468,prim_gemv_cinm2_ca
gemv_4MB,1090,21.782156,prim_gemv_cinm2_ca
gemv_4MB,1121,22.971487,prim_gemv_cinm2_ca
gemv_4MB,1152,8.363411900000001,prim_gemv_cinm2_ca
gemv_4MB,1183,18.057231,prim_gemv_cinm2_ca
gemv_4MB,1214,18.016088,prim_gemv_cinm2_ca
gemv_4MB,1245,19.2892667,prim_gemv_cinm2_ca
gemv_4MB,1276,23.365525100000003,prim_gemv_cinm2_ca
gemv_4MB,1307,21.015947899999997,prim_gemv_cinm2_ca
gemv_4MB,1338,22.073907100000003,prim_gemv_cinm2_ca
gemv_4MB,1369,20.7572878,prim_gemv_cinm2_ca
gemv_4MB,1400,18.6634983,prim_gemv_cinm2_ca
gemv_4MB,1431,21.3275675,prim_gemv_cinm2_ca
gemv_4MB,1462,22.070212899999998,prim_gemv_cinm2_ca
gemv_4MB,1493,19.999655899999997,prim_gemv_cinm2_ca
gemv_4MB,1524,19.727596100000003,prim_gemv_cinm2_ca
gemv_4MB,1555,20.6368268,prim_gemv_cinm2_ca
gemv_4MB,1586,18.0261673,prim_gemv_cinm2_ca
gemv_4MB,1617,23.0306782,prim_gemv_cinm2_ca
gemv_4MB,1648,21.6142851,prim_gemv_cinm2_ca
gemv_4MB,1679,20.7442466,prim_gemv_cinm2_ca
gemv_4MB,1710,19.154104699999998,prim_gemv_cinm2_ca
gemv_4MB,1741,22.9558185,prim_gemv_cinm2_ca
gemv_4MB,1772,21.385666699999998,prim_gemv_cinm2_ca
gemv_4MB,1803,20.763555399999998,prim_gemv_cinm2_ca
gemv_4MB,1834,18.2278743,prim_gemv_cinm2_ca
gemv_4MB,1865,23.456258,prim_gemv_cinm2_ca
gemv_4MB,1896,18.5370988,prim_gemv_cinm2_ca
gemv_4MB,1927,22.4773007,prim_gemv_cinm2_ca
gemv_4MB,1958,18.5099339,prim_gemv_cinm2_ca
gemv_4MB,1989,20.715532600000003,prim_gemv_cinm2_ca
gemv_4MB,2020,21.180117,prim_gemv_cinm2_ca
gemv_4MB,2051,25.044545,prim_gemv_cinm2_ca
gemv_4MB,2082,21.89392,prim_gemv_cinm2_ca
gemv_4MB,2113,24.4035002,prim_gemv_cinm2_ca
gemv_4MB,2144,20.3285668,prim_gemv_cinm2_ca
gemv_4MB,2175,20.284995600000002,prim_gemv_cinm2_ca
gemv_4MB,2206,23.2248405,prim_gemv_cinm2_ca
gemv_4MB,2237,24.5223917,prim_gemv_cinm2_ca
gemv_4MB,2268,20.049236399999998,prim_gemv_cinm2_ca
gemv_4MB,2299,20.7679534,prim_gemv_cinm2_ca
gemv_4MB,2330,18.9860375,prim_gemv_cinm2_ca
gemv_4MB,2361,20.3065775,prim_gemv_cinm2_ca
gemv_4MB,2392,18.6559654,prim_gemv_cinm2_ca
gemv_4MB,2423,19.486755300000002,prim_gemv_cinm2_ca
gemv_4MB,2454,19.159896800000002,prim_gemv_cinm2_ca
gemv_4MB,2485,19.3119355,prim_gemv_cinm2_ca
gemv_4MB,2516,19.7412561,prim_gemv_cinm2_ca
gemv_4MB,2547,17.9211065,prim_gemv_cinm2_ca
gemv_4MB,2578,17.5937484,prim_gemv_cinm2_ca
gemv_4MB,2609,17.6959582,prim_gemv_cinm2_ca
gemv_4MB,2640,18.0429597,prim_gemv_cinm2_ca
gemv_4MB,2671,22.0340652,prim_gemv_cinm2_ca
gemv_4MB,2702,19.895842899999998,prim_gemv_cinm2_ca
gemv_4MB,2733,17.205591,prim_gemv_cinm2_ca
gemv_4MB,2764,21.716998,prim_gemv_cinm2_ca
gemv_4MB,2795,22.972148,prim_gemv_cinm2_ca
gemv_4MB,2826,17.384461899999998,prim_gemv_cinm2_ca
gemv_4MB,2857,18.6348211,prim_gemv_cinm2_ca
gemv_4MB,2888,21.8039208,prim_gemv_cinm2_ca
gemv_4MB,2919,20.6615438,prim_gemv_cinm2_ca
gemv_4MB,2950,18.2745031,prim_gemv_cinm2_ca
gemv_4MB,2981,19.1949083,prim_gemv_cinm2_ca
gemv_4MB,3012,18.259749199999998,prim_gemv_cinm2_ca
gemv_4MB,3043,20.0866338,prim_gemv_cinm2_ca
gemv_4MB,3074,18.6171087,prim_gemv_cinm2_ca
gemv_4MB,3105,18.864593399999997,prim_gemv_cinm2_ca
gemv_4MB,3136,24.570558899999998,prim_gemv_cinm2_ca
gemv_4MB,3167,22.8045638,prim_gemv_cinm2_ca
gemv_4MB,3198,21.006916399999998,prim_gemv_cinm2_ca
gemv_4MB,3229,24.0959664,prim_gemv_cinm2_ca
gemv_4MB,3260,21.6409165,prim_gemv_cinm2_ca
gemv_4MB,3291,21.4302521,prim_gemv_cinm2_ca
gemv_4MB,3322,19.017110600000002,prim_gemv_cinm2_ca
gemv_4MB,3353,18.6614368,prim_gemv_cinm2_ca
gemv_4MB,3384,19.872881600000003,prim_gemv_cinm2_ca
gemv_4MB,3415,19.399409,prim_gemv_cinm2_ca
gemv_4MB,3446,18.025569,prim_gemv_cinm2_ca
gemv_4MB,3477,20.4550497,prim_gemv_cinm2_ca
gemv_4MB,3508,23.857307300000002,prim_gemv_cinm2_ca
gemv_4MB,3539,20.0618658,prim_gemv_cinm2_ca
gemv_4MB,3570,18.9206555,prim_gemv_cinm2_ca
gemv_4MB,3601,19.7021255,prim_gemv_cinm2_ca
gemv_4MB,3632,19.8765625,prim_gemv_cinm2_ca
gemv_4MB,3663,17.6621737,prim_gemv_cinm2_ca
gemv_4MB,3694,20.572135,prim_gemv_cinm2_ca
gemv_4MB,3725,23.9890117,prim_gemv_cinm2_ca
gemv_4MB,3756,19.8072655,prim_gemv_cinm2_ca
gemv_4MB,3787,7.0400936,prim_gemv_cinm2_ca
gemv_4MB,3818,19.482366,prim_gemv_cinm2_ca
gemv_4MB,3849,18.6774192,prim_gemv_cinm2_ca
gemv_4MB,3880,19.8335649,prim_gemv_cinm2_ca
gemv_4MB,3911,6.6752996,prim_gemv_cinm2_ca
gemv_4MB,3942,20.382436,prim_gemv_cinm2_ca
gemv_4MB,3973,23.0539586,prim_gemv_cinm2_ca
gemv_4MB,4004,18.774876600000002,prim_gemv_cinm2_ca
gemv_512MB,67,2209.8265745999997,prim_gemv_cinm2_ca
gemv_512MB,98,2270.0604793,prim_gemv_cinm2_ca
gemv_512MB,129,845.0757567,prim_gemv_cinm2_ca
gemv_512MB,160,2239.6893465999997,prim_gemv_cinm2_ca
gemv_512MB,191,2256.5145706999997,prim_gemv_cinm2_ca
gemv_512MB,222,2312.958118,prim_gemv_cinm2_ca
gemv_512MB,253,2299.6259926,prim_gemv_cinm2_ca
gemv_512MB,284,2259.9899585999997,prim_gemv_cinm2_ca
gemv_512MB,315,2289.3784616999997,prim_gemv_cinm2_ca
gemv_512MB,346,738.1766361,prim_gemv_cinm2_ca
gemv_512MB,377,2222.1157971,prim_gemv_cinm2_ca
gemv_512MB,408,2252.5006428,prim_gemv_cinm2_ca
gemv_512MB,439,2244.4561716,prim_gemv_cinm2_ca
gemv_512MB,470,2285.3701854,prim_gemv_cinm2_ca
gemv_512MB,501,2264.5973885,prim_gemv_cinm2_ca
gemv_512MB,532,2251.1955981,prim_gemv_cinm2_ca
gemv_512MB,563,2223.6300265,prim_gemv_cinm2_ca
gemv_512MB,594,2215.741288,prim_gemv_cinm2_ca
gemv_512MB,625,2315.8579249,prim_gemv_cinm2_ca
gemv_512MB,656,2211.5017272,prim_gemv_cinm2_ca
gemv_512MB,687,2221.9600631,prim_gemv_cinm2_ca
gemv_512MB,718,2227.4577793000003,prim_gemv_cinm2_ca
gemv_512MB,749,2266.1508012,prim_gemv_cinm2_ca
gemv_512MB,780,2289.3458686999998,prim_gemv_cinm2_ca
gemv_512MB,811,2297.3172131,prim_gemv_cinm2_ca
gemv_512MB,842,2280.9484776,prim_gemv_cinm2_ca
gemv_512MB,873,2260.8324263000004,prim_gemv_cinm2_ca
gemv_512MB,904,2304.6628508000003,prim_gemv_cinm2_ca
gemv_512MB,935,2293.3035501,prim_gemv_cinm2_ca
gemv_512MB,966,2318.6570838000002,prim_gemv_cinm2_ca
gemv_512MB,997,2212.9989443000004,prim_gemv_cinm2_ca
gemv_512MB,1028,2223.5700733000003,prim_gemv_cinm2_ca
gemv_512MB,1059,2265.3806041,prim_gemv_cinm2_ca
gemv_512MB,1090,2211.9239319000003,prim_gemv_cinm2_ca
gemv_512MB,1121,2298.2870888,prim_gemv_cinm2_ca
gemv_512MB,1152,2305.3721376999997,prim_gemv_cinm2_ca
gemv_512MB,1183,2222.5573657,prim_gemv_cinm2_ca
gemv_512MB,1214,2221.7313295,prim_gemv_cinm2_ca
gemv_512MB,1245,2261.6762648000004,prim_gemv_cinm2_ca
gemv_512MB,1276,2214.6200141,prim_gemv_cinm2_ca
gemv_512MB,1307,2175.8237396,prim_gemv_cinm2_ca
gemv_512MB,1338,2264.0384024,prim_gemv_cinm2_ca
gemv_512MB,1369,2271.0779988000004,prim_gemv_cinm2_ca
gemv_512MB,1400,2325.1467475,prim_gemv_cinm2_ca
gemv_512MB,1431,842.3884872000001,prim_gemv_cinm2_ca
gemv_512MB,1462,2294.1908444,prim_gemv_cinm2_ca
gemv_512MB,1493,2225.1691418,prim_gemv_cinm2_ca
gemv_512MB,1524,2294.2766180999997,prim_gemv_cinm2_ca
gemv_512MB,1555,2210.8853558,prim_gemv_cinm2_ca
gemv_512MB,1586,2217.7683951999998,prim_gemv_cinm2_ca
gemv_512MB,1617,2250.0761046,prim_gemv_cinm2_ca
gemv_512MB,1648,2173.5972028,prim_gemv_cinm2_ca
gemv_512MB,1679,2258.2578270999998,prim_gemv_cinm2_ca
gemv_512MB,1710,2263.4775359,prim_gemv_cinm2_ca
gemv_512MB,1741,2312.1750983,prim_gemv_cinm2_ca
gemv_512MB,1772,2240.6897064,prim_gemv_cinm2_ca
gemv_512MB,1803,2273.6960067,prim_gemv_cinm2_ca
gemv_512MB,1834,2168.633304,prim_gemv_cinm2_ca
gemv_512MB,1865,2262.0350883,prim_gemv_cinm2_ca
gemv_512MB,1896,844.4292967,prim_gemv_cinm2_ca
gemv_512MB,1927,2235.4498096999996,prim_gemv_cinm2_ca
gemv_512MB,1958,2286.394018,prim_gemv_cinm2_ca
gemv_512MB,1989,840.7404207999999,prim_gemv_cinm2_ca
gemv_512MB,2020,2227.5694913,prim_gemv_cinm2_ca
gemv_512MB,2051,2231.362292,prim_gemv_cinm2_ca
gemv_512MB,2082,2257.991208,prim_gemv_cinm2_ca
gemv_512MB,2113,2264.964807,prim_gemv_cinm2_ca
gemv_512MB,2144,2301.5376707,prim_gemv_cinm2_ca
gemv_512MB,2175,2290.7826944000003,prim_gemv_cinm2_ca
gemv_512MB,2206,2326.7015509000003,prim_gemv_cinm2_ca
gemv_512MB,2237,2213.6972758,prim_gemv_cinm2_ca
gemv_512MB,2268,2266.1821203000004,prim_gemv_cinm2_ca
gemv_512MB,2299,2300.2620254000003,prim_gemv_cinm2_ca
gemv_512MB,2330,2265.229466,prim_gemv_cinm2_ca
gemv_512MB,2361,2221.2302411,prim_gemv_cinm2_ca
gemv_512MB,2392,2199.1216695999997,prim_gemv_cinm2_ca
gemv_512MB,2423,2221.5642736,prim_gemv_cinm2_ca
gemv_512MB,2454,2298.5843697,prim_gemv_cinm2_ca
gemv_512MB,2485,2217.1551534,prim_gemv_cinm2_ca
gemv_512MB,2516,2212.6761058,prim_gemv_cinm2_ca
gemv_512MB,2547,2213.4726597,prim_gemv_cinm2_ca
gemv_512MB,2578,2256.5210238,prim_gemv_cinm2_ca
gemv_512MB,2609,2221.2771024,prim_gemv_cinm2_ca
gemv_512MB,2640,2214.7407358,prim_gemv_cinm2_ca
gemv_512MB,2671,2259.1297635,prim_gemv_cinm2_ca
gemv_512MB,2702,2182.5055531999997,prim_gemv_cinm2_ca
gemv_512MB,2733,2251.9666788000004,prim_gemv_cinm2_ca
gemv_512MB,2764,2198.1230271,prim_gemv_cinm2_ca
gemv_512MB,2795,2253.4762119,prim_gemv_cinm2_ca
gemv_512MB,2826,2212.0040344,prim_gemv_cinm2_ca
gemv_512MB,2857,2180.7199584,prim_gemv_cinm2_ca
gemv_512MB,2888,2253.5846496999998,prim_gemv_cinm2_ca
gemv_512MB,2919,2226.0928389,prim_gemv_cinm2_ca
gemv_512MB,2950,2272.8342930999997,prim_gemv_cinm2_ca
gemv_512MB,2981,2198.5389502,prim_gemv_cinm2_ca
gemv_512MB,3012,2310.6587859,prim_gemv_cinm2_ca
gemv_512MB,3043,2319.3933374000003,prim_gemv_cinm2_ca
gemv_512MB,3074,2442.1707935,prim_gemv_cinm2_ca
gemv_512MB,3105,2220.8881389000003,prim_gemv_cinm2_ca
gemv_512MB,3136,2249.5997991,prim_gemv_cinm2_ca
gemv_512MB,3167,2195.5771341,prim_gemv_cinm2_ca
gemv_512MB,3198,2264.9121066,prim_gemv_cinm2_ca
gemv_512MB,3229,2221.6344692,prim_gemv_cinm2_ca
gemv_512MB,3260,2245.3966182,prim_gemv_cinm2_ca
gemv_512MB,3291,859.4146929,prim_gemv_cinm2_ca
gemv_512MB,3322,2261.8386428000003,prim_gemv_cinm2_ca
gemv_512MB,3353,2192.8955424,prim_gemv_cinm2_ca
gemv_512MB,3384,2182.1115966999996,prim_gemv_cinm2_ca
gemv_512MB,3415,2201.7281421,prim_gemv_cinm2_ca
gemv_512MB,3446,2225.4458605,prim_gemv_cinm2_ca
gemv_512MB,3477,2216.9442069,prim_gemv_cinm2_ca
gemv_512MB,3508,2269.3268241,prim_gemv_cinm2_ca
gemv_512MB,3539,2259.8756958000004,prim_gemv_cinm2_ca
gemv_512MB,3570,2301.0637502,prim_gemv_cinm2_ca
gemv_512MB,3601,2193.518677,prim_gemv_cinm2_ca
gemv_512MB,3632,2312.4541063,prim_gemv_cinm2_ca
gemv_512MB,3663,2277.0709696999998,prim_gemv_cinm2_ca
gemv_512MB,3694,2227.1041963000002,prim_gemv_cinm2_ca
gemv_512MB,3725,2288.846726,prim_gemv_cinm2_ca
gemv_512MB,3756,2245.4343424,prim_gemv_cinm2_ca
gemv_512MB,3787,2265.7242023000003,prim_gemv_cinm2_ca
gemv_512MB,3818,2274.7076082,prim_gemv_cinm2_ca
gemv_512MB,3849,2256.6123436,prim_gemv_cinm2_ca
gemv_512MB,3880,2202.6047834,prim_gemv_cinm2_ca
gemv_512MB,3911,2263.3186551,prim_gemv_cinm2_ca
gemv_512MB,3942,2238.60586,prim_gemv_cinm2_ca
gemv_512MB,3973,2316.3115454,prim_gemv_cinm2_ca
gemv_512MB,4004,2212.352715,prim_gemv_cinm2_ca
gemv_64MB,67,300.56698689999996,prim_gemv_cinm2_ca
gemv_64MB,98,296.70891689999996,prim_gemv_cinm2_ca
gemv_64MB,129,279.27009830000003,prim_gemv_cinm2_ca
gemv_64MB,160,285.2751274,prim_gemv_cinm2_ca
gemv_64MB,191,296.2153425,prim_gemv_cinm2_ca
gemv_64MB,222,291.2939512,prim_gemv_cinm2_ca
gemv_64MB,253,298.83164689999995,prim_gemv_cinm2_ca
gemv_64MB,284,291.3668313,prim_gemv_cinm2_ca
gemv_64MB,315,295.8857191,prim_gemv_cinm2_ca
gemv_64MB,346,289.316374,prim_gemv_cinm2_ca
gemv_64MB,377,285.9354971,prim_gemv_cinm2_ca
gemv_64MB,408,284.9569507,prim_gemv_cinm2_ca
gemv_64MB,439,287.22370589999997,prim_gemv_cinm2_ca
gemv_64MB,470,302.3502225,prim_gemv_cinm2_ca
gemv_64MB,501,287.520651,prim_gemv_cinm2_ca
gemv_64MB,532,289.5571505,prim_gemv_cinm2_ca
gemv_64MB,563,295.616377,prim_gemv_cinm2_ca
gemv_64MB,594,287.15598889999995,prim_gemv_cinm2_ca
gemv_64MB,625,299.17490289999995,prim_gemv_cinm2_ca
gemv_64MB,656,309.7412422,prim_gemv_cinm2_ca
gemv_64MB,687,285.2785588,prim_gemv_cinm2_ca
gemv_64MB,718,301.43782760000005,prim_gemv_cinm2_ca
gemv_64MB,749,285.1709308,prim_gemv_cinm2_ca
gemv_64MB,780,293.8036767,prim_gemv_cinm2_ca
gemv_64MB,811,312.27384539999997,prim_gemv_cinm2_ca
gemv_64MB,842,295.3181479,prim_gemv_cinm2_ca
gemv_64MB,873,294.9796791,prim_gemv_cinm2_ca
gemv_64MB,904,310.9412502,prim_gemv_cinm2_ca
gemv_64MB,935,310.14473189999995,prim_gemv_cinm2_ca
gemv_64MB,966,301.5536032,prim_gemv_cinm2_ca
gemv_64MB,997,307.3279516,prim_gemv_cinm2_ca
gemv_64MB,1028,287.08687710000004,prim_gemv_cinm2_ca
gemv_64MB,1059,298.969416,prim_gemv_cinm2_ca
gemv_64MB,1090,298.95858810000004,prim_gemv_cinm2_ca
gemv_64MB,1121,286.99187989999996,prim_gemv_cinm2_ca
gemv_64MB,1152,295.8124408,prim_gemv_cinm2_ca
gemv_64MB,1183,287.5770446,prim_gemv_cinm2_ca
gemv_64MB,1214,289.94055069999996,prim_gemv_cinm2_ca
gemv_64MB,1245,288.88459689999996,prim_gemv_cinm2_ca
gemv_64MB,1276,292.3079833,prim_gemv_cinm2_ca
gemv_64MB,1307,301.3105068,prim_gemv_cinm2_ca
gemv_64MB,1338,299.8618106,prim_gemv_cinm2_ca
gemv_64MB,1369,294.3060225,prim_gemv_cinm2_ca
gemv_64MB,1400,299.5242193,prim_gemv_cinm2_ca
gemv_64MB,1431,302.4519512,prim_gemv_cinm2_ca
gemv_64MB,1462,304.0438063,prim_gemv_cinm2_ca
gemv_64MB,1493,285.85628560000004,prim_gemv_cinm2_ca
gemv_64MB,1524,288.1207452,prim_gemv_cinm2_ca
gemv_64MB,1555,288.1612939,prim_gemv_cinm2_ca
gemv_64MB,1586,289.2300058,prim_gemv_cinm2_ca
gemv_64MB,1617,297.2369438,prim_gemv_cinm2_ca
gemv_64MB,1648,299.6551982,prim_gemv_cinm2_ca
gemv_64MB,1679,291.3692954,prim_gemv_cinm2_ca
gemv_64MB,1710,292.2132495,prim_gemv_cinm2_ca
gemv_64MB,1741,281.17133160000003,prim_gemv_cinm2_ca
gemv_64MB,1772,282.09414910000004,prim_gemv_cinm2_ca
gemv_64MB,1803,287.7903246,prim_gemv_cinm2_ca
gemv_64MB,1834,301.9537445,prim_gemv_cinm2_ca
gemv_64MB,1865,310.395676,prim_gemv_cinm2_ca
gemv_64MB,1896,290.89639669999997,prim_gemv_cinm2_ca
gemv_64MB,1927,296.3126401,prim_gemv_cinm2_ca
gemv_64MB,1958,298.235372,prim_gemv_cinm2_ca
gemv_64MB,1989,285.77924989999997,prim_gemv_cinm2_ca
gemv_64MB,2020,289.4577631,prim_gemv_cinm2_ca
gemv_64MB,2051,275.683042,prim_gemv_cinm2_ca
gemv_64MB,2082,290.53924939999996,prim_gemv_cinm2_ca
gemv_64MB,2113,286.88491669999996,prim_gemv_cinm2_ca
gemv_64MB,2144,323.1411485,prim_gemv_cinm2_ca
gemv_64MB,2175,299.78495,prim_gemv_cinm2_ca
gemv_64MB,2206,298.1003817,prim_gemv_cinm2_ca
gemv_64MB,2237,299.1190515,prim_gemv_cinm2_ca
gemv_64MB,2268,289.30387010000004,prim_gemv_cinm2_ca
gemv_64MB,2299,323.12522989999997,prim_gemv_cinm2_ca
gemv_64MB,2330,290.94028110000005,prim_gemv_cinm2_ca
gemv_64MB,2361,285.56447810000003,prim_gemv_cinm2_ca
gemv_64MB,2392,292.0683657,prim_gemv_cinm2_ca
gemv_64MB,2423,301.5882792,prim_gemv_cinm2_ca
gemv_64MB,2454,292.997957,prim_gemv_cinm2_ca
gemv_64MB,2485,288.6576263,prim_gemv_cinm2_ca
gemv_64MB,2516,290.3647732,prim_gemv_cinm2_ca
gemv_64MB,2547,290.1631622,prim_gemv_cinm2_ca
gemv_64MB,2578,288.4523201,prim_gemv_cinm2_ca
gemv_64MB,2609,298.0733781,prim_gemv_cinm2_ca
gemv_64MB,2640,289.0673105,prim_gemv_cinm2_ca
gemv_64MB,2671,297.64045269999997,prim_gemv_cinm2_ca
gemv_64MB,2702,297.2363959,prim_gemv_cinm2_ca
gemv_64MB,2733,288.1804053,prim_gemv_cinm2_ca
gemv_64MB,2764,301.72508980000003,prim_gemv_cinm2_ca
gemv_64MB,2795,288.3936598,prim_gemv_cinm2_ca
gemv_64MB,2826,295.3654416,prim_gemv_cinm2_ca
gemv_64MB,2857,294.6132126,prim_gemv_cinm2_ca
gemv_64MB,2888,289.8928403,prim_gemv_cinm2_ca
gemv_64MB,2919,295.2031252,prim_gemv_cinm2_ca
gemv_64MB,2950,317.7709322,prim_gemv_cinm2_ca
gemv_64MB,2981,291.02211539999996,prim_gemv_cinm2_ca
gemv_64MB,3012,298.9223336,prim_gemv_cinm2_ca
gemv_64MB,3043,297.6630733,prim_gemv_cinm2_ca
gemv_64MB,3074,289.9732095,prim_gemv_cinm2_ca
gemv_64MB,3105,282.91886589999996,prim_gemv_cinm2_ca
gemv_64MB,3136,291.574162,prim_gemv_cinm2_ca
gemv_64MB,3167,311.33174260000004,prim_gemv_cinm2_ca
gemv_64MB,3198,294.963832,prim_gemv_cinm2_ca
gemv_64MB,3229,314.7712474,prim_gemv_cinm2_ca
gemv_64MB,3260,294.45218669999997,prim_gemv_cinm2_ca
gemv_64MB,3291,283.80217189999996,prim_gemv_cinm2_ca
gemv_64MB,3322,289.7708481,prim_gemv_cinm2_ca
gemv_64MB,3353,301.1528113,prim_gemv_cinm2_ca
gemv_64MB,3384,285.790346,prim_gemv_cinm2_ca
gemv_64MB,3415,305.0269081,prim_gemv_cinm2_ca
gemv_64MB,3446,285.5493245,prim_gemv_cinm2_ca
gemv_64MB,3477,114.82301290000001,prim_gemv_cinm2_ca
gemv_64MB,3508,280.5537807,prim_gemv_cinm2_ca
gemv_64MB,3539,295.0429512,prim_gemv_cinm2_ca
gemv_64MB,3570,286.9537768,prim_gemv_cinm2_ca
gemv_64MB,3601,296.2435547,prim_gemv_cinm2_ca
gemv_64MB,3632,308.6222435,prim_gemv_cinm2_ca
gemv_64MB,3663,288.79219739999996,prim_gemv_cinm2_ca
gemv_64MB,3694,301.1963703,prim_gemv_cinm2_ca
gemv_64MB,3725,291.9698762,prim_gemv_cinm2_ca
gemv_64MB,3756,292.3531448,prim_gemv_cinm2_ca
gemv_64MB,3787,290.9748637,prim_gemv_cinm2_ca
gemv_64MB,3818,297.03738369999996,prim_gemv_cinm2_ca
gemv_64MB,3849,286.5002034,prim_gemv_cinm2_ca
gemv_64MB,3880,123.78544579999999,prim_gemv_cinm2_ca
gemv_64MB,3911,296.61789730000004,prim_gemv_cinm2_ca
gemv_64MB,3942,289.34146860000004,prim_gemv_cinm2_ca
gemv_64MB,3973,300.3584075,prim_gemv_cinm2_ca
gemv_64MB,4004,291.845144,prim_gemv_cinm2_ca
gemv_256MB,67,1130.7939939,prim_gemv_cinm2_ca200
gemv_256MB,98,1140.7488808,prim_gemv_cinm2_ca200
gemv_256MB,129,1147.7052070999998,prim_gemv_cinm2_ca200
gemv_256MB,160,1122.6842208,prim_gemv_cinm2_ca200
gemv_256MB,191,1584.9982505,prim_gemv_cinm2_ca200
gemv_256MB,222,1380.7609147,prim_gemv_cinm2_ca200
gemv_256MB,253,1065.0155522999999,prim_gemv_cinm2_ca200
gemv_256MB,284,1054.4468411,prim_gemv_cinm2_ca200
gemv_256MB,315,1409.1495175999999,prim_gemv_cinm2_ca200
gemv_256MB,346,1498.0894606,prim_gemv_cinm2_ca200
gemv_256MB,377,1084.9283414000001,prim_gemv_cinm2_ca200
gemv_256MB,408,2211.2771201,prim_gemv_cinm2_ca200
gemv_256MB,439,1086.2442543,prim_gemv_cinm2_ca200
gemv_256MB,470,1055.1193418,prim_gemv_cinm2_ca200
gemv_256MB,501,1093.2211575,prim_gemv_cinm2_ca200
gemv_256MB,532,1083.9373491,prim_gemv_cinm2_ca200
gemv_256MB,563,1053.4879484,prim_gemv_cinm2_ca200
gemv_256MB,594,1191.1431405,prim_gemv_cinm2_ca200
gemv_256MB,625,1098.0765997,prim_gemv_cinm2_ca200
gemv_256MB,656,1096.8543814000002,prim_gemv_cinm2_ca200
gemv_256MB,687,1102.796541,prim_gemv_cinm2_ca200
gemv_256MB,718,1077.3026418,prim_gemv_cinm2_ca200
gemv_256MB,749,1064.0574024,prim_gemv_cinm2_ca200
gemv_256MB,780,1105.4802819000001,prim_gemv_cinm2_ca200
gemv_256MB,811,1066.6585231,prim_gemv_cinm2_ca200
gemv_256MB,842,1150.2415392999999,prim_gemv_cinm2_ca200
gemv_256MB,873,1058.279254,prim_gemv_cinm2_ca200
gemv_256MB,904,1061.5820631,prim_gemv_cinm2_ca200
gemv_256MB,935,1131.0305574000001,prim_gemv_cinm2_ca200
gemv_256MB,966,1069.7484175,prim_gemv_cinm2_ca200
gemv_256MB,997,1147.8748777,prim_gemv_cinm2_ca200
gemv_256MB,1028,1076.0291747,prim_gemv_cinm2_ca200
gemv_256MB,1059,1072.8610682,prim_gemv_cinm2_ca200
gemv_256MB,1090,1173.1220527,prim_gemv_cinm2_ca200
gemv_256MB,1121,1141.1597649,prim_gemv_cinm2_ca200
gemv_256MB,1152,1091.3719598,prim_gemv_cinm2_ca200
gemv_256MB,1183,1486.8311105,prim_gemv_cinm2_ca200
gemv_256MB,1214,1078.9572349,prim_gemv_cinm2_ca200
gemv_256MB,1245,1062.5226009,prim_gemv_cinm2_ca200
gemv_256MB,1276,1142.2710179,prim_gemv_cinm2_ca200
gemv_256MB,1307,1068.3599332000001,prim_gemv_cinm2_ca200
gemv_256MB,1338,1066.0129615,prim_gemv_cinm2_ca200
gemv_256MB,1369,1098.9154821,prim_gemv_cinm2_ca200
gemv_256MB,1400,1089.1987583,prim_gemv_cinm2_ca200
gemv_256MB,1431,1098.4761207000001,prim_gemv_cinm2_ca200
gemv_256MB,1462,1133.3132787,prim_gemv_cinm2_ca200
gemv_256MB,1493,1100.0967974,prim_gemv_cinm2_ca200
gemv_256MB,1524,1166.9243761,prim_gemv_cinm2_ca200
gemv_256MB,1555,2194.4007084,prim_gemv_cinm2_ca200
gemv_256MB,1586,1495.4574974000002,prim_gemv_cinm2_ca200
gemv_256MB,1617,1135.1568389000001,prim_gemv_cinm2_ca200
gemv_256MB,1648,1160.7693768,prim_gemv_cinm2_ca200
gemv_256MB,1679,1105.9742417999998,prim_gemv_cinm2_ca200
gemv_256MB,1710,1147.003213,prim_gemv_cinm2_ca200
gemv_256MB,1741,1322.8159403,prim_gemv_cinm2_ca200
gemv_256MB,1772,1178.2903688,prim_gemv_cinm2_ca200
gemv_256MB,1803,1492.3986627000002,prim_gemv_cinm2_ca200
gemv_256MB,1834,1097.8547984000002,prim_gemv_cinm2_ca200
gemv_256MB,1865,1077.7066768,prim_gemv_cinm2_ca200
gemv_256MB,1896,1053.9262052000001,prim_gemv_cinm2_ca200
gemv_256MB,1927,1107.340226,prim_gemv_cinm2_ca200
gemv_256MB,1958,1099.9232947,prim_gemv_cinm2_ca200
gemv_256MB,1989,1082.3955589000002,prim_gemv_cinm2_ca200
gemv_256MB,2020,1093.8015847000001,prim_gemv_cinm2_ca200
gemv_256MB,2051,1140.6807697000002,prim_gemv_cinm2_ca200
gemv_256MB,2082,1165.8612649000002,prim_gemv_cinm2_ca200
gemv_256MB,2113,1131.5885286,prim_gemv_cinm2_ca200
gemv_256MB,2144,1074.0016079000002,prim_gemv_cinm2_ca200
gemv_256MB,2175,1210.4473005,prim_gemv_cinm2_ca200
gemv_256MB,2206,1094.7911883,prim_gemv_cinm2_ca200
gemv_256MB,2237,1060.2067106,prim_gemv_cinm2_ca200
gemv_256MB,2268,1052.7172993,prim_gemv_cinm2_ca200
gemv_256MB,2299,1062.0634227,prim_gemv_cinm2_ca200
gemv_256MB,2330,1058.1671071,prim_gemv_cinm2_ca200
gemv_256MB,2361,1060.9649986,prim_gemv_cinm2_ca200
gemv_256MB,2392,1386.3912237,prim_gemv_cinm2_ca200
gemv_256MB,2423,1158.5355407,prim_gemv_cinm2_ca200
gemv_256MB,2454,1069.5596639,prim_gemv_cinm2_ca200
gemv_256MB,2485,1152.8424737999999,prim_gemv_cinm2_ca200
gemv_256MB,2516,1163.5349909000001,prim_gemv_cinm2_ca200
gemv_256MB,2547,1066.5958827,prim_gemv_cinm2_ca200
gemv_256MB,2578,1116.5100245,prim_gemv_cinm2_ca200
gemv_256MB,2609,1075.2208790999998,prim_gemv_cinm2_ca200
gemv_256MB,2640,1144.9679216,prim_gemv_cinm2_ca200
gemv_256MB,2671,1087.6638510999999,prim_gemv_cinm2_ca200
gemv_256MB,2702,1055.5589767000001,prim_gemv_cinm2_ca200
gemv_256MB,2733,1054.254046,prim_gemv_cinm2_ca200
gemv_256MB,2764,1138.2668502000001,prim_gemv_cinm2_ca200
gemv_256MB,2795,1167.6235193,prim_gemv_cinm2_ca200
gemv_256MB,2826,1107.2527362,prim_gemv_cinm2_ca200
gemv_256MB,2857,1110.3009165,prim_gemv_cinm2_ca200
gemv_256MB,2888,1153.2645125,prim_gemv_cinm2_ca200
gemv_256MB,2919,1149.1667852,prim_gemv_cinm2_ca200
gemv_256MB,2950,1098.7648078,prim_gemv_cinm2_ca200
gemv_256MB,2981,1161.9439261,prim_gemv_cinm2_ca200
gemv_256MB,3012,1066.4382754,prim_gemv_cinm2_ca200
gemv_256MB,3043,1162.9759417,prim_gemv_cinm2_ca200
gemv_256MB,3074,1079.0359462000001,prim_gemv_cinm2_ca200
gemv_256MB,3105,1345.6357595,prim_gemv_cinm2_ca200
gemv_256MB,3136,1214.3067424,prim_gemv_cinm2_ca200
gemv_256MB,3167,1104.2368961,prim_gemv_cinm2_ca200
gemv_256MB,3198,1206.8766320999998,prim_gemv_cinm2_ca200
gemv_256MB,3229,1064.5216008,prim_gemv_cinm2_ca200
gemv_256MB,3260,1102.2255772,prim_gemv_cinm2_ca200
gemv_256MB,3291,1160.3983804000002,prim_gemv_cinm2_ca200
gemv_256MB,3322,1091.0302762000001,prim_gemv_cinm2_ca200
gemv_256MB,3353,1213.9238844000001,prim_gemv_cinm2_ca200
gemv_256MB,3384,1100.0890218,prim_gemv_cinm2_ca200
gemv_256MB,3415,1166.9167292,prim_gemv_cinm2_ca200
gemv_256MB,3446,1106.7600707000001,prim_gemv_cinm2_ca200
gemv_256MB,3477,1158.7224002,prim_gemv_cinm2_ca200
gemv_256MB,3508,1074.0466715,prim_gemv_cinm2_ca200
gemv_256MB,3539,1112.5940618,prim_gemv_cinm2_ca200
gemv_256MB,3570,1108.0942214000002,prim_gemv_cinm2_ca200
gemv_256MB,3601,1065.6302969,prim_gemv_cinm2_ca200
gemv_256MB,3632,1109.8969825,prim_gemv_cinm2_ca200
gemv_256MB,3663,1103.9716518,prim_gemv_cinm2_ca200
gemv_256MB,3694,1407.8095755,prim_gemv_cinm2_ca200
gemv_256MB,3725,1090.5490764,prim_gemv_cinm2_ca200
gemv_256MB,3756,1134.8606349000002,prim_gemv_cinm2_ca200
gemv_256MB,3787,1149.7062081,prim_gemv_cinm2_ca200
gemv_256MB,3818,1177.7125821,prim_gemv_cinm2_ca200
gemv_256MB,3849,1104.1855160999999,prim_gemv_cinm2_ca200
gemv_256MB,3880,1119.275921,prim_gemv_cinm2_ca200
gemv_256MB,3911,1108.868097,prim_gemv_cinm2_ca200
gemv_256MB,3942,1594.0106652,prim_gemv_cinm2_ca200
gemv_256MB,3973,1211.8671243,prim_gemv_cinm2_ca200
gemv_256MB,4004,1187.6090172000002,prim_gemv_cinm2_ca200
gemv_4MB,67,21.002664199999998,prim_gemv_cinm2_ca200
gemv_4MB,98,21.5560087,prim_gemv_cinm2_ca200
gemv_4MB,129,19.043824100000002,prim_gemv_cinm2_ca200
gemv_4MB,160,19.743338899999998,prim_gemv_cinm2_ca200
gemv_4MB,191,18.6421876,prim_gemv_cinm2_ca200
gemv_4MB,222,22.7825469,prim_gemv_cinm2_ca200
gemv_4MB,253,19.2973285,prim_gemv_cinm2_ca200
gemv_4MB,284,18.484442,prim_gemv_cinm2_ca200
gemv_4MB,315,22.764913800000002,prim_gemv_cinm2_ca200
gemv_4MB,346,22.2284865,prim_gemv_cinm2_ca200
gemv_4MB,377,19.399354600000002,prim_gemv_cinm2_ca200
gemv_4MB,408,29.6556422,prim_gemv_cinm2_ca200
gemv_4MB,439,24.9814764,prim_gemv_cinm2_ca200
gemv_4MB,470,19.2453335,prim_gemv_cinm2_ca200
gemv_4MB,501,20.5344269,prim_gemv_cinm2_ca200
gemv_4MB,532,19.0424789,prim_gemv_cinm2_ca200
gemv_4MB,563,18.6147872,prim_gemv_cinm2_ca200
gemv_4MB,594,19.5434079,prim_gemv_cinm2_ca200
gemv_4MB,625,19.6964067,prim_gemv_cinm2_ca200
gemv_4MB,656,18.260701100000002,prim_gemv_cinm2_ca200
gemv_4MB,687,18.0136396,prim_gemv_cinm2_ca200
gemv_4MB,718,21.3713805,prim_gemv_cinm2_ca200
gemv_4MB,749,21.0101592,prim_gemv_cinm2_ca200
gemv_4MB,780,17.354809600000003,prim_gemv_cinm2_ca200
gemv_4MB,811,23.5184648,prim_gemv_cinm2_ca200
gemv_4MB,842,22.042880800000002,prim_gemv_cinm2_ca200
gemv_4MB,873,20.358015,prim_gemv_cinm2_ca200
gemv_4MB,904,17.7476609,prim_gemv_cinm2_ca200
gemv_4MB,935,17.6421529,prim_gemv_cinm2_ca200
gemv_4MB,966,19.661195600000003,prim_gemv_cinm2_ca200
gemv_4MB,997,19.216152100000002,prim_gemv_cinm2_ca200
gemv_4MB,1028,21.085273100000002,prim_gemv_cinm2_ca200
gemv_4MB,1059,21.197119899999997,prim_gemv_cinm2_ca200
gemv_4MB,1090,21.2363859,prim_gemv_cinm2_ca200
gemv_4MB,1121,22.942982399999998,prim_gemv_cinm2_ca200
gemv_4MB,1152,18.5449522,prim_gemv_cinm2_ca200
gemv_4MB,1183,18.6258218,prim_gemv_cinm2_ca200
gemv_4MB,1214,19.401209100000003,prim_gemv_cinm2_ca200
gemv_4MB,1245,20.5615284,prim_gemv_cinm2_ca200
gemv_4MB,1276,23.7449594,prim_gemv_cinm2_ca200
gemv_4MB,1307,20.6710529,prim_gemv_cinm2_ca200
gemv_4MB,1338,18.054233699999997,prim_gemv_cinm2_ca200
gemv_4MB,1369,20.6528935,prim_gemv_cinm2_ca200
gemv_4MB,1400,19.9804533,prim_gemv_cinm2_ca200
gemv_4MB,1431,23.4501937,prim_gemv_cinm2_ca200
gemv_4MB,1462,22.4496386,prim_gemv_cinm2_ca200
gemv_4MB,1493,20.114434199999998,prim_gemv_cinm2_ca200
gemv_4MB,1524,19.3712968,prim_gemv_cinm2_ca200
gemv_4MB,1555,21.9551879,prim_gemv_cinm2_ca200
gemv_4MB,1586,20.233535,prim_gemv_cinm2_ca200
gemv_4MB,1617,19.0855697,prim_gemv_cinm2_ca200
gemv_4MB,1648,21.102390800000002,prim_gemv_cinm2_ca200
gemv_4MB,1679,21.7124266,prim_gemv_cinm2_ca200
gemv_4MB,1710,18.970270600000003,prim_gemv_cinm2_ca200
gemv_4MB,1741,19.0656463,prim_gemv_cinm2_ca200
gemv_4MB,1772,22.1754309,prim_gemv_cinm2_ca200
gemv_4MB,1803,19.9621426,prim_gemv_cinm2_ca200
gemv_4MB,1834,18.6201906,prim_gemv_cinm2_ca200
gemv_4MB,1865,24.564684399999997,prim_gemv_cinm2_ca200
gemv_4MB,1896,17.871116699999998,prim_gemv_cinm2_ca200
gemv_4MB,1927,20.6014453,prim_gemv_cinm2_ca200
gemv_4MB,1958,19.6658601,prim_gemv_cinm2_ca200
gemv_4MB,1989,23.3971306,prim_gemv_cinm2_ca200
gemv_4MB,2020,19.6758695,prim_gemv_cinm2_ca200
gemv_4MB,2051,24.1662733,prim_gemv_cinm2_ca200
gemv_4MB,2082,18.6885823,prim_gemv_cinm2_ca200
gemv_4MB,2113,24.168313899999998,prim_gemv_cinm2_ca200
gemv_4MB,2144,19.961919899999998,prim_gemv_cinm2_ca200
gemv_4MB,2175,18.0472788,prim_gemv_cinm2_ca200
gemv_4MB,2206,20.7690494,prim_gemv_cinm2_ca200
gemv_4MB,2237,24.051434699999998,prim_gemv_cinm2_ca200
gemv_4MB,2268,19.8512,prim_gemv_cinm2_ca200
gemv_4MB,2299,20.7837635,prim_gemv_cinm2_ca200
gemv_4MB,2330,18.5716762,prim_gemv_cinm2_ca200
gemv_4MB,2361,19.589335300000002,prim_gemv_cinm2_ca200
gemv_4MB,2392,20.5718093,prim_gemv_cinm2_ca200
gemv_4MB,2423,18.488172600000002,prim_gemv_cinm2_ca200
gemv_4MB,2454,19.8184858,prim_gemv_cinm2_ca200
gemv_4MB,2485,18.8262712,prim_gemv_cinm2_ca200
gemv_4MB,2516,19.8551651,prim_gemv_cinm2_ca200
gemv_4MB,2547,20.3953998,prim_gemv_cinm2_ca200
gemv_4MB,2578,17.483933,prim_gemv_cinm2_ca200
gemv_4MB,2609,23.8349169,prim_gemv_cinm2_ca200
gemv_4MB,2640,20.9385003,prim_gemv_cinm2_ca200
gemv_4MB,2671,23.313048300000002,prim_gemv_cinm2_ca200
gemv_4MB,2702,19.6175007,prim_gemv_cinm2_ca200
gemv_4MB,2733,22.936084899999997,prim_gemv_cinm2_ca200
gemv_4MB,2764,23.1903154,prim_gemv_cinm2_ca200
gemv_4MB,2795,21.5155705,prim_gemv_cinm2_ca200
gemv_4MB,2826,22.8027263,prim_gemv_cinm2_ca200
gemv_4MB,2857,20.2582415,prim_gemv_cinm2_ca200
gemv_4MB,2888,23.7537924,prim_gemv_cinm2_ca200
gemv_4MB,2919,19.660124600000003,prim_gemv_cinm2_ca200
gemv_4MB,2950,18.4501123,prim_gemv_cinm2_ca200
gemv_4MB,2981,20.3291622,prim_gemv_cinm2_ca200
gemv_4MB,3012,18.3655431,prim_gemv_cinm2_ca200
gemv_4MB,3043,19.956483300000002,prim_gemv_cinm2_ca200
gemv_4MB,3074,19.7902001,prim_gemv_cinm2_ca200
gemv_4MB,3105,21.2407025,prim_gemv_cinm2_ca200
gemv_4MB,3136,19.1279152,prim_gemv_cinm2_ca200
gemv_4MB,3167,21.9473429,prim_gemv_cinm2_ca200
gemv_4MB,3198,19.3429917,prim_gemv_cinm2_ca200
gemv_4MB,3229,18.6980342,prim_gemv_cinm2_ca200
gemv_4MB,3260,23.171489100000002,prim_gemv_cinm2_ca200
gemv_4MB,3291,19.1029157,prim_gemv_cinm2_ca200
gemv_4MB,3322,19.3227765,prim_gemv_cinm2_ca200
gemv_4MB,3353,18.3466406,prim_gemv_cinm2_ca200
gemv_4MB,3384,23.0718345,prim_gemv_cinm2_ca200
gemv_4MB,3415,18.7966231,prim_gemv_cinm2_ca200
gemv_4MB,3446,8.3300351,prim_gemv_cinm2_ca200
gemv_4MB,3477,19.5131058,prim_gemv_cinm2_ca200
gemv_4MB,3508,20.4058075,prim_gemv_cinm2_ca200
gemv_4MB,3539,19.817982100000002,prim_gemv_cinm2_ca200
gemv_4MB,3570,18.405606600000002,prim_gemv_cinm2_ca200
gemv_4MB,3601,19.8041092,prim_gemv_cinm2_ca200
gemv_4MB,3632,20.153050399999998,prim_gemv_cinm2_ca200
gemv_4MB,3663,16.9803312,prim_gemv_cinm2_ca200
gemv_4MB,3694,18.693803,prim_gemv_cinm2_ca200
gemv_4MB,3725,22.4405985,prim_gemv_cinm2_ca200
gemv_4MB,3756,19.262374100000002,prim_gemv_cinm2_ca200
gemv_4MB,3787,18.762234399999997,prim_gemv_cinm2_ca200
gemv_4MB,3818,19.6799061,prim_gemv_cinm2_ca200
gemv_4MB,3849,18.8577051,prim_gemv_cinm2_ca200
gemv_4MB,3880,18.9242133,prim_gemv_cinm2_ca200
gemv_4MB,3911,18.5235968,prim_gemv_cinm2_ca200
gemv_4MB,3942,17.6035415,prim_gemv_cinm2_ca200
gemv_4MB,3973,22.7502166,prim_gemv_cinm2_ca200
gemv_4MB,4004,19.4607289,prim_gemv_cinm2_ca200
gemv_512MB,67,6173.2707035,prim_gemv_cinm2_ca200
gemv_512MB,98,2189.5067991,prim_gemv_cinm2_ca200
gemv_512MB,129,2181.4069111999997,prim_gemv_cinm2_ca200
gemv_512MB,160,2263.9887731,prim_gemv_cinm2_ca200
gemv_512MB,191,2246.2743556,prim_gemv_cinm2_ca200
gemv_512MB,222,2323.6632704,prim_gemv_cinm2_ca200
gemv_512MB,253,2119.8811099,prim_gemv_cinm2_ca200
gemv_512MB,284,2789.6154508000004,prim_gemv_cinm2_ca200
gemv_512MB,315,2847.0149572,prim_gemv_cinm2_ca200
gemv_512MB,346,2089.1745481,prim_gemv_cinm2_ca200
gemv_512MB,377,2098.7019614,prim_gemv_cinm2_ca200
gemv_512MB,408,2228.7601546,prim_gemv_cinm2_ca200
gemv_512MB,439,2297.8033119,prim_gemv_cinm2_ca200
gemv_512MB,470,2105.0807104,prim_gemv_cinm2_ca200
gemv_512MB,501,2115.8223015999997,prim_gemv_cinm2_ca200
gemv_512MB,532,2170.7779505,prim_gemv_cinm2_ca200
gemv_512MB,563,2074.3076258,prim_gemv_cinm2_ca200
gemv_512MB,594,2344.7808852,prim_gemv_cinm2_ca200
gemv_512MB,625,2123.6426855,prim_gemv_cinm2_ca200
gemv_512MB,656,2174.9146785,prim_gemv_cinm2_ca200
gemv_512MB,687,2194.9196591,prim_gemv_cinm2_ca200
gemv_512MB,718,2248.8513135999997,prim_gemv_cinm2_ca200
gemv_512MB,749,2171.7477626,prim_gemv_cinm2_ca200
gemv_512MB,780,2179.8670359000002,prim_gemv_cinm2_ca200
gemv_512MB,811,2109.0662749000003,prim_gemv_cinm2_ca200
gemv_512MB,842,4066.1628938000003,prim_gemv_cinm2_ca200
gemv_512MB,873,2115.6872408,prim_gemv_cinm2_ca200
gemv_512MB,904,2233.7700973,prim_gemv_cinm2_ca200
gemv_512MB,935,2240.1321516999997,prim_gemv_cinm2_ca200
gemv_512MB,966,2627.5264242,prim_gemv_cinm2_ca200
gemv_512MB,997,2275.9724314,prim_gemv_cinm2_ca200
gemv_512MB,1028,2130.9631795,prim_gemv_cinm2_ca200
gemv_512MB,1059,3184.4538261999996,prim_gemv_cinm2_ca200
gemv_512MB,1090,2143.2951811,prim_gemv_cinm2_ca200
gemv_512MB,1121,2161.1932951,prim_gemv_cinm2_ca200
gemv_512MB,1152,2164.3709971,prim_gemv_cinm2_ca200
gemv_512MB,1183,3048.0204231999996,prim_gemv_cinm2_ca200
gemv_512MB,1214,2080.4565329,prim_gemv_cinm2_ca200
gemv_512MB,1245,2112.6968881,prim_gemv_cinm2_ca200
gemv_512MB,1276,2088.9732297,prim_gemv_cinm2_ca200
gemv_512MB,1307,2116.9545233,prim_gemv_cinm2_ca200
gemv_512MB,1338,2168.7925526999998,prim_gemv_cinm2_ca200
gemv_512MB,1369,2259.452967,prim_gemv_cinm2_ca200
gemv_512MB,1400,2226.2803885,prim_gemv_cinm2_ca200
gemv_512MB,1431,2173.0852016999997,prim_gemv_cinm2_ca200
gemv_512MB,1462,2179.8150747,prim_gemv_cinm2_ca200
gemv_512MB,1493,2168.4919824,prim_gemv_cinm2_ca200
gemv_512MB,1524,3744.7914708000003,prim_gemv_cinm2_ca200
gemv_512MB,1555,3040.6049911,prim_gemv_cinm2_ca200
gemv_512MB,1586,2160.9192894000003,prim_gemv_cinm2_ca200
gemv_512MB,1617,2161.9041585,prim_gemv_cinm2_ca200
gemv_512MB,1648,2261.5111314,prim_gemv_cinm2_ca200
gemv_512MB,1679,3150.0477432,prim_gemv_cinm2_ca200
gemv_512MB,1710,2237.9260675,prim_gemv_cinm2_ca200
gemv_512MB,1741,2708.7285776999997,prim_gemv_cinm2_ca200
gemv_512MB,1772,2324.8528613000003,prim_gemv_cinm2_ca200
gemv_512MB,1803,2079.5205880999997,prim_gemv_cinm2_ca200
gemv_512MB,1834,2131.3006874000002,prim_gemv_cinm2_ca200
gemv_512MB,1865,2228.5968149,prim_gemv_cinm2_ca200
gemv_512MB,1896,2309.7710633,prim_gemv_cinm2_ca200
gemv_512MB,1927,2260.7307448,prim_gemv_cinm2_ca200
gemv_512MB,1958,2154.9657076999997,prim_gemv_cinm2_ca200
gemv_512MB,1989,2240.9371673,prim_gemv_cinm2_ca200
gemv_512MB,2020,5874.22907,prim_gemv_cinm2_ca200
gemv_512MB,2051,2167.3172136,prim_gemv_cinm2_ca200
gemv_512MB,2082,2304.9177012,prim_gemv_cinm2_ca200
gemv_512MB,2113,2252.0343835999997,prim_gemv_cinm2_ca200
gemv_512MB,2144,2118.4101491,prim_gemv_cinm2_ca200
gemv_512MB,2175,2359.9866481,prim_gemv_cinm2_ca200
gemv_512MB,2206,2142.555881,prim_gemv_cinm2_ca200
gemv_512MB,2237,2126.1339597,prim_gemv_cinm2_ca200
gemv_512MB,2268,2307.0240854,prim_gemv_cinm2_ca200
gemv_512MB,2299,2087.3664820999998,prim_gemv_cinm2_ca200
gemv_512MB,2330,2134.8264051,prim_gemv_cinm2_ca200
gemv_512MB,2361,2097.6351440999997,prim_gemv_cinm2_ca200
gemv_512MB,2392,2806.0691205999997,prim_gemv_cinm2_ca200
gemv_512MB,2423,2142.4125559,prim_gemv_cinm2_ca200
gemv_512MB,2454,2183.561549,prim_gemv_cinm2_ca200
gemv_512MB,2485,2350.1006435,prim_gemv_cinm2_ca200
gemv_512MB,2516,2392.0161332,prim_gemv_cinm2_ca200
gemv_512MB,2547,2304.9599014,prim_gemv_cinm2_ca200
gemv_512MB,2578,2192.2240236999996,prim_gemv_cinm2_ca200
gemv_512MB,2609,2074.1325711,prim_gemv_cinm2_ca200
gemv_512MB,2640,2098.0585039000002,prim_gemv_cinm2_ca200
gemv_512MB,2671,2237.2987337,prim_gemv_cinm2_ca200
gemv_512MB,2702,2124.8030875,prim_gemv_cinm2_ca200
gemv_512MB,2733,2131.7820091,prim_gemv_cinm2_ca200
gemv_512MB,2764,2245.8780575,prim_gemv_cinm2_ca200
gemv_512MB,2795,2304.1627871,prim_gemv_cinm2_ca200
gemv_512MB,2826,2115.0224869,prim_gemv_cinm2_ca200
gemv_512MB,2857,2189.2728741,prim_gemv_cinm2_ca200
gemv_512MB,2919,2298.3140556999997,prim_gemv_cinm2_ca200
gemv_512MB,2950,2166.3275266,prim_gemv_cinm2_ca200
gemv_512MB,2981,2298.1687549000003,prim_gemv_cinm2_ca200
gemv_512MB,3012,2111.4858457,prim_gemv_cinm2_ca200
gemv_512MB,3043,2246.6199061999996,prim_gemv_cinm2_ca200
gemv_512MB,3074,2126.1923768,prim_gemv_cinm2_ca200
gemv_512MB,3105,2251.7295526999997,prim_gemv_cinm2_ca200
gemv_512MB,3136,2628.818202,prim_gemv_cinm2_ca200
gemv_512MB,3167,2151.4392939,prim_gemv_cinm2_ca200
gemv_512MB,3198,2292.1529706,prim_gemv_cinm2_ca200
gemv_512MB,3229,2248.5229168,prim_gemv_cinm2_ca200
gemv_512MB,3260,2259.6936203,prim_gemv_cinm2_ca200
gemv_512MB,3291,2295.2321163,prim_gemv_cinm2_ca200
gemv_512MB,3322,2102.4829762,prim_gemv_cinm2_ca200
gemv_512MB,3353,2306.6601216,prim_gemv_cinm2_ca200
gemv_512MB,3384,2246.2315809,prim_gemv_cinm2_ca200
gemv_512MB,3415,2426.064226,prim_gemv_cinm2_ca200
gemv_512MB,3446,4387.559104100001,prim_gemv_cinm2_ca200
gemv_512MB,3477,4867.5217352,prim_gemv_cinm2_ca200
gemv_512MB,3508,2115.1876977,prim_gemv_cinm2_ca200
gemv_512MB,3539,2291.7694690999997,prim_gemv_cinm2_ca200
gemv_512MB,3570,2354.0316468,prim_gemv_cinm2_ca200
gemv_512MB,3601,2082.0594062,prim_gemv_cinm2_ca200
gemv_512MB,3632,2232.6355459,prim_gemv_cinm2_ca200
gemv_512MB,3663,2225.4781077,prim_gemv_cinm2_ca200
gemv_512MB,3694,2198.1924868,prim_gemv_cinm2_ca200
gemv_512MB,3725,2148.2571489,prim_gemv_cinm2_ca200
gemv_512MB,3756,2118.7717415,prim_gemv_cinm2_ca200
gemv_512MB,3787,2058.3765554,prim_gemv_cinm2_ca200
gemv_512MB,3818,2257.5355891,prim_gemv_cinm2_ca200
gemv_512MB,3849,2181.51106,prim_gemv_cinm2_ca200
gemv_512MB,3880,2225.0049421,prim_gemv_cinm2_ca200
gemv_512MB,3911,2248.7981431,prim_gemv_cinm2_ca200
gemv_512MB,3942,2117.9398436,prim_gemv_cinm2_ca200
gemv_512MB,3973,2091.5129460999997,prim_gemv_cinm2_ca200
gemv_512MB,4004,2346.5316735,prim_gemv_cinm2_ca200
gemv_64MB,67,304.71097139999995,prim_gemv_cinm2_ca200
gemv_64MB,98,290.0335078,prim_gemv_cinm2_ca200
gemv_64MB,129,276.84331910000003,prim_gemv_cinm2_ca200
gemv_64MB,160,294.39595760000003,prim_gemv_cinm2_ca200
gemv_64MB,191,299.8229638,prim_gemv_cinm2_ca200
gemv_64MB,222,290.1870933,prim_gemv_cinm2_ca200
gemv_64MB,253,275.01559380000003,prim_gemv_cinm2_ca200
gemv_64MB,284,298.04245330000003,prim_gemv_cinm2_ca200
gemv_64MB,315,268.3401417,prim_gemv_cinm2_ca200
gemv_64MB,346,273.8041837,prim_gemv_cinm2_ca200
gemv_64MB,377,284.6085814,prim_gemv_cinm2_ca200
gemv_64MB,408,306.6190472,prim_gemv_cinm2_ca200
gemv_64MB,439,291.9039258,prim_gemv_cinm2_ca200
gemv_64MB,470,308.238731,prim_gemv_cinm2_ca200
gemv_64MB,501,291.1404422,prim_gemv_cinm2_ca200
gemv_64MB,532,285.3291315,prim_gemv_cinm2_ca200
gemv_64MB,563,286.91687110000004,prim_gemv_cinm2_ca200
gemv_64MB,594,283.3839435,prim_gemv_cinm2_ca200
gemv_64MB,625,281.8024739,prim_gemv_cinm2_ca200
gemv_64MB,656,306.8762792,prim_gemv_cinm2_ca200
gemv_64MB,687,280.2459476,prim_gemv_cinm2_ca200
gemv_64MB,718,288.68975589999997,prim_gemv_cinm2_ca200
gemv_64MB,749,275.83714480000003,prim_gemv_cinm2_ca200
gemv_64MB,780,294.6386168,prim_gemv_cinm2_ca200
gemv_64MB,811,276.324913,prim_gemv_cinm2_ca200
gemv_64MB,842,305.7838676,prim_gemv_cinm2_ca200
gemv_64MB,873,276.5434186,prim_gemv_cinm2_ca200
gemv_64MB,904,286.51887489999996,prim_gemv_cinm2_ca200
gemv_64MB,935,307.7698215,prim_gemv_cinm2_ca200
gemv_64MB,966,275.13957739999995,prim_gemv_cinm2_ca200
gemv_64MB,997,292.07016760000005,prim_gemv_cinm2_ca200
gemv_64MB,1028,281.8222632,prim_gemv_cinm2_ca200
gemv_64MB,1059,275.6201954,prim_gemv_cinm2_ca200
gemv_64MB,1090,284.081016,prim_gemv_cinm2_ca200
gemv_64MB,1121,276.7142194,prim_gemv_cinm2_ca200
gemv_64MB,1152,290.8657602,prim_gemv_cinm2_ca200
gemv_64MB,1183,371.0360282,prim_gemv_cinm2_ca200
gemv_64MB,1214,285.3034975,prim_gemv_cinm2_ca200
gemv_64MB,1245,276.45195939999996,prim_gemv_cinm2_ca200
gemv_64MB,1276,284.0353912,prim_gemv_cinm2_ca200
gemv_64MB,1307,286.23710939999995,prim_gemv_cinm2_ca200
gemv_64MB,1338,267.159477,prim_gemv_cinm2_ca200
gemv_64MB,1369,486.6817173,prim_gemv_cinm2_ca200
gemv_64MB,1400,298.9241522,prim_gemv_cinm2_ca200
gemv_64MB,1431,321.3736269,prim_gemv_cinm2_ca200
gemv_64MB,1462,441.1517511,prim_gemv_cinm2_ca200
gemv_64MB,1493,278.87147960000004,prim_gemv_cinm2_ca200
gemv_64MB,1524,275.69662519999997,prim_gemv_cinm2_ca200
gemv_64MB,1555,292.7087214,prim_gemv_cinm2_ca200
gemv_64MB,1586,286.1127557,prim_gemv_cinm2_ca200
gemv_64MB,1617,320.0050047,prim_gemv_cinm2_ca200
gemv_64MB,1648,298.418539,prim_gemv_cinm2_ca200
gemv_64MB,1679,355.3610085,prim_gemv_cinm2_ca200
gemv_64MB,1710,292.139999,prim_gemv_cinm2_ca200
gemv_64MB,1741,357.7532838,prim_gemv_cinm2_ca200
gemv_64MB,1772,293.133696,prim_gemv_cinm2_ca200
gemv_64MB,1803,268.299832,prim_gemv_cinm2_ca200
gemv_64MB,1834,281.0878928,prim_gemv_cinm2_ca200
gemv_64MB,1865,293.6318644,prim_gemv_cinm2_ca200
gemv_64MB,1896,295.4621473,prim_gemv_cinm2_ca200
gemv_64MB,1927,292.57953169999996,prim_gemv_cinm2_ca200
gemv_64MB,1958,286.5134263,prim_gemv_cinm2_ca200
gemv_64MB,1989,314.8480786,prim_gemv_cinm2_ca200
gemv_64MB,2020,287.7262188,prim_gemv_cinm2_ca200
gemv_64MB,2051,275.24316139999996,prim_gemv_cinm2_ca200
gemv_64MB,2082,305.826711,prim_gemv_cinm2_ca200
gemv_64MB,2113,295.10954319999996,prim_gemv_cinm2_ca200
gemv_64MB,2144,329.6230583,prim_gemv_cinm2_ca200
gemv_64MB,2175,290.0503884,prim_gemv_cinm2_ca200
gemv_64MB,2206,294.46231539999997,prim_gemv_cinm2_ca200
gemv_64MB,2237,281.810499,prim_gemv_cinm2_ca200
gemv_64MB,2268,289.307137,prim_gemv_cinm2_ca200
gemv_64MB,2299,317.0765445,prim_gemv_cinm2_ca200
gemv_64MB,2330,290.7976883,prim_gemv_cinm2_ca200
gemv_64MB,2361,284.0326005,prim_gemv_cinm2_ca200
gemv_64MB,2392,291.1635988,prim_gemv_cinm2_ca200
gemv_64MB,2423,269.0673467,prim_gemv_cinm2_ca200
gemv_64MB,2454,286.856619,prim_gemv_cinm2_ca200
gemv_64MB,2485,280.371761,prim_gemv_cinm2_ca200
gemv_64MB,2516,290.1770533,prim_gemv_cinm2_ca200
gemv_64MB,2547,295.1261363,prim_gemv_cinm2_ca200
gemv_64MB,2578,296.4603106,prim_gemv_cinm2_ca200
gemv_64MB,2609,294.2444013,prim_gemv_cinm2_ca200
gemv_64MB,2640,291.34261710000004,prim_gemv_cinm2_ca200
gemv_64MB,2671,309.1745768,prim_gemv_cinm2_ca200
gemv_64MB,2702,294.3841432,prim_gemv_cinm2_ca200
gemv_64MB,2733,290.7121086,prim_gemv_cinm2_ca200
gemv_64MB,2764,274.2311125,prim_gemv_cinm2_ca200
gemv_64MB,2795,281.6743758,prim_gemv_cinm2_ca200
gemv_64MB,2826,282.6973552,prim_gemv_cinm2_ca200
gemv_64MB,2857,296.1403856,prim_gemv_cinm2_ca200
gemv_64MB,2888,300.8832799,prim_gemv_cinm2_ca200
gemv_64MB,2919,296.8255213,prim_gemv_cinm2_ca200
gemv_64MB,2950,287.9410803,prim_gemv_cinm2_ca200
gemv_64MB,2981,290.6438403,prim_gemv_cinm2_ca200
gemv_64MB,3012,283.55776460000004,prim_gemv_cinm2_ca200
gemv_64MB,3043,291.6100467,prim_gemv_cinm2_ca200
gemv_64MB,3074,285.1276084,prim_gemv_cinm2_ca200
gemv_64MB,3105,280.5423266,prim_gemv_cinm2_ca200
gemv_64MB,3136,318.59862860000004,prim_gemv_cinm2_ca200
gemv_64MB,3167,302.672355,prim_gemv_cinm2_ca200
gemv_64MB,3198,293.3330759,prim_gemv_cinm2_ca200
gemv_64MB,3229,317.9522768,prim_gemv_cinm2_ca200
gemv_64MB,3260,373.7308225,prim_gemv_cinm2_ca200
gemv_64MB,3291,306.1623546,prim_gemv_cinm2_ca200
gemv_64MB,3322,284.4291735,prim_gemv_cinm2_ca200
gemv_64MB,3353,285.0766725,prim_gemv_cinm2_ca200
gemv_64MB,3384,283.87520789999996,prim_gemv_cinm2_ca200
gemv_64MB,3415,304.57010410000004,prim_gemv_cinm2_ca200
gemv_64MB,3446,290.6717012,prim_gemv_cinm2_ca200
gemv_64MB,3477,290.3725333,prim_gemv_cinm2_ca200
gemv_64MB,3508,277.67499560000005,prim_gemv_cinm2_ca200
gemv_64MB,3539,292.1984142,prim_gemv_cinm2_ca200
gemv_64MB,3570,288.6012183,prim_gemv_cinm2_ca200
gemv_64MB,3601,277.3835373,prim_gemv_cinm2_ca200
gemv_64MB,3632,287.93908039999997,prim_gemv_cinm2_ca200
gemv_64MB,3663,279.4246698,prim_gemv_cinm2_ca200
gemv_64MB,3694,289.2060022,prim_gemv_cinm2_ca200
gemv_64MB,3725,284.5824439,prim_gemv_cinm2_ca200
gemv_64MB,3756,294.5736282,prim_gemv_cinm2_ca200
gemv_64MB,3787,293.5956633,prim_gemv_cinm2_ca200
gemv_64MB,3818,284.5110258,prim_gemv_cinm2_ca200
gemv_64MB,3849,293.8151367,prim_gemv_cinm2_ca200
gemv_64MB,3880,281.0724156,prim_gemv_cinm2_ca200
gemv_64MB,3911,291.4577956,prim_gemv_cinm2_ca200
gemv_64MB,3942,275.625332,prim_gemv_cinm2_ca200
gemv_64MB,3973,304.9766473,prim_gemv_cinm2_ca200
gemv_64MB,4004,316.13529939999995,prim_gemv_cinm2_ca200
red_256MB,67,4098.1412419,prim_red_cinm2_ca400
red_256MB,98,5096.1091614,prim_red_cinm2_ca400
red_256MB,129,3688.9635642,prim_red_cinm2_ca400
red_256MB,160,3859.1133986,prim_red_cinm2_ca400
red_256MB,191,3886.2706461,prim_red_cinm2_ca400
red_256MB,222,3744.8965607,prim_red_cinm2_ca400
red_256MB,253,225.19634159999998,prim_red_cinm2_ca400
red_256MB,284,224.4324659,prim_red_cinm2_ca400
red_256MB,315,5153.543253100001,prim_red_cinm2_ca400
red_256MB,346,3974.1839542,prim_red_cinm2_ca400
red_256MB,377,4021.0697428000003,prim_red_cinm2_ca400
red_256MB,408,4019.2105425,prim_red_cinm2_ca400
red_256MB,439,4037.4202881,prim_red_cinm2_ca400
red_256MB,470,3900.0678297,prim_red_cinm2_ca400
red_256MB,501,3987.9463438000002,prim_red_cinm2_ca400
red_256MB,532,4031.2046743,prim_red_cinm2_ca400
red_256MB,563,3717.0455073000003,prim_red_cinm2_ca400
red_256MB,594,3951.1878484,prim_red_cinm2_ca400
red_256MB,625,3906.0236099,prim_red_cinm2_ca400
red_256MB,656,5398.069007100001,prim_red_cinm2_ca400
red_256MB,687,3678.1711279,prim_red_cinm2_ca400
red_256MB,718,3883.170293,prim_red_cinm2_ca400
red_256MB,749,4067.3001376999996,prim_red_cinm2_ca400
red_256MB,780,3821.0608216,prim_red_cinm2_ca400
red_256MB,811,4098.5147301,prim_red_cinm2_ca400
red_256MB,842,5397.5059667,prim_red_cinm2_ca400
red_256MB,873,3911.2480843000003,prim_red_cinm2_ca400
red_256MB,904,3789.0181464,prim_red_cinm2_ca400
red_256MB,935,4030.6282083,prim_red_cinm2_ca400
red_256MB,966,5298.933421600001,prim_red_cinm2_ca400
red_256MB,997,3966.6810935,prim_red_cinm2_ca400
red_256MB,1028,3625.7012778000003,prim_red_cinm2_ca400
red_256MB,1059,5157.2217922,prim_red_cinm2_ca400
red_256MB,1090,3631.0169013,prim_red_cinm2_ca400
red_256MB,1121,3740.3000626,prim_red_cinm2_ca400
red_256MB,1152,3681.8060096,prim_red_cinm2_ca400
red_256MB,1183,5174.168145600001,prim_red_cinm2_ca400
red_256MB,1214,3844.3308694,prim_red_cinm2_ca400
red_256MB,1245,3727.1294700999997,prim_red_cinm2_ca400
red_256MB,1276,3725.0759493,prim_red_cinm2_ca400
red_256MB,1307,3865.5791426,prim_red_cinm2_ca400
red_256MB,1338,4025.0486530999997,prim_red_cinm2_ca400
red_256MB,1369,3876.9046390999997,prim_red_cinm2_ca400
red_256MB,1400,3631.8593656999997,prim_red_cinm2_ca400
red_256MB,1431,3797.8766551999997,prim_red_cinm2_ca400
red_256MB,1462,3706.8250467,prim_red_cinm2_ca400
red_256MB,1493,3805.1457599,prim_red_cinm2_ca400
red_256MB,1524,3643.4273816,prim_red_cinm2_ca400
red_256MB,1555,3645.0624254,prim_red_cinm2_ca400
red_256MB,1586,3687.2987131,prim_red_cinm2_ca400
red_256MB,1617,3675.0974364,prim_red_cinm2_ca400
red_256MB,1648,3608.861004,prim_red_cinm2_ca400
red_256MB,1679,5057.542430699999,prim_red_cinm2_ca400
red_256MB,1710,3727.1199136,prim_red_cinm2_ca400
red_256MB,1741,3692.1155839000003,prim_red_cinm2_ca400
red_256MB,1772,3782.7036212,prim_red_cinm2_ca400
red_256MB,1803,5023.07836,prim_red_cinm2_ca400
red_256MB,1834,3635.5551907,prim_red_cinm2_ca400
red_256MB,1865,3611.3356421,prim_red_cinm2_ca400
red_256MB,1896,3951.9315462,prim_red_cinm2_ca400
red_256MB,1927,3841.250121,prim_red_cinm2_ca400
red_256MB,1958,3772.4232367,prim_red_cinm2_ca400
red_256MB,1989,3681.7301150999997,prim_red_cinm2_ca400
red_256MB,2020,3834.6147966,prim_red_cinm2_ca400
red_256MB,2051,3606.4549266,prim_red_cinm2_ca400
red_256MB,2082,3783.9378498,prim_red_cinm2_ca400
red_256MB,2113,230.5897548,prim_red_cinm2_ca400
red_256MB,2144,3592.3944643,prim_red_cinm2_ca400
red_256MB,2175,3777.4538518000004,prim_red_cinm2_ca400
red_256MB,2206,3847.9299444000003,prim_red_cinm2_ca400
red_256MB,2237,3750.3664454,prim_red_cinm2_ca400
red_256MB,2268,5072.3876555,prim_red_cinm2_ca400
red_256MB,2299,5180.7344064,prim_red_cinm2_ca400
red_256MB,2330,3697.4514203000003,prim_red_cinm2_ca400
red_256MB,2361,3803.1210484000003,prim_red_cinm2_ca400
red_256MB,2392,4808.9918749,prim_red_cinm2_ca400
red_256MB,2423,5040.3011724,prim_red_cinm2_ca400
red_256MB,2454,3889.7345844,prim_red_cinm2_ca400
red_256MB,2485,3691.8173856,prim_red_cinm2_ca400
red_256MB,2516,3819.0246567,prim_red_cinm2_ca400
red_256MB,2547,3909.1856015999997,prim_red_cinm2_ca400
red_256MB,2578,5023.7868994,prim_red_cinm2_ca400
red_256MB,2609,3636.1786903,prim_red_cinm2_ca400
red_256MB,2640,3715.947747,prim_red_cinm2_ca400
red_256MB,2671,3760.5001745,prim_red_cinm2_ca400
red_256MB,2702,3974.0882924000002,prim_red_cinm2_ca400
red_256MB,2733,4330.6309713,prim_red_cinm2_ca400
red_256MB,2764,3669.5703814000003,prim_red_cinm2_ca400
red_256MB,2795,3925.373757,prim_red_cinm2_ca400
red_256MB,2826,3855.4218591999997,prim_red_cinm2_ca400
red_256MB,2857,3646.0569464,prim_red_cinm2_ca400
red_256MB,2888,3692.8499865,prim_red_cinm2_ca400
red_256MB,2919,3735.3835214,prim_red_cinm2_ca400
red_256MB,2950,5050.3783886,prim_red_cinm2_ca400
red_256MB,2981,3613.1883343000004,prim_red_cinm2_ca400
red_256MB,3012,3658.9948078,prim_red_cinm2_ca400
red_256MB,3043,5261.7848409,prim_red_cinm2_ca400
red_256MB,3074,3737.5786700999997,prim_red_cinm2_ca400
red_256MB,3105,5206.102504,prim_red_cinm2_ca400
red_256MB,3136,4247.4966865999995,prim_red_cinm2_ca400
red_256MB,3167,5105.777954,prim_red_cinm2_ca400
red_256MB,3198,5010.218690600001,prim_red_cinm2_ca400
red_256MB,3229,3641.1703913,prim_red_cinm2_ca400
red_256MB,3260,3661.6939651999996,prim_red_cinm2_ca400
red_256MB,3291,5173.922183899999,prim_red_cinm2_ca400
red_256MB,3322,3745.8564097,prim_red_cinm2_ca400
red_256MB,3353,3946.2182817,prim_red_cinm2_ca400
red_256MB,3384,4162.7739026,prim_red_cinm2_ca400
red_256MB,3415,3897.3161722,prim_red_cinm2_ca400
red_256MB,3446,3866.9411010999997,prim_red_cinm2_ca400
red_256MB,3477,3935.3473016,prim_red_cinm2_ca400
red_256MB,3508,4135.6243561,prim_red_cinm2_ca400
red_256MB,3539,3674.6388223000004,prim_red_cinm2_ca400
red_256MB,3570,3945.573177,prim_red_cinm2_ca400
red_256MB,3601,3788.7215198000004,prim_red_cinm2_ca400
red_256MB,3632,4180.1337909,prim_red_cinm2_ca400
red_256MB,3663,5151.2148397,prim_red_cinm2_ca400
red_256MB,3694,3546.5079496,prim_red_cinm2_ca400
red_256MB,3725,3881.8913605,prim_red_cinm2_ca400
red_256MB,3756,3937.4094999,prim_red_cinm2_ca400
red_256MB,3787,5211.679555199999,prim_red_cinm2_ca400
red_256MB,3818,3811.7865014,prim_red_cinm2_ca400
red_256MB,3849,5394.1379536,prim_red_cinm2_ca400
red_256MB,3880,3777.8817046,prim_red_cinm2_ca400
red_256MB,3911,3672.4310485,prim_red_cinm2_ca400
red_256MB,3942,5408.4576016,prim_red_cinm2_ca400
red_256MB,3973,3766.6983056,prim_red_cinm2_ca400
red_256MB,4004,5140.1761973,prim_red_cinm2_ca400
red_4MB,67,3.0905084,prim_red_cinm2_ca400
red_4MB,98,3.4336197999999998,prim_red_cinm2_ca400
red_4MB,129,3.5044857,prim_red_cinm2_ca400
red_4MB,160,3.8408252000000003,prim_red_cinm2_ca400
red_4MB,191,3.2220533,prim_red_cinm2_ca400
red_4MB,222,3.6577162999999997,prim_red_cinm2_ca400
red_4MB,253,3.6361356000000002,prim_red_cinm2_ca400
red_4MB,284,3.6060101,prim_red_cinm2_ca400
red_4MB,315,3.2606268,prim_red_cinm2_ca400
red_4MB,346,3.3851532,prim_red_cinm2_ca400
red_4MB,377,3.2883404,prim_red_cinm2_ca400
red_4MB,408,3.2664839,prim_red_cinm2_ca400
red_4MB,439,3.0871021,prim_red_cinm2_ca400
red_4MB,470,3.3729425,prim_red_cinm2_ca400
red_4MB,501,3.2267183,prim_red_cinm2_ca400
red_4MB,532,3.0531842,prim_red_cinm2_ca400
red_4MB,563,4.6669089,prim_red_cinm2_ca400
red_4MB,594,3.6828699,prim_red_cinm2_ca400
red_4MB,625,4.4947214,prim_red_cinm2_ca400
red_4MB,656,3.7842415,prim_red_cinm2_ca400
red_4MB,687,3.7790129,prim_red_cinm2_ca400
red_4MB,718,3.452488,prim_red_cinm2_ca400
red_4MB,749,2.8615215,prim_red_cinm2_ca400
red_4MB,780,3.4214732000000003,prim_red_cinm2_ca400
red_4MB,811,3.4293341,prim_red_cinm2_ca400
red_4MB,842,3.6747757,prim_red_cinm2_ca400
red_4MB,873,3.2963122,prim_red_cinm2_ca400
red_4MB,904,3.1352499,prim_red_cinm2_ca400
red_4MB,935,3.5243479,prim_red_cinm2_ca400
red_4MB,966,3.4061786,prim_red_cinm2_ca400
red_4MB,997,3.5471012,prim_red_cinm2_ca400
red_4MB,1028,3.5216721,prim_red_cinm2_ca400
red_4MB,1059,3.6726153,prim_red_cinm2_ca400
red_4MB,1090,3.7526061,prim_red_cinm2_ca400
red_4MB,1121,4.3783736,prim_red_cinm2_ca400
red_4MB,1152,4.0414115,prim_red_cinm2_ca400
red_4MB,1183,3.3177019,prim_red_cinm2_ca400
red_4MB,1214,3.1795504,prim_red_cinm2_ca400
red_4MB,1245,4.1319135,prim_red_cinm2_ca400
red_4MB,1276,3.3324261,prim_red_cinm2_ca400
red_4MB,1307,3.0367887000000002,prim_red_cinm2_ca400
red_4MB,1338,3.7209163,prim_red_cinm2_ca400
red_4MB,1369,3.4200456,prim_red_cinm2_ca400
red_4MB,1400,3.6464592999999996,prim_red_cinm2_ca400
red_4MB,1431,4.8942389,prim_red_cinm2_ca400
red_4MB,1462,3.7227666,prim_red_cinm2_ca400
red_4MB,1493,4.0095941,prim_red_cinm2_ca400
red_4MB,1524,4.0479692,prim_red_cinm2_ca400
red_4MB,1555,3.296992,prim_red_cinm2_ca400
red_4MB,1586,3.1352415,prim_red_cinm2_ca400
red_4MB,1617,3.2294226,prim_red_cinm2_ca400
red_4MB,1648,3.3165177000000003,prim_red_cinm2_ca400
red_4MB,1679,3.4516452,prim_red_cinm2_ca400
red_4MB,1710,4.381719400000001,prim_red_cinm2_ca400
red_4MB,1741,3.7735271,prim_red_cinm2_ca400
red_4MB,1772,3.6490357,prim_red_cinm2_ca400
red_4MB,1803,3.3265189,prim_red_cinm2_ca400
red_4MB,1834,3.6411952999999997,prim_red_cinm2_ca400
red_4MB,1865,3.31065,prim_red_cinm2_ca400
red_4MB,1896,3.2901113,prim_red_cinm2_ca400
red_4MB,1927,3.2045763,prim_red_cinm2_ca400
red_4MB,1958,3.5570033,prim_red_cinm2_ca400
red_4MB,1989,3.5227993,prim_red_cinm2_ca400
red_4MB,2020,3.6271255,prim_red_cinm2_ca400
red_4MB,2051,3.9065847999999996,prim_red_cinm2_ca400
red_4MB,2082,3.5088442,prim_red_cinm2_ca400
red_4MB,2113,3.7686688,prim_red_cinm2_ca400
red_4MB,2144,3.5597726,prim_red_cinm2_ca400
red_4MB,2175,3.6336531,prim_red_cinm2_ca400
red_4MB,2206,3.3940771,prim_red_cinm2_ca400
red_4MB,2237,3.8603299,prim_red_cinm2_ca400
red_4MB,2268,3.4475292000000004,prim_red_cinm2_ca400
red_4MB,2299,3.6426203,prim_red_cinm2_ca400
red_4MB,2330,4.570438599999999,prim_red_cinm2_ca400
red_4MB,2361,3.2591952,prim_red_cinm2_ca400
red_4MB,2392,3.8336954,prim_red_cinm2_ca400
red_4MB,2423,3.5127783999999997,prim_red_cinm2_ca400
red_4MB,2454,3.9435667000000003,prim_red_cinm2_ca400
red_4MB,2485,3.3547637999999997,prim_red_cinm2_ca400
red_4MB,2516,3.6885234,prim_red_cinm2_ca400
red_4MB,2547,3.0889666,prim_red_cinm2_ca400
red_4MB,2578,3.5822577,prim_red_cinm2_ca400
red_4MB,2609,3.6223303,prim_red_cinm2_ca400
red_4MB,2640,4.3307141,prim_red_cinm2_ca400
red_4MB,2702,3.2631677000000003,prim_red_cinm2_ca400
red_4MB,2733,4.1684301,prim_red_cinm2_ca400
red_4MB,2764,3.473591,prim_red_cinm2_ca400
red_4MB,2795,3.847967,prim_red_cinm2_ca400
red_4MB,2826,3.8549349,prim_red_cinm2_ca400
red_4MB,2857,4.0449555,prim_red_cinm2_ca400
red_4MB,2888,3.9709136000000003,prim_red_cinm2_ca400
red_4MB,2919,3.8371021,prim_red_cinm2_ca400
red_4MB,2950,4.2376579,prim_red_cinm2_ca400
red_4MB,2981,3.6851115,prim_red_cinm2_ca400
red_4MB,3012,3.5023376,prim_red_cinm2_ca400
red_4MB,3043,3.9252306,prim_red_cinm2_ca400
red_4MB,3074,3.2913631,prim_red_cinm2_ca400
red_4MB,3105,3.9079409,prim_red_cinm2_ca400
red_4MB,3136,3.6312822000000002,prim_red_cinm2_ca400
red_4MB,3167,3.3828361,prim_red_cinm2_ca400
red_4MB,3198,3.3526045,prim_red_cinm2_ca400
red_4MB,3229,3.261909,prim_red_cinm2_ca400
red_4MB,3260,3.9964209,prim_red_cinm2_ca400
red_4MB,3291,4.324051900000001,prim_red_cinm2_ca400
red_4MB,3322,3.8133054,prim_red_cinm2_ca400
red_4MB,3353,3.2018266,prim_red_cinm2_ca400
red_4MB,3384,3.954242,prim_red_cinm2_ca400
red_4MB,3415,3.4456742,prim_red_cinm2_ca400
red_4MB,3446,3.1771416,prim_red_cinm2_ca400
red_4MB,3477,3.9860252999999997,prim_red_cinm2_ca400
red_4MB,3508,4.1146549,prim_red_cinm2_ca400
red_4MB,3539,3.458857,prim_red_cinm2_ca400
red_4MB,3570,3.0730646,prim_red_cinm2_ca400
red_4MB,3601,3.7861783,prim_red_cinm2_ca400
red_4MB,3632,3.4192225,prim_red_cinm2_ca400
red_4MB,3663,3.6681008999999998,prim_red_cinm2_ca400
red_4MB,3694,2.828876,prim_red_cinm2_ca400
red_4MB,3725,3.7020297,prim_red_cinm2_ca400
red_4MB,3756,2.9362205,prim_red_cinm2_ca400
red_4MB,3787,4.278049,prim_red_cinm2_ca400
red_4MB,3818,2.8096237000000004,prim_red_cinm2_ca400
red_4MB,3849,4.0388962,prim_red_cinm2_ca400
red_4MB,3880,3.2381716000000003,prim_red_cinm2_ca400
red_4MB,3911,3.2423335,prim_red_cinm2_ca400
red_4MB,3942,2.8442288,prim_red_cinm2_ca400
red_4MB,3973,3.654573,prim_red_cinm2_ca400
red_4MB,4004,5.2640962,prim_red_cinm2_ca400
red_512MB,98,326.96214410000005,prim_red_cinm2_ca400
red_512MB,160,429.2061256,prim_red_cinm2_ca400
red_512MB,191,434.9050375,prim_red_cinm2_ca400
red_512MB,253,441.3956272,prim_red_cinm2_ca400
red_512MB,284,427.6258345,prim_red_cinm2_ca400
red_512MB,315,445.73846410000004,prim_red_cinm2_ca400
red_512MB,346,442.3875166,prim_red_cinm2_ca400
red_512MB,377,381.1580974,prim_red_cinm2_ca400
red_512MB,470,427.9459078,prim_red_cinm2_ca400
red_512MB,501,375.1269906,prim_red_cinm2_ca400
red_512MB,532,440.51225919999996,prim_red_cinm2_ca400
red_512MB,656,436.9201104,prim_red_cinm2_ca400
red_512MB,749,440.8883556,prim_red_cinm2_ca400
red_512MB,842,322.63638110000005,prim_red_cinm2_ca400
red_512MB,966,326.745269,prim_red_cinm2_ca400
red_512MB,1059,440.9637505,prim_red_cinm2_ca400
red_512MB,1214,440.78479710000005,prim_red_cinm2_ca400
red_512MB,1276,436.4259953,prim_red_cinm2_ca400
red_512MB,1369,441.0081054,prim_red_cinm2_ca400
red_512MB,1431,445.23344180000004,prim_red_cinm2_ca400
red_512MB,1493,380.49901619999997,prim_red_cinm2_ca400
red_512MB,1524,370.5343868,prim_red_cinm2_ca400
red_512MB,1586,443.0150583,prim_red_cinm2_ca400
red_512MB,1648,430.2254082,prim_red_cinm2_ca400
red_512MB,1803,312.5011167,prim_red_cinm2_ca400
red_512MB,1834,441.89642910000003,prim_red_cinm2_ca400
red_512MB,2020,442.6636084,prim_red_cinm2_ca400
red_512MB,2082,339.326061,prim_red_cinm2_ca400
red_512MB,2113,429.5732299,prim_red_cinm2_ca400
red_512MB,2144,315.1588631,prim_red_cinm2_ca400
red_512MB,2175,367.0545958,prim_red_cinm2_ca400
red_512MB,2330,330.8613203,prim_red_cinm2_ca400
red_512MB,2423,320.7594247,prim_red_cinm2_ca400
red_512MB,2454,336.65783860000005,prim_red_cinm2_ca400
red_512MB,2485,311.0097297,prim_red_cinm2_ca400
red_512MB,2547,447.9062745,prim_red_cinm2_ca400
red_512MB,2578,330.40385310000005,prim_red_cinm2_ca400
red_512MB,2640,441.5586264,prim_red_cinm2_ca400
red_512MB,2671,440.7442395,prim_red_cinm2_ca400
red_512MB,2702,427.863086,prim_red_cinm2_ca400
red_512MB,2764,443.0942745,prim_red_cinm2_ca400
red_512MB,2826,440.8377847,prim_red_cinm2_ca400
red_512MB,2857,322.2938895,prim_red_cinm2_ca400
red_512MB,2919,425.8549181,prim_red_cinm2_ca400
red_512MB,2950,343.6263281,prim_red_cinm2_ca400
red_512MB,2981,308.1456746,prim_red_cinm2_ca400
red_512MB,3043,331.15696610000003,prim_red_cinm2_ca400
red_512MB,3074,327.53968139999995,prim_red_cinm2_ca400
red_512MB,3105,315.1312533,prim_red_cinm2_ca400
red_512MB,3198,346.1670022,prim_red_cinm2_ca400
red_512MB,3229,328.1757046,prim_red_cinm2_ca400
red_512MB,3291,332.48227430000003,prim_red_cinm2_ca400
red_512MB,3322,427.6468087,prim_red_cinm2_ca400
red_512MB,3353,338.3180803,prim_red_cinm2_ca400
red_512MB,3446,426.61233730000004,prim_red_cinm2_ca400
red_512MB,3477,331.504678,prim_red_cinm2_ca400
red_512MB,3508,345.144152,prim_red_cinm2_ca400
red_512MB,3539,384.6053318,prim_red_cinm2_ca400
red_512MB,3570,302.9574263,prim_red_cinm2_ca400
red_512MB,3601,335.64192260000004,prim_red_cinm2_ca400
red_512MB,3632,338.71419710000004,prim_red_cinm2_ca400
red_512MB,3663,332.7628878,prim_red_cinm2_ca400
red_512MB,3694,303.6560973,prim_red_cinm2_ca400
red_512MB,3725,426.7160518,prim_red_cinm2_ca400
red_512MB,3756,306.05188089999996,prim_red_cinm2_ca400
red_512MB,3787,336.41150810000005,prim_red_cinm2_ca400
red_512MB,3880,337.5447154,prim_red_cinm2_ca400
red_64MB,67,60.3012385,prim_red_cinm2_ca400
red_64MB,98,60.9682789,prim_red_cinm2_ca400
red_64MB,160,62.627196299999994,prim_red_cinm2_ca400
red_64MB,191,55.6571278,prim_red_cinm2_ca400
red_64MB,222,57.6474136,prim_red_cinm2_ca400
red_64MB,253,64.1002841,prim_red_cinm2_ca400
red_64MB,284,63.7528065,prim_red_cinm2_ca400
red_64MB,346,56.062566,prim_red_cinm2_ca400
red_64MB,377,56.318318399999995,prim_red_cinm2_ca400
red_64MB,408,59.388869899999996,prim_red_cinm2_ca400
red_64MB,470,58.6431805,prim_red_cinm2_ca400
red_64MB,501,60.6347411,prim_red_cinm2_ca400
red_64MB,532,61.356908,prim_red_cinm2_ca400
red_64MB,563,57.2591786,prim_red_cinm2_ca400
red_64MB,594,59.0186624,prim_red_cinm2_ca400
red_64MB,718,61.409292799999996,prim_red_cinm2_ca400
red_64MB,749,60.180321799999994,prim_red_cinm2_ca400
red_64MB,811,60.447027799999994,prim_red_cinm2_ca400
red_64MB,842,55.2361393,prim_red_cinm2_ca400
red_64MB,904,57.5296044,prim_red_cinm2_ca400
red_64MB,935,59.5215577,prim_red_cinm2_ca400
red_64MB,966,57.7471406,prim_red_cinm2_ca400
red_64MB,997,62.7632633,prim_red_cinm2_ca400
red_64MB,1028,55.388949200000006,prim_red_cinm2_ca400
red_64MB,1090,59.528507299999994,prim_red_cinm2_ca400
red_64MB,1152,60.7665267,prim_red_cinm2_ca400
red_64MB,1183,59.094835,prim_red_cinm2_ca400
red_64MB,1214,58.342396,prim_red_cinm2_ca400
red_64MB,1276,63.9549733,prim_red_cinm2_ca400
red_64MB,1307,57.0022466,prim_red_cinm2_ca400
red_64MB,1338,62.193861399999996,prim_red_cinm2_ca400
red_64MB,1369,55.7786727,prim_red_cinm2_ca400
red_64MB,1400,57.5650211,prim_red_cinm2_ca400
red_64MB,1431,60.7026662,prim_red_cinm2_ca400
red_64MB,1462,56.275205799999995,prim_red_cinm2_ca400
red_64MB,1493,64.2608441,prim_red_cinm2_ca400
red_64MB,1524,58.827850700000006,prim_red_cinm2_ca400
red_64MB,1555,60.8878891,prim_red_cinm2_ca400
red_64MB,1586,56.5325983,prim_red_cinm2_ca400
red_64MB,1617,63.6693292,prim_red_cinm2_ca400
red_64MB,1648,54.5404169,prim_red_cinm2_ca400
red_64MB,1679,62.247872,prim_red_cinm2_ca400
red_64MB,1710,63.4989129,prim_red_cinm2_ca400
red_64MB,1772,63.6155761,prim_red_cinm2_ca400
red_64MB,1803,62.175140299999995,prim_red_cinm2_ca400
red_64MB,1834,56.259915799999995,prim_red_cinm2_ca400
red_64MB,1865,56.9234699,prim_red_cinm2_ca400
red_64MB,1896,59.263236799999994,prim_red_cinm2_ca400
red_64MB,1927,56.7269764,prim_red_cinm2_ca400
red_64MB,1958,58.4136909,prim_red_cinm2_ca400
red_64MB,2082,60.4648277,prim_red_cinm2_ca400
red_64MB,2113,64.2466413,prim_red_cinm2_ca400
red_64MB,2144,46.050928299999995,prim_red_cinm2_ca400
red_64MB,2175,63.5488711,prim_red_cinm2_ca400
red_64MB,2237,64.0394282,prim_red_cinm2_ca400
red_64MB,2330,58.770308899999996,prim_red_cinm2_ca400
red_64MB,2361,58.6222133,prim_red_cinm2_ca400
red_64MB,2392,58.0047639,prim_red_cinm2_ca400
red_64MB,2423,62.5282579,prim_red_cinm2_ca400
red_64MB,2454,56.980035799999996,prim_red_cinm2_ca400
red_64MB,2516,59.4246696,prim_red_cinm2_ca400
red_64MB,2547,58.0785597,prim_red_cinm2_ca400
red_64MB,2578,64.0090319,prim_red_cinm2_ca400
red_64MB,2609,63.9683323,prim_red_cinm2_ca400
red_64MB,2640,56.438851799999995,prim_red_cinm2_ca400
red_64MB,2671,56.0486596,prim_red_cinm2_ca400
red_64MB,2702,44.0114077,prim_red_cinm2_ca400
red_64MB,2764,46.913278299999995,prim_red_cinm2_ca400
red_64MB,2795,42.2465026,prim_red_cinm2_ca400
red_64MB,2857,57.6520134,prim_red_cinm2_ca400
red_64MB,2888,58.657154399999996,prim_red_cinm2_ca400
red_64MB,2919,44.944503299999994,prim_red_cinm2_ca400
red_64MB,2981,54.588133899999995,prim_red_cinm2_ca400
red_64MB,3012,60.6055553,prim_red_cinm2_ca400
red_64MB,3043,59.981928200000006,prim_red_cinm2_ca400
red_64MB,3074,60.6060613,prim_red_cinm2_ca400
red_64MB,3105,58.1372106,prim_red_cinm2_ca400
red_64MB,3136,56.2081599,prim_red_cinm2_ca400
red_64MB,3167,59.0381377,prim_red_cinm2_ca400
red_64MB,3198,56.9606098,prim_red_cinm2_ca400
red_64MB,3229,60.334846,prim_red_cinm2_ca400
red_64MB,3291,59.1330958,prim_red_cinm2_ca400
red_64MB,3322,44.9618134,prim_red_cinm2_ca400
red_64MB,3353,58.5752138,prim_red_cinm2_ca400
red_64MB,3384,58.9669873,prim_red_cinm2_ca400
red_64MB,3415,63.3693976,prim_red_cinm2_ca400
red_64MB,3446,56.492322,prim_red_cinm2_ca400
red_64MB,3539,55.629008,prim_red_cinm2_ca400
red_64MB,3632,57.2060773,prim_red_cinm2_ca400
red_64MB,3663,55.799982799999995,prim_red_cinm2_ca400
red_64MB,3694,59.4898972,prim_red_cinm2_ca400
red_64MB,3725,58.9102095,prim_red_cinm2_ca400
red_64MB,3756,41.0184517,prim_red_cinm2_ca400
red_64MB,3818,57.1041302,prim_red_cinm2_ca400
red_64MB,3880,56.8419168,prim_red_cinm2_ca400
red_64MB,3911,60.491767100000004,prim_red_cinm2_ca400
red_64MB,3942,59.577217700000006,prim_red_cinm2_ca400
red_64MB,3973,59.0082346,prim_red_cinm2_ca400
red_64MB,4004,55.8979074,prim_red_cinm2_ca400
red_256MB,67,264.9863127,prim_red_cinm2_fast
red_256MB,98,312.4418745,prim_red_cinm2_fast
red_256MB,129,302.8699347,prim_red_cinm2_fast
red_256MB,160,355.05612,prim_red_cinm2_fast
red_256MB,191,354.0972488,prim_red_cinm2_fast
red_256MB,222,297.517814,prim_red_cinm2_fast
red_256MB,253,418.2244051,prim_red_cinm2_fast
red_256MB,284,353.8594337,prim_red_cinm2_fast
red_256MB,315,300.93645660000004,prim_red_cinm2_fast
red_256MB,346,354.1760478,prim_red_cinm2_fast
red_256MB,377,295.0293149,prim_red_cinm2_fast
red_256MB,408,363.73411710000005,prim_red_cinm2_fast
red_256MB,439,305.6300815,prim_red_cinm2_fast
red_256MB,470,306.65565019999997,prim_red_cinm2_fast
red_256MB,501,343.3784678,prim_red_cinm2_fast
red_256MB,532,309.52968860000004,prim_red_cinm2_fast
red_256MB,563,277.4571992,prim_red_cinm2_fast
red_256MB,594,288.1332613,prim_red_cinm2_fast
red_256MB,625,294.5373558,prim_red_cinm2_fast
red_256MB,656,342.385157,prim_red_cinm2_fast
red_256MB,687,344.1283784,prim_red_cinm2_fast
red_256MB,718,351.0727035,prim_red_cinm2_fast
red_256MB,749,350.6679349,prim_red_cinm2_fast
red_256MB,780,311.77134789999997,prim_red_cinm2_fast
red_256MB,811,351.9677435,prim_red_cinm2_fast
red_256MB,842,417.5807695,prim_red_cinm2_fast
red_256MB,873,291.1358738,prim_red_cinm2_fast
red_256MB,904,418.85911419999996,prim_red_cinm2_fast
red_256MB,935,281.6974949,prim_red_cinm2_fast
red_256MB,966,312.559177,prim_red_cinm2_fast
red_256MB,997,352.40031439999996,prim_red_cinm2_fast
red_256MB,1028,353.3308075,prim_red_cinm2_fast
red_256MB,1059,353.7358897,prim_red_cinm2_fast
red_256MB,1090,307.28324630000003,prim_red_cinm2_fast
red_256MB,1121,305.5064085,prim_red_cinm2_fast
red_256MB,1152,354.1624687,prim_red_cinm2_fast
red_256MB,1183,294.1256737,prim_red_cinm2_fast
red_256MB,1214,419.16247710000005,prim_red_cinm2_fast
red_256MB,1245,355.942593,prim_red_cinm2_fast
red_256MB,1276,343.2427361,prim_red_cinm2_fast
red_256MB,1307,341.4413895,prim_red_cinm2_fast
red_256MB,1338,354.02853269999997,prim_red_cinm2_fast
red_256MB,1369,343.95813169999997,prim_red_cinm2_fast
red_256MB,1400,312.3001861,prim_red_cinm2_fast
red_256MB,1431,418.5263829,prim_red_cinm2_fast
red_256MB,1462,292.060794,prim_red_cinm2_fast
red_256MB,1493,306.8766035,prim_red_cinm2_fast
red_256MB,1524,286.9610225,prim_red_cinm2_fast
red_256MB,1555,355.075657,prim_red_cinm2_fast
red_256MB,1586,352.1318837,prim_red_cinm2_fast
red_256MB,1617,301.7329628,prim_red_cinm2_fast
red_256MB,1648,353.8060172,prim_red_cinm2_fast
red_256MB,1679,297.05915419999997,prim_red_cinm2_fast
red_256MB,1710,268.4451865,prim_red_cinm2_fast
red_256MB,1741,344.2711705,prim_red_cinm2_fast
red_256MB,1772,343.56440169999996,prim_red_cinm2_fast
red_256MB,1803,287.4020602,prim_red_cinm2_fast
red_256MB,1834,351.7408817,prim_red_cinm2_fast
red_256MB,1865,300.57989210000005,prim_red_cinm2_fast
red_256MB,1896,418.41632269999997,prim_red_cinm2_fast
red_256MB,1927,354.267964,prim_red_cinm2_fast
red_256MB,1958,287.61481039999995,prim_red_cinm2_fast
red_256MB,1989,297.8779002,prim_red_cinm2_fast
red_256MB,2020,355.5075921,prim_red_cinm2_fast
red_256MB,2051,343.4416549,prim_red_cinm2_fast
red_256MB,2082,354.0478567,prim_red_cinm2_fast
red_256MB,2113,343.5530004,prim_red_cinm2_fast
red_256MB,2144,285.93848460000004,prim_red_cinm2_fast
red_256MB,2175,281.49881780000004,prim_red_cinm2_fast
red_256MB,2206,353.059791,prim_red_cinm2_fast
red_256MB,2237,352.5932014,prim_red_cinm2_fast
red_256MB,2268,300.71920789999996,prim_red_cinm2_fast
red_256MB,2299,416.0870568,prim_red_cinm2_fast
red_256MB,2330,523.9841559,prim_red_cinm2_fast
red_256MB,2361,304.4053252,prim_red_cinm2_fast
red_256MB,2392,351.719069,prim_red_cinm2_fast
red_256MB,2423,342.0099287,prim_red_cinm2_fast
red_256MB,2454,278.5525551,prim_red_cinm2_fast
red_256MB,2485,418.9180248,prim_red_cinm2_fast
red_256MB,2516,342.1114387,prim_red_cinm2_fast
red_256MB,2547,284.50129510000005,prim_red_cinm2_fast
red_256MB,2578,243.97993830000001,prim_red_cinm2_fast
red_256MB,2609,279.75277489999996,prim_red_cinm2_fast
red_256MB,2640,417.5745272,prim_red_cinm2_fast
red_256MB,2671,353.5998135,prim_red_cinm2_fast
red_256MB,2702,297.7383122,prim_red_cinm2_fast
red_256MB,2733,342.6138298,prim_red_cinm2_fast
red_256MB,2764,280.2596832,prim_red_cinm2_fast
red_256MB,2795,284.53215439999997,prim_red_cinm2_fast
red_256MB,2826,290.665208,prim_red_cinm2_fast
red_256MB,2857,281.5142065,prim_red_cinm2_fast
red_256MB,2888,354.7944383,prim_red_cinm2_fast
red_256MB,2919,310.5059387,prim_red_cinm2_fast
red_256MB,2950,419.05301110000005,prim_red_cinm2_fast
red_256MB,2981,277.6212625,prim_red_cinm2_fast
red_256MB,3012,418.6981184,prim_red_cinm2_fast
red_256MB,3043,266.1046427,prim_red_cinm2_fast
red_256MB,3074,306.03288019999997,prim_red_cinm2_fast
red_256MB,3105,419.060609,prim_red_cinm2_fast
red_256MB,3136,352.3322225,prim_red_cinm2_fast
red_256MB,3167,353.9993665,prim_red_cinm2_fast
red_256MB,3198,352.3823678,prim_red_cinm2_fast
red_256MB,3229,357.07239319999996,prim_red_cinm2_fast
red_256MB,3260,352.53857569999997,prim_red_cinm2_fast
red_256MB,3291,354.04882019999997,prim_red_cinm2_fast
red_256MB,3322,353.56937,prim_red_cinm2_fast
red_256MB,3353,357.2101521,prim_red_cinm2_fast
red_256MB,3384,303.0476799,prim_red_cinm2_fast
red_256MB,3415,352.92233960000004,prim_red_cinm2_fast
red_256MB,3446,283.55773519999997,prim_red_cinm2_fast
red_256MB,3477,383.5375375,prim_red_cinm2_fast
red_256MB,3508,353.9243531,prim_red_cinm2_fast
red_256MB,3539,307.08721060000005,prim_red_cinm2_fast
red_256MB,3570,308.3240595,prim_red_cinm2_fast
red_256MB,3601,278.85318010000003,prim_red_cinm2_fast
red_256MB,3632,288.2770637,prim_red_cinm2_fast
red_256MB,3663,293.2367587,prim_red_cinm2_fast
red_256MB,3694,315.68598710000003,prim_red_cinm2_fast
red_256MB,3725,368.8961654,prim_red_cinm2_fast
red_256MB,3756,267.659323,prim_red_cinm2_fast
red_256MB,3787,309.6841167,prim_red_cinm2_fast
red_256MB,3818,278.49350460000005,prim_red_cinm2_fast
red_256MB,3849,342.2638111,prim_red_cinm2_fast
red_256MB,3880,307.1087812,prim_red_cinm2_fast
red_256MB,3911,280.5369291,prim_red_cinm2_fast
red_256MB,3942,308.603993,prim_red_cinm2_fast
red_256MB,3973,524.5604513999999,prim_red_cinm2_fast
red_256MB,4004,279.3783596,prim_red_cinm2_fast
red_4MB,67,4.5738124000000004,prim_red_cinm2_fast
red_4MB,98,4.1052691,prim_red_cinm2_fast
red_4MB,129,3.5651985,prim_red_cinm2_fast
red_4MB,160,3.485138,prim_red_cinm2_fast
red_4MB,191,3.9573642999999996,prim_red_cinm2_fast
red_4MB,222,3.204482,prim_red_cinm2_fast
red_4MB,253,3.5412068,prim_red_cinm2_fast
red_4MB,284,3.1828653,prim_red_cinm2_fast
red_4MB,315,3.1092751,prim_red_cinm2_fast
red_4MB,346,3.1292695,prim_red_cinm2_fast
red_4MB,377,3.6433327999999996,prim_red_cinm2_fast
red_4MB,408,3.4648917999999997,prim_red_cinm2_fast
red_4MB,439,4.8720662,prim_red_cinm2_fast
red_4MB,470,4.3541185,prim_red_cinm2_fast
red_4MB,501,3.6773138999999997,prim_red_cinm2_fast
red_4MB,532,3.6749417,prim_red_cinm2_fast
red_4MB,563,3.5889074,prim_red_cinm2_fast
red_4MB,594,3.3973287,prim_red_cinm2_fast
red_4MB,625,3.8684576,prim_red_cinm2_fast
red_4MB,656,3.8960337999999997,prim_red_cinm2_fast
red_4MB,687,3.6094861000000003,prim_red_cinm2_fast
red_4MB,718,3.6460292,prim_red_cinm2_fast
red_4MB,749,3.3670712999999997,prim_red_cinm2_fast
red_4MB,780,3.8793354,prim_red_cinm2_fast
red_4MB,811,3.3341822999999997,prim_red_cinm2_fast
red_4MB,842,4.261585,prim_red_cinm2_fast
red_4MB,873,3.5445627,prim_red_cinm2_fast
red_4MB,904,4.7027185,prim_red_cinm2_fast
red_4MB,935,4.603516099999999,prim_red_cinm2_fast
red_4MB,966,4.0918542,prim_red_cinm2_fast
red_4MB,997,3.5707164,prim_red_cinm2_fast
red_4MB,1028,3.2253193,prim_red_cinm2_fast
red_4MB,1059,3.5700186,prim_red_cinm2_fast
red_4MB,1090,3.6419498,prim_red_cinm2_fast
red_4MB,1121,3.8052176,prim_red_cinm2_fast
red_4MB,1152,3.5307068,prim_red_cinm2_fast
red_4MB,1183,3.6147344,prim_red_cinm2_fast
red_4MB,1214,3.7452855,prim_red_cinm2_fast
red_4MB,1245,3.7177956,prim_red_cinm2_fast
red_4MB,1276,3.8388069,prim_red_cinm2_fast
red_4MB,1307,3.5187631,prim_red_cinm2_fast
red_4MB,1338,3.6139096,prim_red_cinm2_fast
red_4MB,1369,3.2470159,prim_red_cinm2_fast
red_4MB,1400,4.0642471,prim_red_cinm2_fast
red_4MB,1431,3.7326007999999997,prim_red_cinm2_fast
red_4MB,1462,3.9166717999999996,prim_red_cinm2_fast
red_4MB,1493,4.6815345,prim_red_cinm2_fast
red_4MB,1524,4.2579703,prim_red_cinm2_fast
red_4MB,1555,3.8233322999999997,prim_red_cinm2_fast
red_4MB,1586,3.6051465,prim_red_cinm2_fast
red_4MB,1617,4.0523147999999996,prim_red_cinm2_fast
red_4MB,1648,3.7491727999999998,prim_red_cinm2_fast
red_4MB,1679,3.5992819,prim_red_cinm2_fast
red_4MB,1710,3.3570839,prim_red_cinm2_fast
red_4MB,1741,3.7158808,prim_red_cinm2_fast
red_4MB,1772,3.9785826,prim_red_cinm2_fast
red_4MB,1803,4.406358200000001,prim_red_cinm2_fast
red_4MB,1834,4.208217299999999,prim_red_cinm2_fast
red_4MB,1865,4.202741,prim_red_cinm2_fast
red_4MB,1896,3.3830111,prim_red_cinm2_fast
red_4MB,1927,3.5098915,prim_red_cinm2_fast
red_4MB,1958,3.3224971,prim_red_cinm2_fast
red_4MB,1989,3.8928454,prim_red_cinm2_fast
red_4MB,2020,4.0670377,prim_red_cinm2_fast
red_4MB,2051,3.6707563999999997,prim_red_cinm2_fast
red_4MB,2082,3.2837256,prim_red_cinm2_fast
red_4MB,2113,3.679695,prim_red_cinm2_fast
red_4MB,2144,3.1710534,prim_red_cinm2_fast
red_4MB,2175,3.7243668,prim_red_cinm2_fast
red_4MB,2206,3.9268675,prim_red_cinm2_fast
red_4MB,2237,3.4293365,prim_red_cinm2_fast
red_4MB,2268,3.4771623,prim_red_cinm2_fast
red_4MB,2299,3.6800794,prim_red_cinm2_fast
red_4MB,2330,4.2737621,prim_red_cinm2_fast
red_4MB,2361,3.4022934,prim_red_cinm2_fast
red_4MB,2392,3.5868455,prim_red_cinm2_fast
red_4MB,2423,4.0810708,prim_red_cinm2_fast
red_4MB,2454,4.0895425,prim_red_cinm2_fast
red_4MB,2485,3.9047703,prim_red_cinm2_fast
red_4MB,2516,3.7551107000000004,prim_red_cinm2_fast
red_4MB,2547,3.8834044,prim_red_cinm2_fast
red_4MB,2578,3.8838571,prim_red_cinm2_fast
red_4MB,2609,4.3194682,prim_red_cinm2_fast
red_4MB,2640,3.5720567,prim_red_cinm2_fast
red_4MB,2702,3.8573098,prim_red_cinm2_fast
red_4MB,2733,3.4483267,prim_red_cinm2_fast
red_4MB,2764,3.6165189,prim_red_cinm2_fast
red_4MB,2795,3.59873,prim_red_cinm2_fast
red_4MB,2826,4.2156514000000005,prim_red_cinm2_fast
red_4MB,2857,4.7027524000000005,prim_red_cinm2_fast
red_4MB,2888,3.4965178999999997,prim_red_cinm2_fast
red_4MB,2919,3.4820131,prim_red_cinm2_fast
red_4MB,2950,3.5875962,prim_red_cinm2_fast
red_4MB,2981,3.5998257000000002,prim_red_cinm2_fast
red_4MB,3012,3.6574742999999996,prim_red_cinm2_fast
red_4MB,3043,3.445854,prim_red_cinm2_fast
red_4MB,3074,3.3070901,prim_red_cinm2_fast
red_4MB,3105,3.8225817,prim_red_cinm2_fast
red_4MB,3136,3.4709457,prim_red_cinm2_fast
red_4MB,3167,3.7556255,prim_red_cinm2_fast
red_4MB,3198,3.6363675,prim_red_cinm2_fast
red_4MB,3229,3.8930799,prim_red_cinm2_fast
red_4MB,3260,3.2647573,prim_red_cinm2_fast
red_4MB,3291,4.6345193,prim_red_cinm2_fast
red_4MB,3322,3.8205745,prim_red_cinm2_fast
red_4MB,3353,4.4878566,prim_red_cinm2_fast
red_4MB,3384,3.4695452,prim_red_cinm2_fast
red_4MB,3415,3.574086,prim_red_cinm2_fast
red_4MB,3446,3.528041,prim_red_cinm2_fast
red_4MB,3477,4.0107524,prim_red_cinm2_fast
red_4MB,3508,3.5378141000000003,prim_red_cinm2_fast
red_4MB,3539,4.5329573,prim_red_cinm2_fast
red_4MB,3570,3.5594356,prim_red_cinm2_fast
red_4MB,3601,3.4310932000000003,prim_red_cinm2_fast
red_4MB,3632,4.3573945,prim_red_cinm2_fast
red_4MB,3663,4.0844085,prim_red_cinm2_fast
red_4MB,3694,3.6166228,prim_red_cinm2_fast
red_4MB,3725,3.5007352000000003,prim_red_cinm2_fast
red_4MB,3756,3.6698577,prim_red_cinm2_fast
red_4MB,3787,4.1387837,prim_red_cinm2_fast
red_4MB,3818,3.851101,prim_red_cinm2_fast
red_4MB,3849,3.8707881,prim_red_cinm2_fast
red_4MB,3880,3.7421285,prim_red_cinm2_fast
red_4MB,3911,3.6146113,prim_red_cinm2_fast
red_4MB,3942,3.5050957,prim_red_cinm2_fast
red_4MB,3973,3.8205373,prim_red_cinm2_fast
red_4MB,4004,3.9675434,prim_red_cinm2_fast
red_512MB,98,434.22889680000003,prim_red_cinm2_fast
red_512MB,129,503.170025,prim_red_cinm2_fast
red_512MB,160,442.2191539,prim_red_cinm2_fast
red_512MB,253,433.50649580000004,prim_red_cinm2_fast
red_512MB,346,433.8681763,prim_red_cinm2_fast
red_512MB,377,524.6456997,prim_red_cinm2_fast
red_512MB,501,458.82710410000004,prim_red_cinm2_fast
red_512MB,532,434.3767484,prim_red_cinm2_fast
red_512MB,656,435.7105485,prim_red_cinm2_fast
red_512MB,687,458.5980472,prim_red_cinm2_fast
red_512MB,718,505.57647410000004,prim_red_cinm2_fast
red_512MB,749,506.3618562,prim_red_cinm2_fast
red_512MB,780,505.9319594,prim_red_cinm2_fast
red_512MB,842,425.5658406,prim_red_cinm2_fast
red_512MB,904,460.4921839,prim_red_cinm2_fast
red_512MB,1090,435.7184794,prim_red_cinm2_fast
red_512MB,1121,460.2239238,prim_red_cinm2_fast
red_512MB,1214,462.3404396,prim_red_cinm2_fast
red_512MB,1245,439.7971654,prim_red_cinm2_fast
red_512MB,1276,458.79897569999997,prim_red_cinm2_fast
red_512MB,1369,439.23012239999997,prim_red_cinm2_fast
red_512MB,1431,443.6990057,prim_red_cinm2_fast
red_512MB,1524,461.4072565,prim_red_cinm2_fast
red_512MB,1586,442.5400293,prim_red_cinm2_fast
red_512MB,1834,443.1720585,prim_red_cinm2_fast
red_512MB,1896,471.12991689999996,prim_red_cinm2_fast
red_512MB,1989,458.98679339999995,prim_red_cinm2_fast
red_512MB,2082,462.85797260000004,prim_red_cinm2_fast
red_512MB,2206,435.30238080000004,prim_red_cinm2_fast
red_512MB,2237,460.6406546,prim_red_cinm2_fast
red_512MB,2392,458.71534610000003,prim_red_cinm2_fast
red_512MB,2423,461.235253,prim_red_cinm2_fast
red_512MB,2454,459.1219396,prim_red_cinm2_fast
red_512MB,2547,458.61584769999996,prim_red_cinm2_fast
red_512MB,2578,511.25093119999997,prim_red_cinm2_fast
red_512MB,2609,442.6882313,prim_red_cinm2_fast
red_512MB,2640,443.067378,prim_red_cinm2_fast
red_512MB,2671,446.1356739,prim_red_cinm2_fast
red_512MB,2733,434.3436885,prim_red_cinm2_fast
red_512MB,2764,433.9217633,prim_red_cinm2_fast
red_512MB,2795,433.9270116,prim_red_cinm2_fast
red_512MB,2826,441.3025687,prim_red_cinm2_fast
red_512MB,3043,444.79541869999997,prim_red_cinm2_fast
red_512MB,3074,419.84051819999996,prim_red_cinm2_fast
red_512MB,3105,459.4903434,prim_red_cinm2_fast
red_512MB,3136,462.2002043,prim_red_cinm2_fast
red_512MB,3167,442.82174960000003,prim_red_cinm2_fast
red_512MB,3229,419.91276289999996,prim_red_cinm2_fast
red_512MB,3322,513.2946798,prim_red_cinm2_fast
red_512MB,3353,434.37238460000003,prim_red_cinm2_fast
red_512MB,3384,459.5238429,prim_red_cinm2_fast
red_512MB,3446,417.05460389999996,prim_red_cinm2_fast
red_512MB,3477,442.9693707,prim_red_cinm2_fast
red_512MB,3508,463.18744189999995,prim_red_cinm2_fast
red_512MB,3539,435.0577692,prim_red_cinm2_fast
red_512MB,3601,435.3268975,prim_red_cinm2_fast
red_512MB,3725,461.95493,prim_red_cinm2_fast
red_512MB,3756,492.5772432,prim_red_cinm2_fast
red_512MB,3880,458.3085811,prim_red_cinm2_fast
red_512MB,3942,463.2712808,prim_red_cinm2_fast
red_512MB,3973,462.4429715,prim_red_cinm2_fast
red_64MB,67,63.5052508,prim_red_cinm2_fast
red_64MB,98,58.142022600000004,prim_red_cinm2_fast
red_64MB,191,47.7612182,prim_red_cinm2_fast
red_64MB,222,57.7952427,prim_red_cinm2_fast
red_64MB,253,64.2661743,prim_red_cinm2_fast
red_64MB,284,63.5525084,prim_red_cinm2_fast
red_64MB,346,59.7432436,prim_red_cinm2_fast
red_64MB,408,60.5364794,prim_red_cinm2_fast
red_64MB,470,58.0571965,prim_red_cinm2_fast
red_64MB,501,65.1887825,prim_red_cinm2_fast
red_64MB,532,72.6364038,prim_red_cinm2_fast
red_64MB,563,60.090309600000005,prim_red_cinm2_fast
red_64MB,718,64.0672869,prim_red_cinm2_fast
red_64MB,780,62.192609600000004,prim_red_cinm2_fast
red_64MB,811,47.315854,prim_red_cinm2_fast
red_64MB,842,61.7920947,prim_red_cinm2_fast
red_64MB,904,58.9524129,prim_red_cinm2_fast
red_64MB,935,61.7691686,prim_red_cinm2_fast
red_64MB,966,62.0068355,prim_red_cinm2_fast
red_64MB,997,82.1089512,prim_red_cinm2_fast
red_64MB,1090,63.3549904,prim_red_cinm2_fast
red_64MB,1183,59.452931299999996,prim_red_cinm2_fast
red_64MB,1214,59.4800956,prim_red_cinm2_fast
red_64MB,1276,59.2412269,prim_red_cinm2_fast
red_64MB,1307,60.2762734,prim_red_cinm2_fast
red_64MB,1338,43.9563005,prim_red_cinm2_fast
red_64MB,1431,62.539592,prim_red_cinm2_fast
red_64MB,1462,61.04032,prim_red_cinm2_fast
red_64MB,1524,66.8060131,prim_red_cinm2_fast
red_64MB,1555,61.8709214,prim_red_cinm2_fast
red_64MB,1586,62.034816799999994,prim_red_cinm2_fast
red_64MB,1772,69.907721,prim_red_cinm2_fast
red_64MB,1803,60.574025299999995,prim_red_cinm2_fast
red_64MB,1865,59.5912084,prim_red_cinm2_fast
red_64MB,1896,59.4262606,prim_red_cinm2_fast
red_64MB,1927,67.9737949,prim_red_cinm2_fast
red_64MB,2020,63.826874600000004,prim_red_cinm2_fast
red_64MB,2082,64.1057399,prim_red_cinm2_fast
red_64MB,2113,63.6083698,prim_red_cinm2_fast
red_64MB,2144,86.780589,prim_red_cinm2_fast
red_64MB,2175,59.1827353,prim_red_cinm2_fast
red_64MB,2237,56.6841755,prim_red_cinm2_fast
red_64MB,2330,61.2090089,prim_red_cinm2_fast
red_64MB,2361,59.1534459,prim_red_cinm2_fast
red_64MB,2392,59.2607632,prim_red_cinm2_fast
red_64MB,2423,58.6682307,prim_red_cinm2_fast
red_64MB,2454,59.392721,prim_red_cinm2_fast
red_64MB,2516,61.120154799999995,prim_red_cinm2_fast
red_64MB,2547,59.1233303,prim_red_cinm2_fast
red_64MB,2578,82.9807619,prim_red_cinm2_fast
red_64MB,2609,64.2762949,prim_red_cinm2_fast
red_64MB,2640,60.2981969,prim_red_cinm2_fast
red_64MB,2671,69.83147240000001,prim_red_cinm2_fast
red_64MB,2764,69.4008695,prim_red_cinm2_fast
red_64MB,2795,68.41136470000001,prim_red_cinm2_fast
red_64MB,2888,60.170443399999996,prim_red_cinm2_fast
red_64MB,2919,65.3512971,prim_red_cinm2_fast
red_64MB,2981,59.7087406,prim_red_cinm2_fast
red_64MB,3012,61.5028036,prim_red_cinm2_fast
red_64MB,3043,56.281299600000004,prim_red_cinm2_fast
red_64MB,3074,61.1833895,prim_red_cinm2_fast
red_64MB,3167,59.243863399999995,prim_red_cinm2_fast
red_64MB,3198,64.9357593,prim_red_cinm2_fast
red_64MB,3229,63.299941200000006,prim_red_cinm2_fast
red_64MB,3291,45.448308299999994,prim_red_cinm2_fast
red_64MB,3322,62.7882606,prim_red_cinm2_fast
red_64MB,3353,57.7105455,prim_red_cinm2_fast
red_64MB,3415,71.3524066,prim_red_cinm2_fast
red_64MB,3446,61.1060545,prim_red_cinm2_fast
red_64MB,3539,56.1689559,prim_red_cinm2_fast
red_64MB,3632,58.840098600000005,prim_red_cinm2_fast
red_64MB,3663,58.0884445,prim_red_cinm2_fast
red_64MB,3694,60.086999799999994,prim_red_cinm2_fast
red_64MB,3756,63.1282059,prim_red_cinm2_fast
red_64MB,3818,60.0667762,prim_red_cinm2_fast
red_64MB,3880,71.850006,prim_red_cinm2_fast
red_64MB,3942,61.757809200000004,prim_red_cinm2_fast
red_64MB,4004,61.939243,prim_red_cinm2_fast
red_256MB,67,418.0524831,prim_red_cinm2_hybrid200
red_256MB,98,311.2964943,prim_red_cinm2_hybrid200
red_256MB,129,305.1818761,prim_red_cinm2_hybrid200
red_256MB,160,351.5618635,prim_red_cinm2_hybrid200
red_256MB,191,345.292795,prim_red_cinm2_hybrid200
red_256MB,222,304.1355837,prim_red_cinm2_hybrid200
red_256MB,253,418.5591941,prim_red_cinm2_hybrid200
red_256MB,284,353.4427422,prim_red_cinm2_hybrid200
red_256MB,315,351.8592688,prim_red_cinm2_hybrid200
red_256MB,346,288.6815176,prim_red_cinm2_hybrid200
red_256MB,377,343.21757560000003,prim_red_cinm2_hybrid200
red_256MB,408,343.82572319999997,prim_red_cinm2_hybrid200
red_256MB,439,300.5055876,prim_red_cinm2_hybrid200
red_256MB,470,354.02208260000003,prim_red_cinm2_hybrid200
red_256MB,501,286.1322933,prim_red_cinm2_hybrid200
red_256MB,532,284.8669643,prim_red_cinm2_hybrid200
red_256MB,563,354.3019809,prim_red_cinm2_hybrid200
red_256MB,594,353.506051,prim_red_cinm2_hybrid200
red_256MB,625,419.1163173,prim_red_cinm2_hybrid200
red_256MB,656,416.948575,prim_red_cinm2_hybrid200
red_256MB,687,354.9087315,prim_red_cinm2_hybrid200
red_256MB,718,352.0939586,prim_red_cinm2_hybrid200
red_256MB,749,419.06357560000004,prim_red_cinm2_hybrid200
red_256MB,780,288.3181683,prim_red_cinm2_hybrid200
red_256MB,811,263.9361446,prim_red_cinm2_hybrid200
red_256MB,842,344.2663162,prim_red_cinm2_hybrid200
red_256MB,873,292.7441696,prim_red_cinm2_hybrid200
red_256MB,904,291.2805928,prim_red_cinm2_hybrid200
red_256MB,935,305.5498423,prim_red_cinm2_hybrid200
red_256MB,966,307.804421,prim_red_cinm2_hybrid200
red_256MB,997,286.03630560000005,prim_red_cinm2_hybrid200
red_256MB,1028,355.33453410000004,prim_red_cinm2_hybrid200
red_256MB,1059,419.1670989,prim_red_cinm2_hybrid200
red_256MB,1090,353.9610018,prim_red_cinm2_hybrid200
red_256MB,1121,417.7574247,prim_red_cinm2_hybrid200
red_256MB,1152,297.8037935,prim_red_cinm2_hybrid200
red_256MB,1183,285.5313067,prim_red_cinm2_hybrid200
red_256MB,1214,305.6390035,prim_red_cinm2_hybrid200
red_256MB,1245,342.0071102,prim_red_cinm2_hybrid200
red_256MB,1276,341.64187610000005,prim_red_cinm2_hybrid200
red_256MB,1307,341.0245354,prim_red_cinm2_hybrid200
red_256MB,1338,287.7992784,prim_red_cinm2_hybrid200
red_256MB,1369,420.9162755,prim_red_cinm2_hybrid200
red_256MB,1400,306.0969197,prim_red_cinm2_hybrid200
red_256MB,1431,284.870722,prim_red_cinm2_hybrid200
red_256MB,1462,281.2750287,prim_red_cinm2_hybrid200
red_256MB,1493,305.8648566,prim_red_cinm2_hybrid200
red_256MB,1524,288.1973295,prim_red_cinm2_hybrid200
red_256MB,1555,306.6592006,prim_red_cinm2_hybrid200
red_256MB,1586,284.0817713,prim_red_cinm2_hybrid200
red_256MB,1617,353.1894391,prim_red_cinm2_hybrid200
red_256MB,1648,351.80834780000004,prim_red_cinm2_hybrid200
red_256MB,1679,299.5072103,prim_red_cinm2_hybrid200
red_256MB,1710,418.961375,prim_red_cinm2_hybrid200
red_256MB,1741,353.71457189999995,prim_red_cinm2_hybrid200
red_256MB,1772,344.4336709,prim_red_cinm2_hybrid200
red_256MB,1803,283.64242360000003,prim_red_cinm2_hybrid200
red_256MB,1834,352.39676760000003,prim_red_cinm2_hybrid200
red_256MB,1865,419.4428362,prim_red_cinm2_hybrid200
red_256MB,1896,419.78487889999997,prim_red_cinm2_hybrid200
red_256MB,1927,561.2882811000001,prim_red_cinm2_hybrid200
red_256MB,1958,287.1696425,prim_red_cinm2_hybrid200
red_256MB,1989,309.9088146,prim_red_cinm2_hybrid200
red_256MB,2020,353.3582839,prim_red_cinm2_hybrid200
red_256MB,2051,342.26525239999995,prim_red_cinm2_hybrid200
red_256MB,2082,353.9134863,prim_red_cinm2_hybrid200
red_256MB,2113,419.4346951,prim_red_cinm2_hybrid200
red_256MB,2144,288.03509360000004,prim_red_cinm2_hybrid200
red_256MB,2175,280.6557322,prim_red_cinm2_hybrid200
red_256MB,2206,338.6974376,prim_red_cinm2_hybrid200
red_256MB,2237,418.5059562,prim_red_cinm2_hybrid200
red_256MB,2268,304.90792,prim_red_cinm2_hybrid200
red_256MB,2299,261.2432953,prim_red_cinm2_hybrid200
red_256MB,2330,287.144769,prim_red_cinm2_hybrid200
red_256MB,2361,300.3429089,prim_red_cinm2_hybrid200
red_256MB,2392,417.61987860000005,prim_red_cinm2_hybrid200
red_256MB,2423,341.96108510000005,prim_red_cinm2_hybrid200
red_256MB,2454,352.539106,prim_red_cinm2_hybrid200
red_256MB,2485,354.95122280000004,prim_red_cinm2_hybrid200
red_256MB,2516,418.1100697,prim_red_cinm2_hybrid200
red_256MB,2547,270.7129946,prim_red_cinm2_hybrid200
red_256MB,2578,306.80220810000003,prim_red_cinm2_hybrid200
red_256MB,2609,282.3813414,prim_red_cinm2_hybrid200
red_256MB,2640,269.97473060000004,prim_red_cinm2_hybrid200
red_256MB,2671,354.59870989999996,prim_red_cinm2_hybrid200
red_256MB,2702,352.850036,prim_red_cinm2_hybrid200
red_256MB,2733,341.147458,prim_red_cinm2_hybrid200
red_256MB,2764,353.593669,prim_red_cinm2_hybrid200
red_256MB,2795,284.4667957,prim_red_cinm2_hybrid200
red_256MB,2826,260.1797498,prim_red_cinm2_hybrid200
red_256MB,2857,342.42542480000003,prim_red_cinm2_hybrid200
red_256MB,2888,355.2583345,prim_red_cinm2_hybrid200
red_256MB,2919,265.8484885,prim_red_cinm2_hybrid200
red_256MB,2950,309.8999162,prim_red_cinm2_hybrid200
red_256MB,2981,296.721402,prim_red_cinm2_hybrid200
red_256MB,3012,418.0087552,prim_red_cinm2_hybrid200
red_256MB,3043,341.2201662,prim_red_cinm2_hybrid200
red_256MB,3074,308.3154003,prim_red_cinm2_hybrid200
red_256MB,3105,352.0592815,prim_red_cinm2_hybrid200
red_256MB,3136,351.61679680000003,prim_red_cinm2_hybrid200
red_256MB,3167,309.0815399,prim_red_cinm2_hybrid200
red_256MB,3198,284.128161,prim_red_cinm2_hybrid200
red_256MB,3229,354.5987957,prim_red_cinm2_hybrid200
red_256MB,3260,395.1127047,prim_red_cinm2_hybrid200
red_256MB,3291,298.9128408,prim_red_cinm2_hybrid200
red_256MB,3322,243.1868469,prim_red_cinm2_hybrid200
red_256MB,3353,263.2324479,prim_red_cinm2_hybrid200
red_256MB,3384,244.8786356,prim_red_cinm2_hybrid200
red_256MB,3415,355.0176537,prim_red_cinm2_hybrid200
red_256MB,3446,285.73515480000003,prim_red_cinm2_hybrid200
red_256MB,3477,342.7708422,prim_red_cinm2_hybrid200
red_256MB,3508,302.5270084,prim_red_cinm2_hybrid200
red_256MB,3539,304.0009169,prim_red_cinm2_hybrid200
red_256MB,3570,310.0094091,prim_red_cinm2_hybrid200
red_256MB,3601,288.43994430000004,prim_red_cinm2_hybrid200
red_256MB,3632,286.99116680000003,prim_red_cinm2_hybrid200
red_256MB,3663,293.0813655,prim_red_cinm2_hybrid200
red_256MB,3694,303.7656619,prim_red_cinm2_hybrid200
red_256MB,3725,353.72644460000004,prim_red_cinm2_hybrid200
red_256MB,3756,285.35700560000004,prim_red_cinm2_hybrid200
red_256MB,3787,304.8590223,prim_red_cinm2_hybrid200
red_256MB,3818,285.1949977,prim_red_cinm2_hybrid200
red_256MB,3849,523.5912912,prim_red_cinm2_hybrid200
red_256MB,3880,278.6661085,prim_red_cinm2_hybrid200
red_256MB,3911,307.05678689999996,prim_red_cinm2_hybrid200
red_256MB,3942,280.99550389999996,prim_red_cinm2_hybrid200
red_256MB,3973,561.5097393,prim_red_cinm2_hybrid200
red_256MB,4004,411.565775,prim_red_cinm2_hybrid200
red_4MB,67,3.2610449,prim_red_cinm2_hybrid200
red_4MB,98,3.7147403999999997,prim_red_cinm2_hybrid200
red_4MB,129,4.6021365,prim_red_cinm2_hybrid200
red_4MB,160,4.0557066,prim_red_cinm2_hybrid200
red_4MB,191,2.8883837000000003,prim_red_cinm2_hybrid200
red_4MB,222,3.6528747000000004,prim_red_cinm2_hybrid200
red_4MB,253,4.4057154,prim_red_cinm2_hybrid200
red_4MB,284,2.9643783999999997,prim_red_cinm2_hybrid200
red_4MB,315,2.8059447000000004,prim_red_cinm2_hybrid200
red_4MB,346,4.8790908,prim_red_cinm2_hybrid200
red_4MB,377,3.1046318,prim_red_cinm2_hybrid200
red_4MB,408,5.2450078,prim_red_cinm2_hybrid200
red_4MB,439,3.5055172999999997,prim_red_cinm2_hybrid200
red_4MB,470,4.212057,prim_red_cinm2_hybrid200
red_4MB,501,3.7426347,prim_red_cinm2_hybrid200
red_4MB,532,4.034957299999999,prim_red_cinm2_hybrid200
red_4MB,563,3.4281344,prim_red_cinm2_hybrid200
red_4MB,594,2.8893496,prim_red_cinm2_hybrid200
red_4MB,625,3.6012671000000003,prim_red_cinm2_hybrid200
red_4MB,656,3.3068075,prim_red_cinm2_hybrid200
red_4MB,687,3.1825582999999997,prim_red_cinm2_hybrid200
red_4MB,718,3.8325676,prim_red_cinm2_hybrid200
red_4MB,749,3.2575144,prim_red_cinm2_hybrid200
red_4MB,780,3.2876048,prim_red_cinm2_hybrid200
red_4MB,811,4.8656956,prim_red_cinm2_hybrid200
red_4MB,842,3.226836,prim_red_cinm2_hybrid200
red_4MB,873,3.6875505,prim_red_cinm2_hybrid200
red_4MB,904,5.1935604,prim_red_cinm2_hybrid200
red_4MB,935,3.1220901000000003,prim_red_cinm2_hybrid200
red_4MB,966,3.7689651,prim_red_cinm2_hybrid200
red_4MB,997,2.9678218,prim_red_cinm2_hybrid200
red_4MB,1028,3.8328944,prim_red_cinm2_hybrid200
red_4MB,1059,4.1635883,prim_red_cinm2_hybrid200
red_4MB,1090,4.396203099999999,prim_red_cinm2_hybrid200
red_4MB,1121,3.0365116000000003,prim_red_cinm2_hybrid200
red_4MB,1152,2.8201111,prim_red_cinm2_hybrid200
red_4MB,1183,4.4097781,prim_red_cinm2_hybrid200
red_4MB,1214,4.4280911,prim_red_cinm2_hybrid200
red_4MB,1245,4.4507185,prim_red_cinm2_hybrid200
red_4MB,1276,5.3480694,prim_red_cinm2_hybrid200
red_4MB,1307,4.7510354,prim_red_cinm2_hybrid200
red_4MB,1338,3.2729931,prim_red_cinm2_hybrid200
red_4MB,1369,3.7444107,prim_red_cinm2_hybrid200
red_4MB,1400,5.037985,prim_red_cinm2_hybrid200
red_4MB,1431,3.6918424,prim_red_cinm2_hybrid200
red_4MB,1462,3.8803007999999997,prim_red_cinm2_hybrid200
red_4MB,1493,4.461769599999999,prim_red_cinm2_hybrid200
red_4MB,1524,3.3645897999999996,prim_red_cinm2_hybrid200
red_4MB,1555,3.8242602999999997,prim_red_cinm2_hybrid200
red_4MB,1586,3.1816214,prim_red_cinm2_hybrid200
red_4MB,1617,4.1811216,prim_red_cinm2_hybrid200
red_4MB,1648,7.4844457,prim_red_cinm2_hybrid200
red_4MB,1679,4.434615,prim_red_cinm2_hybrid200
red_4MB,1710,3.5105241,prim_red_cinm2_hybrid200
red_4MB,1741,4.1379175,prim_red_cinm2_hybrid200
red_4MB,1772,3.3353915,prim_red_cinm2_hybrid200
red_4MB,1803,4.1509648,prim_red_cinm2_hybrid200
red_4MB,1834,3.6320464,prim_red_cinm2_hybrid200
red_4MB,1865,3.5389814,prim_red_cinm2_hybrid200
red_4MB,1896,3.9803896,prim_red_cinm2_hybrid200
red_4MB,1927,2.9414567999999996,prim_red_cinm2_hybrid200
red_4MB,1958,3.3542422000000003,prim_red_cinm2_hybrid200
red_4MB,1989,3.3209733999999997,prim_red_cinm2_hybrid200
red_4MB,2020,3.3105148,prim_red_cinm2_hybrid200
red_4MB,2051,5.2111993,prim_red_cinm2_hybrid200
red_4MB,2082,2.8219704,prim_red_cinm2_hybrid200
red_4MB,2113,3.3258859,prim_red_cinm2_hybrid200
red_4MB,2144,2.7986651,prim_red_cinm2_hybrid200
red_4MB,2175,3.4301634,prim_red_cinm2_hybrid200
red_4MB,2206,5.5029817,prim_red_cinm2_hybrid200
red_4MB,2237,3.3530968999999997,prim_red_cinm2_hybrid200
red_4MB,2268,2.8444436,prim_red_cinm2_hybrid200
red_4MB,2299,3.6241814,prim_red_cinm2_hybrid200
red_4MB,2330,5.2643689,prim_red_cinm2_hybrid200
red_4MB,2361,3.6090608,prim_red_cinm2_hybrid200
red_4MB,2392,3.190138,prim_red_cinm2_hybrid200
red_4MB,2423,5.4260481,prim_red_cinm2_hybrid200
red_4MB,2454,3.0939131,prim_red_cinm2_hybrid200
red_4MB,2485,3.4727125,prim_red_cinm2_hybrid200
red_4MB,2516,3.1106821,prim_red_cinm2_hybrid200
red_4MB,2547,3.9507425,prim_red_cinm2_hybrid200
red_4MB,2578,3.9471217999999997,prim_red_cinm2_hybrid200
red_4MB,2609,3.4065855,prim_red_cinm2_hybrid200
red_4MB,2640,4.215976,prim_red_cinm2_hybrid200
red_4MB,2671,3.2453624,prim_red_cinm2_hybrid200
red_4MB,2702,3.567443,prim_red_cinm2_hybrid200
red_4MB,2733,3.8494167999999997,prim_red_cinm2_hybrid200
red_4MB,2764,3.7334342,prim_red_cinm2_hybrid200
red_4MB,2795,2.9894035,prim_red_cinm2_hybrid200
red_4MB,2826,3.83068,prim_red_cinm2_hybrid200
red_4MB,2857,3.2416532,prim_red_cinm2_hybrid200
red_4MB,2888,3.2223157000000002,prim_red_cinm2_hybrid200
red_4MB,2919,3.4915203,prim_red_cinm2_hybrid200
red_4MB,2950,3.5649027999999996,prim_red_cinm2_hybrid200
red_4MB,2981,3.8994133,prim_red_cinm2_hybrid200
red_4MB,3012,3.4541187,prim_red_cinm2_hybrid200
red_4MB,3043,3.7275455,prim_red_cinm2_hybrid200
red_4MB,3074,3.6198581,prim_red_cinm2_hybrid200
red_4MB,3105,3.6164003,prim_red_cinm2_hybrid200
red_4MB,3136,5.035573,prim_red_cinm2_hybrid200
red_4MB,3167,3.3184972000000004,prim_red_cinm2_hybrid200
red_4MB,3198,3.0805899,prim_red_cinm2_hybrid200
red_4MB,3229,4.6232622999999995,prim_red_cinm2_hybrid200
red_4MB,3260,3.7836721,prim_red_cinm2_hybrid200
red_4MB,3291,3.4756385,prim_red_cinm2_hybrid200
red_4MB,3322,5.4157155,prim_red_cinm2_hybrid200
red_4MB,3353,3.2983762999999997,prim_red_cinm2_hybrid200
red_4MB,3384,5.2504688,prim_red_cinm2_hybrid200
red_4MB,3415,3.4001758,prim_red_cinm2_hybrid200
red_4MB,3446,4.1032117999999995,prim_red_cinm2_hybrid200
red_4MB,3477,3.4477931,prim_red_cinm2_hybrid200
red_4MB,3508,5.7860431,prim_red_cinm2_hybrid200
red_4MB,3539,3.1143776,prim_red_cinm2_hybrid200
red_4MB,3570,3.6622195,prim_red_cinm2_hybrid200
red_4MB,3601,3.3148741,prim_red_cinm2_hybrid200
red_4MB,3632,6.0597985,prim_red_cinm2_hybrid200
red_4MB,3663,3.4038551,prim_red_cinm2_hybrid200
red_4MB,3694,3.0910727999999996,prim_red_cinm2_hybrid200
red_4MB,3725,4.1285339,prim_red_cinm2_hybrid200
red_4MB,3756,2.7618438,prim_red_cinm2_hybrid200
red_4MB,3787,3.8534641,prim_red_cinm2_hybrid200
red_4MB,3818,3.8417266,prim_red_cinm2_hybrid200
red_4MB,3849,3.5258242,prim_red_cinm2_hybrid200
red_4MB,3880,4.2748764,prim_red_cinm2_hybrid200
red_4MB,3911,3.1355202,prim_red_cinm2_hybrid200
red_4MB,3942,3.4142432,prim_red_cinm2_hybrid200
red_4MB,3973,3.5234598999999998,prim_red_cinm2_hybrid200
red_4MB,4004,4.0189803,prim_red_cinm2_hybrid200
red_512MB,98,441.01534089999996,prim_red_cinm2_hybrid200
red_512MB,129,442.0400532,prim_red_cinm2_hybrid200
red_512MB,191,441.1333237,prim_red_cinm2_hybrid200
red_512MB,253,439.0128431,prim_red_cinm2_hybrid200
red_512MB,346,440.56532560000005,prim_red_cinm2_hybrid200
red_512MB,408,478.7331589,prim_red_cinm2_hybrid200
red_512MB,501,456.30821710000004,prim_red_cinm2_hybrid200
red_512MB,656,441.5383288,prim_red_cinm2_hybrid200
red_512MB,687,458.5779614,prim_red_cinm2_hybrid200
red_512MB,718,474.95712160000005,prim_red_cinm2_hybrid200
red_512MB,904,462.11501560000005,prim_red_cinm2_hybrid200
red_512MB,1090,434.0157764,prim_red_cinm2_hybrid200
red_512MB,1214,456.5337585,prim_red_cinm2_hybrid200
red_512MB,1245,441.394739,prim_red_cinm2_hybrid200
red_512MB,1369,438.6014192,prim_red_cinm2_hybrid200
red_512MB,1431,440.17493989999997,prim_red_cinm2_hybrid200
red_512MB,1493,459.2882462,prim_red_cinm2_hybrid200
red_512MB,1586,438.62120830000003,prim_red_cinm2_hybrid200
red_512MB,1803,457.94293639999995,prim_red_cinm2_hybrid200
red_512MB,1834,440.1290185,prim_red_cinm2_hybrid200
red_512MB,1865,459.8758111,prim_red_cinm2_hybrid200
red_512MB,1896,472.7796833,prim_red_cinm2_hybrid200
red_512MB,1989,459.50246,prim_red_cinm2_hybrid200
red_512MB,2082,462.4162842,prim_red_cinm2_hybrid200
red_512MB,2206,426.7402929,prim_red_cinm2_hybrid200
red_512MB,2237,462.5695075,prim_red_cinm2_hybrid200
red_512MB,2361,457.34548939999996,prim_red_cinm2_hybrid200
red_512MB,2547,458.087007,prim_red_cinm2_hybrid200
red_512MB,2640,438.8269784,prim_red_cinm2_hybrid200
red_512MB,2702,476.7857537,prim_red_cinm2_hybrid200
red_512MB,2764,440.3314078,prim_red_cinm2_hybrid200
red_512MB,2795,492.6089786,prim_red_cinm2_hybrid200
red_512MB,2826,439.284073,prim_red_cinm2_hybrid200
red_512MB,2919,426.75545,prim_red_cinm2_hybrid200
red_512MB,2981,440.73580269999997,prim_red_cinm2_hybrid200
red_512MB,3043,442.166773,prim_red_cinm2_hybrid200
red_512MB,3074,428.9335875,prim_red_cinm2_hybrid200
red_512MB,3105,460.0955252,prim_red_cinm2_hybrid200
red_512MB,3167,439.5073389,prim_red_cinm2_hybrid200
red_512MB,3229,523.2978196,prim_red_cinm2_hybrid200
red_512MB,3291,432.03643,prim_red_cinm2_hybrid200
red_512MB,3322,493.78391980000004,prim_red_cinm2_hybrid200
red_512MB,3353,439.93995989999996,prim_red_cinm2_hybrid200
red_512MB,3384,462.6997469,prim_red_cinm2_hybrid200
red_512MB,3415,406.397891,prim_red_cinm2_hybrid200
red_512MB,3508,464.36820769999997,prim_red_cinm2_hybrid200
red_512MB,3539,440.6165791,prim_red_cinm2_hybrid200
red_512MB,3725,461.5882782,prim_red_cinm2_hybrid200
red_512MB,3756,427.51103439999997,prim_red_cinm2_hybrid200
red_512MB,3818,458.6843805,prim_red_cinm2_hybrid200
red_512MB,3849,525.4089235,prim_red_cinm2_hybrid200
red_512MB,3880,457.7651465,prim_red_cinm2_hybrid200
red_512MB,3942,456.1333069,prim_red_cinm2_hybrid200
red_512MB,3973,459.3516745,prim_red_cinm2_hybrid200
red_64MB,98,58.4978625,prim_red_cinm2_hybrid200
red_64MB,129,62.1006792,prim_red_cinm2_hybrid200
red_64MB,160,62.286493899999996,prim_red_cinm2_hybrid200
red_64MB,222,59.6385316,prim_red_cinm2_hybrid200
red_64MB,253,61.039339299999995,prim_red_cinm2_hybrid200
red_64MB,346,57.1604467,prim_red_cinm2_hybrid200
red_64MB,377,69.1236755,prim_red_cinm2_hybrid200
red_64MB,408,80.2299024,prim_red_cinm2_hybrid200
red_64MB,470,60.665687,prim_red_cinm2_hybrid200
red_64MB,532,62.1195801,prim_red_cinm2_hybrid200
red_64MB,625,60.762879299999994,prim_red_cinm2_hybrid200
red_64MB,842,67.6373607,prim_red_cinm2_hybrid200
red_64MB,904,60.6710225,prim_red_cinm2_hybrid200
red_64MB,935,60.653908,prim_red_cinm2_hybrid200
red_64MB,966,69.2948825,prim_red_cinm2_hybrid200
red_64MB,1028,66.4211442,prim_red_cinm2_hybrid200
red_64MB,1059,57.008281200000006,prim_red_cinm2_hybrid200
red_64MB,1090,68.8251015,prim_red_cinm2_hybrid200
red_64MB,1152,61.5544424,prim_red_cinm2_hybrid200
red_64MB,1214,60.766882100000004,prim_red_cinm2_hybrid200
red_64MB,1276,59.2563639,prim_red_cinm2_hybrid200
red_64MB,1307,58.740385,prim_red_cinm2_hybrid200
red_64MB,1369,60.080715299999994,prim_red_cinm2_hybrid200
red_64MB,1400,57.397578,prim_red_cinm2_hybrid200
red_64MB,1431,67.19152220000001,prim_red_cinm2_hybrid200
red_64MB,1493,61.4084337,prim_red_cinm2_hybrid200
red_64MB,1524,65.8630649,prim_red_cinm2_hybrid200
red_64MB,1555,69.0645115,prim_red_cinm2_hybrid200
red_64MB,1586,58.1668024,prim_red_cinm2_hybrid200
red_64MB,1617,81.9229457,prim_red_cinm2_hybrid200
red_64MB,1648,63.9610268,prim_red_cinm2_hybrid200
red_64MB,1679,60.4589342,prim_red_cinm2_hybrid200
red_64MB,1803,58.5457864,prim_red_cinm2_hybrid200
red_64MB,1865,60.4920302,prim_red_cinm2_hybrid200
red_64MB,1896,59.408026899999996,prim_red_cinm2_hybrid200
red_64MB,1927,67.0994487,prim_red_cinm2_hybrid200
red_64MB,1958,59.6626916,prim_red_cinm2_hybrid200
red_64MB,1989,60.379701,prim_red_cinm2_hybrid200
red_64MB,2082,59.1588277,prim_red_cinm2_hybrid200
red_64MB,2144,59.536812600000005,prim_red_cinm2_hybrid200
red_64MB,2175,60.1962787,prim_red_cinm2_hybrid200
red_64MB,2206,64.2243552,prim_red_cinm2_hybrid200
red_64MB,2299,60.610717,prim_red_cinm2_hybrid200
red_64MB,2330,59.7235635,prim_red_cinm2_hybrid200
red_64MB,2361,62.107926899999995,prim_red_cinm2_hybrid200
red_64MB,2547,58.8291387,prim_red_cinm2_hybrid200
red_64MB,2578,61.2894251,prim_red_cinm2_hybrid200
red_64MB,2609,62.4558424,prim_red_cinm2_hybrid200
red_64MB,2640,65.00160629999999,prim_red_cinm2_hybrid200
red_64MB,2671,54.587485799999996,prim_red_cinm2_hybrid200
red_64MB,2702,64.0431766,prim_red_cinm2_hybrid200
red_64MB,2764,75.0462435,prim_red_cinm2_hybrid200
red_64MB,2795,59.8609684,prim_red_cinm2_hybrid200
red_64MB,2857,67.2469262,prim_red_cinm2_hybrid200
red_64MB,2888,59.9621548,prim_red_cinm2_hybrid200
red_64MB,2919,60.8236135,prim_red_cinm2_hybrid200
red_64MB,2950,60.0992339,prim_red_cinm2_hybrid200
red_64MB,2981,54.3367338,prim_red_cinm2_hybrid200
red_64MB,3012,62.746567399999996,prim_red_cinm2_hybrid200
red_64MB,3074,60.910934,prim_red_cinm2_hybrid200
red_64MB,3105,57.394290299999994,prim_red_cinm2_hybrid200
red_64MB,3198,57.871979700000004,prim_red_cinm2_hybrid200
red_64MB,3229,65.30194420000001,prim_red_cinm2_hybrid200
red_64MB,3291,56.4100196,prim_red_cinm2_hybrid200
red_64MB,3322,67.4431327,prim_red_cinm2_hybrid200
red_64MB,3415,65.284065,prim_red_cinm2_hybrid200
red_64MB,3446,56.5816917,prim_red_cinm2_hybrid200
red_64MB,3539,60.5595309,prim_red_cinm2_hybrid200
red_64MB,3663,57.5843946,prim_red_cinm2_hybrid200
red_64MB,3694,58.988285299999994,prim_red_cinm2_hybrid200
red_64MB,3725,61.4944626,prim_red_cinm2_hybrid200
red_64MB,3756,55.3066628,prim_red_cinm2_hybrid200
red_64MB,3818,68.6551958,prim_red_cinm2_hybrid200
red_64MB,3880,69.3362076,prim_red_cinm2_hybrid200
red_64MB,3911,64.1965526,prim_red_cinm2_hybrid200
red_64MB,3942,58.60422620000001,prim_red_cinm2_hybrid200
red_64MB,3973,59.2661996,prim_red_cinm2_hybrid200
red_64MB,4004,60.3586481,prim_red_cinm2_hybrid200
red_256MB,67,414.54422719999997,prim_red_cinm2_hybrid400
red_256MB,98,311.5003006,prim_red_cinm2_hybrid400
red_256MB,129,312.3869934,prim_red_cinm2_hybrid400
red_256MB,160,352.81741139999997,prim_red_cinm2_hybrid400
red_256MB,191,358.8815439,prim_red_cinm2_hybrid400
red_256MB,222,309.72175760000005,prim_red_cinm2_hybrid400
red_256MB,253,421.4867564,prim_red_cinm2_hybrid400
red_256MB,284,355.3791383,prim_red_cinm2_hybrid400
red_256MB,315,360.9377249,prim_red_cinm2_hybrid400
red_256MB,346,293.6452618,prim_red_cinm2_hybrid400
red_256MB,377,347.6742168,prim_red_cinm2_hybrid400
red_256MB,408,350.3990449,prim_red_cinm2_hybrid400
red_256MB,439,311.5422175,prim_red_cinm2_hybrid400
red_256MB,470,312.9543386,prim_red_cinm2_hybrid400
red_256MB,501,348.86657460000004,prim_red_cinm2_hybrid400
red_256MB,532,311.0784317,prim_red_cinm2_hybrid400
red_256MB,563,361.7967142,prim_red_cinm2_hybrid400
red_256MB,594,362.7149446,prim_red_cinm2_hybrid400
red_256MB,625,418.0282625,prim_red_cinm2_hybrid400
red_256MB,656,424.9062185,prim_red_cinm2_hybrid400
red_256MB,687,360.2995699,prim_red_cinm2_hybrid400
red_256MB,718,356.5285255,prim_red_cinm2_hybrid400
red_256MB,749,421.9500183,prim_red_cinm2_hybrid400
red_256MB,780,294.8537735,prim_red_cinm2_hybrid400
red_256MB,811,267.302501,prim_red_cinm2_hybrid400
red_256MB,842,349.89209739999995,prim_red_cinm2_hybrid400
red_256MB,873,293.2330573,prim_red_cinm2_hybrid400
red_256MB,904,285.7089053,prim_red_cinm2_hybrid400
red_256MB,935,316.092283,prim_red_cinm2_hybrid400
red_256MB,966,296.61030719999997,prim_red_cinm2_hybrid400
red_256MB,997,291.31636360000005,prim_red_cinm2_hybrid400
red_256MB,1028,352.1871621,prim_red_cinm2_hybrid400
red_256MB,1059,418.4267255,prim_red_cinm2_hybrid400
red_256MB,1090,351.773607,prim_red_cinm2_hybrid400
red_256MB,1121,417.0844908,prim_red_cinm2_hybrid400
red_256MB,1152,306.1566929,prim_red_cinm2_hybrid400
red_256MB,1183,295.171964,prim_red_cinm2_hybrid400
red_256MB,1214,341.9434775,prim_red_cinm2_hybrid400
red_256MB,1245,560.3760961,prim_red_cinm2_hybrid400
red_256MB,1276,349.1794812,prim_red_cinm2_hybrid400
red_256MB,1307,348.0331706,prim_red_cinm2_hybrid400
red_256MB,1338,298.218036,prim_red_cinm2_hybrid400
red_256MB,1369,418.64007580000003,prim_red_cinm2_hybrid400
red_256MB,1400,313.56355010000004,prim_red_cinm2_hybrid400
red_256MB,1431,294.1994812,prim_red_cinm2_hybrid400
red_256MB,1462,293.9297097,prim_red_cinm2_hybrid400
red_256MB,1493,277.63743139999997,prim_red_cinm2_hybrid400
red_256MB,1524,296.0681521,prim_red_cinm2_hybrid400
red_256MB,1555,312.398517,prim_red_cinm2_hybrid400
red_256MB,1586,292.47602919999997,prim_red_cinm2_hybrid400
red_256MB,1617,361.57619789999995,prim_red_cinm2_hybrid400
red_256MB,1648,362.5802695,prim_red_cinm2_hybrid400
red_256MB,1679,310.7506378,prim_red_cinm2_hybrid400
red_256MB,1710,417.17429089999996,prim_red_cinm2_hybrid400
red_256MB,1741,425.8109627,prim_red_cinm2_hybrid400
red_256MB,1772,352.02204969999997,prim_red_cinm2_hybrid400
red_256MB,1803,296.3097586,prim_red_cinm2_hybrid400
red_256MB,1834,357.0306377,prim_red_cinm2_hybrid400
red_256MB,1865,422.427447,prim_red_cinm2_hybrid400
red_256MB,1896,422.2205125,prim_red_cinm2_hybrid400
red_256MB,1927,574.2360209,prim_red_cinm2_hybrid400
red_256MB,1958,295.1909536,prim_red_cinm2_hybrid400
red_256MB,1989,311.55167589999996,prim_red_cinm2_hybrid400
red_256MB,2020,361.82475,prim_red_cinm2_hybrid400
red_256MB,2051,349.55294169999996,prim_red_cinm2_hybrid400
red_256MB,2082,357.98769830000003,prim_red_cinm2_hybrid400
red_256MB,2113,421.1498452,prim_red_cinm2_hybrid400
red_256MB,2144,293.8199292,prim_red_cinm2_hybrid400
red_256MB,2175,294.04963910000004,prim_red_cinm2_hybrid400
red_256MB,2206,345.38048310000005,prim_red_cinm2_hybrid400
red_256MB,2237,420.9130472,prim_red_cinm2_hybrid400
red_256MB,2268,311.0662481,prim_red_cinm2_hybrid400
red_256MB,2299,271.8733128,prim_red_cinm2_hybrid400
red_256MB,2330,294.083661,prim_red_cinm2_hybrid400
red_256MB,2361,311.8643551,prim_red_cinm2_hybrid400
red_256MB,2392,424.479241,prim_red_cinm2_hybrid400
red_256MB,2423,346.29173039999995,prim_red_cinm2_hybrid400
red_256MB,2454,361.7361705,prim_red_cinm2_hybrid400
red_256MB,2485,361.21189119999997,prim_red_cinm2_hybrid400
red_256MB,2516,424.8289808,prim_red_cinm2_hybrid400
red_256MB,2547,278.83086380000003,prim_red_cinm2_hybrid400
red_256MB,2578,356.6999507,prim_red_cinm2_hybrid400
red_256MB,2609,289.6281141,prim_red_cinm2_hybrid400
red_256MB,2640,278.4381552,prim_red_cinm2_hybrid400
red_256MB,2671,360.815251,prim_red_cinm2_hybrid400
red_256MB,2702,355.27755060000004,prim_red_cinm2_hybrid400
red_256MB,2733,348.167738,prim_red_cinm2_hybrid400
red_256MB,2764,358.76948660000005,prim_red_cinm2_hybrid400
red_256MB,2795,294.3764261,prim_red_cinm2_hybrid400
red_256MB,2826,264.13915430000003,prim_red_cinm2_hybrid400
red_256MB,2857,352.0882666,prim_red_cinm2_hybrid400
red_256MB,2888,356.8564905,prim_red_cinm2_hybrid400
red_256MB,2919,264.789016,prim_red_cinm2_hybrid400
red_256MB,2950,311.5514048,prim_red_cinm2_hybrid400
red_256MB,2981,314.864833,prim_red_cinm2_hybrid400
red_256MB,3012,422.533073,prim_red_cinm2_hybrid400
red_256MB,3043,348.8710426,prim_red_cinm2_hybrid400
red_256MB,3074,311.75804089999997,prim_red_cinm2_hybrid400
red_256MB,3105,360.8375575,prim_red_cinm2_hybrid400
red_256MB,3136,363.48915930000004,prim_red_cinm2_hybrid400
red_256MB,3167,310.7681078,prim_red_cinm2_hybrid400
red_256MB,3198,296.018902,prim_red_cinm2_hybrid400
red_256MB,3229,360.7288188,prim_red_cinm2_hybrid400
red_256MB,3260,416.119527,prim_red_cinm2_hybrid400
red_256MB,3291,313.8360008,prim_red_cinm2_hybrid400
red_256MB,3322,242.2256251,prim_red_cinm2_hybrid400
red_256MB,3353,257.8235926,prim_red_cinm2_hybrid400
red_256MB,3384,246.2576011,prim_red_cinm2_hybrid400
red_256MB,3415,357.6202101,prim_red_cinm2_hybrid400
red_256MB,3446,293.7619712,prim_red_cinm2_hybrid400
red_256MB,3477,347.45643010000003,prim_red_cinm2_hybrid400
red_256MB,3508,305.8700303,prim_red_cinm2_hybrid400
red_256MB,3539,310.6075964,prim_red_cinm2_hybrid400
red_256MB,3570,314.6439788,prim_red_cinm2_hybrid400
red_256MB,3601,292.6954193,prim_red_cinm2_hybrid400
red_256MB,3632,294.5764893,prim_red_cinm2_hybrid400
red_256MB,3663,294.0243739,prim_red_cinm2_hybrid400
red_256MB,3694,314.666136,prim_red_cinm2_hybrid400
red_256MB,3725,361.04691710000003,prim_red_cinm2_hybrid400
red_256MB,3756,279.17415289999997,prim_red_cinm2_hybrid400
red_256MB,3787,313.6843761,prim_red_cinm2_hybrid400
red_256MB,3818,281.33917130000003,prim_red_cinm2_hybrid400
red_256MB,3849,536.7250042,prim_red_cinm2_hybrid400
red_256MB,3880,294.0932825,prim_red_cinm2_hybrid400
red_256MB,3911,313.3116245,prim_red_cinm2_hybrid400
red_256MB,3942,291.4757018,prim_red_cinm2_hybrid400
red_256MB,3973,574.9109919,prim_red_cinm2_hybrid400
red_256MB,4004,423.538763,prim_red_cinm2_hybrid400
red_4MB,67,4.1531781,prim_red_cinm2_hybrid400
red_4MB,98,3.5905468,prim_red_cinm2_hybrid400
red_4MB,129,3.8335617,prim_red_cinm2_hybrid400
red_4MB,160,4.1606512,prim_red_cinm2_hybrid400
red_4MB,191,3.4602951,prim_red_cinm2_hybrid400
red_4MB,222,3.5422726,prim_red_cinm2_hybrid400
red_4MB,253,3.3686149,prim_red_cinm2_hybrid400
red_4MB,284,3.5044346,prim_red_cinm2_hybrid400
red_4MB,315,4.0544623,prim_red_cinm2_hybrid400
red_4MB,346,3.5580247999999997,prim_red_cinm2_hybrid400
red_4MB,377,3.8023316,prim_red_cinm2_hybrid400
red_4MB,408,3.5028178,prim_red_cinm2_hybrid400
red_4MB,439,3.6535588999999997,prim_red_cinm2_hybrid400
red_4MB,470,3.6843947999999997,prim_red_cinm2_hybrid400
red_4MB,501,3.3136672000000003,prim_red_cinm2_hybrid400
red_4MB,532,3.2326841,prim_red_cinm2_hybrid400
red_4MB,563,4.4417375,prim_red_cinm2_hybrid400
red_4MB,594,5.7665582,prim_red_cinm2_hybrid400
red_4MB,625,3.7807446000000002,prim_red_cinm2_hybrid400
red_4MB,656,4.2447235999999995,prim_red_cinm2_hybrid400
red_4MB,687,3.5788002000000003,prim_red_cinm2_hybrid400
red_4MB,718,3.4320911,prim_red_cinm2_hybrid400
red_4MB,749,3.9993399,prim_red_cinm2_hybrid400
red_4MB,780,4.1134918,prim_red_cinm2_hybrid400
red_4MB,811,3.3035867000000003,prim_red_cinm2_hybrid400
red_4MB,842,4.3795703,prim_red_cinm2_hybrid400
red_4MB,873,3.44338,prim_red_cinm2_hybrid400
red_4MB,904,3.6369342000000002,prim_red_cinm2_hybrid400
red_4MB,935,3.7202791,prim_red_cinm2_hybrid400
red_4MB,966,3.954461,prim_red_cinm2_hybrid400
red_4MB,997,5.849375599999999,prim_red_cinm2_hybrid400
red_4MB,1028,3.5222458999999997,prim_red_cinm2_hybrid400
red_4MB,1059,4.3440173,prim_red_cinm2_hybrid400
red_4MB,1090,4.689593599999999,prim_red_cinm2_hybrid400
red_4MB,1121,3.8796458,prim_red_cinm2_hybrid400
red_4MB,1152,4.637486200000001,prim_red_cinm2_hybrid400
red_4MB,1183,5.495660099999999,prim_red_cinm2_hybrid400
red_4MB,1214,3.2507421,prim_red_cinm2_hybrid400
red_4MB,1245,4.0890408,prim_red_cinm2_hybrid400
red_4MB,1276,3.7493322,prim_red_cinm2_hybrid400
red_4MB,1307,4.2118889,prim_red_cinm2_hybrid400
red_4MB,1338,3.1108886,prim_red_cinm2_hybrid400
red_4MB,1369,3.5126056,prim_red_cinm2_hybrid400
red_4MB,1400,3.9236697,prim_red_cinm2_hybrid400
red_4MB,1431,3.7095537999999997,prim_red_cinm2_hybrid400
red_4MB,1462,3.9626734,prim_red_cinm2_hybrid400
red_4MB,1493,5.492686099999999,prim_red_cinm2_hybrid400
red_4MB,1524,3.7432246,prim_red_cinm2_hybrid400
red_4MB,1555,3.4959428999999997,prim_red_cinm2_hybrid400
red_4MB,1586,3.0496928,prim_red_cinm2_hybrid400
red_4MB,1617,3.775643,prim_red_cinm2_hybrid400
red_4MB,1648,3.6190389,prim_red_cinm2_hybrid400
red_4MB,1679,4.0284531,prim_red_cinm2_hybrid400
red_4MB,1710,5.8742578,prim_red_cinm2_hybrid400
red_4MB,1741,3.5388746,prim_red_cinm2_hybrid400
red_4MB,1772,5.5983385,prim_red_cinm2_hybrid400
red_4MB,1803,3.1258947999999998,prim_red_cinm2_hybrid400
red_4MB,1834,4.5300346,prim_red_cinm2_hybrid400
red_4MB,1865,4.1467163,prim_red_cinm2_hybrid400
red_4MB,1896,3.4947197,prim_red_cinm2_hybrid400
red_4MB,1927,3.2173382999999998,prim_red_cinm2_hybrid400
red_4MB,1958,3.8310807999999996,prim_red_cinm2_hybrid400
red_4MB,1989,3.6279952,prim_red_cinm2_hybrid400
red_4MB,2020,4.226436,prim_red_cinm2_hybrid400
red_4MB,2051,3.730775,prim_red_cinm2_hybrid400
red_4MB,2082,3.2986786,prim_red_cinm2_hybrid400
red_4MB,2113,4.9186857,prim_red_cinm2_hybrid400
red_4MB,2144,3.1937662,prim_red_cinm2_hybrid400
red_4MB,2175,3.7307805,prim_red_cinm2_hybrid400
red_4MB,2206,3.4957709,prim_red_cinm2_hybrid400
red_4MB,2237,4.1765517,prim_red_cinm2_hybrid400
red_4MB,2268,3.5188808,prim_red_cinm2_hybrid400
red_4MB,2299,4.120405,prim_red_cinm2_hybrid400
red_4MB,2330,4.6219384,prim_red_cinm2_hybrid400
red_4MB,2361,3.6873693999999997,prim_red_cinm2_hybrid400
red_4MB,2392,3.4289718,prim_red_cinm2_hybrid400
red_4MB,2423,4.0123443,prim_red_cinm2_hybrid400
red_4MB,2454,3.7243022999999997,prim_red_cinm2_hybrid400
red_4MB,2485,3.9988607999999997,prim_red_cinm2_hybrid400
red_4MB,2516,3.7056425,prim_red_cinm2_hybrid400
red_4MB,2547,5.868737299999999,prim_red_cinm2_hybrid400
red_4MB,2578,3.2150327,prim_red_cinm2_hybrid400
red_4MB,2609,3.9472989,prim_red_cinm2_hybrid400
red_4MB,2640,3.7900945,prim_red_cinm2_hybrid400
red_4MB,2671,4.2051379,prim_red_cinm2_hybrid400
red_4MB,2702,3.1629735,prim_red_cinm2_hybrid400
red_4MB,2733,7.709256099999999,prim_red_cinm2_hybrid400
red_4MB,2764,3.8605384,prim_red_cinm2_hybrid400
red_4MB,2795,3.5095539,prim_red_cinm2_hybrid400
red_4MB,2826,3.318701,prim_red_cinm2_hybrid400
red_4MB,2857,4.188269,prim_red_cinm2_hybrid400
red_4MB,2888,3.6946019,prim_red_cinm2_hybrid400
red_4MB,2919,5.6387847,prim_red_cinm2_hybrid400
red_4MB,2950,3.7338131,prim_red_cinm2_hybrid400
red_4MB,2981,5.403225900000001,prim_red_cinm2_hybrid400
red_4MB,3012,3.2204016,prim_red_cinm2_hybrid400
red_4MB,3043,3.4420416,prim_red_cinm2_hybrid400
red_4MB,3074,3.2972487999999998,prim_red_cinm2_hybrid400
red_4MB,3105,3.5827751,prim_red_cinm2_hybrid400
red_4MB,3136,3.4835252000000003,prim_red_cinm2_hybrid400
red_4MB,3167,3.9483186,prim_red_cinm2_hybrid400
red_4MB,3198,5.509049,prim_red_cinm2_hybrid400
red_4MB,3229,3.5495421,prim_red_cinm2_hybrid400
red_4MB,3260,4.0635436,prim_red_cinm2_hybrid400
red_4MB,3291,3.5098025,prim_red_cinm2_hybrid400
red_4MB,3322,3.9836828,prim_red_cinm2_hybrid400
red_4MB,3353,3.8249435,prim_red_cinm2_hybrid400
red_4MB,3384,3.4408782999999996,prim_red_cinm2_hybrid400
red_4MB,3415,3.3542941,prim_red_cinm2_hybrid400
red_4MB,3446,3.9928678,prim_red_cinm2_hybrid400
red_4MB,3477,3.6202033,prim_red_cinm2_hybrid400
red_4MB,3508,3.5535022,prim_red_cinm2_hybrid400
red_4MB,3539,3.9094868,prim_red_cinm2_hybrid400
red_4MB,3570,3.6531192999999997,prim_red_cinm2_hybrid400
red_4MB,3601,3.2858227999999996,prim_red_cinm2_hybrid400
red_4MB,3632,5.7011538,prim_red_cinm2_hybrid400
red_4MB,3663,3.5323361,prim_red_cinm2_hybrid400
red_4MB,3694,3.5073613,prim_red_cinm2_hybrid400
red_4MB,3725,5.8615620999999996,prim_red_cinm2_hybrid400
red_4MB,3756,3.4740004,prim_red_cinm2_hybrid400
red_4MB,3787,3.0803274,prim_red_cinm2_hybrid400
red_4MB,3818,3.233302,prim_red_cinm2_hybrid400
red_4MB,3849,3.685071,prim_red_cinm2_hybrid400
red_4MB,3880,5.5217567999999995,prim_red_cinm2_hybrid400
red_4MB,3911,4.2171415,prim_red_cinm2_hybrid400
red_4MB,3942,3.1721886,prim_red_cinm2_hybrid400
red_4MB,3973,4.5740625,prim_red_cinm2_hybrid400
red_4MB,4004,4.1466318,prim_red_cinm2_hybrid400
red_512MB,67,515.4904402,prim_red_cinm2_hybrid400
red_512MB,98,442.4569045,prim_red_cinm2_hybrid400
red_512MB,129,443.2408312,prim_red_cinm2_hybrid400
red_512MB,160,464.1861684,prim_red_cinm2_hybrid400
red_512MB,191,438.4467462,prim_red_cinm2_hybrid400
red_512MB,253,434.130402,prim_red_cinm2_hybrid400
red_512MB,346,433.32455880000003,prim_red_cinm2_hybrid400
red_512MB,408,442.4328128,prim_red_cinm2_hybrid400
red_512MB,470,569.8997267000001,prim_red_cinm2_hybrid400
red_512MB,532,527.503779,prim_red_cinm2_hybrid400
red_512MB,687,458.39405589999996,prim_red_cinm2_hybrid400
red_512MB,718,480.2701795,prim_red_cinm2_hybrid400
red_512MB,780,412.6715458,prim_red_cinm2_hybrid400
red_512MB,811,465.5877366,prim_red_cinm2_hybrid400
red_512MB,904,459.541367,prim_red_cinm2_hybrid400
red_512MB,966,441.84177539999996,prim_red_cinm2_hybrid400
red_512MB,1152,471.8722053,prim_red_cinm2_hybrid400
red_512MB,1214,459.1247917,prim_red_cinm2_hybrid400
red_512MB,1245,442.07971089999995,prim_red_cinm2_hybrid400
red_512MB,1276,459.598943,prim_red_cinm2_hybrid400
red_512MB,1400,463.99424369999997,prim_red_cinm2_hybrid400
red_512MB,1462,457.4039137,prim_red_cinm2_hybrid400
red_512MB,1493,459.15006919999996,prim_red_cinm2_hybrid400
red_512MB,1524,470.07734389999996,prim_red_cinm2_hybrid400
red_512MB,1586,432.2745285,prim_red_cinm2_hybrid400
red_512MB,1648,421.11357910000004,prim_red_cinm2_hybrid400
red_512MB,1710,473.3447152,prim_red_cinm2_hybrid400
red_512MB,1772,461.6937441,prim_red_cinm2_hybrid400
red_512MB,1834,442.8655507,prim_red_cinm2_hybrid400
red_512MB,1896,474.0064749,prim_red_cinm2_hybrid400
red_512MB,2051,440.52603519999997,prim_red_cinm2_hybrid400
red_512MB,2082,462.4271686,prim_red_cinm2_hybrid400
red_512MB,2113,464.4950942,prim_red_cinm2_hybrid400
red_512MB,2144,456.6283512,prim_red_cinm2_hybrid400
red_512MB,2175,437.8264176,prim_red_cinm2_hybrid400
red_512MB,2268,440.7535083,prim_red_cinm2_hybrid400
red_512MB,2361,457.1589682,prim_red_cinm2_hybrid400
red_512MB,2392,458.5769328,prim_red_cinm2_hybrid400
red_512MB,2423,456.3855621,prim_red_cinm2_hybrid400
red_512MB,2454,458.543684,prim_red_cinm2_hybrid400
red_512MB,2547,457.8769365,prim_red_cinm2_hybrid400
red_512MB,2609,443.87962730000004,prim_red_cinm2_hybrid400
red_512MB,2640,528.0409589,prim_red_cinm2_hybrid400
red_512MB,2702,419.52572680000003,prim_red_cinm2_hybrid400
red_512MB,2764,434.75282710000005,prim_red_cinm2_hybrid400
red_512MB,2826,433.58619219999997,prim_red_cinm2_hybrid400
red_512MB,2919,422.81998139999996,prim_red_cinm2_hybrid400
red_512MB,2981,441.7933413,prim_red_cinm2_hybrid400
red_512MB,3043,471.73005589999997,prim_red_cinm2_hybrid400
red_512MB,3074,444.549822,prim_red_cinm2_hybrid400
red_512MB,3105,456.20153830000004,prim_red_cinm2_hybrid400
red_512MB,3167,444.3966783,prim_red_cinm2_hybrid400
red_512MB,3198,489.3069653,prim_red_cinm2_hybrid400
red_512MB,3229,533.7130578,prim_red_cinm2_hybrid400
red_512MB,3322,464.8630203,prim_red_cinm2_hybrid400
red_512MB,3353,436.33808239999996,prim_red_cinm2_hybrid400
red_512MB,3384,458.93992330000003,prim_red_cinm2_hybrid400
red_512MB,3477,435.9626622,prim_red_cinm2_hybrid400
red_512MB,3508,460.05208669999996,prim_red_cinm2_hybrid400
red_512MB,3570,435.8592948,prim_red_cinm2_hybrid400
red_512MB,3601,434.3922875,prim_red_cinm2_hybrid400
red_512MB,3818,456.6297986,prim_red_cinm2_hybrid400
red_512MB,3880,456.6927922,prim_red_cinm2_hybrid400
red_512MB,3973,458.559341,prim_red_cinm2_hybrid400
red_512MB,4004,461.0508602,prim_red_cinm2_hybrid400
red_64MB,67,63.742085100000004,prim_red_cinm2_hybrid400
red_64MB,98,72.52918170000001,prim_red_cinm2_hybrid400
red_64MB,160,63.4612285,prim_red_cinm2_hybrid400
red_64MB,191,59.4361658,prim_red_cinm2_hybrid400
red_64MB,253,63.129813399999996,prim_red_cinm2_hybrid400
red_64MB,284,61.609048200000004,prim_red_cinm2_hybrid400
red_64MB,346,56.518191,prim_red_cinm2_hybrid400
red_64MB,377,56.2532956,prim_red_cinm2_hybrid400
red_64MB,408,68.4170661,prim_red_cinm2_hybrid400
red_64MB,470,57.276693200000004,prim_red_cinm2_hybrid400
red_64MB,532,63.4306757,prim_red_cinm2_hybrid400
red_64MB,625,66.5721115,prim_red_cinm2_hybrid400
red_64MB,718,63.933753,prim_red_cinm2_hybrid400
red_64MB,749,70.259149,prim_red_cinm2_hybrid400
red_64MB,842,65.6635688,prim_red_cinm2_hybrid400
red_64MB,904,59.846302200000004,prim_red_cinm2_hybrid400
red_64MB,935,64.0754532,prim_red_cinm2_hybrid400
red_64MB,966,68.2796074,prim_red_cinm2_hybrid400
red_64MB,997,64.0439602,prim_red_cinm2_hybrid400
red_64MB,1028,56.555191,prim_red_cinm2_hybrid400
red_64MB,1090,55.6045473,prim_red_cinm2_hybrid400
red_64MB,1121,61.9032965,prim_red_cinm2_hybrid400
red_64MB,1152,63.1422823,prim_red_cinm2_hybrid400
red_64MB,1214,59.4118249,prim_red_cinm2_hybrid400
red_64MB,1245,68.9084143,prim_red_cinm2_hybrid400
red_64MB,1276,59.4788921,prim_red_cinm2_hybrid400
red_64MB,1307,59.0236785,prim_red_cinm2_hybrid400
red_64MB,1338,63.3062004,prim_red_cinm2_hybrid400
red_64MB,1369,56.323735799999994,prim_red_cinm2_hybrid400
red_64MB,1400,60.1456335,prim_red_cinm2_hybrid400
red_64MB,1431,63.815658899999995,prim_red_cinm2_hybrid400
red_64MB,1462,59.467491100000004,prim_red_cinm2_hybrid400
red_64MB,1493,74.60240470000001,prim_red_cinm2_hybrid400
red_64MB,1524,56.1915425,prim_red_cinm2_hybrid400
red_64MB,1555,60.958816399999996,prim_red_cinm2_hybrid400
red_64MB,1617,86.5977854,prim_red_cinm2_hybrid400
red_64MB,1648,72.7145552,prim_red_cinm2_hybrid400
red_64MB,1679,62.8692304,prim_red_cinm2_hybrid400
red_64MB,1710,64.1172278,prim_red_cinm2_hybrid400
red_64MB,1772,69.8862654,prim_red_cinm2_hybrid400
red_64MB,1803,59.5383034,prim_red_cinm2_hybrid400
red_64MB,1865,58.8563155,prim_red_cinm2_hybrid400
red_64MB,1896,60.043882,prim_red_cinm2_hybrid400
red_64MB,1927,69.13140890000001,prim_red_cinm2_hybrid400
red_64MB,1958,70.6224515,prim_red_cinm2_hybrid400
red_64MB,1989,62.9379106,prim_red_cinm2_hybrid400
red_64MB,2082,59.1225412,prim_red_cinm2_hybrid400
red_64MB,2113,64.5222939,prim_red_cinm2_hybrid400
red_64MB,2144,69.5677998,prim_red_cinm2_hybrid400
red_64MB,2175,59.536966899999996,prim_red_cinm2_hybrid400
red_64MB,2206,61.1617127,prim_red_cinm2_hybrid400
red_64MB,2299,63.9407559,prim_red_cinm2_hybrid400
red_64MB,2330,62.0945874,prim_red_cinm2_hybrid400
red_64MB,2361,61.096146700000006,prim_red_cinm2_hybrid400
red_64MB,2423,61.082379700000004,prim_red_cinm2_hybrid400
red_64MB,2454,57.278496,prim_red_cinm2_hybrid400
red_64MB,2516,62.0405822,prim_red_cinm2_hybrid400
red_64MB,2609,65.0670276,prim_red_cinm2_hybrid400
red_64MB,2640,56.943782,prim_red_cinm2_hybrid400
red_64MB,2671,70.0787248,prim_red_cinm2_hybrid400
red_64MB,2702,63.5195822,prim_red_cinm2_hybrid400
red_64MB,2764,68.50920409999999,prim_red_cinm2_hybrid400
red_64MB,2795,60.378702,prim_red_cinm2_hybrid400
red_64MB,2857,68.8385252,prim_red_cinm2_hybrid400
red_64MB,2919,62.0101114,prim_red_cinm2_hybrid400
red_64MB,2981,56.0194391,prim_red_cinm2_hybrid400
red_64MB,3012,60.3191167,prim_red_cinm2_hybrid400
red_64MB,3043,69.6359861,prim_red_cinm2_hybrid400
red_64MB,3074,63.122964700000004,prim_red_cinm2_hybrid400
red_64MB,3105,56.8401194,prim_red_cinm2_hybrid400
red_64MB,3167,60.5160723,prim_red_cinm2_hybrid400
red_64MB,3198,60.096003200000006,prim_red_cinm2_hybrid400
red_64MB,3229,59.217076299999995,prim_red_cinm2_hybrid400
red_64MB,3322,64.29439070000001,prim_red_cinm2_hybrid400
red_64MB,3353,70.1530905,prim_red_cinm2_hybrid400
red_64MB,3384,72.14529,prim_red_cinm2_hybrid400
red_64MB,3415,70.73752440000001,prim_red_cinm2_hybrid400
red_64MB,3446,58.1833596,prim_red_cinm2_hybrid400
red_64MB,3477,66.5362533,prim_red_cinm2_hybrid400
red_64MB,3508,68.4529091,prim_red_cinm2_hybrid400
red_64MB,3539,62.4904691,prim_red_cinm2_hybrid400
red_64MB,3601,62.277070200000004,prim_red_cinm2_hybrid400
red_64MB,3632,59.998000600000005,prim_red_cinm2_hybrid400
red_64MB,3663,56.4407036,prim_red_cinm2_hybrid400
red_64MB,3694,59.3455862,prim_red_cinm2_hybrid400
red_64MB,3725,69.5853726,prim_red_cinm2_hybrid400
red_64MB,3818,64.0455351,prim_red_cinm2_hybrid400
red_64MB,3880,71.8888405,prim_red_cinm2_hybrid400
red_64MB,3911,70.49764490000001,prim_red_cinm2_hybrid400
red_64MB,3942,61.5930209,prim_red_cinm2_hybrid400
red_64MB,3973,58.7428657,prim_red_cinm2_hybrid400
red_64MB,4004,62.3169667,prim_red_cinm2_hybrid400
red_256MB,67,3729.4754515,prim_red_cinm1
red_256MB,98,3690.1656874,prim_red_cinm1
red_256MB,129,3700.4235875,prim_red_cinm1
red_256MB,160,3654.3726534,prim_red_cinm1
red_256MB,191,3656.0401947,prim_red_cinm1
red_256MB,222,3650.0413329000003,prim_red_cinm1
red_256MB,253,3679.077186,prim_red_cinm1
red_256MB,284,3684.2014,prim_red_cinm1
red_256MB,315,3612.6027452,prim_red_cinm1
red_256MB,346,3646.5660748,prim_red_cinm1
red_256MB,377,3716.3490886,prim_red_cinm1
red_256MB,408,3574.7798549,prim_red_cinm1
red_256MB,439,3647.5979099,prim_red_cinm1
red_256MB,470,3613.48055,prim_red_cinm1
red_256MB,501,3736.2374846999996,prim_red_cinm1
red_256MB,532,3681.3594147,prim_red_cinm1
red_256MB,563,3664.3099424,prim_red_cinm1
red_256MB,594,3660.07878,prim_red_cinm1
red_256MB,625,3646.5951827,prim_red_cinm1
red_256MB,656,3646.5508081999997,prim_red_cinm1
red_256MB,687,3645.3067767,prim_red_cinm1
red_256MB,718,3755.1517158,prim_red_cinm1
red_256MB,749,3617.7264303,prim_red_cinm1
red_256MB,780,3705.515218,prim_red_cinm1
red_256MB,811,3621.3932072,prim_red_cinm1
red_256MB,842,3672.5924606,prim_red_cinm1
red_256MB,873,3564.8731105,prim_red_cinm1
red_256MB,904,3647.5113669,prim_red_cinm1
red_256MB,935,3623.8797425,prim_red_cinm1
red_256MB,966,3636.8090719,prim_red_cinm1
red_256MB,997,3584.6795641999997,prim_red_cinm1
red_256MB,1028,3613.6627146,prim_red_cinm1
red_256MB,1059,3675.7016227,prim_red_cinm1
red_256MB,1090,3632.3069339,prim_red_cinm1
red_256MB,1121,3718.61005,prim_red_cinm1
red_256MB,1152,3690.0151956,prim_red_cinm1
red_256MB,1183,3675.0352168000004,prim_red_cinm1
red_256MB,1214,3677.5892196,prim_red_cinm1
red_256MB,1245,3664.5671515999998,prim_red_cinm1
red_256MB,1276,3647.9736263,prim_red_cinm1
red_256MB,1307,3656.1178523000003,prim_red_cinm1
red_256MB,1338,3660.5264479,prim_red_cinm1
red_256MB,1369,3625.0427129,prim_red_cinm1
red_256MB,1400,3639.4414786999996,prim_red_cinm1
red_256MB,1431,3679.6122642,prim_red_cinm1
red_256MB,1462,3673.2260529,prim_red_cinm1
red_256MB,1493,3635.6701973000004,prim_red_cinm1
red_256MB,1524,3692.7729534,prim_red_cinm1
red_256MB,1555,3620.8417906,prim_red_cinm1
red_256MB,1586,3639.0722957,prim_red_cinm1
red_256MB,1617,3596.4161441,prim_red_cinm1
red_256MB,1648,3681.8711678,prim_red_cinm1
red_256MB,1679,3663.8117485,prim_red_cinm1
red_256MB,1710,3707.6290710999997,prim_red_cinm1
red_256MB,1741,3748.928464,prim_red_cinm1
red_256MB,1772,3673.4212989000002,prim_red_cinm1
red_256MB,1803,3641.6887435999997,prim_red_cinm1
red_256MB,1834,3645.2405468,prim_red_cinm1
red_256MB,1865,3682.496394,prim_red_cinm1
red_256MB,1896,3650.01438,prim_red_cinm1
red_256MB,1927,3593.344581,prim_red_cinm1
red_256MB,1958,3635.3056715,prim_red_cinm1
red_256MB,1989,3652.7112673,prim_red_cinm1
red_256MB,2020,3685.2202325,prim_red_cinm1
red_256MB,2051,3648.9973154,prim_red_cinm1
red_256MB,2082,3661.0591956,prim_red_cinm1
red_256MB,2113,3699.5494691,prim_red_cinm1
red_256MB,2144,3637.376671,prim_red_cinm1
red_256MB,2175,3730.8204169,prim_red_cinm1
red_256MB,2206,3683.007427,prim_red_cinm1
red_256MB,2237,3618.7283112,prim_red_cinm1
red_256MB,2268,3659.3438588000004,prim_red_cinm1
red_256MB,2299,3712.2664133000003,prim_red_cinm1
red_256MB,2330,3623.8231069000003,prim_red_cinm1
red_256MB,2361,3660.7696188,prim_red_cinm1
red_256MB,2392,3656.7437697,prim_red_cinm1
red_256MB,2423,3622.9382298,prim_red_cinm1
red_256MB,2454,3677.3459838000003,prim_red_cinm1
red_256MB,2485,3644.4322945,prim_red_cinm1
red_256MB,2516,3621.4964935,prim_red_cinm1
red_256MB,2547,3712.4187154,prim_red_cinm1
red_256MB,2578,3644.8412439,prim_red_cinm1
red_256MB,2609,3730.9239486,prim_red_cinm1
red_256MB,2640,3662.5151611,prim_red_cinm1
red_256MB,2671,3648.3956527,prim_red_cinm1
red_256MB,2702,3604.7485461,prim_red_cinm1
red_256MB,2733,3648.380586,prim_red_cinm1
red_256MB,2764,3624.7174935,prim_red_cinm1
red_256MB,2795,3644.6172331999996,prim_red_cinm1
red_256MB,2826,3631.205726,prim_red_cinm1
red_256MB,2857,3677.7033032,prim_red_cinm1
red_256MB,2888,3580.6193755,prim_red_cinm1
red_256MB,2919,3649.8173614,prim_red_cinm1
red_256MB,2950,3669.5729653000003,prim_red_cinm1
red_256MB,2981,3673.8443446,prim_red_cinm1
red_256MB,3012,3604.4313681,prim_red_cinm1
red_256MB,3043,3662.695635,prim_red_cinm1
red_256MB,3074,3616.9814881999996,prim_red_cinm1
red_256MB,3105,3686.375629,prim_red_cinm1
red_256MB,3136,3676.5264364,prim_red_cinm1
red_256MB,3167,3659.8389343000003,prim_red_cinm1
red_256MB,3198,3697.6334245,prim_red_cinm1
red_256MB,3229,3650.7838122,prim_red_cinm1
red_256MB,3260,3656.0591065,prim_red_cinm1
red_256MB,3291,3744.9376949,prim_red_cinm1
red_256MB,3322,3707.618839,prim_red_cinm1
red_256MB,3353,3643.3126969,prim_red_cinm1
red_256MB,3384,3658.2488193000004,prim_red_cinm1
red_256MB,3415,3742.0038855,prim_red_cinm1
red_256MB,3446,3685.8362729,prim_red_cinm1
red_256MB,3477,3648.0688329,prim_red_cinm1
red_256MB,3508,3673.8335632,prim_red_cinm1
red_256MB,3539,3595.1138947,prim_red_cinm1
red_256MB,3570,3716.0145192,prim_red_cinm1
red_256MB,3601,3716.1330638000004,prim_red_cinm1
red_256MB,3632,3660.2020810999998,prim_red_cinm1
red_256MB,3663,3637.3037549,prim_red_cinm1
red_256MB,3694,3657.657819,prim_red_cinm1
red_256MB,3725,3690.7207405999998,prim_red_cinm1
red_256MB,3756,3656.2642425,prim_red_cinm1
red_256MB,3787,3685.5838626,prim_red_cinm1
red_256MB,3818,3683.6282936999996,prim_red_cinm1
red_256MB,3849,3592.8505875,prim_red_cinm1
red_256MB,3880,3684.8857088,prim_red_cinm1
red_256MB,3911,3616.8221075,prim_red_cinm1
red_256MB,3942,3686.0966633000003,prim_red_cinm1
red_256MB,3973,3654.2233409,prim_red_cinm1
red_256MB,4004,3674.7874368000003,prim_red_cinm1
red_4MB,67,4.439294,prim_red_cinm1
red_4MB,98,3.542237,prim_red_cinm1
red_4MB,129,3.0971167000000004,prim_red_cinm1
red_4MB,160,4.0684995,prim_red_cinm1
red_4MB,191,3.947788,prim_red_cinm1
red_4MB,222,3.293244,prim_red_cinm1
red_4MB,253,3.5975576,prim_red_cinm1
red_4MB,284,3.5260659,prim_red_cinm1
red_4MB,315,3.6516118,prim_red_cinm1
red_4MB,346,3.5642197,prim_red_cinm1
red_4MB,377,4.1854662000000005,prim_red_cinm1
red_4MB,408,3.7470554,prim_red_cinm1
red_4MB,439,4.0846115,prim_red_cinm1
red_4MB,470,3.9457371,prim_red_cinm1
red_4MB,501,3.9649551,prim_red_cinm1
red_4MB,532,4.2637412,prim_red_cinm1
red_4MB,563,3.869385,prim_red_cinm1
red_4MB,594,3.5730689,prim_red_cinm1
red_4MB,625,3.3182207000000004,prim_red_cinm1
red_4MB,656,3.3665393999999997,prim_red_cinm1
red_4MB,687,3.8820607999999996,prim_red_cinm1
red_4MB,718,4.0482894,prim_red_cinm1
red_4MB,749,3.4326147999999996,prim_red_cinm1
red_4MB,780,3.513824,prim_red_cinm1
red_4MB,811,3.4036508999999997,prim_red_cinm1
red_4MB,842,3.4594918999999997,prim_red_cinm1
red_4MB,873,3.4033722,prim_red_cinm1
red_4MB,904,3.4918911,prim_red_cinm1
red_4MB,935,3.4512201,prim_red_cinm1
red_4MB,966,3.4652297,prim_red_cinm1
red_4MB,997,3.6767429,prim_red_cinm1
red_4MB,1028,3.7398327,prim_red_cinm1
red_4MB,1059,3.6901889,prim_red_cinm1
red_4MB,1090,3.7624893,prim_red_cinm1
red_4MB,1121,3.4557339,prim_red_cinm1
red_4MB,1152,3.9488383,prim_red_cinm1
red_4MB,1183,3.6458328,prim_red_cinm1
red_4MB,1214,3.3460292000000003,prim_red_cinm1
red_4MB,1245,3.6206017999999998,prim_red_cinm1
red_4MB,1276,4.025266,prim_red_cinm1
red_4MB,1307,3.4755879,prim_red_cinm1
red_4MB,1338,3.3480474,prim_red_cinm1
red_4MB,1369,3.5871552999999996,prim_red_cinm1
red_4MB,1400,3.5392676,prim_red_cinm1
red_4MB,1431,3.4685979,prim_red_cinm1
red_4MB,1462,3.8704217,prim_red_cinm1
red_4MB,1493,3.5293204,prim_red_cinm1
red_4MB,1524,4.5062786,prim_red_cinm1
red_4MB,1555,4.0668715,prim_red_cinm1
red_4MB,1586,4.0058355,prim_red_cinm1
red_4MB,1617,4.0025175,prim_red_cinm1
red_4MB,1648,3.7444532,prim_red_cinm1
red_4MB,1679,3.3715549,prim_red_cinm1
red_4MB,1710,3.3743942999999996,prim_red_cinm1
red_4MB,1741,3.9562532000000004,prim_red_cinm1
red_4MB,1772,4.1675037,prim_red_cinm1
red_4MB,1803,3.5729286,prim_red_cinm1
red_4MB,1834,3.6235872999999996,prim_red_cinm1
red_4MB,1865,3.5612076,prim_red_cinm1
red_4MB,1896,3.5410694,prim_red_cinm1
red_4MB,1927,4.035552200000001,prim_red_cinm1
red_4MB,1958,3.8489877000000003,prim_red_cinm1
red_4MB,1989,3.5169795,prim_red_cinm1
red_4MB,2020,4.167046,prim_red_cinm1
red_4MB,2051,3.4723421,prim_red_cinm1
red_4MB,2082,3.7497822000000003,prim_red_cinm1
red_4MB,2113,3.5591087999999997,prim_red_cinm1
red_4MB,2144,3.8174397,prim_red_cinm1
red_4MB,2175,3.3631687,prim_red_cinm1
red_4MB,2206,3.3323614,prim_red_cinm1
red_4MB,2237,3.4304787,prim_red_cinm1
red_4MB,2268,4.0424305,prim_red_cinm1
red_4MB,2299,3.672644,prim_red_cinm1
red_4MB,2330,3.505425,prim_red_cinm1
red_4MB,2361,2.931187,prim_red_cinm1
red_4MB,2392,4.4560665,prim_red_cinm1
red_4MB,2423,3.6146059,prim_red_cinm1
red_4MB,2454,3.4956031000000003,prim_red_cinm1
red_4MB,2485,4.4609294,prim_red_cinm1
red_4MB,2516,3.8487242999999998,prim_red_cinm1
red_4MB,2547,3.9891132999999996,prim_red_cinm1
red_4MB,2578,3.3947075,prim_red_cinm1
red_4MB,2609,3.4364888,prim_red_cinm1
red_4MB,2640,3.8127526,prim_red_cinm1
red_4MB,2671,3.7548192,prim_red_cinm1
red_4MB,2702,3.6860569,prim_red_cinm1
red_4MB,2733,3.3112766000000002,prim_red_cinm1
red_4MB,2764,3.6102642,prim_red_cinm1
red_4MB,2795,3.6165156,prim_red_cinm1
red_4MB,2826,4.0835812,prim_red_cinm1
red_4MB,2857,3.5955594,prim_red_cinm1
red_4MB,2888,3.3605772000000003,prim_red_cinm1
red_4MB,2919,3.3341975,prim_red_cinm1
red_4MB,2950,3.3627219,prim_red_cinm1
red_4MB,2981,3.718783,prim_red_cinm1
red_4MB,3012,4.1287136,prim_red_cinm1
red_4MB,3043,3.8597415,prim_red_cinm1
red_4MB,3074,3.7656877,prim_red_cinm1
red_4MB,3105,3.772859,prim_red_cinm1
red_4MB,3136,3.9727813999999997,prim_red_cinm1
red_4MB,3167,2.9396827,prim_red_cinm1
red_4MB,3198,3.5436492000000004,prim_red_cinm1
red_4MB,3229,3.6936816,prim_red_cinm1
red_4MB,3260,3.5353239,prim_red_cinm1
red_4MB,3291,3.7408197000000003,prim_red_cinm1
red_4MB,3322,4.4550988,prim_red_cinm1
red_4MB,3353,3.5661193,prim_red_cinm1
red_4MB,3384,3.6086704,prim_red_cinm1
red_4MB,3415,3.6928102999999997,prim_red_cinm1
red_4MB,3446,3.5644845,prim_red_cinm1
red_4MB,3477,3.8720165,prim_red_cinm1
red_4MB,3508,3.7377219,prim_red_cinm1
red_4MB,3539,3.4212197,prim_red_cinm1
red_4MB,3570,3.511943,prim_red_cinm1
red_4MB,3601,3.4924364,prim_red_cinm1
red_4MB,3632,3.5477358,prim_red_cinm1
red_4MB,3663,4.0208557,prim_red_cinm1
red_4MB,3694,3.7913095,prim_red_cinm1
red_4MB,3725,3.3520195,prim_red_cinm1
red_4MB,3756,3.4263235,prim_red_cinm1
red_4MB,3787,3.5368508999999997,prim_red_cinm1
red_4MB,3818,3.5819831,prim_red_cinm1
red_4MB,3849,4.6292072,prim_red_cinm1
red_4MB,3880,3.8911753,prim_red_cinm1
red_4MB,3911,3.8648765,prim_red_cinm1
red_4MB,3942,3.6675019,prim_red_cinm1
red_4MB,3973,3.9989277999999997,prim_red_cinm1
red_4MB,4004,3.9090656,prim_red_cinm1
red_512MB,67,340.5886792,prim_red_cinm1
red_512MB,98,335.21247960000005,prim_red_cinm1
red_512MB,129,335.96946510000004,prim_red_cinm1
red_512MB,160,337.6251631,prim_red_cinm1
red_512MB,191,336.42479960000003,prim_red_cinm1
red_512MB,222,335.4240732,prim_red_cinm1
red_512MB,253,337.75779289999997,prim_red_cinm1
red_512MB,284,333.8326298,prim_red_cinm1
red_512MB,315,340.33598939999996,prim_red_cinm1
red_512MB,346,343.0134186,prim_red_cinm1
red_512MB,377,339.63120560000004,prim_red_cinm1
red_512MB,408,336.63572789999995,prim_red_cinm1
red_512MB,439,336.6960022,prim_red_cinm1
red_512MB,470,329.2800121,prim_red_cinm1
red_512MB,501,338.1644855,prim_red_cinm1
red_512MB,532,337.08304660000005,prim_red_cinm1
red_512MB,563,336.65419110000005,prim_red_cinm1
red_512MB,594,339.74905839999997,prim_red_cinm1
red_512MB,625,335.1175922,prim_red_cinm1
red_512MB,656,336.10000030000003,prim_red_cinm1
red_512MB,687,338.0047668,prim_red_cinm1
red_512MB,718,338.09136889999996,prim_red_cinm1
red_512MB,749,335.0793677,prim_red_cinm1
red_512MB,780,333.0958365,prim_red_cinm1
red_512MB,811,338.6571092,prim_red_cinm1
red_512MB,842,334.434066,prim_red_cinm1
red_512MB,873,334.60065660000004,prim_red_cinm1
red_512MB,904,337.6759743,prim_red_cinm1
red_512MB,935,338.5681404,prim_red_cinm1
red_512MB,966,311.9118543,prim_red_cinm1
red_512MB,997,338.1751739,prim_red_cinm1
red_512MB,1028,337.7161334,prim_red_cinm1
red_512MB,1059,340.5258528,prim_red_cinm1
red_512MB,1090,336.10170719999996,prim_red_cinm1
red_512MB,1121,338.28718810000004,prim_red_cinm1
red_512MB,1152,336.56486789999997,prim_red_cinm1
red_512MB,1183,336.6788348,prim_red_cinm1
red_512MB,1214,336.2902793,prim_red_cinm1
red_512MB,1245,336.5244233,prim_red_cinm1
red_512MB,1276,333.5450407,prim_red_cinm1
red_512MB,1307,335.6717883,prim_red_cinm1
red_512MB,1338,334.53590710000003,prim_red_cinm1
red_512MB,1400,336.076888,prim_red_cinm1
red_512MB,1431,335.85282739999997,prim_red_cinm1
red_512MB,1462,338.1613665,prim_red_cinm1
red_512MB,1493,317.75458560000004,prim_red_cinm1
red_512MB,1524,336.04619310000004,prim_red_cinm1
red_512MB,1555,335.33340469999996,prim_red_cinm1
red_512MB,1586,339.25021039999996,prim_red_cinm1
red_512MB,1617,337.6310841,prim_red_cinm1
red_512MB,1648,339.58859110000003,prim_red_cinm1
red_512MB,1679,338.48391289999995,prim_red_cinm1
red_512MB,1710,337.6756097,prim_red_cinm1
red_512MB,1741,336.3608173,prim_red_cinm1
red_512MB,1772,338.2018435,prim_red_cinm1
red_512MB,1803,337.4984508,prim_red_cinm1
red_512MB,1834,337.87431069999997,prim_red_cinm1
red_512MB,1865,339.12314069999996,prim_red_cinm1
red_512MB,1896,336.0877438,prim_red_cinm1
red_512MB,1927,337.1996867,prim_red_cinm1
red_512MB,1958,336.305775,prim_red_cinm1
red_512MB,1989,330.7579448,prim_red_cinm1
red_512MB,2020,339.91668289999996,prim_red_cinm1
red_512MB,2051,338.286755,prim_red_cinm1
red_512MB,2082,336.5627522,prim_red_cinm1
red_512MB,2113,335.4408789,prim_red_cinm1
red_512MB,2144,339.01357310000003,prim_red_cinm1
red_512MB,2175,338.0550862,prim_red_cinm1
red_512MB,2206,333.4607443,prim_red_cinm1
red_512MB,2237,338.7865422,prim_red_cinm1
red_512MB,2268,335.9080158,prim_red_cinm1
red_512MB,2299,311.0219757,prim_red_cinm1
red_512MB,2330,338.1897743,prim_red_cinm1
red_512MB,2361,337.4375903,prim_red_cinm1
red_512MB,2392,335.944978,prim_red_cinm1
red_512MB,2423,338.1695588,prim_red_cinm1
red_512MB,2454,338.77867169999996,prim_red_cinm1
red_512MB,2485,338.5156315,prim_red_cinm1
red_512MB,2516,339.1768975,prim_red_cinm1
red_512MB,2547,336.441123,prim_red_cinm1
red_512MB,2578,338.6829836,prim_red_cinm1
red_512MB,2609,337.1499971,prim_red_cinm1
red_512MB,2640,335.55954160000005,prim_red_cinm1
red_512MB,2671,337.7432019,prim_red_cinm1
red_512MB,2702,338.6920489,prim_red_cinm1
red_512MB,2733,334.3178827,prim_red_cinm1
red_512MB,2764,338.14039510000003,prim_red_cinm1
red_512MB,2795,339.988257,prim_red_cinm1
red_512MB,2826,336.48744830000004,prim_red_cinm1
red_512MB,2857,337.4923888,prim_red_cinm1
red_512MB,2888,338.8124823,prim_red_cinm1
red_512MB,2919,336.72231789999995,prim_red_cinm1
red_512MB,2950,335.7007261,prim_red_cinm1
red_512MB,2981,336.1825706,prim_red_cinm1
red_512MB,3012,338.0330867,prim_red_cinm1
red_512MB,3043,334.8752417,prim_red_cinm1
red_512MB,3074,334.7968738,prim_red_cinm1
red_512MB,3105,336.6142319,prim_red_cinm1
red_512MB,3136,335.97117010000005,prim_red_cinm1
red_512MB,3167,335.94475389999997,prim_red_cinm1
red_512MB,3198,335.0939183,prim_red_cinm1
red_512MB,3229,337.8501163,prim_red_cinm1
red_512MB,3260,336.3114446,prim_red_cinm1
red_512MB,3291,339.55407710000003,prim_red_cinm1
red_512MB,3322,339.50258210000004,prim_red_cinm1
red_512MB,3353,338.68538789999997,prim_red_cinm1
red_512MB,3384,337.7832383,prim_red_cinm1
red_512MB,3415,339.2968586,prim_red_cinm1
red_512MB,3446,336.4945772,prim_red_cinm1
red_512MB,3477,338.0279522,prim_red_cinm1
red_512MB,3508,338.8134697,prim_red_cinm1
red_512MB,3539,336.745849,prim_red_cinm1
red_512MB,3570,337.9393195,prim_red_cinm1
red_512MB,3601,337.9178211,prim_red_cinm1
red_512MB,3632,339.25298310000005,prim_red_cinm1
red_512MB,3663,336.1405148,prim_red_cinm1
red_512MB,3694,337.6051825,prim_red_cinm1
red_512MB,3725,335.3783546,prim_red_cinm1
red_512MB,3756,337.9903026,prim_red_cinm1
red_512MB,3787,335.7751667,prim_red_cinm1
red_512MB,3818,338.0647189,prim_red_cinm1
red_512MB,3849,336.9504883,prim_red_cinm1
red_512MB,3880,336.1621238,prim_red_cinm1
red_512MB,3911,335.8995898,prim_red_cinm1
red_512MB,3942,338.2458166,prim_red_cinm1
red_512MB,3973,337.5710964,prim_red_cinm1
red_512MB,4004,335.5613173,prim_red_cinm1
red_64MB,67,45.6484699,prim_red_cinm1
red_64MB,98,60.4766096,prim_red_cinm1
red_64MB,129,46.727689700000006,prim_red_cinm1
red_64MB,160,60.1685695,prim_red_cinm1
red_64MB,191,46.4269105,prim_red_cinm1
red_64MB,222,62.4728223,prim_red_cinm1
red_64MB,253,47.943929600000004,prim_red_cinm1
red_64MB,284,60.5028236,prim_red_cinm1
red_64MB,315,43.3043409,prim_red_cinm1
red_64MB,346,60.703277299999996,prim_red_cinm1
red_64MB,377,59.136658,prim_red_cinm1
red_64MB,408,47.4070631,prim_red_cinm1
red_64MB,439,61.2403562,prim_red_cinm1
red_64MB,470,62.6857105,prim_red_cinm1
red_64MB,501,61.0910742,prim_red_cinm1
red_64MB,532,61.1698691,prim_red_cinm1
red_64MB,563,59.7881979,prim_red_cinm1
red_64MB,594,61.2612789,prim_red_cinm1
red_64MB,625,63.420680600000004,prim_red_cinm1
red_64MB,656,45.6020497,prim_red_cinm1
red_64MB,687,61.9812462,prim_red_cinm1
red_64MB,718,59.7016024,prim_red_cinm1
red_64MB,749,47.4149903,prim_red_cinm1
red_64MB,780,46.9743812,prim_red_cinm1
red_64MB,811,63.5019876,prim_red_cinm1
red_64MB,842,48.94675,prim_red_cinm1
red_64MB,873,42.3923464,prim_red_cinm1
red_64MB,904,65.0923348,prim_red_cinm1
red_64MB,935,62.841222,prim_red_cinm1
red_64MB,966,63.5255904,prim_red_cinm1
red_64MB,997,48.2188745,prim_red_cinm1
red_64MB,1028,47.0463459,prim_red_cinm1
red_64MB,1059,47.3972388,prim_red_cinm1
red_64MB,1090,61.8004272,prim_red_cinm1
red_64MB,1121,59.7029894,prim_red_cinm1
red_64MB,1152,46.9199549,prim_red_cinm1
red_64MB,1183,62.010024200000004,prim_red_cinm1
red_64MB,1214,46.848769,prim_red_cinm1
red_64MB,1245,61.0920803,prim_red_cinm1
red_64MB,1276,61.6063715,prim_red_cinm1
red_64MB,1307,45.744385,prim_red_cinm1
red_64MB,1338,44.0876737,prim_red_cinm1
red_64MB,1369,46.5414052,prim_red_cinm1
red_64MB,1400,45.8651947,prim_red_cinm1
red_64MB,1431,61.106624700000005,prim_red_cinm1
red_64MB,1462,45.2508329,prim_red_cinm1
red_64MB,1493,63.4573497,prim_red_cinm1
red_64MB,1524,61.1947205,prim_red_cinm1
red_64MB,1555,46.360034299999995,prim_red_cinm1
red_64MB,1586,61.9611054,prim_red_cinm1
red_64MB,1617,46.6339301,prim_red_cinm1
red_64MB,1648,62.1825361,prim_red_cinm1
red_64MB,1679,62.0804837,prim_red_cinm1
red_64MB,1710,45.9458105,prim_red_cinm1
red_64MB,1741,57.8080553,prim_red_cinm1
red_64MB,1772,43.8199285,prim_red_cinm1
red_64MB,1803,46.9191531,prim_red_cinm1
red_64MB,1834,47.029776299999995,prim_red_cinm1
red_64MB,1865,45.9894785,prim_red_cinm1
red_64MB,1896,45.7714251,prim_red_cinm1
red_64MB,1927,59.986624799999994,prim_red_cinm1
red_64MB,1958,61.2333906,prim_red_cinm1
red_64MB,1989,60.6257505,prim_red_cinm1
red_64MB,2020,63.168994299999994,prim_red_cinm1
red_64MB,2051,61.9247203,prim_red_cinm1
red_64MB,2082,47.1153629,prim_red_cinm1
red_64MB,2113,45.7491091,prim_red_cinm1
red_64MB,2144,47.1587571,prim_red_cinm1
red_64MB,2175,62.6541154,prim_red_cinm1
red_64MB,2206,47.033521,prim_red_cinm1
red_64MB,2237,61.3173465,prim_red_cinm1
red_64MB,2268,46.9074095,prim_red_cinm1
red_64MB,2299,46.140693,prim_red_cinm1
red_64MB,2330,47.6867304,prim_red_cinm1
red_64MB,2361,61.1521574,prim_red_cinm1
red_64MB,2392,41.6134146,prim_red_cinm1
red_64MB,2423,63.016363299999995,prim_red_cinm1
red_64MB,2454,44.4423064,prim_red_cinm1
red_64MB,2485,45.6228544,prim_red_cinm1
red_64MB,2516,62.529790799999994,prim_red_cinm1
red_64MB,2547,46.756396,prim_red_cinm1
red_64MB,2578,65.095507,prim_red_cinm1
red_64MB,2609,46.537920299999996,prim_red_cinm1
red_64MB,2640,46.4142716,prim_red_cinm1
red_64MB,2671,46.9604966,prim_red_cinm1
red_64MB,2702,46.400493,prim_red_cinm1
red_64MB,2733,61.8879079,prim_red_cinm1
red_64MB,2764,59.440647399999996,prim_red_cinm1
red_64MB,2795,59.6449249,prim_red_cinm1
red_64MB,2826,45.6728428,prim_red_cinm1
red_64MB,2857,60.134191799999996,prim_red_cinm1
red_64MB,2888,48.034471700000005,prim_red_cinm1
red_64MB,2919,48.6292834,prim_red_cinm1
red_64MB,2950,60.1094724,prim_red_cinm1
red_64MB,2981,48.0905698,prim_red_cinm1
red_64MB,3012,60.8819936,prim_red_cinm1
red_64MB,3043,45.530234899999996,prim_red_cinm1
red_64MB,3074,59.105002,prim_red_cinm1
red_64MB,3105,61.2703044,prim_red_cinm1
red_64MB,3136,47.530111700000006,prim_red_cinm1
red_64MB,3167,45.669568299999995,prim_red_cinm1
red_64MB,3198,61.058672,prim_red_cinm1
red_64MB,3229,63.7868299,prim_red_cinm1
red_64MB,3260,45.6930914,prim_red_cinm1
red_64MB,3291,58.4911535,prim_red_cinm1
red_64MB,3322,63.9208324,prim_red_cinm1
red_64MB,3353,64.0469181,prim_red_cinm1
red_64MB,3384,64.114581,prim_red_cinm1
red_64MB,3415,45.543981200000005,prim_red_cinm1
red_64MB,3446,46.3196223,prim_red_cinm1
red_64MB,3477,60.802671600000004,prim_red_cinm1
red_64MB,3508,46.2958672,prim_red_cinm1
red_64MB,3539,46.8088362,prim_red_cinm1
red_64MB,3570,61.056464299999995,prim_red_cinm1
red_64MB,3601,47.7632671,prim_red_cinm1
red_64MB,3632,61.817197799999995,prim_red_cinm1
red_64MB,3663,47.3404547,prim_red_cinm1
red_64MB,3694,59.6127173,prim_red_cinm1
red_64MB,3725,48.2710431,prim_red_cinm1
red_64MB,3756,42.3062484,prim_red_cinm1
red_64MB,3787,47.101978,prim_red_cinm1
red_64MB,3818,60.9215099,prim_red_cinm1
red_64MB,3849,44.314486200000005,prim_red_cinm1
red_64MB,3880,46.962512600000004,prim_red_cinm1
red_64MB,3911,58.0685245,prim_red_cinm1
red_64MB,3942,45.9133729,prim_red_cinm1
red_64MB,3973,42.305919200000005,prim_red_cinm1
red_64MB,4004,61.606298100000004,prim_red_cinm1
red_256MB,67,262.9276657,prim_red_cinm2_ca
red_256MB,98,256.8230402,prim_red_cinm2_ca
red_256MB,129,237.7004234,prim_red_cinm2_ca
red_256MB,160,241.7681405,prim_red_cinm2_ca
red_256MB,191,239.4492553,prim_red_cinm2_ca
red_256MB,222,259.63336219999997,prim_red_cinm2_ca
red_256MB,253,241.4521095,prim_red_cinm2_ca
red_256MB,284,242.94759430000002,prim_red_cinm2_ca
red_256MB,315,272.4721588,prim_red_cinm2_ca
red_256MB,346,242.0205124,prim_red_cinm2_ca
red_256MB,377,263.8104127,prim_red_cinm2_ca
red_256MB,408,265.18441409999997,prim_red_cinm2_ca
red_256MB,439,243.7421673,prim_red_cinm2_ca
red_256MB,470,260.7944895,prim_red_cinm2_ca
red_256MB,501,239.69183619999998,prim_red_cinm2_ca
red_256MB,532,240.44733,prim_red_cinm2_ca
red_256MB,563,267.883016,prim_red_cinm2_ca
red_256MB,594,258.0478329,prim_red_cinm2_ca
red_256MB,625,239.17372659999998,prim_red_cinm2_ca
red_256MB,656,236.7960024,prim_red_cinm2_ca
red_256MB,687,249.8927045,prim_red_cinm2_ca
red_256MB,718,242.23251530000002,prim_red_cinm2_ca
red_256MB,749,241.7757202,prim_red_cinm2_ca
red_256MB,780,245.610258,prim_red_cinm2_ca
red_256MB,811,232.501057,prim_red_cinm2_ca
red_256MB,842,241.8512461,prim_red_cinm2_ca
red_256MB,873,243.6975841,prim_red_cinm2_ca
red_256MB,904,267.65059990000003,prim_red_cinm2_ca
red_256MB,935,237.91693180000001,prim_red_cinm2_ca
red_256MB,966,264.2761651,prim_red_cinm2_ca
red_256MB,997,255.3665975,prim_red_cinm2_ca
red_256MB,1028,240.5501031,prim_red_cinm2_ca
red_256MB,1059,252.44716630000002,prim_red_cinm2_ca
red_256MB,1090,306.7478282,prim_red_cinm2_ca
red_256MB,1121,241.804476,prim_red_cinm2_ca
red_256MB,1152,241.6548683,prim_red_cinm2_ca
red_256MB,1183,268.68158739999996,prim_red_cinm2_ca
red_256MB,1214,239.4016991,prim_red_cinm2_ca
red_256MB,1245,240.344076,prim_red_cinm2_ca
red_256MB,1276,240.7192306,prim_red_cinm2_ca
red_256MB,1307,243.7211943,prim_red_cinm2_ca
red_256MB,1338,260.7262353,prim_red_cinm2_ca
red_256MB,1369,242.94080490000002,prim_red_cinm2_ca
red_256MB,1400,240.6121131,prim_red_cinm2_ca
red_256MB,1431,242.31870890000002,prim_red_cinm2_ca
red_256MB,1462,258.1920013,prim_red_cinm2_ca
red_256MB,1493,240.6990633,prim_red_cinm2_ca
red_256MB,1524,259.4449891,prim_red_cinm2_ca
red_256MB,1555,263.6859056,prim_red_cinm2_ca
red_256MB,1586,264.7804948,prim_red_cinm2_ca
red_256MB,1617,261.203417,prim_red_cinm2_ca
red_256MB,1648,258.54023109999997,prim_red_cinm2_ca
red_256MB,1679,255.0962486,prim_red_cinm2_ca
red_256MB,1710,241.4580177,prim_red_cinm2_ca
red_256MB,1741,242.1257429,prim_red_cinm2_ca
red_256MB,1772,235.4520846,prim_red_cinm2_ca
red_256MB,1803,255.9971615,prim_red_cinm2_ca
red_256MB,1834,238.05902890000002,prim_red_cinm2_ca
red_256MB,1865,241.79342269999998,prim_red_cinm2_ca
red_256MB,1896,260.5696669,prim_red_cinm2_ca
red_256MB,1927,263.992559,prim_red_cinm2_ca
red_256MB,1958,260.4193645,prim_red_cinm2_ca
red_256MB,1989,262.9878228,prim_red_cinm2_ca
red_256MB,2020,257.7600428,prim_red_cinm2_ca
red_256MB,2051,240.523545,prim_red_cinm2_ca
red_256MB,2082,241.3775805,prim_red_cinm2_ca
red_256MB,2113,258.0334302,prim_red_cinm2_ca
red_256MB,2144,256.9551182,prim_red_cinm2_ca
red_256MB,2175,269.0250835,prim_red_cinm2_ca
red_256MB,2206,260.7136218,prim_red_cinm2_ca
red_256MB,2237,242.2963306,prim_red_cinm2_ca
red_256MB,2268,237.97048919999997,prim_red_cinm2_ca
red_256MB,2299,260.3369181,prim_red_cinm2_ca
red_256MB,2330,344.8419882,prim_red_cinm2_ca
red_256MB,2361,257.8703322,prim_red_cinm2_ca
red_256MB,2392,233.39083,prim_red_cinm2_ca
red_256MB,2423,239.6197047,prim_red_cinm2_ca
red_256MB,2454,257.8186565,prim_red_cinm2_ca
red_256MB,2485,243.7063885,prim_red_cinm2_ca
red_256MB,2516,237.4572316,prim_red_cinm2_ca
red_256MB,2547,252.8996872,prim_red_cinm2_ca
red_256MB,2578,268.2040069,prim_red_cinm2_ca
red_256MB,2609,257.3128375,prim_red_cinm2_ca
red_256MB,2640,238.7979181,prim_red_cinm2_ca
red_256MB,2671,234.2345872,prim_red_cinm2_ca
red_256MB,2702,242.1893486,prim_red_cinm2_ca
red_256MB,2733,257.728457,prim_red_cinm2_ca
red_256MB,2764,258.2048376,prim_red_cinm2_ca
red_256MB,2795,233.3990649,prim_red_cinm2_ca
red_256MB,2826,254.987673,prim_red_cinm2_ca
red_256MB,2857,240.99109140000002,prim_red_cinm2_ca
red_256MB,2888,260.2496104,prim_red_cinm2_ca
red_256MB,2919,242.0514929,prim_red_cinm2_ca
red_256MB,2950,238.184769,prim_red_cinm2_ca
red_256MB,2981,276.9743371,prim_red_cinm2_ca
red_256MB,3012,237.8262736,prim_red_cinm2_ca
red_256MB,3043,261.8186788,prim_red_cinm2_ca
red_256MB,3074,242.925261,prim_red_cinm2_ca
red_256MB,3105,247.406236,prim_red_cinm2_ca
red_256MB,3136,258.6747279,prim_red_cinm2_ca
red_256MB,3167,238.235825,prim_red_cinm2_ca
red_256MB,3198,242.4711087,prim_red_cinm2_ca
red_256MB,3229,239.52639380000002,prim_red_cinm2_ca
red_256MB,3260,242.3385964,prim_red_cinm2_ca
red_256MB,3291,259.8938383,prim_red_cinm2_ca
red_256MB,3322,246.0238563,prim_red_cinm2_ca
red_256MB,3353,257.6382304,prim_red_cinm2_ca
red_256MB,3384,259.4001453,prim_red_cinm2_ca
red_256MB,3415,254.4132998,prim_red_cinm2_ca
red_256MB,3446,238.3505516,prim_red_cinm2_ca
red_256MB,3477,240.9269749,prim_red_cinm2_ca
red_256MB,3508,239.73643619999999,prim_red_cinm2_ca
red_256MB,3539,241.2847883,prim_red_cinm2_ca
red_256MB,3570,235.807683,prim_red_cinm2_ca
red_256MB,3601,242.75237030000002,prim_red_cinm2_ca
red_256MB,3632,242.6890899,prim_red_cinm2_ca
red_256MB,3663,267.2851292,prim_red_cinm2_ca
red_256MB,3694,270.8291662,prim_red_cinm2_ca
red_256MB,3725,242.1204512,prim_red_cinm2_ca
red_256MB,3756,266.13336480000004,prim_red_cinm2_ca
red_256MB,3787,239.8718472,prim_red_cinm2_ca
red_256MB,3818,241.2387262,prim_red_cinm2_ca
red_256MB,3849,242.49212359999999,prim_red_cinm2_ca
red_256MB,3880,242.0347724,prim_red_cinm2_ca
red_256MB,3911,268.3112666,prim_red_cinm2_ca
red_256MB,3942,241.6423025,prim_red_cinm2_ca
red_256MB,3973,259.9848564,prim_red_cinm2_ca
red_256MB,4004,264.6570883,prim_red_cinm2_ca
red_4MB,67,3.1852507,prim_red_cinm2_ca
red_4MB,98,3.2225146000000002,prim_red_cinm2_ca
red_4MB,129,3.4234647000000002,prim_red_cinm2_ca
red_4MB,160,3.7235037,prim_red_cinm2_ca
red_4MB,191,3.274621,prim_red_cinm2_ca
red_4MB,222,3.1271741,prim_red_cinm2_ca
red_4MB,253,3.8621521000000003,prim_red_cinm2_ca
red_4MB,284,3.1759699,prim_red_cinm2_ca
red_4MB,315,3.6592435,prim_red_cinm2_ca
red_4MB,346,3.2052572,prim_red_cinm2_ca
red_4MB,377,3.8198412000000004,prim_red_cinm2_ca
red_4MB,408,3.5578554,prim_red_cinm2_ca
red_4MB,439,3.3838175,prim_red_cinm2_ca
red_4MB,470,3.226699,prim_red_cinm2_ca
red_4MB,501,3.0131658,prim_red_cinm2_ca
red_4MB,532,3.3624758999999997,prim_red_cinm2_ca
red_4MB,563,3.4735425,prim_red_cinm2_ca
red_4MB,594,3.8351022,prim_red_cinm2_ca
red_4MB,625,3.4764216,prim_red_cinm2_ca
red_4MB,656,3.4069138,prim_red_cinm2_ca
red_4MB,687,4.1901013,prim_red_cinm2_ca
red_4MB,718,3.5593559,prim_red_cinm2_ca
red_4MB,749,3.0394362000000004,prim_red_cinm2_ca
red_4MB,780,2.9949147000000003,prim_red_cinm2_ca
red_4MB,811,3.5608677,prim_red_cinm2_ca
red_4MB,842,2.9979171,prim_red_cinm2_ca
red_4MB,873,3.1212967000000003,prim_red_cinm2_ca
red_4MB,904,3.262411,prim_red_cinm2_ca
red_4MB,935,3.3808246,prim_red_cinm2_ca
red_4MB,966,3.061442,prim_red_cinm2_ca
red_4MB,997,3.2292848,prim_red_cinm2_ca
red_4MB,1028,3.8238532999999997,prim_red_cinm2_ca
red_4MB,1059,3.8025298,prim_red_cinm2_ca
red_4MB,1090,3.507994,prim_red_cinm2_ca
red_4MB,1121,3.4622162000000003,prim_red_cinm2_ca
red_4MB,1152,3.3510513,prim_red_cinm2_ca
red_4MB,1183,3.9568592000000002,prim_red_cinm2_ca
red_4MB,1214,3.3795502,prim_red_cinm2_ca
red_4MB,1245,3.3340373,prim_red_cinm2_ca
red_4MB,1276,3.2249965,prim_red_cinm2_ca
red_4MB,1307,2.86765,prim_red_cinm2_ca
red_4MB,1338,3.5138166,prim_red_cinm2_ca
red_4MB,1369,3.6459032000000002,prim_red_cinm2_ca
red_4MB,1400,3.2345856,prim_red_cinm2_ca
red_4MB,1431,3.5499262000000003,prim_red_cinm2_ca
red_4MB,1462,3.2960152000000003,prim_red_cinm2_ca
red_4MB,1493,3.5922002,prim_red_cinm2_ca
red_4MB,1524,3.2497634,prim_red_cinm2_ca
red_4MB,1555,3.4513727999999997,prim_red_cinm2_ca
red_4MB,1586,2.8068728,prim_red_cinm2_ca
red_4MB,1617,2.8972552,prim_red_cinm2_ca
red_4MB,1648,2.8726245,prim_red_cinm2_ca
red_4MB,1679,3.1153634,prim_red_cinm2_ca
red_4MB,1710,3.5521148,prim_red_cinm2_ca
red_4MB,1741,3.326773,prim_red_cinm2_ca
red_4MB,1772,3.4372873,prim_red_cinm2_ca
red_4MB,1803,3.4504677000000004,prim_red_cinm2_ca
red_4MB,1834,3.8732992000000004,prim_red_cinm2_ca
red_4MB,1865,3.6395745,prim_red_cinm2_ca
red_4MB,1896,2.8414912,prim_red_cinm2_ca
red_4MB,1927,3.1936867999999996,prim_red_cinm2_ca
red_4MB,1958,3.5719513,prim_red_cinm2_ca
red_4MB,1989,3.2706275,prim_red_cinm2_ca
red_4MB,2020,3.2673525,prim_red_cinm2_ca
red_4MB,2051,3.9632167999999997,prim_red_cinm2_ca
red_4MB,2082,3.8203465,prim_red_cinm2_ca
red_4MB,2113,4.093210200000001,prim_red_cinm2_ca
red_4MB,2144,3.1965659,prim_red_cinm2_ca
red_4MB,2175,3.2313935,prim_red_cinm2_ca
red_4MB,2206,3.5069137,prim_red_cinm2_ca
red_4MB,2237,3.7629593,prim_red_cinm2_ca
red_4MB,2268,3.1187206,prim_red_cinm2_ca
red_4MB,2299,3.5417947,prim_red_cinm2_ca
red_4MB,2330,3.9191054,prim_red_cinm2_ca
red_4MB,2361,3.44222,prim_red_cinm2_ca
red_4MB,2392,3.8353872,prim_red_cinm2_ca
red_4MB,2423,3.2482852,prim_red_cinm2_ca
red_4MB,2454,3.4633147,prim_red_cinm2_ca
red_4MB,2485,3.0614556,prim_red_cinm2_ca
red_4MB,2516,3.4284542,prim_red_cinm2_ca
red_4MB,2547,3.4721199,prim_red_cinm2_ca
red_4MB,2578,3.5644871,prim_red_cinm2_ca
red_4MB,2609,3.4276682999999997,prim_red_cinm2_ca
red_4MB,2640,3.6396701,prim_red_cinm2_ca
red_4MB,2671,3.0929192999999997,prim_red_cinm2_ca
red_4MB,2702,3.3418215,prim_red_cinm2_ca
red_4MB,2733,3.4728187999999998,prim_red_cinm2_ca
red_4MB,2764,3.2889234,prim_red_cinm2_ca
red_4MB,2795,3.6030764,prim_red_cinm2_ca
red_4MB,2826,3.5155021,prim_red_cinm2_ca
red_4MB,2857,3.9670485,prim_red_cinm2_ca
red_4MB,2888,3.8127914,prim_red_cinm2_ca
red_4MB,2919,3.3950958,prim_red_cinm2_ca
red_4MB,2950,3.3902131,prim_red_cinm2_ca
red_4MB,2981,3.9557808999999997,prim_red_cinm2_ca
red_4MB,3012,2.9000214,prim_red_cinm2_ca
red_4MB,3043,3.4481721000000003,prim_red_cinm2_ca
red_4MB,3074,3.1671703,prim_red_cinm2_ca
red_4MB,3105,3.0415857,prim_red_cinm2_ca
red_4MB,3136,4.3577279,prim_red_cinm2_ca
red_4MB,3167,3.3653133,prim_red_cinm2_ca
red_4MB,3198,2.8885145,prim_red_cinm2_ca
red_4MB,3229,3.3097462,prim_red_cinm2_ca
red_4MB,3260,3.1528306,prim_red_cinm2_ca
red_4MB,3291,3.1832249,prim_red_cinm2_ca
red_4MB,3322,3.0378551000000003,prim_red_cinm2_ca
red_4MB,3353,3.281782,prim_red_cinm2_ca
red_4MB,3384,3.4087707999999997,prim_red_cinm2_ca
red_4MB,3415,3.5077582,prim_red_cinm2_ca
red_4MB,3446,3.9010674,prim_red_cinm2_ca
red_4MB,3477,3.6535053,prim_red_cinm2_ca
red_4MB,3508,3.7324243,prim_red_cinm2_ca
red_4MB,3539,3.2682439,prim_red_cinm2_ca
red_4MB,3570,2.8247232999999996,prim_red_cinm2_ca
red_4MB,3601,3.5969406,prim_red_cinm2_ca
red_4MB,3632,3.502076,prim_red_cinm2_ca
red_4MB,3663,4.0435671,prim_red_cinm2_ca
red_4MB,3694,3.1180932,prim_red_cinm2_ca
red_4MB,3725,3.1338188,prim_red_cinm2_ca
red_4MB,3756,3.218559,prim_red_cinm2_ca
red_4MB,3787,3.3448141000000002,prim_red_cinm2_ca
red_4MB,3818,3.3495795,prim_red_cinm2_ca
red_4MB,3849,3.2949821,prim_red_cinm2_ca
red_4MB,3880,3.6442717,prim_red_cinm2_ca
red_4MB,3911,3.6100673999999997,prim_red_cinm2_ca
red_4MB,3942,3.9419822,prim_red_cinm2_ca
red_4MB,3973,3.1147897,prim_red_cinm2_ca
red_4MB,4004,3.4331492000000003,prim_red_cinm2_ca
red_512MB,98,442.73865969999997,prim_red_cinm2_ca
red_512MB,191,438.0864577,prim_red_cinm2_ca
red_512MB,253,442.2708755,prim_red_cinm2_ca
red_512MB,315,442.2901222,prim_red_cinm2_ca
red_512MB,470,419.80521669999996,prim_red_cinm2_ca
red_512MB,532,440.0107855,prim_red_cinm2_ca
red_512MB,656,443.89350010000004,prim_red_cinm2_ca
red_512MB,749,434.1793254,prim_red_cinm2_ca
red_512MB,842,419.5604071,prim_red_cinm2_ca
red_512MB,966,420.4082778,prim_red_cinm2_ca
red_512MB,1059,435.1728408,prim_red_cinm2_ca
red_512MB,1090,433.6266419,prim_red_cinm2_ca
red_512MB,1214,448.25231110000004,prim_red_cinm2_ca
red_512MB,1245,441.6488215,prim_red_cinm2_ca
red_512MB,1276,435.6491577,prim_red_cinm2_ca
red_512MB,1431,436.9485319,prim_red_cinm2_ca
red_512MB,1586,442.487719,prim_red_cinm2_ca
red_512MB,1648,421.8354665,prim_red_cinm2_ca
red_512MB,1834,435.4632118,prim_red_cinm2_ca
red_512MB,2020,435.2679379,prim_red_cinm2_ca
red_512MB,2051,432.9792506,prim_red_cinm2_ca
red_512MB,2206,420.4248183,prim_red_cinm2_ca
red_512MB,2454,449.70436,prim_red_cinm2_ca
red_512MB,2516,443.40590660000004,prim_red_cinm2_ca
red_512MB,2640,443.4787855,prim_red_cinm2_ca
red_512MB,2671,436.3612028,prim_red_cinm2_ca
red_512MB,2764,436.87596060000004,prim_red_cinm2_ca
red_512MB,2795,433.6077694,prim_red_cinm2_ca
red_512MB,2826,441.4746174,prim_red_cinm2_ca
red_512MB,2919,417.5796525,prim_red_cinm2_ca
red_512MB,2981,444.5074457,prim_red_cinm2_ca
red_512MB,3012,445.1947443,prim_red_cinm2_ca
red_512MB,3043,437.6217293,prim_red_cinm2_ca
red_512MB,3167,435.9656895,prim_red_cinm2_ca
red_512MB,3229,421.7346885,prim_red_cinm2_ca
red_512MB,3353,443.70768039999996,prim_red_cinm2_ca
red_512MB,3477,442.1456248,prim_red_cinm2_ca
red_512MB,3508,450.1050264,prim_red_cinm2_ca
red_512MB,3539,434.0069191,prim_red_cinm2_ca
red_512MB,3725,418.2444619,prim_red_cinm2_ca
red_64MB,67,63.934484399999995,prim_red_cinm2_ca
red_64MB,98,58.8627604,prim_red_cinm2_ca
red_64MB,129,56.0775614,prim_red_cinm2_ca
red_64MB,191,62.2015886,prim_red_cinm2_ca
red_64MB,222,57.239778799999996,prim_red_cinm2_ca
red_64MB,253,64.1330186,prim_red_cinm2_ca
red_64MB,284,61.8772072,prim_red_cinm2_ca
red_64MB,346,58.0357243,prim_red_cinm2_ca
red_64MB,408,59.751921,prim_red_cinm2_ca
red_64MB,470,58.964502,prim_red_cinm2_ca
red_64MB,501,63.796102299999994,prim_red_cinm2_ca
red_64MB,532,63.7721985,prim_red_cinm2_ca
red_64MB,594,59.0952702,prim_red_cinm2_ca
red_64MB,625,63.4999184,prim_red_cinm2_ca
red_64MB,749,59.5718779,prim_red_cinm2_ca
red_64MB,842,45.498005299999996,prim_red_cinm2_ca
red_64MB,935,64.0228675,prim_red_cinm2_ca
red_64MB,966,58.0714914,prim_red_cinm2_ca
red_64MB,997,57.8100374,prim_red_cinm2_ca
red_64MB,1028,55.770007899999996,prim_red_cinm2_ca
red_64MB,1090,58.9670674,prim_red_cinm2_ca
red_64MB,1152,58.440256299999994,prim_red_cinm2_ca
red_64MB,1183,60.8506529,prim_red_cinm2_ca
red_64MB,1214,56.4726501,prim_red_cinm2_ca
red_64MB,1276,59.346619600000004,prim_red_cinm2_ca
red_64MB,1307,58.876992200000004,prim_red_cinm2_ca
red_64MB,1338,63.4055801,prim_red_cinm2_ca
red_64MB,1369,56.312199799999995,prim_red_cinm2_ca
red_64MB,1400,58.880404299999995,prim_red_cinm2_ca
red_64MB,1431,63.895908,prim_red_cinm2_ca
red_64MB,1462,57.9649471,prim_red_cinm2_ca
red_64MB,1493,63.332406299999995,prim_red_cinm2_ca
red_64MB,1555,58.8333878,prim_red_cinm2_ca
red_64MB,1586,56.419852899999995,prim_red_cinm2_ca
red_64MB,1617,56.2491872,prim_red_cinm2_ca
red_64MB,1648,56.0576817,prim_red_cinm2_ca
red_64MB,1710,64.2310617,prim_red_cinm2_ca
red_64MB,1772,63.4983314,prim_red_cinm2_ca
red_64MB,1803,61.0785458,prim_red_cinm2_ca
red_64MB,1834,56.3378455,prim_red_cinm2_ca
red_64MB,1865,59.2357419,prim_red_cinm2_ca
red_64MB,1896,60.5032737,prim_red_cinm2_ca
red_64MB,1927,56.8257986,prim_red_cinm2_ca
red_64MB,1958,58.658955299999995,prim_red_cinm2_ca
red_64MB,2082,58.8698872,prim_red_cinm2_ca
red_64MB,2144,58.6544815,prim_red_cinm2_ca
red_64MB,2175,61.118736,prim_red_cinm2_ca
red_64MB,2237,63.901556799999994,prim_red_cinm2_ca
red_64MB,2330,58.9941016,prim_red_cinm2_ca
red_64MB,2361,59.2967374,prim_red_cinm2_ca
red_64MB,2392,59.1216469,prim_red_cinm2_ca
red_64MB,2423,61.8419581,prim_red_cinm2_ca
red_64MB,2454,59.953548,prim_red_cinm2_ca
red_64MB,2516,59.4537332,prim_red_cinm2_ca
red_64MB,2547,58.686645399999996,prim_red_cinm2_ca
red_64MB,2578,63.9032325,prim_red_cinm2_ca
red_64MB,2609,63.887267200000004,prim_red_cinm2_ca
red_64MB,2640,56.7292213,prim_red_cinm2_ca
red_64MB,2671,56.149507799999995,prim_red_cinm2_ca
red_64MB,2702,59.621162700000006,prim_red_cinm2_ca
red_64MB,2764,42.954355,prim_red_cinm2_ca
red_64MB,2857,60.6356128,prim_red_cinm2_ca
red_64MB,2888,59.8164055,prim_red_cinm2_ca
red_64MB,2981,56.014421,prim_red_cinm2_ca
red_64MB,3012,62.390511700000005,prim_red_cinm2_ca
red_64MB,3074,64.1451608,prim_red_cinm2_ca
red_64MB,3105,58.6216136,prim_red_cinm2_ca
red_64MB,3136,58.951199700000004,prim_red_cinm2_ca
red_64MB,3167,61.577422,prim_red_cinm2_ca
red_64MB,3198,61.312333100000004,prim_red_cinm2_ca
red_64MB,3229,59.772147600000004,prim_red_cinm2_ca
red_64MB,3291,64.327679,prim_red_cinm2_ca
red_64MB,3322,46.2269,prim_red_cinm2_ca
red_64MB,3384,59.501604799999996,prim_red_cinm2_ca
red_64MB,3415,64.80531620000001,prim_red_cinm2_ca
red_64MB,3446,58.249612299999995,prim_red_cinm2_ca
red_64MB,3539,56.295133899999996,prim_red_cinm2_ca
red_64MB,3632,59.281092799999996,prim_red_cinm2_ca
red_64MB,3756,47.1625256,prim_red_cinm2_ca
red_64MB,3818,59.2782851,prim_red_cinm2_ca
red_64MB,3880,60.8829876,prim_red_cinm2_ca
red_64MB,3911,58.3402637,prim_red_cinm2_ca
red_64MB,3942,59.482762799999996,prim_red_cinm2_ca
red_64MB,3973,58.743102799999996,prim_red_cinm2_ca
red_64MB,4004,57.6753511,prim_red_cinm2_ca
red_256MB,67,3834.8431588000003,prim_red_cinm2_ca200
red_256MB,98,5026.6915977,prim_red_cinm2_ca200
red_256MB,129,3712.7168887,prim_red_cinm2_ca200
red_256MB,160,3873.3325222,prim_red_cinm2_ca200
red_256MB,191,3882.4372567,prim_red_cinm2_ca200
red_256MB,222,3743.8406319,prim_red_cinm2_ca200
red_256MB,253,3778.8330286,prim_red_cinm2_ca200
red_256MB,284,3906.3835056999997,prim_red_cinm2_ca200
red_256MB,315,5113.6262412,prim_red_cinm2_ca200
red_256MB,346,3711.3704540999997,prim_red_cinm2_ca200
red_256MB,377,3823.3728596,prim_red_cinm2_ca200
red_256MB,408,3776.9561945,prim_red_cinm2_ca200
red_256MB,439,3772.712102,prim_red_cinm2_ca200
red_256MB,470,3626.9469688000004,prim_red_cinm2_ca200
red_256MB,501,3727.7252902,prim_red_cinm2_ca200
red_256MB,532,3768.9240969,prim_red_cinm2_ca200
red_256MB,563,3686.5879065,prim_red_cinm2_ca200
red_256MB,594,3668.064583,prim_red_cinm2_ca200
red_256MB,625,3924.387563,prim_red_cinm2_ca200
red_256MB,656,5178.4313517,prim_red_cinm2_ca200
red_256MB,687,3642.762782,prim_red_cinm2_ca200
red_256MB,718,3853.4776405,prim_red_cinm2_ca200
red_256MB,749,4049.4780676,prim_red_cinm2_ca200
red_256MB,780,3765.1636179,prim_red_cinm2_ca200
red_256MB,811,3828.6292660999998,prim_red_cinm2_ca200
red_256MB,842,5096.5703765,prim_red_cinm2_ca200
red_256MB,873,3891.7700096,prim_red_cinm2_ca200
red_256MB,904,3749.1559221999996,prim_red_cinm2_ca200
red_256MB,935,3684.3755419,prim_red_cinm2_ca200
red_256MB,966,5069.7151098,prim_red_cinm2_ca200
red_256MB,997,3678.3937931,prim_red_cinm2_ca200
red_256MB,1028,3641.6183971,prim_red_cinm2_ca200
red_256MB,1059,5210.7759074,prim_red_cinm2_ca200
red_256MB,1090,3607.1399711999998,prim_red_cinm2_ca200
red_256MB,1121,3744.7474846,prim_red_cinm2_ca200
red_256MB,1152,3635.6191771,prim_red_cinm2_ca200
red_256MB,1183,5173.5845193000005,prim_red_cinm2_ca200
red_256MB,1214,3841.1425593000004,prim_red_cinm2_ca200
red_256MB,1245,3741.8534613,prim_red_cinm2_ca200
red_256MB,1276,3782.4830521999997,prim_red_cinm2_ca200
red_256MB,1307,3845.5316471,prim_red_cinm2_ca200
red_256MB,1338,4020.898583,prim_red_cinm2_ca200
red_256MB,1369,3820.7261581999996,prim_red_cinm2_ca200
red_256MB,1400,3629.4324416,prim_red_cinm2_ca200
red_256MB,1431,3771.5646156999996,prim_red_cinm2_ca200
red_256MB,1462,3722.8437405,prim_red_cinm2_ca200
red_256MB,1493,3749.0532575,prim_red_cinm2_ca200
red_256MB,1524,3653.208216,prim_red_cinm2_ca200
red_256MB,1555,3638.8435046,prim_red_cinm2_ca200
red_256MB,1586,3655.4085178,prim_red_cinm2_ca200
red_256MB,1617,3661.0632906,prim_red_cinm2_ca200
red_256MB,1648,3588.7315119,prim_red_cinm2_ca200
red_256MB,1679,5031.8866485,prim_red_cinm2_ca200
red_256MB,1710,3728.9448498,prim_red_cinm2_ca200
red_256MB,1741,3706.4910304,prim_red_cinm2_ca200
red_256MB,1772,3750.018625,prim_red_cinm2_ca200
red_256MB,1803,5008.0879822,prim_red_cinm2_ca200
red_256MB,1834,3620.8656886,prim_red_cinm2_ca200
red_256MB,1865,3618.8938603,prim_red_cinm2_ca200
red_256MB,1896,3976.078939,prim_red_cinm2_ca200
red_256MB,1927,3885.8199751999996,prim_red_cinm2_ca200
red_256MB,1958,3799.7927218,prim_red_cinm2_ca200
red_256MB,1989,3669.9485675,prim_red_cinm2_ca200
red_256MB,2020,3802.0731716,prim_red_cinm2_ca200
red_256MB,2051,3611.1684296999997,prim_red_cinm2_ca200
red_256MB,2082,3814.0111618,prim_red_cinm2_ca200
red_256MB,2113,3798.5857627,prim_red_cinm2_ca200
red_256MB,2144,3640.5754989,prim_red_cinm2_ca200
red_256MB,2175,3749.3396226,prim_red_cinm2_ca200
red_256MB,2206,3819.9297833,prim_red_cinm2_ca200
red_256MB,2237,3730.1855049,prim_red_cinm2_ca200
red_256MB,2268,5087.997296,prim_red_cinm2_ca200
red_256MB,2299,5047.5398815,prim_red_cinm2_ca200
red_256MB,2330,3731.3470481,prim_red_cinm2_ca200
red_256MB,2361,3669.6507383000003,prim_red_cinm2_ca200
red_256MB,2392,4344.1465412,prim_red_cinm2_ca200
red_256MB,2423,5068.9226773,prim_red_cinm2_ca200
red_256MB,2454,3863.9825664,prim_red_cinm2_ca200
red_256MB,2485,3700.7567320999997,prim_red_cinm2_ca200
red_256MB,2516,3769.6132508,prim_red_cinm2_ca200
red_256MB,2547,3876.7269118000004,prim_red_cinm2_ca200
red_256MB,2578,5049.1081122,prim_red_cinm2_ca200
red_256MB,2609,3625.958638,prim_red_cinm2_ca200
red_256MB,2640,3791.6283263,prim_red_cinm2_ca200
red_256MB,2671,3751.018865,prim_red_cinm2_ca200
red_256MB,2702,3709.4619768000002,prim_red_cinm2_ca200
red_256MB,2733,4076.4963649,prim_red_cinm2_ca200
red_256MB,2764,3684.2203038000002,prim_red_cinm2_ca200
red_256MB,2795,3921.6680158000004,prim_red_cinm2_ca200
red_256MB,2826,3869.7923125,prim_red_cinm2_ca200
red_256MB,2857,3656.743117,prim_red_cinm2_ca200
red_256MB,2888,3685.9789561999996,prim_red_cinm2_ca200
red_256MB,2919,3728.3622659000002,prim_red_cinm2_ca200
red_256MB,2950,4994.0265207,prim_red_cinm2_ca200
red_256MB,2981,3627.2363623,prim_red_cinm2_ca200
red_256MB,3012,3687.3486155,prim_red_cinm2_ca200
red_256MB,3043,5215.4311838,prim_red_cinm2_ca200
red_256MB,3074,3733.9611893,prim_red_cinm2_ca200
red_256MB,3105,5155.4195167,prim_red_cinm2_ca200
red_256MB,3136,3990.3583172,prim_red_cinm2_ca200
red_256MB,3167,5062.4919485,prim_red_cinm2_ca200
red_256MB,3198,5033.948710899999,prim_red_cinm2_ca200
red_256MB,3229,3643.8281878000003,prim_red_cinm2_ca200
red_256MB,3260,3658.1837274,prim_red_cinm2_ca200
red_256MB,3291,5206.243725,prim_red_cinm2_ca200
red_256MB,3322,3737.2101893000004,prim_red_cinm2_ca200
red_256MB,3353,3701.7296899000003,prim_red_cinm2_ca200
red_256MB,3384,3862.4217499,prim_red_cinm2_ca200
red_256MB,3415,3646.1745681999996,prim_red_cinm2_ca200
red_256MB,3446,3657.4624381999997,prim_red_cinm2_ca200
red_256MB,3477,3725.3298396,prim_red_cinm2_ca200
red_256MB,3508,3905.4720755999997,prim_red_cinm2_ca200
red_256MB,3539,3699.0223364000003,prim_red_cinm2_ca200
red_256MB,3570,3748.1047219,prim_red_cinm2_ca200
red_256MB,3601,3762.9514699,prim_red_cinm2_ca200
red_256MB,3632,3930.2406846999997,prim_red_cinm2_ca200
red_256MB,3663,5114.048390399999,prim_red_cinm2_ca200
red_256MB,3694,3558.1530344000003,prim_red_cinm2_ca200
red_256MB,3725,3809.879211,prim_red_cinm2_ca200
red_256MB,3756,3763.5961546,prim_red_cinm2_ca200
red_256MB,3787,5000.4256935,prim_red_cinm2_ca200
red_256MB,3818,3772.0297166,prim_red_cinm2_ca200
red_256MB,3849,5167.1172125,prim_red_cinm2_ca200
red_256MB,3880,3730.7237989,prim_red_cinm2_ca200
red_256MB,3911,3640.7759578,prim_red_cinm2_ca200
red_256MB,3942,5226.4473206,prim_red_cinm2_ca200
red_256MB,3973,3542.4597632,prim_red_cinm2_ca200
red_256MB,4004,5022.6148547,prim_red_cinm2_ca200
red_4MB,67,2.9590978,prim_red_cinm2_ca200
red_4MB,98,3.6617635,prim_red_cinm2_ca200
red_4MB,129,3.1464621,prim_red_cinm2_ca200
red_4MB,160,3.9221467000000003,prim_red_cinm2_ca200
red_4MB,191,2.9371001,prim_red_cinm2_ca200
red_4MB,222,3.3928734,prim_red_cinm2_ca200
red_4MB,253,3.7419071,prim_red_cinm2_ca200
red_4MB,284,3.3805317,prim_red_cinm2_ca200
red_4MB,315,2.993209,prim_red_cinm2_ca200
red_4MB,346,3.1440728,prim_red_cinm2_ca200
red_4MB,377,3.255883,prim_red_cinm2_ca200
red_4MB,408,3.3760483999999997,prim_red_cinm2_ca200
red_4MB,439,2.8945864,prim_red_cinm2_ca200
red_4MB,470,3.4887241,prim_red_cinm2_ca200
red_4MB,501,2.8385504,prim_red_cinm2_ca200
red_4MB,532,3.1570964,prim_red_cinm2_ca200
red_4MB,563,3.6872921,prim_red_cinm2_ca200
red_4MB,594,3.4867792,prim_red_cinm2_ca200
red_4MB,625,4.0865061,prim_red_cinm2_ca200
red_4MB,656,3.705118,prim_red_cinm2_ca200
red_4MB,687,4.1162672,prim_red_cinm2_ca200
red_4MB,718,3.6938476000000002,prim_red_cinm2_ca200
red_4MB,749,3.2166646,prim_red_cinm2_ca200
red_4MB,780,3.4666634,prim_red_cinm2_ca200
red_4MB,811,3.5095466,prim_red_cinm2_ca200
red_4MB,842,3.1227965,prim_red_cinm2_ca200
red_4MB,873,3.4368901000000003,prim_red_cinm2_ca200
red_4MB,904,2.9108229,prim_red_cinm2_ca200
red_4MB,935,3.4877739,prim_red_cinm2_ca200
red_4MB,966,3.15207,prim_red_cinm2_ca200
red_4MB,997,3.2000132000000003,prim_red_cinm2_ca200
red_4MB,1028,3.1774696000000002,prim_red_cinm2_ca200
red_4MB,1059,3.6801743,prim_red_cinm2_ca200
red_4MB,1090,3.2952133999999997,prim_red_cinm2_ca200
red_4MB,1121,4.0719229,prim_red_cinm2_ca200
red_4MB,1152,3.3327072,prim_red_cinm2_ca200
red_4MB,1183,3.1039349,prim_red_cinm2_ca200
red_4MB,1214,2.7906471,prim_red_cinm2_ca200
red_4MB,1245,3.4817677000000002,prim_red_cinm2_ca200
red_4MB,1276,2.8564808999999998,prim_red_cinm2_ca200
red_4MB,1307,3.1632567000000003,prim_red_cinm2_ca200
red_4MB,1338,3.7734454,prim_red_cinm2_ca200
red_4MB,1369,3.4750294,prim_red_cinm2_ca200
red_4MB,1400,3.2623527,prim_red_cinm2_ca200
red_4MB,1431,4.3789457,prim_red_cinm2_ca200
red_4MB,1462,3.4165128,prim_red_cinm2_ca200
red_4MB,1493,3.3574278,prim_red_cinm2_ca200
red_4MB,1524,3.3917182,prim_red_cinm2_ca200
red_4MB,1555,3.6942316,prim_red_cinm2_ca200
red_4MB,1586,3.1220387,prim_red_cinm2_ca200
red_4MB,1617,2.8459369,prim_red_cinm2_ca200
red_4MB,1648,3.5471645,prim_red_cinm2_ca200
red_4MB,1679,3.4845897000000003,prim_red_cinm2_ca200
red_4MB,1710,3.63688,prim_red_cinm2_ca200
red_4MB,1741,3.474421,prim_red_cinm2_ca200
red_4MB,1772,3.3886711000000003,prim_red_cinm2_ca200
red_4MB,1803,2.8215632000000004,prim_red_cinm2_ca200
red_4MB,1834,3.5312732000000002,prim_red_cinm2_ca200
red_4MB,1865,3.5131278,prim_red_cinm2_ca200
red_4MB,1896,3.4741671000000003,prim_red_cinm2_ca200
red_4MB,1927,2.9131793999999998,prim_red_cinm2_ca200
red_4MB,1958,3.0554047,prim_red_cinm2_ca200
red_4MB,1989,3.4013875,prim_red_cinm2_ca200
red_4MB,2020,3.5988626,prim_red_cinm2_ca200
red_4MB,2051,3.3192405,prim_red_cinm2_ca200
red_4MB,2082,2.8476833999999998,prim_red_cinm2_ca200
red_4MB,2113,2.9966339,prim_red_cinm2_ca200
red_4MB,2144,2.8947061,prim_red_cinm2_ca200
red_4MB,2175,3.6513828999999998,prim_red_cinm2_ca200
red_4MB,2206,3.408129,prim_red_cinm2_ca200
red_4MB,2237,4.0483355,prim_red_cinm2_ca200
red_4MB,2268,3.9085535,prim_red_cinm2_ca200
red_4MB,2299,3.4957852999999997,prim_red_cinm2_ca200
red_4MB,2330,4.0078161,prim_red_cinm2_ca200
red_4MB,2361,3.3683847,prim_red_cinm2_ca200
red_4MB,2392,3.4211305,prim_red_cinm2_ca200
red_4MB,2423,2.8451647999999996,prim_red_cinm2_ca200
red_4MB,2454,3.4991837,prim_red_cinm2_ca200
red_4MB,2485,3.1986923,prim_red_cinm2_ca200
red_4MB,2516,3.3150846,prim_red_cinm2_ca200
red_4MB,2547,3.038591,prim_red_cinm2_ca200
red_4MB,2578,3.8714906,prim_red_cinm2_ca200
red_4MB,2609,3.1277293999999998,prim_red_cinm2_ca200
red_4MB,2640,3.2782915,prim_red_cinm2_ca200
red_4MB,2671,3.7161958,prim_red_cinm2_ca200
red_4MB,2702,3.0522197,prim_red_cinm2_ca200
red_4MB,2733,3.6639131000000003,prim_red_cinm2_ca200
red_4MB,2764,3.1327039,prim_red_cinm2_ca200
red_4MB,2795,3.5746262,prim_red_cinm2_ca200
red_4MB,2826,2.8313927999999997,prim_red_cinm2_ca200
red_4MB,2857,4.1102251,prim_red_cinm2_ca200
red_4MB,2888,3.4853982,prim_red_cinm2_ca200
red_4MB,2919,3.2997066,prim_red_cinm2_ca200
red_4MB,2950,3.3100626,prim_red_cinm2_ca200
red_4MB,2981,3.4685877,prim_red_cinm2_ca200
red_4MB,3012,3.0811547000000004,prim_red_cinm2_ca200
red_4MB,3043,2.778234,prim_red_cinm2_ca200
red_4MB,3074,2.976873,prim_red_cinm2_ca200
red_4MB,3105,3.2780995,prim_red_cinm2_ca200
red_4MB,3136,3.2179815,prim_red_cinm2_ca200
red_4MB,3167,3.1167351,prim_red_cinm2_ca200
red_4MB,3198,3.45701,prim_red_cinm2_ca200
red_4MB,3229,3.8763045,prim_red_cinm2_ca200
red_4MB,3260,3.6233318,prim_red_cinm2_ca200
red_4MB,3291,3.4124464,prim_red_cinm2_ca200
red_4MB,3322,3.3744577999999996,prim_red_cinm2_ca200
red_4MB,3353,3.2853857,prim_red_cinm2_ca200
red_4MB,3384,4.0402046,prim_red_cinm2_ca200
red_4MB,3415,3.1218875,prim_red_cinm2_ca200
red_4MB,3446,2.8327147000000004,prim_red_cinm2_ca200
red_4MB,3477,3.4108297999999997,prim_red_cinm2_ca200
red_4MB,3508,3.9802739,prim_red_cinm2_ca200
red_4MB,3539,3.805043,prim_red_cinm2_ca200
red_4MB,3570,3.2221463,prim_red_cinm2_ca200
red_4MB,3601,3.7789245,prim_red_cinm2_ca200
red_4MB,3632,3.4162901,prim_red_cinm2_ca200
red_4MB,3663,3.1091764,prim_red_cinm2_ca200
red_4MB,3694,2.8669915,prim_red_cinm2_ca200
red_4MB,3725,3.2378779,prim_red_cinm2_ca200
red_4MB,3756,2.9620956,prim_red_cinm2_ca200
red_4MB,3787,3.1016283,prim_red_cinm2_ca200
red_4MB,3818,3.3147021,prim_red_cinm2_ca200
red_4MB,3849,3.6666745,prim_red_cinm2_ca200
red_4MB,3880,3.6205152000000003,prim_red_cinm2_ca200
red_4MB,3911,2.8457912000000003,prim_red_cinm2_ca200
red_4MB,3942,2.9272382,prim_red_cinm2_ca200
red_4MB,3973,3.5263793999999997,prim_red_cinm2_ca200
red_4MB,4004,4.8359990999999996,prim_red_cinm2_ca200
red_512MB,98,332.7932629,prim_red_cinm2_ca200
red_512MB,284,424.5432776,prim_red_cinm2_ca200
red_512MB,377,297.2986321,prim_red_cinm2_ca200
red_512MB,470,426.385699,prim_red_cinm2_ca200
red_512MB,501,329.7603489,prim_red_cinm2_ca200
red_512MB,532,428.90743280000004,prim_red_cinm2_ca200
red_512MB,656,441.6846455,prim_red_cinm2_ca200
red_512MB,749,371.0766964,prim_red_cinm2_ca200
red_512MB,842,320.31375060000005,prim_red_cinm2_ca200
red_512MB,966,327.24071330000004,prim_red_cinm2_ca200
red_512MB,1059,431.22227319999996,prim_red_cinm2_ca200
red_512MB,1090,311.21703560000003,prim_red_cinm2_ca200
red_512MB,1183,427.0204651,prim_red_cinm2_ca200
red_512MB,1214,336.3095985,prim_red_cinm2_ca200
red_512MB,1245,439.80553660000004,prim_red_cinm2_ca200
red_512MB,1276,300.1735368,prim_red_cinm2_ca200
red_512MB,1307,337.8952026,prim_red_cinm2_ca200
red_512MB,1338,422.4853435,prim_red_cinm2_ca200
red_512MB,1493,330.6283692,prim_red_cinm2_ca200
red_512MB,1524,362.0371438,prim_red_cinm2_ca200
red_512MB,1586,428.5095617,prim_red_cinm2_ca200
red_512MB,1741,348.6315983,prim_red_cinm2_ca200
red_512MB,1803,310.8899497,prim_red_cinm2_ca200
red_512MB,1834,424.7085608,prim_red_cinm2_ca200
red_512MB,1865,398.0883445,prim_red_cinm2_ca200
red_512MB,1927,299.5048984,prim_red_cinm2_ca200
red_512MB,2020,427.8926376,prim_red_cinm2_ca200
red_512MB,2051,325.9950417,prim_red_cinm2_ca200
red_512MB,2082,334.139165,prim_red_cinm2_ca200
red_512MB,2206,426.0174983,prim_red_cinm2_ca200
red_512MB,2237,341.7488615,prim_red_cinm2_ca200
red_512MB,2423,319.5991775,prim_red_cinm2_ca200
red_512MB,2454,313.5379645,prim_red_cinm2_ca200
red_512MB,2485,308.6901547,prim_red_cinm2_ca200
red_512MB,2516,437.008107,prim_red_cinm2_ca200
red_512MB,2547,423.8492415,prim_red_cinm2_ca200
red_512MB,2578,329.34741410000004,prim_red_cinm2_ca200
red_512MB,2609,335.7119555,prim_red_cinm2_ca200
red_512MB,2640,341.7485087,prim_red_cinm2_ca200
red_512MB,2702,426.5147338,prim_red_cinm2_ca200
red_512MB,2764,429.0188407,prim_red_cinm2_ca200
red_512MB,2919,424.07642710000005,prim_red_cinm2_ca200
red_512MB,2950,374.0516356,prim_red_cinm2_ca200
red_512MB,2981,312.0751067,prim_red_cinm2_ca200
red_512MB,3043,338.7029783,prim_red_cinm2_ca200
red_512MB,3074,340.03670869999996,prim_red_cinm2_ca200
red_512MB,3105,331.301915,prim_red_cinm2_ca200
red_512MB,3136,352.325986,prim_red_cinm2_ca200
red_512MB,3229,335.5636046,prim_red_cinm2_ca200
red_512MB,3291,338.243775,prim_red_cinm2_ca200
red_512MB,3322,334.4402019,prim_red_cinm2_ca200
red_512MB,3353,337.8200431,prim_red_cinm2_ca200
red_512MB,3446,424.7941693,prim_red_cinm2_ca200
red_512MB,3477,338.8655677,prim_red_cinm2_ca200
red_512MB,3508,376.50800169999997,prim_red_cinm2_ca200
red_512MB,3539,433.08448560000005,prim_red_cinm2_ca200
red_512MB,3570,308.4165103,prim_red_cinm2_ca200
red_512MB,3601,336.843174,prim_red_cinm2_ca200
red_512MB,3632,335.8637352,prim_red_cinm2_ca200
red_512MB,3694,427.589667,prim_red_cinm2_ca200
red_512MB,3725,425.6938576,prim_red_cinm2_ca200
red_512MB,3756,306.4167281,prim_red_cinm2_ca200
red_512MB,3787,336.2193685,prim_red_cinm2_ca200
red_512MB,3880,335.3043506,prim_red_cinm2_ca200
red_64MB,67,61.921262899999995,prim_red_cinm2_ca200
red_64MB,98,61.9515705,prim_red_cinm2_ca200
red_64MB,129,55.3410467,prim_red_cinm2_ca200
red_64MB,160,59.9696183,prim_red_cinm2_ca200
red_64MB,191,56.035366700000004,prim_red_cinm2_ca200
red_64MB,222,56.4940785,prim_red_cinm2_ca200
red_64MB,253,63.1238876,prim_red_cinm2_ca200
red_64MB,284,44.507121700000006,prim_red_cinm2_ca200
red_64MB,346,56.3804366,prim_red_cinm2_ca200
red_64MB,377,43.576794299999996,prim_red_cinm2_ca200
red_64MB,408,57.594083,prim_red_cinm2_ca200
red_64MB,470,57.6717907,prim_red_cinm2_ca200
red_64MB,501,61.238588,prim_red_cinm2_ca200
red_64MB,532,62.400324,prim_red_cinm2_ca200
red_64MB,563,58.482619,prim_red_cinm2_ca200
red_64MB,594,57.9298145,prim_red_cinm2_ca200
red_64MB,625,60.9965489,prim_red_cinm2_ca200
red_64MB,656,61.2791113,prim_red_cinm2_ca200
red_64MB,718,62.0453112,prim_red_cinm2_ca200
red_64MB,749,59.2891038,prim_red_cinm2_ca200
red_64MB,811,61.4831265,prim_red_cinm2_ca200
red_64MB,904,57.7829739,prim_red_cinm2_ca200
red_64MB,935,60.480817,prim_red_cinm2_ca200
red_64MB,966,57.617229200000004,prim_red_cinm2_ca200
red_64MB,997,60.1532644,prim_red_cinm2_ca200
red_64MB,1028,57.6940029,prim_red_cinm2_ca200
red_64MB,1059,58.4276835,prim_red_cinm2_ca200
red_64MB,1090,55.6881867,prim_red_cinm2_ca200
red_64MB,1121,63.8468117,prim_red_cinm2_ca200
red_64MB,1152,60.893018299999994,prim_red_cinm2_ca200
red_64MB,1183,58.651521200000005,prim_red_cinm2_ca200
red_64MB,1214,60.0027951,prim_red_cinm2_ca200
red_64MB,1276,58.765187299999994,prim_red_cinm2_ca200
red_64MB,1307,57.6861306,prim_red_cinm2_ca200
red_64MB,1338,62.4860466,prim_red_cinm2_ca200
red_64MB,1369,55.459675299999994,prim_red_cinm2_ca200
red_64MB,1400,56.2503752,prim_red_cinm2_ca200
red_64MB,1431,63.9782101,prim_red_cinm2_ca200
red_64MB,1462,57.2194772,prim_red_cinm2_ca200
red_64MB,1493,61.521510799999994,prim_red_cinm2_ca200
red_64MB,1524,59.593139,prim_red_cinm2_ca200
red_64MB,1555,57.9055072,prim_red_cinm2_ca200
red_64MB,1586,56.870972,prim_red_cinm2_ca200
red_64MB,1617,60.2805809,prim_red_cinm2_ca200
red_64MB,1648,55.6329384,prim_red_cinm2_ca200
red_64MB,1679,55.9109652,prim_red_cinm2_ca200
red_64MB,1710,60.293031899999995,prim_red_cinm2_ca200
red_64MB,1772,63.755221,prim_red_cinm2_ca200
red_64MB,1803,57.2402296,prim_red_cinm2_ca200
red_64MB,1834,56.0797185,prim_red_cinm2_ca200
red_64MB,1865,57.045335200000004,prim_red_cinm2_ca200
red_64MB,1927,55.6788267,prim_red_cinm2_ca200
red_64MB,1958,62.9870386,prim_red_cinm2_ca200
red_64MB,1989,58.3327931,prim_red_cinm2_ca200
red_64MB,2082,60.6282358,prim_red_cinm2_ca200
red_64MB,2113,63.0601549,prim_red_cinm2_ca200
red_64MB,2144,45.9499277,prim_red_cinm2_ca200
red_64MB,2175,56.4339445,prim_red_cinm2_ca200
red_64MB,2237,63.3568718,prim_red_cinm2_ca200
red_64MB,2268,56.4945883,prim_red_cinm2_ca200
red_64MB,2330,59.523281,prim_red_cinm2_ca200
red_64MB,2361,55.866242899999996,prim_red_cinm2_ca200
red_64MB,2392,58.2894967,prim_red_cinm2_ca200
red_64MB,2423,62.053621899999996,prim_red_cinm2_ca200
red_64MB,2454,56.1680045,prim_red_cinm2_ca200
red_64MB,2516,61.1357443,prim_red_cinm2_ca200
red_64MB,2547,58.8378903,prim_red_cinm2_ca200
red_64MB,2578,61.2332027,prim_red_cinm2_ca200
red_64MB,2609,62.50479,prim_red_cinm2_ca200
red_64MB,2640,56.600341799999995,prim_red_cinm2_ca200
red_64MB,2671,57.4132738,prim_red_cinm2_ca200
red_64MB,2702,44.2410585,prim_red_cinm2_ca200
red_64MB,2764,42.2058606,prim_red_cinm2_ca200
red_64MB,2795,42.2678923,prim_red_cinm2_ca200
red_64MB,2857,58.5802663,prim_red_cinm2_ca200
red_64MB,2888,58.527430200000005,prim_red_cinm2_ca200
red_64MB,2919,43.3963269,prim_red_cinm2_ca200
red_64MB,2981,55.584374,prim_red_cinm2_ca200
red_64MB,3012,61.1417368,prim_red_cinm2_ca200
red_64MB,3043,61.2294646,prim_red_cinm2_ca200
red_64MB,3074,62.9397059,prim_red_cinm2_ca200
red_64MB,3105,58.065378700000004,prim_red_cinm2_ca200
red_64MB,3136,56.0438171,prim_red_cinm2_ca200
red_64MB,3167,59.5396104,prim_red_cinm2_ca200
red_64MB,3198,57.3304604,prim_red_cinm2_ca200
red_64MB,3229,60.1248621,prim_red_cinm2_ca200
red_64MB,3291,56.061727600000005,prim_red_cinm2_ca200
red_64MB,3322,42.6007434,prim_red_cinm2_ca200
red_64MB,3353,60.4548625,prim_red_cinm2_ca200
red_64MB,3384,60.276362799999994,prim_red_cinm2_ca200
red_64MB,3415,61.7903947,prim_red_cinm2_ca200
red_64MB,3446,55.4441959,prim_red_cinm2_ca200
red_64MB,3477,62.0717625,prim_red_cinm2_ca200
red_64MB,3508,45.457507299999996,prim_red_cinm2_ca200
red_64MB,3539,57.017129,prim_red_cinm2_ca200
red_64MB,3601,59.7627063,prim_red_cinm2_ca200
red_64MB,3632,62.8163773,prim_red_cinm2_ca200
red_64MB,3663,57.406930100000004,prim_red_cinm2_ca200
red_64MB,3694,60.2278545,prim_red_cinm2_ca200
red_64MB,3725,56.039675200000005,prim_red_cinm2_ca200
red_64MB,3756,40.9273271,prim_red_cinm2_ca200
red_64MB,3787,59.7219123,prim_red_cinm2_ca200
red_64MB,3818,59.8790738,prim_red_cinm2_ca200
red_64MB,3880,45.0522324,prim_red_cinm2_ca200
red_64MB,3911,60.454327899999996,prim_red_cinm2_ca200
red_64MB,3942,62.7959694,prim_red_cinm2_ca200
red_64MB,3973,57.1804816,prim_red_cinm2_ca200
red_64MB,4004,58.6672699,prim_red_cinm2_ca200
